filename,restaurant_title,geography_city,state,year,menuType,rest,tags
1687358.jpg,Horn & Hardart Company Dining Rooms Menu,,n%2Fa,1914,0,,
1687499.jpg,Greenhut's Lunch Room Menu,,n%2Fa,1914,0,,
1939253.jpg,Delmonico's Menu,,n%2Fa,1914,0,delmonicos,
3883741.jpg,The Musicians Club of San Francisco Dinner at Martinelli's,San%20Francisco%2C%20CA,California,1897,2,,
3883757.jpg,Hotel Del Monte Dinner Menu,,n%2Fa,1880,0,,
3884361.jpg,Harvard Club of San Francisco Dinner at Palace Hotel,San%20Francisco%2C%20CA,California,1880,2,,
3884423.jpg,"ANNIVERSARY dinner at National Parlor No. 118, Fairmont Hotel",San%20Francisco%2C%20CA,California,1910,2,,
3884427.jpg,Wester Retail Lumbermen's Association Dinner at San Francisco Commerical Club,San%20Francisco%2C%20CA,California,1915,2,,
3884440.jpg,National Event Lunch Menu at San Francisco Commercial Club,San%20Francisco%2C%20CA,California,1915,2,,
3884444.jpg,Complimentary Testimonial Dinner at The San Francisco Commercial Club,San%20Francisco%2C%20CA,California,1915,2,,
3884465.jpg,COMPLIMENTARY/TESTIMONIAL Dinner at Tait's 'Pavo Real',,n%2Fa,1921,2,,
3884472.jpg,The Citizens of San Francisco Dinner at Palace Hotel,San%20Francisco%2C%20CA,California,1917,2,,
3886428.jpg,Breakfast Menu aboard U.S.M.S. St. Louis by American Line,,n%2Fa,1910,1,,
3886429.jpg,Dinner Menu aboard U.S.M.S. St. Louis,,n%2Fa,1910,1,,
3886430.jpg,American Line Luncheon Menu,,n%2Fa,1910,1,,
3886438.jpg,Dinner at Royal Hotel,BURMA,n%2Fa,1910,0,,
3886482.jpg,"Second Annual Dinner at Council Club, American Banking Association",Los%20Angeles%2C%20CA,California,1910,2,,
3886706.jpg,LUNCH menu aboard BARBAROSSA,Bremen,n%2Fa,1910,1,,
3886707.jpg,Dinner aboard S S Vaderland,Antwerpen%2C%20Belgium,n%2Fa,1910,1,,
3886708.jpg,Dinner Menu on S.S. Vaderland by Red Star Line Antwerpen,Antwerpen%2C%20Belgium,n%2Fa,1910,1,,
3886719.jpg,Dinner Menu on board the Kronprinzessin Cecilie,Norddeutscher%20Lloyd%20Bremen,n%2Fa,1910,1,,
3886720.jpg,Supper Menu on board the Kronprinzessin Cecilie,Bremen%2C%20Germany,n%2Fa,1910,1,,
3886722.jpg,DINNER MENU ON BOARD THE SS VADERLAND,,n%2Fa,1910,1,,
3886723.jpg,Breakfast Menu on the SS Vaderland,,n%2Fa,1910,1,,
3886728.jpg,Boston Paper Trade Association Dinner at Algonquin Club,New%20York%2C%20NY,New%20York,1910,2,,
3886729.jpg,USMS Philadelphia Luncheon,Philadelphia%2C%20PA,Pennsylvania,1910,1,,
3886730.jpg,Complimentary Dinner on Board,Philadelphia%2C%20PA,Pennsylvania,1910,1,,
3886731.jpg,Complimentary Testimonial Dinner Menu,Philadelphia%2C%20PA,Pennsylvania,1910,2,,
3886750.jpg,Breakfast Menu on Board,,n%2Fa,1910,1,,
3886752.jpg,Daily Dinner Menu on Board,Philadelphia%2C%20PA,Pennsylvania,1910,1,,
3886753.jpg,USMS Philadelphia Luncheon Menu,Philadelphia%2C%20PA,Pennsylvania,1910,1,,
3886755.jpg,LUNCHEON MENU ON BOARD SS VADERLAND,,n%2Fa,1910,1,,
3886759.jpg,Dinner Menu on S.S. Vaderland,,n%2Fa,1910,1,,
3886760.jpg,SUPPER MENU ON BOARD THE SS VADERLAND,,n%2Fa,1910,1,,
3886764.jpg,Supper Menu aboard George Washington,Bremen%2C%20Germany,n%2Fa,1910,1,,
3886765.jpg,Breakfast Menu Aboard George Washington,Bremen,n%2Fa,1910,1,,
3886766.jpg,Dinner aboard George Washington,Bremen,n%2Fa,1910,1,,
3886770.jpg,Turkish Ambassador Dinner Menu,Berlin%2C%20GERMANY,n%2Fa,1910,0,,
3886772.jpg,U.S.M.S. Philadelphia Breakfast,Philadelphia%2C%20PA,Pennsylvania,1910,1,,
3886783.jpg,Regular Breakfast Menu aboard Prinz Friedrich Wilhelm,Bremen,n%2Fa,1910,1,,
3886830.jpg,"Dinner at California Building, Panama Pacific International Exposition",San%20Francisco%2C%20CA,California,1915,0,,
3901803.jpg,Dinner By Mr And Mrs Hugo Reisinger Of Nyc,,n%2Fa,1910,0,,
3901805.jpg,Royal Hotel White Horse Rangoon Whiskey Menu,Rangoon,n%2Fa,1910,0,,
3901807.jpg,Dinner At The Sudan Club Menu,,n%2Fa,1910,2,,
3901809.jpg,"U.S.M.S. Philadelphia, Third Class Menu",,n%2Fa,1910,1,,
3901813.jpg,Tea Menu at U.S.M.S. Philadelphia,,n%2Fa,1910,1,,
3901818.jpg,Lunch At Rowdy Home For Theodore Roosevelt,,n%2Fa,1910,2,,
3902034.jpg,Lunch ˆ La Carte at Norddeutscher Lloyd Bremen,Bremen%2C%20Germany,n%2Fa,1910,1,,
3902035.jpg,Breakfast Menu at Red Star Line,New%20York%2C%20NY,New%20York,1910,1,,
3902246.jpg,Daily Lunch Menu on SS Prinz Friedrich Wilhelm,Norddeutscher%20Lloyd%20Bremen,n%2Fa,1910,1,,
3902707.jpg,DAILY MENU - DINNER ON BOARD SS PRINZ FRIEDRICH WILHELM,,n%2Fa,1910,1,,
3902712.jpg,SUPPER MENU ON BOARD SS PRINZ FRIEDRICH WILHELM,Antwerpen,n%2Fa,1910,1,,
3902718.jpg,Third Class Menu,,n%2Fa,1910,1,,
3903260.jpg,Twenty Third Annual Dinner Of The New York Florist's Club At The Fifth Avenue Restaurant,New%20York%2C%20NY,New%20York,1910,2,,
3903281.jpg,Luncheon Given By The Irish Fellowship Club To William Howard Taft,,n%2Fa,1910,2,,
3903285.jpg,Breakfast Menu at Norddeutscher Lloyd Bremen,,n%2Fa,1910,1,,
3903290.jpg,Dinner aboard Barbarossa,Bremen,n%2Fa,1910,1,,
3903292.jpg,Noonday Meal at Hotel Chamberlin,,n%2Fa,1910,0,,
3903295.jpg,Hotel Astor Dinner Menu,New%20York%2C%20NY,New%20York,1910,0,,
3903300.jpg,Daily Menu And Rates,,n%2Fa,1910,0,,
3903304.jpg,Congress Hotel Dinner Menu,Chicago%2C%20IL,Illinois,1910,0,,
3903308.jpg,Dinner at The Rochester Chamber Of Commerce Convention Hall,Rochester%2C%20New%20York,New%20York,1910,0,,
3903314.jpg,Dinner ˆ La Carte at Norddeutscher Lloyd Bremen,Bremen%2C%20Germany,n%2Fa,1910,1,,
3903345.jpg,U.S.M.S. Philadelphia Luncheon Menu,Philadelphia%2C%20PA,Pennsylvania,1910,1,,
3903347.jpg,U.S.M.S. Philadelphia Menu,,n%2Fa,1910,1,,
3903349.jpg,Breakfast Menu at U.S.M.S. Philadelphia,,n%2Fa,1910,1,,
3903351.jpg,U.S.M.S. Philadelphia Tea Menu,,n%2Fa,1910,1,,
3903353.jpg,U.S.M.S. Philadelphia Dinner Menu,,n%2Fa,1910,1,,
3903358.jpg,"Supper Menu on S. S. Vaderland, March 18th, 1910",,n%2Fa,1910,1,,
3903360.jpg,"Dinner Menu, S.S. Vaderland, March 18th, 1910",,n%2Fa,1910,1,,
3903364.jpg,"Luncheon Menu, S. S. Vaderland, March 18th, 1910",,n%2Fa,1910,1,,
3903372.jpg,"Dinner Menu, S. S. Vaderland, March 18th, 1910",,n%2Fa,1910,1,,
3903416.jpg,Dinner Menu Aboard George Washington by Norddeutscher Lloyd Bremen,,n%2Fa,1910,0,,
3903420.jpg,Hotel Des Indes Menu,Batavia,n%2Fa,1910,0,,
3903421.jpg,U.S. CUSTOMS INSPECTORS OF THE PORT OF NEW YORK ANNUAL BANQUET MENU,New%20York%2C%20NY,New%20York,1910,2,,
3903426.jpg,Annual Banquet Menu,New%20York%2C%20NY,New%20York,1910,2,,
3903432.jpg,The Yates Hotel Menu,Syracuse%2C%20NY,New%20York,1910,0,,
3903439.jpg,Hotel Astor Menu,,n%2Fa,1910,0,,
3903440.jpg,"Third Class Bill Of Fare: Dinner, Tea",,n%2Fa,1910,1,,
3903442.jpg,Luncheon Menu at U.S.M.S. St. Louis,,n%2Fa,1910,1,,
3903446.jpg,U.S.M.S. St. Louis Tea Menu,St.%20Louis%2C%20Tea,Missouri,1910,1,,
3903448.jpg,U.S.M.S. St. Louis Dinner Menu,,n%2Fa,1910,1,,
3903456.jpg,Souper Sic Event Menu,Bremen%2C%20Germany,n%2Fa,1910,2,,
3903517.jpg,"Dinner Menu, S.S. Vaderland, March 19th, 1910",,n%2Fa,1910,1,,
3903519.jpg,"Breakfast Menu on S. S. Vaderland, March 19th, 1910",,n%2Fa,1910,1,,
3903716.jpg,"Supper Menu on S.S. Vaderland, March 19th, 1910",,n%2Fa,1910,1,,
3903721.jpg,Grand Hotel Kristiania Menu,Kristiania,n%2Fa,1910,0,,
3903725.jpg,Tenth Annual Banquet Menu,Glens%20Falls%2C%20New%20York,New%20York,1910,2,,
3903737.jpg,Breakfast By U.S.M.S. St Louis,St.%20Louis%2C%20MO,Missouri,1910,1,,
3903741.jpg,U.S.M.S. St Louis. Third Class Bill Of Fare,,n%2Fa,1910,1,,
3903745.jpg,Tea Menu at Norddetscher Lloyd Bremen,Bremen,n%2Fa,1910,1,,
3903761.jpg,26th Anniversary Celebration Menu,,n%2Fa,1910,2,,
3903765.jpg,Theatre Supper Of New York State Association Of Master Plumbers,,n%2Fa,1910,2,,
3903766.jpg,Buffet Froid for Diplomatic and Government Representatives,,n%2Fa,1910,2,,
3903770.jpg,Annual Dinner Menu,,n%2Fa,1910,2,,
3903820.jpg,Lunch and Dinner Menu on S.S. 'Kronprinzessin Cecilie',,n%2Fa,1910,1,,
3903861.jpg,Breakfast Menu on U.S.M.S. St. Louis,St.%20Louis%2C%20Missouri,Missouri,1910,1,,
3903895.jpg,Freshman Dinner Menu at New American House,Boston%2C%20MA,Massachusetts,1910,0,,
3904003.jpg,Fourth Annual Dinner Menu,,n%2Fa,1910,2,,
3904558.jpg,Luncheon Menu at Red Star Line,Antwerpen%2C%20Belgium,n%2Fa,1910,1,,
3904577.jpg,Testimonial Dinner Menu,,n%2Fa,1910,2,,
3904594.jpg,Complimentary Banquet at Mount Nelson Hotel,Cape%20Town%2C%20S.A.,n%2Fa,1910,0,,
3904598.jpg,Founders' Day Banquet Menu,,n%2Fa,1910,2,,
3904603.jpg,Fifth Annual Dinner Menu,New%20York%2C%20NY,New%20York,1910,2,,
3904645.jpg,Supper Menu at Red Star Line,Antwerpen%2C%20Belgium,n%2Fa,1910,1,,
3904649.jpg,"Dinner Menu, S.S. Vaderland",,n%2Fa,1910,1,,
3904686.jpg,Menu at Cafe De L'opera,,n%2Fa,1910,0,,
3904712.jpg,Breakfast Menu on S.S. Vaderland,,n%2Fa,1910,1,,
3904737.jpg,Annual Dinner Of The New York University Alumni Association at Waldorf Astoria,New%20York%2C%20NY,New%20York,1910,2,waldorf,
3904739.jpg,Testimonial Dinner Menu at Little Hungary,,n%2Fa,1910,2,,
3904766.jpg,Dinner Menu at Algonquin Club,Boston%2C%20MA,Massachusetts,1910,2,,
3904768.jpg,Luncheon Menu at The New Charleston Hotel,Charleston%2C%20S.C.,South%20Carolina,1910,0,,
3904774.jpg,Dinner at The New Charleston Hotel,Charleston%2C%20S.C.,South%20Carolina,1910,0,,
3904788.jpg,Breakfast Menu at Red Star Line S.S. Vaderland,,n%2Fa,1910,1,,
3904844.jpg,Palace Hotel Menu,,n%2Fa,1910,0,,
3905008.jpg,NYU Law Alumni Banquet Menu,New%20York%2C%20NY,New%20York,1910,2,,
4000000018.jpg,Daily Menu,Toronto%2C%20CANADA,n%2Fa,1856,0,,
4000000025.jpg,Daily Menu at Parker House,Boston%2C%20MA,Massachusetts,1858,0,,
4000000045.jpg,Daily Dinner Menu,Boston%2C%20MA,Massachusetts,1862,0,,
4000000049.jpg,Dinner Menu at Willards Hotel,Washington%2C%20D.C.,Washington%2C%20D.C.,1864,0,,
4000000052.jpg,80th Anniversary Dinner at Delmonico's,New%20York%2C%20NY,New%20York,1864,2,delmonicos,
4000000055.jpg,Complimentary Banquet at Revere House and Parker House,Boston%2C%20MA,Massachusetts,1865,2,,
4000000062.jpg,Dinner at Faneuil Hall,Boston%2C%20MA,Massachusetts,1865,0,,
4000000065.jpg,Daily Menu at Revere House,Boston%2C%20MA,Massachusetts,1865,0,,
4000000068.jpg,Dinner Menu at Manhattan Club,New%20York%2C%20NY,New%20York,1866,0,,
4000000073.jpg,Daily Dinner Menu,,n%2Fa,1866,0,,
4000000076.jpg,Daily Dinner Menu,Franconia%20Mts%2C%20New%20Hampshire,New%20Hampshire,1866,0,,
4000000078.jpg,Daily Dinner Menu,Long%20Branch%2C%20NJ,New%20Jersey,1866,0,,
4000000082.jpg,Daily Breakfast & Dinner Menu,North%20Conway%2C%20NH,New%20Hampshire,1873,0,,
4000000093.jpg,Breakfast Menu at Kiarsarge House,,n%2Fa,1880,0,,
4000000100.jpg,Breakfast Menu at Oakland Beach Hotel,Warwick%2C%20RI,Rhode%20Island,1880,0,,
4000000103.jpg,Dinner at The Wentworth,Newcastle%2C%20NH,New%20Hampshire,1880,0,,
4000000106.jpg,94th Anniversary Celebration Menu at Delmonico's,New%20York%2C%20NY,New%20York,1880,2,,
4000000109.jpg,Dinner at Stanwix Hall,Albany%2C%20NY,New%20York,1880,0,,
4000000115.jpg,Dinner Menu at Thousand Island House,Alexandra%20Bay%2C%20NY,New%20York,1880,0,,
4000000121.jpg,The Continental Lunch and Dinner Menu,Philadelphia%2C%20PA,Pennsylvania,1880,0,,
4000000127.jpg,Dinner Menu at Falmouth Hotel,Portland%2C%20ME,Maine,1880,0,,
4000000140.jpg,Dinner for the Hon. S. W. Dorsey at Delmonico's,New%20York%2C%20NY,New%20York,1881,0,delmonicos,
4000000149.jpg,Dinner Menu at United States Hotel,Saratoga%20Springs%2C%20NY,New%20York,1881,0,,
4000000153.jpg,Hubel's Restaurant & Hotel Menu,Brooklyn%2C%20NY,New%20York,1881,0,,
4000000154.jpg,Dinner Menu at Clinton Hotel,Kokomo%2C%20IN,Indiana,1881,0,,
4000000155.jpg,Dinner Menu,Hartford%2C%20CT,Connecticut,1881,0,,
4000000158.jpg,Dinner Menu at Grand Union Hotel,Saratoga%20Springs%2C%20NY,New%20York,1881,0,,
4000000161.jpg,DINNER MENU,London%2C%20ENGLAND,n%2Fa,1881,0,,
4000000173.jpg,Dinner Menu at Glen House,Glen%20House%2C%20New%20Hampshire,New%20Hampshire,1881,0,,
4000000174.jpg,Dinner at The Hygeia Hotel,Old%20Point%20Comfort%2C%20VA,Virginia,1881,0,,
4000000177.jpg,Dinner Menu at Hubel's Restaurant And Hotel,Brooklyn%2C%20NY,New%20York,1881,0,,
4000000179.jpg,Annual Dinner Menu by New England Society in the City of New York,,n%2Fa,1881,2,,
4000000183.jpg,DINNER at The Brunswick,Boston%2C%20MA,Massachusetts,1881,0,,
4000000185.jpg,Breakfast Menu at Sanford House,Sanford%2C%20FL,Florida,1881,0,,
4000000187.jpg,Dinner at Fifth Avenue Hotel,New%20York%2C%20NY,New%20York,1881,0,,
4000000189.jpg,Lake View House Dinner Menu,Ausable%20Chasm%2C%20NY,New%20York,1881,0,,
4000000195.jpg,Breakfast at Ocean House,Newport%2C%20RI,Rhode%20Island,1881,0,,
4000000196.jpg,Profile House Dinner Menu,Franconia%20Notch%2C%20NH,New%20Hampshire,1881,0,,
4000000204.jpg,Dinner Menu at Oakland Beach Hotel,Oakland%2C%20California,California,1881,0,,
4000000210.jpg,Complimentary Banquet for Montgomery Guards,Portland%2C%20MA,Maine,1881,2,,
4000000213.jpg,Dinner at Clifton House,Niagara%20Falls%2C%20NY,New%20York,1881,0,,
4000000219.jpg,Lincoln's Birthday Dinner at Delmonico's,,n%2Fa,1881,0,delmonicos,
4000000227.jpg,113th Anniversary Dinner Menu,New%20York%2C%20NY,New%20York,1881,2,,
4000000242.jpg,THANKSGIVING DAY MENU & PROGRAM,,n%2Fa,1881,2,,
4000000245.jpg,Putnam House Dinner Menu,Palatka%2C%20FL,Florida,1882,0,,
4000000250.jpg,Dinner Menu at The Arlington,,n%2Fa,1882,0,,
4000000257.jpg,112th Anniversary Celebration Menu,New%20York%2C%20NY,New%20York,1882,2,,
4000000260.jpg,Dinner Menu at Exchange Hotel And Ballard House,Richmond%2C%20VA,Virginia,1882,0,,
4000000263.jpg,Dinner Menu on Cunard Steamship Company Ltd.,,n%2Fa,1882,1,,
4000000305.jpg,NINETEENTH ANNIVERSARY DINNER,London%2C%20England,n%2Fa,1882,2,,
4000000316.jpg,Dinner in Honor of Gen. H.G. Gibson at Martinelli's,New%20York%2C%20NY,New%20York,1882,0,,
4000000317.jpg,Dinner Menu at Crawford House,White%20Mountains%2C%20NH,New%20Hampshire,1882,0,,
4000000320.jpg,98th Anniversary Dinner at Delmonico's,New%20York%2C%20NY,New%20York,1882,2,delmonicos,
4000000323.jpg,Dinner at Cordon Club Banquet,London%2C%20England,n%2Fa,1882,2,,
4000000328.jpg,100th Anniversary Celebration Menu,Boston%2C%20MA,Massachusetts,1882,2,,
4000000331.jpg,Dinner at Windsor Hotel,Jacksonville%2C%20FL,Florida,1882,0,,
4000000335.jpg,Daily Menu at Jas. II. Breslin & Bro's. Hotels,Brighton%20Beach%2C%20C.I.%2C%20New%20York,New%20York,1882,0,,
4000000341.jpg,Sixth Reunion Menu,Magdeburg%2C%20GERMANY,n%2Fa,1882,2,,
4000000343.jpg,Dinner at Albermarle Hotel,New%20York%2C%20NY,New%20York,1882,0,,
4000000347.jpg,Dinner Menu at Colonnade Hotel,Philadelphia%2C%20PA,Pennsylvania,1882,0,,
4000000357.jpg,Twentieth Anniversary Celebration Menu,New%20York%2C%20NY,New%20York,1883,2,,
4000000387.jpg,Raymond Excursion Party Dinner,Chicago%2C%20IL,Illinois,1883,2,,
4000000393.jpg,SUPPER at LAUREL HOUSE,LAKEWOOD%2C%20NJ,New%20Jersey,1883,2,,
4000000398.jpg,"Dinner for Boston Commandery, Knights Templar, and Ladies",Las%20Vegas%2C%20NM,New%20Mexico,1883,2,,
4000000409.jpg,Daily Dinner Menu at Poland Spring House,South%20Poland%2C%20ME,Maine,1883,0,,
4000000416.jpg,Mail Steamship Company Dinner Menu,Santiago%2C%20Cuba,n%2Fa,1883,1,,
4000000424.jpg,Banquet Menu at Calumet Club,Chicago%2C%20ILL.,Illinois,1883,2,,
4000000447.jpg,115th Anniversary Celebration Menu,New%20York%2C%20NY,New%20York,1883,2,delmonicos,
4000000449.jpg,Banquet on Completion of Northern Pacific Railroad at Hotel Lafayette,Saint%20Paul%2C%20MN,Minnesota,1883,2,,
4000000452.jpg,Daily Menu at Norddeutscher Lloyd Bremen Amerika,,n%2Fa,1884,1,,
4000000454.jpg,Porcellian Club Menu,Cambridge%2C%20MA,Massachusetts,1884,2,,
4000000462.jpg,Hygeia Hotel Dinner Menu,Old%20Point%20Comfort%2C%20VA,Virginia,1884,0,,
4000000467.jpg,116th Annual Banquet Menu,New%20York%2C%20NY,New%20York,1884,2,delmonicos,
4000000470.jpg,Banquet for Tercentenary Celebration,Edinburgh%2C%20Scotland,n%2Fa,1884,0,,
4000000474.jpg,Dinner to Hon. James G. Blaine at Delmonico's,New%20York%2C%20NY,New%20York,1884,0,delmonicos,
4000000476.jpg,Day's Dinner at The Oceanic,NH,New%20Hampshire,1884,1,,
4000000483.jpg,Mr. John E. Cowdin's Menu at Delmonico,New%20York%2C%20NY,New%20York,1884,2,delmonicos,
4000000485.jpg,Pennsylvania RR Dinner Menu,,n%2Fa,1884,1,,
4000000489.jpg,Executive Committee Dinner at Delmonicos NY,New%20York%2C%20NY,New%20York,1884,2,delmonicos,
4000000491.jpg,DINNER at YOUNGS HOTEL,Boston%2C%20MA,Massachusetts,1884,0,,
4000000495.jpg,Daily Dinner at Everett House,Union%20Square%2C%20NY,New%20York,1884,0,,
4000000502.jpg,Anniversary Celebration Menu,New%20York%2C%20NY,New%20York,1884,2,,
4000000505.jpg,115th Anniversary Menu,New%20York%2C%20NY,New%20York,1885,2,,
4000000508.jpg,SECOND ANNUAL DANCE at BURNET HOUSE,Cincinnati%2C%20OH,Ohio,1885,2,,
4000000520.jpg,First Annual Dinner Menu at Clark's,,n%2Fa,1885,2,,
4000000526.jpg,Forefathers' Dinner - Commemoration of the Pilgrim's Statue Unveiling,New%20York%2C%20NY,New%20York,1885,0,,
4000000533.jpg,Daily Dinner at Sherman House,Chicago%2C%20IL,Illinois,1885,0,,
4000000542.jpg,Breakfast Menu at Hotel Brunswick,New%20York%2C%20NY,New%20York,1885,0,,
4000000553.jpg,10th Anniversary Celebration Menu,,n%2Fa,1885,2,,
4000000555.jpg,Dinner honoring Gov. David B. Hill at Delmonico's NY,New%20York%2C%20NY,New%20York,1886,0,delmonicos,
4000000561.jpg,Anniversary Dinner Menu,New%20York%2C%20NY,New%20York,1886,2,,
4000000566.jpg,Sixth Annual Banquet at Delmonicos,New%20York%2C%20NY,New%20York,1891,2,delmonicos,
4000000574.jpg,Bill of Fare on Steamship Colon,Colon%2C%20NEW%20YORK,New%20York,1886,1,,
4000000577.jpg,Banquet in Honor of Count Ferdinand de Lesseps,Panama%20City%2C%20PANAMA,n%2Fa,1886,0,,
4000000580.jpg,St. David's Benevolent Society Annual Dinner Menu,New%20York%2C%20NY,New%20York,1886,2,,
4000000583.jpg,Dinner to Captain Robert C. Halpin on the Occasion of the Presentation of His Portrait,London%2C%20England,n%2Fa,1886,2,,
4000000585.jpg,Dinner to Count Ferdinand de Lesseps on Steamer 'Washington',,n%2Fa,1886,2,,
4000000586.jpg,Dinner on Paquebot Washington for Private Party of Ferdinand de Lesseps,,n%2Fa,1886,2,,
4000000587.jpg,Dinner Menu on Paquebot Washington for Cruise of Ferdinand de Lesseps and Party,,n%2Fa,1886,2,,
4000000590.jpg,Banquet for L. Pasteur at The Stanley Club,Paris%2C,n%2Fa,1886,2,,
4000000594.jpg,Ohio Society of New York Annual Banquet at Delmonico's,New%20York%2C%20NY,New%20York,1886,2,delmonicos,
4000000598.jpg,The Harvard Advocate Annual Dinner,Boston%2C%20MA,Massachusetts,1886,2,,
4000000603.jpg,Christian Helena Dinner Menu,Christian%20Helena,n%2Fa,1886,0,,
4000000605.jpg,Lunch Menu during Musical Society Excursion,Magdeburg,n%2Fa,1886,2,,
4000000607.jpg,Twilight Club 107th Dinner,Coney%20Island%2C%20NY,New%20York,1886,2,,
4000000611.jpg,Complimentary Banquet at Delmonico's,New%20York%2C%20NY,New%20York,1886,0,delmonicos,
4000000615.jpg,Daily Menu at Langham Hotel,London%2C%20ENGLAND,n%2Fa,1886,0,,
4000000622.jpg,Luncheon Menu at ? Hotel,Chicago%2C%20IL,Illinois,1887,0,,
4000000627.jpg,Anniversary Dinner at Marine Society Of New York,,n%2Fa,1887,2,,
4000000637.jpg,78th Anniversary of Lincoln's Birthday at Delmonico's,New%20York%2C%20NY,New%20York,1887,2,delmonicos,
4000000646.jpg,Law Club Dinner Menu,,n%2Fa,1887,2,,
4000000650.jpg,FOURTH ANNUAL DINNER,CINCINNATI%2C%20OH,Ohio,1887,2,,
4000000665.jpg,First Annual Dinner at Delmonico's,New%20York%2C%20NY,New%20York,1887,2,delmonicos,
4000000672.jpg,Jubilee Fete Menu at Booksellers' Institution,,n%2Fa,1887,2,,
4000000674.jpg,Banquet in Honor of Visiting American Brethren at Anglo-American Lodge,London%2C%20ENG,n%2Fa,1887,2,,
4000000685.jpg,Dinner for Hon John A Kasson at Citizens Of Philadelphia,Philadelphia%2C%20PA,Pennsylvania,1887,0,,
4000000689.jpg,Sunday Dinner at Parker House,Boston%2C%20MA,Massachusetts,1887,0,,
4000000696.jpg,Annual Dinner Menu at Delmonico's,New%20York%2C%20NY,New%20York,1887,2,delmonicos,
4000000702.jpg,SEVENTH ANNUAL FESTIVAL Menu,Philadelphia%2C%20PA,Pennsylvania,1887,2,,
4000000705.jpg,Annual Banquet Menu at Hotel Vendome,Boston%2C%20MA,Massachusetts,1887,2,,
4000000708.jpg,Banquet Menu at Harlem Democratic Club,New%20York%2C%20NY,New%20York,1887,0,,
4000000711.jpg,Annual Dinner at Hotel Brunswick,New%20York%2C%20NY,New%20York,1887,0,,
4000000713.jpg,Annual Dinner Menu at Rossin House,Toronto%2C%20Canada,n%2Fa,1887,2,,
4000000746.jpg,Annual Dinner of Association of Alumni at Delmonico's,New%20York%2C%20NY,New%20York,1888,2,delmonicos,
4000000749.jpg,2nd Annual Banquet Menu,New%20Orleans%2C%20LA,Louisiana,1888,0,,
4000000751.jpg,Twenty-Fifth Anniversary Menu,New%20York%2C%20NY,New%20York,1888,0,,
4000000760.jpg,"Banquet Dedicated to John A. Cockerill, President at Delmonico's",New%20York%2C%20NY,New%20York,1888,0,delmonicos,
4000000766.jpg,THE LAMBS DINNER,,n%2Fa,1888,2,,
4000000769.jpg,Annual Dinner at Princeton Club Of New York,New%20York%2C%20NY,New%20York,1888,2,,
4000000771.jpg,Liberal Union Club Dinner at Young's Hotel,Boston%2C%20MA,Massachusetts,1888,2,,
4000000777.jpg,Centennial Celebration Menu at Delmonico's,New%20York%2C%20NY,New%20York,1888,2,delmonicos,
4000000780.jpg,SIXTH ANNUAL REUNION AND BANQUET,Boston%2C%20MA,Massachusetts,1888,2,,
4000000811.jpg,Farewell Reception Menu at Victoria Hotel,New%20York%2C%20NY,New%20York,1888,2,,
4000000816.jpg,LARCHMONT YACHT CLUB - STEAMER ALBERTINA,Larchmont%2C%20New%20York,New%20York,1888,1,,
4000000820.jpg,Fourth of July Dinner at Bass Rock Hotel,Gloucester%2C%20MA,Massachusetts,1888,2,,
4000000823.jpg,Dinner at The Bass Rock,Gloucester%2C%20MA,Massachusetts,1888,0,,
4000000832.jpg,Pullman Dining Car Continental Dinner,,n%2Fa,1888,1,,
4000000842.jpg,19NTH REUNION DINNER at GRAND PACIFIC HOTEL,Chicago%2C%20IL,Illinois,1888,2,,
4000000863.jpg,120th Annual Banquet Menu at Delmonico's,New%20York%2C%20NY,New%20York,1888,2,delmonicos,
4000000872.jpg,Dinner hosted by the Minister of Austria,Washington%2C%20DC,Washington%2C%20D.C.,1888,2,,
4000000878.jpg,Celebration Banquet at Christ's College,Cambridge%2C%20England,n%2Fa,1888,2,,
4000000909.jpg,Celebration of Opening Menu,Melbourne%2C%20Australia,n%2Fa,1888,2,,
4000000916.jpg,Dinner to Hon. William Rumsey at Union League Club,New%20York%2C%20NY,New%20York,1888,0,,
4000000924.jpg,Opening of Egyptian Hall - Complimentary/Testimonial Menu,Philadelphia%2C%20PA,Pennsylvania,1889,0,,
4000000928.jpg,Fourth Annual Dinner at Hotel Brunswick,New%20York%2C%20NY,New%20York,1889,0,,
4000000935.jpg,Dinner Celebration for Professor Lovering's 50 Years of Service,HOTEL%20VENDOME%2C%20MASS,n%2Fa,1889,2,,
4000000940.jpg,Football Dinner at Strafford Arms Hotel,Wakefield%2C%20England,n%2Fa,1889,0,,
4000000942.jpg,Banquet Menu at Hotel Rennert,Baltimore%2C%20Maryland,Maryland,1889,0,,
4000000944.jpg,Annual Dinner to Employees at Mr. J.P. Smith,New%20York%2C%20NY,New%20York,1889,0,,
4000000947.jpg,Fidelio Club Menu,New%20York%2C%20NY,New%20York,1889,0,,
4000000956.jpg,Menu from THE PATRIARCHS event at DELMONICOS,New%20York%2C%20NY,New%20York,1889,2,delmonicos,
4000000961.jpg,Annual Dinner at North River Steamboat Co.,Nyack%2C%20NY,New%20York,1889,2,,
4000000965.jpg,Dinner for Delegates at Merchant Tailor's National Exchange Convention,New%20York%2C%20NY,New%20York,1889,0,,
4000000974.jpg,24th Annual Banquet at Taylor's Hotel,Jersey%20City%2C%20N.J.,New%20Jersey,1889,2,,
4000000986.jpg,BEVERWYCH DINNER at DELAVAN HOUSE,Albany%2C%20N.Y.,New%20York,1889,0,,
4000000993.jpg,Menu from The Columbian Club,,n%2Fa,1889,2,,
4000000997.jpg,TWENTIETH ANNIVERSARY MENU,Boston%2C%20MA,Massachusetts,1889,2,waldorf,
4000000999.jpg,157th Anniversary of Birthday of Washington Menu,,n%2Fa,1889,2,,
4000001000.jpg,St. David's Benevolent Society Annual Dinner Menu,New%20York%2C%20NY,New%20York,1889,2,,
4000001004.jpg,Banquet and Inaugural Ball for President Benjamin Harrison and Vice-President Levi Morton,Philadelphia%2C%20PA,Pennsylvania,1889,2,,
4000001008.jpg,Private Dinner Party at King Humbert Of Italy?,ROME%2C%20ITALY,n%2Fa,1889,2,,
4000001012.jpg,Ladies Night at Cambridge Club,Cambridge%2C%20Massachusetts,Massachusetts,1889,2,,
4000001017.jpg,SAINT NICHOLAS SOCIETY OF CITY OF NEW YORK - PAAS FESTIVAL at DELMONICO'S,New%20York%2C%20NY,New%20York,1889,2,delmonicos,
4000001020.jpg,Dinner at Gilsey House,New%20York%2C%20NY,New%20York,1889,0,,
4000001023.jpg,Gillespie's Restaurant Dinner Menu,New%20York%2C%20NY,New%20York,1889,0,,
4000001028.jpg,Presidential Dinner on the Pennsylvania Railroad,Washington%2C%20DC,Washington%2C%20D.C.,1889,2,,
4000001035.jpg,Centennial Inauguration Celebration Menu,Brooklyn%2C%20NY,New%20York,1889,2,,
4000001054.jpg,Dinner at Hotel Brunswick NY,New%20York%2C%20NY,New%20York,1889,0,,
4000001058.jpg,Dinner to Robert T. Lincoln at Harvard,,n%2Fa,1889,2,,
4000001065.jpg,Fourth Annual Dinner at Hotel Brunswick NY,New%20York%2C%20NY,New%20York,1889,2,,
4000001067.jpg,Dinner at Coaching Club in Hotel Brunswick,New%20York%2C%20NY,New%20York,1889,0,,
4000001071.jpg,"Reception for the Right Worthy Grand Lodges, Lunch and Dinner",Atlantic%20City%2C%20NJ,New%20Jersey,1889,2,,
4000001077.jpg,First Annual Dinner Menu,Boston%2C%20MA,Massachusetts,1889,2,,
4000001081.jpg,SIXTH ANNUAL BANQUET MENU,New%20York%2C%20NY,New%20York,1889,2,delmonicos,
4000001083.jpg,Ladies Festival Dinner at Baptist Social Union Of Boston,Boston%2C%20MA,Massachusetts,1889,2,,
4000001092.jpg,Theta Phi Fraternity Dinner at Haggerty's Hotel,West%20Winfield%2C%20NY,New%20York,1889,2,,
4000001097.jpg,Dinner to President Ulises Heureaux at Hotel Philipot,Santo%20Domingo%20City%2C%20Santo%20Domingo,n%2Fa,1889,2,,
4000001104.jpg,DINNER at THE DUFFERIN,,n%2Fa,1889,0,,
4000001107.jpg,Daily Menu at The Halifax,Halifax%2C%20N.S.,n%2Fa,1889,0,,
4000001111.jpg,DINNER TO THE AMERICAN GYNECOLOGICAL SOCIETY at TAFT'S HOTEL,Boston%2C%20MA,Massachusetts,1889,2,,
4000001115.jpg,Sunday Menu at Poland Spring Hotel,South%20Poland%2C%20ME,Maine,1889,0,,
4000001119.jpg,Dinner for Committee for Preliminaries for the World's Fair at Delmonico's,New%20York%2C%20NY,New%20York,1889,0,,
4000001135.jpg,Thanksgiving Dinner at Hotel Normandie,Washington%2C%20D.C.,Washington%2C%20D.C.,1889,2,,
4000001140.jpg,Literary Dinner Menu,,n%2Fa,1889,2,,
4000001146.jpg,Farewell Dinner to Mr. Henry George at Metropolitan Hotel,New%20York%2C%20NY,New%20York,1890,2,,
4000001156.jpg,ANNUAL DINNER OF THE NEW YORK ALUMNI at DELMONICO'S,New%20York%2C%20NY,New%20York,1890,2,delmonicos,
4000001161.jpg,THIRD ANNUAL DINNER at CLARK'S,New%20York%2C%20NY,New%20York,1890,2,,
4000001165.jpg,FIRST ANNUAL BANQUET at THE KIMBALL,Atlanta%2C%20GA,Georgia,1890,0,,
4000001185.jpg,AMERICAN INSTITUTE OF MINING ENGINEERS BANQUET at THE ARLINGTON,Washington%2C%20DC,Washington%2C%20D.C.,1890,2,,
4000001189.jpg,ANNUAL WASHINGTON'S BIRTHDAY DINNER,New%20York%2C%20NY,New%20York,1890,2,,
4000001197.jpg,Reunion Menu at Tipity Wichity Club,Washington%2C%20DC,Washington%2C%20D.C.,1890,2,,
4000001199.jpg,Annual Dinner Menu at Westminster Hotel,Westminster%2C%20CO,Colorado,1890,2,,
4000001202.jpg,120th Anniversary Dinner at Delmonico's,New%20York%2C%20NY,New%20York,1890,2,delmonicos,
4000001205.jpg,First Annual Banquet at Hotel Marlborough,Hoboken%2C%20NY,New%20York,1890,2,,
4000001226.jpg,FIRST ANNIVERSARY DINNER OF THE INAUGURATION OF GEORGE WASHINGTON,New%20York%2C%20NY,New%20York,1890,2,delmonicos,
4000001229.jpg,122nd Annual Meal at Delmonico's,New%20York%2C%20NY,New%20York,1890,2,delmonicos,
4000001233.jpg,Annual Dinner Menu at Falmouth Hotel,Portland%2C%20ME,Maine,1890,2,,
4000001236.jpg,Banquet for the Officers of the Cruiser Baltimore,Baltimore%2C%20MD,Maryland,1890,0,,
4000001238.jpg,Dinner for the Opening of Simpson Timber Dry Dock,Brooklyn%2C%20New%20York,New%20York,1890,2,,
4000001242.jpg,Banquet for F. Barbedienne,Paris%2C%20FRANCE,n%2Fa,1890,2,,
4000001243.jpg,Provinzial-Liedertafel Dinner Menu,Dessau%2C%20Germany,n%2Fa,1890,0,,
4000001247.jpg,Dinner for Class of 1863 at Parker House,Boston%2C%20MA,Massachusetts,1890,2,,
4000001252.jpg,USMA Farewell Banquet Dinner at Delmonico's,New%20York%2C%20NY,New%20York,1890,0,delmonicos,
4000001261.jpg,Testimonial Dinner at Delmonico's,New%20York%2C%20NY,New%20York,1890,0,delmonicos,
4000001265.jpg,Annual Dinner Menu,Portland%2C%20MAINE,Maine,1890,2,,
4000001287.jpg,9th Annual Banquet at Hotel Iroquois,Buffalo%2C%20NY,New%20York,1890,0,,
4000001296.jpg,"Dinner to Capt. Louis Philippe d'Orleans, Comte de Paris at Plaza Hotel",New%20York%2C%20NY,New%20York,1890,0,plaza,
4000001301.jpg,Dinner Menu at Down Town Association,New%20York%2C%20NY,New%20York,1890,0,,
4000001309.jpg,Sportsmans Club Dinner at Powers Hotel,Palmyra%2C%20NY,New%20York,1890,0,,
4000001314.jpg,Spiers & Pond Menu,,n%2Fa,1890,0,,
4000001317.jpg,Business Men's Democratic Association Menu,,n%2Fa,1890,0,,
4000001322.jpg,Testimonial Banquet at CRIBB CLUB,New%20York%2C%20NY,New%20York,1890,2,,
4000001343.jpg,New Year Buffet at Hoffman House,New%20York%2C%20NY,New%20York,1891,2,,
4000001346.jpg,Second Annual Dinner,Chicago%2C%20IL,Illinois,1891,2,,
4000001356.jpg,Annual Banquet Menu at Delmonico's,New%20York%2C%20NY,New%20York,1891,2,delmonicos,
4000001380.jpg,FIRST ANNUAL DINNER at NEW YORK HOTEL,New%20York%2C%20N.Y.,New%20York,1891,2,,
4000001388.jpg,Tenth Annual Dinner at DELMONICO'S,New%20York%2C%20NY,New%20York,1891,2,delmonicos,
4000001391.jpg,Ninth Annual Banquet for the Honorable Honore Mercier,Montreal%2C%20Canada,n%2Fa,1891,2,,
4000001412.jpg,2nd Annual Banquet at Martinelli's,New%20York%2C%20NY,New%20York,1891,2,,
4000001418.jpg,Ladies Day Banquet at New Hampshire Club,Boston%2C%20MA,Massachusetts,1891,2,,
4000001425.jpg,9th Annual Banquet of the Commandery at The Arlington,Washington%2C%20DC,Washington%2C%20D.C.,1891,2,,
4000001437.jpg,10th Reunion Dinner at Hotel Marlborough,New%20York%2C%20NY,New%20York,1891,2,,
4000001442.jpg,Dinner in honor of Senator William M. Evarts at The Arlington,Washington%2C%20DC,Washington%2C%20D.C.,1891,2,,
4000001447.jpg,Dinner at Musica Degli Allievi Caracinieri,ROME%2C%20ITALY,n%2Fa,1891,0,,
4000001450.jpg,Annual Dinner at Lyons Rest.,New%20York%2C%20NY,New%20York,1891,2,,
4000001454.jpg,Sixth Annual Banquet at Michigan Club,Detroit%2C%20MI,Michigan,1891,2,,
4000001462.jpg,159th Anniversary of Washington's Birth Commemorative Menu,New%20York%2C%20NY,New%20York,1891,2,plaza,
4000001467.jpg,WASHINGT0N'S BIRTHDAY at DELMONICO'S NY,New%20York%2C%20NY,New%20York,1891,2,delmonicos,
4000001483.jpg,Complimentary Dinner at Chambelin's,Washington%2C%20DC,Washington%2C%20D.C.,1891,0,,
4000001488.jpg,FIRST ANNUAL BANQUET at Hamilton Club,Chicago%2C%20IL,Illinois,1891,2,,
4000001497.jpg,107th Anniversary Dinner at Delmonico's NY,New%20York%2C%20NY,New%20York,1891,0,delmonicos,
4000001516.jpg,Ninth Annual Banquet and Meeting Menu,New%20York%2C%20NY,New%20York,1891,2,delmonicos,
4000001528.jpg,Chamberlin's Menu,Washington%2C%20D.C.,Washington%2C%20D.C.,1891,0,,
4000001532.jpg,Complimentary Dinner Honoring Hon. Geo. W. Gardner,Cleveland%2C%20OH,Ohio,1891,2,,
4000001537.jpg,Daily Menu at Hotel Del Monte,Monterey%2C%20CAL,California,1891,0,,
4000001544.jpg,Testimonial Dinner at Merchants' Club,,n%2Fa,1891,2,,
4000001548.jpg,"Dinner at Whitehall Rooms, The Hotel Metropole",London%2C%20England,n%2Fa,1891,0,,
4000001557.jpg,Excursion Around the Harbor Menu for Miller National Association Event,New%20York%2C%20NY,New%20York,1891,2,,
4000001561.jpg,"Dinner at The Grand Hotel, Trafalgar Square",London%2C%20England,n%2Fa,1891,0,,
4000001584.jpg,Dinner to Hon Frederick Carroll Brewster,Philadelphia%2C%20PA,Pennsylvania,1891,0,,
4000001618.jpg,Banquet honoring Gov. Henry H. Markham,Governor's%20Staff%2C%20California,California,1891,2,,
4000001625.jpg,253rd Anniversary Annual Dinner,Boston%2C%20MA,Massachusetts,1891,0,,
4000001630.jpg,First Annual Dinner at Clark's,New%20York%2C%20NY,New%20York,1891,2,,
4000001632.jpg,International Hotel Dinner Menu,Niagara%20Falls%2C%20NY,New%20York,1891,0,,
4000001640.jpg,Dinner Menu at Clover Club Of Philadelphia,Philadelphia%2C%20PA,Pennsylvania,1891,0,,
4000001648.jpg,25th Anniversary Celebration Menu,New%20York%2C%20NY,New%20York,1891,2,,
4000001655.jpg,Dinner honoring Mr. B.F. Martin at Salvator Club,New%20York%2C%20NY,New%20York,1891,2,,
4000001658.jpg,Dinner Event at Fort William Henry Hotel,Fort%20William%20Henry%2C%20New%20York,New%20York,1891,2,,
4000001667.jpg,Patriotic Holiday Dinner at Hotel Dennis,Atlantic%20City%2C%20NJ,New%20Jersey,1891,2,,
4000001672.jpg,Dinner Menu by THE RICHELIEU & ONTARIO NAVIGATION CO.,Tadoussac%2C%20Quebec,n%2Fa,1891,1,,
4000001674.jpg,Lunch Menu at Hotels Schweizerhof & Luzernerhof,Lucerne,n%2Fa,1891,0,,
4000001684.jpg,De Keyser's Royal Hotel Luncheon and Dinner Menu,London%2C%20England,n%2Fa,1891,0,,
4000001689.jpg,Dinner Menu at Hotel Champlain,Hotel%20Champlain%2C%20Clinton%20County%2C%20NY,New%20York,1891,0,,
4000001699.jpg,Dinner Menu at The Windsor,Montreal%2C%20Canada,n%2Fa,1891,0,,
4000001708.jpg,Dinner and Breakfast on Special Train of Pullman Cars,,n%2Fa,1891,1,,
4000001713.jpg,DINNER FOR VISITING MEMBERS OF THE GOVERNING BOARD OF THE INTERNATIONAL LEAGUE OF PRESS CLUBS,New%20York%2C%20NY,New%20York,1891,0,,
4000001719.jpg,Sunday Menu at Poland Spring House,South%20Poland%2C%20ME,Maine,1891,0,,
4000001722.jpg,Daily Menu at Poland Spring House,South%20Poland%2C%20ME,Maine,1891,0,,
4000001725.jpg,"DINNER TO THE COMMISSIONERS FROM ENGLAND, GERMANY AND DENMARK TO THE COLUMBIAN EXPOSITION",Washington%2C%20D.C.,Washington%2C%20D.C.,1891,2,,
4000001732.jpg,21st Reunion Meal at Young's Hotel,Boston%2C%20MA,Massachusetts,1891,2,,
4000001735.jpg,Semi-Annual Meeting and Dinner at Faneuil Hall,Boston%2C%20MA,Massachusetts,1891,2,,
4000001739.jpg,Meal for the Members of Terrace Bowling Club,,n%2Fa,1891,2,,
4000001746.jpg,123rd Annual Banquet Menu at Delmonico's,New%20York%2C%20NY,New%20York,1891,2,delmonicos,
4000001754.jpg,Thanksgiving Dinner at Occidental Hotel,SAN%20FRANCISCO%2C%20CA,California,1891,2,,
4000001761.jpg,Thanksgiving Dinner at The Portland,Portland%2C%20OREGON,Oregon,1891,2,,
4000001766.jpg,40th Annual Banquet at Mercantile Club,St.%20Louis%2C%20MO,Missouri,1891,0,,
4000001769.jpg,Dinner at Kinsley's hosted by The Fellowship Club of Chicago,Chicago%2C%20IL,Illinois,1891,2,,
4000001772.jpg,Eighth Annual Banquet at Fort Orange Club,Albany%2C%20NY,New%20York,1891,2,,
4000001777.jpg,Banquet to the Earl of Aberdeen at Delmonico's,New%20York%2C%20NY,New%20York,1891,2,delmonicos,
4000001781.jpg,Hudson County Grand Jury Dinner at Hotel Washington,Jersey%20City%2C%20NJ,New%20Jersey,1891,2,,
4000001786.jpg,FIRST ANNUAL BANQUET AND COTILLON at AUDITORIUM HOTEL,,n%2Fa,1891,2,,
4000001790.jpg,"Dinner to Welcome Robert Garrett, President of the Baltimore & Ohio Railroad",New%20Brighton%2C%20Staten%20Island%2C%20NY,New%20York,1895,0,,
4000001795.jpg,"Lunch for Mrs. Thos. Brady & Daughter in Remembrance of a Very Pleasant Evening, April 1890",,n%2Fa,1891,2,,
4000001804.jpg,Seventh Annual Banquet at the St. Louis Traffic Commission,St.%20Louis%2C%20MO,Missouri,1891,2,,
4000001815.jpg,New Year's Eve Collation at Julius G. Hartmann,New%20York%2C%20NY,New%20York,1891,2,,
4000001817.jpg,New Year 1892 Menu,New%20York%2C%20NY,New%20York,1892,2,,
4000001821.jpg,Complimentary Dinner at Muschenheim's,New%20York%2C%20NY,New%20York,1892,0,,
4000001826.jpg,Presentation of Sword to Capt.A.C. Braden Menu,St.%20Paul%2C%20MN,Minnesota,1892,2,,
4000001829.jpg,Annual Dinner Menu at Delmonico's NY,New%20York%2C%20NY,New%20York,1892,2,delmonicos,
4000001834.jpg,Seventh Annual Banquet by The Holland Society of New York,New%20York%2C%20NY,New%20York,1892,0,,
4000001837.jpg,Third Annual Banquet by Sons of New Hampshire,Boston%2C%20MA,Massachusetts,1892,2,,
4000001842.jpg,Banquet for John Rooney and Friends at Delmonico's,New%20York%2C%20NY,New%20York,1892,2,delmonicos,
4000001853.jpg,Ninth Burns Anniversary Menu,Springfield%2C%20Scotland,n%2Fa,1892,2,,
4000001859.jpg,Fourth Annual Dinner at Hotel Washington,Jersey%20City%2C%20NJ,New%20Jersey,1892,2,,
4000001864.jpg,Dinner at Musica Degli Allievi Carabinieri,Rome%2C%20Italy,n%2Fa,1892,0,,
4000001885.jpg,63rd Annual Dinner Menu,New%20York%2C%20NY,New%20York,1892,2,delmonicos,
4000001889.jpg,EVACUATION DAY DINNER at DELMONICOS,New%20York%2C%20NY,New%20York,1892,2,delmonicos,
4000001896.jpg,"Dinner at The Arlington, Washington DC",Washington%2C%20DC,Washington%2C%20D.C.,1892,2,,
4000001903.jpg,108th Anniversary Dinner at Delmonico's,New%20York%2C%20NY,New%20York,1892,0,delmonicos,
4000001912.jpg,Dinner to the Delegates of the National League of Musicians at Delmonico's,New%20York%2C%20NY,New%20York,1892,0,delmonicos,
4000001915.jpg,DAILY MENU,Basel%2C%20SWITZERLAND,n%2Fa,1892,0,,
4000001921.jpg,Daily Menu at University Club,New%20York%2C%20NY,New%20York,1892,0,,
4000001924.jpg,Hundred & Sixth Anniversary Celebration Menu,New%20York%2C%20NY,New%20York,1892,2,delmonicos,
4000001944.jpg,Ninth Annual Dinner at Grand Hotel,Cincinnati%2C%20OH,Ohio,1892,2,,
4000001950.jpg,124th Annual Meeting Luncheon at Delmonico's NY,New%20York%2C%20NY,New%20York,1892,2,delmonicos,
4000001955.jpg,"DINNER MENU at TAYLOR'S RESTAURANT, ST. DENIS HOTEL",New%20York%2C%20NY,New%20York,1892,0,,
4000001959.jpg,Astor House Dinner Menu,New%20York%2C%20NY,New%20York,1892,0,,
4000001965.jpg,Dinner for Hon. Warner Miller at Union Club,Tacoma%2C%20WA,Washington,1892,2,,
4000001972.jpg,Thirteenth Annual Meeting Menu,Detroit%2C%20MI,Michigan,1892,2,,
4000001979.jpg,Opening Day Celebration Menu,Norfolk%2C%20VA,Virginia,1892,2,,
4000001986.jpg,"Dinner for M.W. Wm. Sherer, Grand Master of Masons of NYS at Delmonico's NY",New%20York%2C%20NY,New%20York,1892,0,delmonicos,
4000001988.jpg,Ladies' Restaurant Dinner Menu,New%20York%2C%20NY,New%20York,1892,0,,
4000001991.jpg,Cosmopolitan Hotel Menu,Las%20Vegas%2C%20NV,Nevada,1892,0,,
4000001996.jpg,Annual Banquet to Graduates of Class of 1892,Washington%2C%20DC,Washington%2C%20D.C.,1892,2,,
4000002000.jpg,Daily Menu,New%20York%2C%20NY,New%20York,1892,0,,
4000002007.jpg,Evening Dinner Menu,New%20York%2C%20NY,New%20York,1892,0,,
4000002012.jpg,Harvard Medical School Association Menu,Boston%2C%20MA,Massachusetts,1892,2,,
4000002016.jpg,NEW YORK PRESS CLUB DINNER,Coney%20Island%2C%20NY,New%20York,1892,2,,
4000002019.jpg,Dinner Menu at The Maplewood,White%20Mountains%2C%20NH,New%20Hampshire,1892,0,,
4000002022.jpg,POMHAM CLUB - LUMCH AND DINNER,,n%2Fa,1892,0,,
4000002025.jpg,Daily Menu at Gatti's Adelphi Restaurant,London%2C%20England,n%2Fa,1892,0,,
4000002031.jpg,Tenth Reunion Menu,St.%20Paul%2C%20MN,Minnesota,1892,2,,
4000002040.jpg,Opening Dinner at The H.C. Brown Palace Hotel,Denver%2C%20CO,Colorado,1892,0,,
4000002042.jpg,Bill of Fare,Glen%20Island%2C%20NY,New%20York,1892,0,,
4000002051.jpg,Dinner Menu,Watch%20Hill%2C%20RI,Rhode%20Island,1892,0,,
4000002054.jpg,Dinner Menu,Narragansett%20Pier%2C%20RI,Rhode%20Island,1892,0,,
4000002056.jpg,GLEFID Menu at Volapukakluba Nolumelopik,Worcester%2C%20MASS,Massachusetts,1892,0,,
4000002066.jpg,SATURDAY DINNER at ST. CLOUD HOTEL,New%20York%2C%20NY,New%20York,1892,0,,
4000002070.jpg,Dinner Menu at Union Square Hotel,New%20York%2C%20NY,New%20York,1892,0,,
4000002075.jpg,Complimentary Dinner at Delmonico's for Fellow Passengers of the Normannia to Meet Mr. Robert M. Thompson,New%20York%2C%20NY,New%20York,1891,2,delmonicos,
4000002080.jpg,Phi Delta Theta Initiation Banquet,Providence%2C%20R.I.,Rhode%20Island,1892,2,,
4000002090.jpg,"Dinner to the Queen Regent of Spain, Marie Christine",Madrid%2C%20Spain,n%2Fa,1892,2,,
4000002094.jpg,Formal Opening Dinner at The Colonial Club,NY,New%20York,1892,2,,
4000002097.jpg,124th Annual Banquet Menu at Delmonico's,New%20York%2C%20NY,New%20York,1892,2,delmonicos,
4000002101.jpg,136th Anniversary Celebration Menu,New%20York%2C%20NY,New%20York,1892,2,delmonicos,
4000002107.jpg,Regular Banquet of the Forty-Sixth Convention at Young's Hotel,Boston%2C%20MA,Massachusetts,1892,2,,
4000002114.jpg,"Dinner to Honor William Potter, United States Minister to Italy",,n%2Fa,1892,0,,
4000002117.jpg,OLD GUARD NINTH ANNUAL BANQUET at HOTEL KENMORE,Kenmore%2C%20WA,Washington,1892,0,,
4000002123.jpg,Commemoration Menu for the 25th Anniversary of Freemasonry Initiation,Newburgh%2C%20NY,New%20York,1892,2,,
4000002129.jpg,St. Nicholas Day Celebration Menu,Brooklyn%2C%20NY,New%20York,1892,2,,
4000002136.jpg,SOCIETY OF MEDICAL JURISPRUDENCE TENTH ANNUAL DINNER,New%20York%2C%20NY,New%20York,1892,2,,
4000002144.jpg,FOREFATHERS' DAY BANQUET at THE COCHRAN,Washington%2C%20D.C.,Washington%2C%20D.C.,1892,2,,
4000002151.jpg,Annual Dinner Menu at SHERRY'S,New%20York%2C%20NY,New%20York,1892,2,,
4000002160.jpg,Complimentary Banquet at The H.C. Brown Palace Hotel,Denver%2C%20CO,Colorado,1892,2,,
4000002164.jpg,135th Annual Communication and Dinner,Providence%2C%20RI,Rhode%20Island,1892,2,,
4000002173.jpg,Eighth Annual Reunion Menu,Washington%2C%20D.C.,Washington%2C%20D.C.,1892,2,,
4000002179.jpg,Annual Supper at Pawtucket Boat Club,Providence%2C%20RI,Rhode%20Island,1893,2,,
4000002185.jpg,DINNER at THE FLORENCE,London%2C%20ENGLAND,n%2Fa,1893,0,,
4000002191.jpg,Fifth Annual Dinner at Hotel Washington,Jersey%20City%2C%20NJ,New%20Jersey,1893,2,,
4000002201.jpg,Abraham Lincoln Birthday Commemoration Menu,St.%20Paul%2C%20MN,Minnesota,1893,2,,
4000002209.jpg,ANNUAL BANQUET at THE COCHRAN,Washington%2C%20DC,Washington%2C%20D.C.,1893,2,,
4000002215.jpg,Fifth Dinner of the Hardware and Metal Trades at Sherry's,New%20York%2C%20NY,New%20York,1893,2,,
4000002233.jpg,Dinner at Metropolitan Opera House hosted by Palestine Commandery,New%20York%2C%20NY,New%20York,1892,2,,
4000002238.jpg,DINNER FOR BOND COMMITTEE AND OFFICERS OF THE COLONIAL CLUB,,n%2Fa,1893,2,,
4000002244.jpg,World's Columbian Exposition Dinner at Metropole Hotel,Chicago%2C%20IL,Illinois,1893,2,,
4000002253.jpg,Stiftungsfest Menu by Magdeburger Liedertafel,Magdeburg%2C%20GERMANY,n%2Fa,1893,0,,
4000002258.jpg,Easter Dinner at The Windsor,New%20York%2C%20N.Y.,New%20York,1893,2,,
4000002261.jpg,Second Annual Reunion Menu,,n%2Fa,1893,2,,
4000002266.jpg,Annual Banquet at Delmonico's,New%20York%2C%20N.Y.,New%20York,1893,0,delmonicos,
4000002272.jpg,Thomas Jefferson's Birthday Dinner Celebration,New%20York%2C%20N.Y.,New%20York,1893,2,,
4000002274.jpg,"Complimentary Dinner for Mr. Edward W. Scott, President",,n%2Fa,1893,0,,
4000002279.jpg,Bank Clerks' Mutual Benefit Association Annual Meeting and Banquet Menu,New%20York%2C%20N.Y.,New%20York,1893,2,,
4000002287.jpg,Celebration of the Sixty-Ninth Anniversary of the Formation of the Regiment and the Thirty-Second Anniversary of Its Departure for Washington at the Outbreak of the War,New%20York%2C%20N.Y.,New%20York,1893,2,delmonicos,
4000002295.jpg,Ladies Night at Hotel Brunswick,Boston%2C%20MA,Massachusetts,1893,2,,
4000002311.jpg,Luncheon for the Conseil Federal Suisse,Lucerne%2C%20SWITZERLAND,n%2Fa,1893,2,,
4000002318.jpg,ANNIVERSARY BANQUET at THE ALBION,London%2C%20ENGLAND,n%2Fa,1893,2,,
4000002322.jpg,Dinner to the Commander & Officers of Royal Netherland's Van Speyk,Albany%2C%20NY,New%20York,1893,2,,
4000002326.jpg,Gala Ball in Honor of Infanta Dona Eulalia and Infante Don Antonio,New%20York%2C%20NY,New%20York,1893,0,,
4000002332.jpg,Liedertafel Menu,Zerbst%2C%20GERMANY,n%2Fa,1893,2,,
4000002340.jpg,THIRD ANNUAL BANQUET at RICCADONNA'S,New%20York%2C%20NY,New%20York,1893,2,,
4000002346.jpg,Dinner in Honor of James J. Hill at The Aberdeen,St.%20Paul%2C%20MN,Minnesota,1893,0,,
4000002356.jpg,Dinner for King and Queen of Portugal,Lisbon%2C%20Portugal,n%2Fa,1893,2,,
4000002362.jpg,Twentieth Annual Dinner at Barney Merry Lodge No. 29,Providence%2C%20RI,Rhode%20Island,1892,2,,
4000002370.jpg,Tenth Burns Anniversary Menu,Springfield,n%2Fa,1893,2,,
4000002386.jpg,Dinner to Members from Abroad at Chicago Beach Hotel,Chicago%2C%20IL,Illinois,1893,2,,
4000002391.jpg,New England Clam Bake And Restaurant - Dinner Menu at World's Fair Grounds,Chicago%2C%20IL,Illinois,1893,0,,
4000002392.jpg,Dinner Menu at Oriental Hotel,Manhattan%20Beach%2C%20NY,New%20York,1893,0,,
4000002393.jpg,DAILY MENU at METROPOLITAN HOTEL for DINNER,Hildreth%20%26%20Allen,n%2Fa,1893,0,,
4000002396.jpg,Daily Dinner Menu at Rodgers House,New%20York%2C%20NY,New%20York,1893,0,,
4000002401.jpg,DAILY MENU at ST. CHARLES HOTEL,New%20Orleans%2C%20LA,Louisiana,1893,0,,
4000002405.jpg,Daily Dinner Menu at Sanitarium Hotel,Banff%2C%20MAINE,Maine,1893,0,,
4000002431.jpg,Dinner at The Sunset Club at The Grand Pacific Hotel,Chicago%2C%20IL,Illinois,1893,0,,
4000002443.jpg,Annual Dinner Menu at Sherry's,New%20York%2C%20NY,New%20York,1893,2,,
4000002453.jpg,Annual Banquet Menu,Philadelphia%2C%20PA,Pennsylvania,1893,2,,
4000002461.jpg,New Year's Day Dinner at The Chilberg,Tacoma%2C%20WA,Washington,1894,2,,
4000002469.jpg,New Year Dinner at National Hotel,Washington%2C%20DC,Washington%2C%20D.C.,1894,2,,
4000002475.jpg,New Year Dinner at The Continental,Philadelphia%2C%20PA,Pennsylvania,1894,2,,
4000002481.jpg,Annual Dinner Menu at Delmonico's,New%20York%2C%20NY,New%20York,1894,2,delmonicos,
4000002487.jpg,Thirteenth Annual Dinner at Delmonico's,New%20York%2C%20NY,New%20York,1894,2,delmonicos,
4000002491.jpg,Annual Dinner Menu at Delmonico's,New%20York%2C%20NY,New%20York,1894,2,delmonicos,
4000002504.jpg,Commemoration of the Birthdaay of Abraham Lincoln at Hotel Ryan,So.%20Paul%2C%20MINN,Minnesota,1894,2,,
4000002506.jpg,SECOND ANNUAL BANQUET at PALACE HOTEL,Denver%2C%20CO,Colorado,1894,2,,
4000002510.jpg,Washington's Birthday Repast,Washington%2C%20D.C.,Washington%2C%20D.C.,1894,2,,
4000002512.jpg,WASHINGTON'S BIRTHDAY REPAST at DELMONICOS,New%20York%2C%20N.Y.,New%20York,1894,2,delmonicos,
4000002520.jpg,Banquet honoring Lord Mayor and Sheriffs,London%2C%20ENGLAND,n%2Fa,1894,0,,
4000002531.jpg,Easter Dinner at The Continental,Philadelphia%2C%20PA,Pennsylvania,1894,2,,
4000002539.jpg,75th Anniversary Banquet and Ball at German Union Loge,New%20York%2C%20N.Y.,New%20York,1894,2,,
4000002547.jpg,Daily Cafe Menu,Minneapolis%2C%20MN,Minnesota,1894,0,,
4000002568.jpg,Patriots Day Dinner at Quincy House,Boston%2C%20MA,Massachusetts,1894,2,,
4000002571.jpg,Hotel St. George Dinner Menu,Nyack%2C%20NY,New%20York,1894,0,,
4000002573.jpg,8th Annual Banquet Menu,New%20York%2C%20NY,New%20York,1894,2,delmonicos,
4000002578.jpg,Reception for Sir James S. Manning at Damasrus Commandern No.58,Brooklyn%2C%20NY,New%20York,1894,2,,
4000002582.jpg,12th Annual Meeting & Banquet Menu,New%20York%2C%20NY,New%20York,1894,2,delmonicos,
4000002588.jpg,126th Annual Meeting Luncheon Menu,New%20York%2C%20NY,New%20York,1894,2,delmonicos,
4000002592.jpg,Banquet Menu at Cannon Street Hotel,London%2C%20England,n%2Fa,1894,0,,
4000002595.jpg,Complimentary Supper for Ladies of Hotel Men's Benefit Association,Denver%2C%20CO,Colorado,1894,2,,
4000002599.jpg,Dinner at Revere House,Boston%2C%20MA,Massachusetts,1894,0,,
4000002607.jpg,60th Anniversary Celebration Menu,MAGDEBURG%2C%20GERMANY,n%2Fa,1894,2,,
4000002613.jpg,Junior Banquet at Hotel Arno,New%20York%2C%20NY,New%20York,1894,2,,
4000002626.jpg,Fifty Second Dinner of the Class of 1843 of the University of the City of New York at Union Club,New%20York%2C%20N.Y.,New%20York,1894,2,,
4000002631.jpg,256th Anniversary Repast at Faneuil Hall,Boston%2C%20MA,Massachusetts,1894,2,,
4000002636.jpg,Daily Dinner Menu at Union Club,,n%2Fa,1894,0,,
4000002642.jpg,HOCHZEITESSEN VON HERRN RECHTSANWALT MAX GUTTMANN UND FRAULEIN BERTHA LENPOLD,Luzern%2C%20SWITZERLAND,n%2Fa,1894,2,,
4000002653.jpg,Dinner Menu at Crawford House,White%20Mountains%2C%20NH,New%20Hampshire,1894,0,,
4000002655.jpg,Menu at Poland Spring House,South%20Poland%2C%20ME,Maine,1894,0,,
4000002662.jpg,Complimentary Banquet Tendered to the Ohio Banker's Association,Cleveland%2C%20OH,Ohio,1894,2,,
4000002671.jpg,Banquet Menu for the 8th Annual Convention of the Typothetoe of America,Philadelphia%2C%20PA,Pennsylvania,1894,2,,
4000002677.jpg,Dinner Menu - NORDDEUTSCHER LLOYD En Route from Bremen to NY,Bremen,n%2Fa,1893,1,,
4000002700.jpg,Daily Dinner Menu at The Thorndike,Boston%2C%20MA,Massachusetts,1894,0,,
4000002711.jpg,Annual Dinner Menu,Providence%2C%20RI,Rhode%20Island,1894,2,,
4000002719.jpg,2nd Annual Banquet at Parker House,Boston%2C%20MA,Massachusetts,1894,0,,
4000002727.jpg,Complimentary Dinner for Rev. Charles H. Parkhurst at Jaeger's,New%20York%2C%20NY,New%20York,1894,2,,
4000002752.jpg,138th Anniversary Celebration Menu,New%20York%2C%20NY,New%20York,1894,2,delmonicos,
4000002756.jpg,Complimentary Dinner for Mr. Robert Gordon,New%20York%2C%20NY,New%20York,1894,2,,
4000002758.jpg,Dinner to Dr. A. Conan Doyle at Aldine Club,Aldine%20Club%2C%20in%20Philadelphia%2C%20PA,Pennsylvania,1894,2,,
4000002761.jpg,"DINNER TO PERCY SANDERSON, H.B.M.C.G. at DELMONICO'S",New%20York%2C%20NY,New%20York,1894,2,delmonicos,
4000002764.jpg,"Banquet in Honor of William L. Strong, Mayor-Elect of NY City",New%20York%2C%20NY,New%20York,1894,2,,
4000002769.jpg,Anniversary Banquet of the Great Swamp Fight,Chicago%2C%20ILL.,Illinois,1894,2,,
4000002772.jpg,Forefathers Day Menu at Young's Tavern,Boston%2C%20MA,Massachusetts,1894,2,,
4000002785.jpg,Jackson Democratic Club Annual Banquet Menu,Jackson%2C%20Michigan,Michigan,1895,2,,
4000002789.jpg,6th Annual Banquet at Delmonico's NY,New%20York%2C%20NY,New%20York,1895,0,delmonicos,
4000002795.jpg,BANQUET TENDERED TO NATIONAL LEAGUE OF COMMISSION MERCHANTS OF THE U.S.,New%20York%2C%20NY,New%20York,1895,2,,
4000002799.jpg,Dinner to the Membership of the New York Library Association,New%20York%2C%20NY,New%20York,1895,2,,
4000002813.jpg,125th Anniversary Dinner at Hoffman House Cafe,New%20York%2C%20NY,New%20York,1895,2,,
4000002814.jpg,Alumni Banquet Menu,,n%2Fa,1895,2,,
4000002824.jpg,ANNUAL BANQUET at MERCHANTS' CLUB,Philadelphia%2C%20PA,Pennsylvania,1895,0,,
4000002832.jpg,ANNUAL DINNER at DELMONICO'S,New%20York%2C%20NY,New%20York,1895,2,delmonicos,
4000002837.jpg,Annual Meeting & Dinner at Young's Hotel,Boston%2C%20MA,Massachusetts,1895,2,,
4000002842.jpg,Dinner for the Members of the Republican Editorial Association,New%20York%2C%20NY,New%20York,1895,2,delmonicos,
4000002846.jpg,Twelfth Burns Anniversary Menu,Springfield%2C%20IL,Illinois,1895,2,,
4000002854.jpg,Sixth Annual Dinner at New York Jewelers Board Of Trade,New%20York%2C%20NY,New%20York,1895,0,,
4000002860.jpg,TENTH ANNUAL DINNER at SHERRY'S,New%20York%2C%20NY,New%20York,1895,2,,
4000002868.jpg,Sixth Dinner at Sherry's,New%20York%2C%20NY,New%20York,1895,0,,
4000002886.jpg,Eighth Annual Dinner at Clark's,New%20York%2C%20NY,New%20York,1895,2,,
4000002893.jpg,LINCOLN'S BIRTHDAY DINNER,Minneapolis%2C%20MINNESOTA,Minnesota,1895,2,,
4000002901.jpg,Annual Dinner Menu at Delmonico's,New%20York%2C%20NY,New%20York,1895,0,delmonicos,
4000002904.jpg,WASHINGTON'S BIRTHDAY DINNER at COLONIAL CLUB OF NEW YORK,New%20York%2C%20NY,New%20York,1895,2,,
4000002910.jpg,Ninth Annual Dinner at SHERRY'S,New%20York%2C%20NY,New%20York,1895,2,,
4000002928.jpg,Twenty-Seventh Annual Banquet of the Loyal League,Germantown%2C%20PA,Pennsylvania,1895,2,,
4000002932.jpg,First Annual Banquet at Mercantile Club House,St.%20Louis%2C%20MO,Missouri,1895,2,,
4000002938.jpg,Annual Dinner at Laurel-in-the-Pines,Lakewood%2C%20NJ,New%20Jersey,1895,2,,
4000002943.jpg,Sixth Annual Dinner,Norwich%2C%20CT,Connecticut,1895,2,,
4000002946.jpg,Sixth Annual Anniversary Banquet at Tillinghast's Parlors,Providence%2C%20RI,Rhode%20Island,1895,2,,
4000002953.jpg,Eighth Anniversary Banquet,Rhode%20Island%20Wheelmen,Rhode%20Island,1895,2,,
4000002957.jpg,St. Patrick's Day Celebration Menu,Orange%2C%20NJ,New%20Jersey,1895,2,,
4000002963.jpg,2nd Annual Dinner at Queen's Hotel,Montreal%2C%20QC,n%2Fa,1895,2,,
4000002973.jpg,Dinner to the Hon. Edwin S. Stuart at Union League,New%20York%2C%20NY,New%20York,1895,2,,
4000002978.jpg,1st Annual Breakfast at Trocadero,Providence%2C%20RI,Rhode%20Island,1895,2,,
4000002981.jpg,St. George's Society 109th Anniversary Dinner at Delmonico's NY,New%20York%2C%20NY,New%20York,1895,2,delmonicos,
4000002987.jpg,In Commemoration of the 73rd Birthday of General Grant,Philadelphia%2C%20PA,Pennsylvania,1895,2,,
4000002992.jpg,Washington's Inauguration Banquet,Chicago%2C%20IL,Illinois,1895,2,,
4000002996.jpg,Banquet Tendered to the National Officers and Delegates,Boston%2C%20MA,Massachusetts,1895,2,,
4000003001.jpg,127th Annual Meeting Menu at Delmonico's,New%20York%2C%20NY,New%20York,1895,2,delmonicos,
4000003006.jpg,Annual Banquet Menu,Los%20Angeles%2C%20CA,California,1895,2,,
4000003011.jpg,Menu for Quill And Dagger Event at Deeming Hall,Ithaca%2C%20NY,New%20York,1895,2,,
4000003022.jpg,Banquet for Delegates of the National Municipal League,Cleveland%2C%20OH,Ohio,1895,2,,
4000003028.jpg,Board of Directors Dinner at Mercantile Club,Philadelphia%2C%20PA,Pennsylvania,1895,2,,
4000003035.jpg,Testimonial Event Menu,New%20York%2C%20NY,New%20York,1895,2,,
4000003039.jpg,Graduation Banquet at Murray Hill Hotel,New%20York%2C%20NY,New%20York,1895,2,,
4000003056.jpg,Bon Voyage to Mr. James Pollock,,n%2Fa,1895,2,,
4000003070.jpg,Dinner Menu at Larkin House,Watch%20Hill%2C%20RI,Rhode%20Island,1895,0,,
4000003074.jpg,Fourth Annual Summer Outing Menu,Portsmouth%2C%20NH,New%20Hampshire,1895,2,,
4000003076.jpg,Dinner Menu,White%20Mountains%2C%20NH,New%20Hampshire,1895,0,,
4000003080.jpg,Complimentary Dinner to Gen. Felix Agnus of Baltimore,New%20York%2C%20NY,New%20York,1895,2,,
4000003083.jpg,27th Reunion Menu by The Army of the Tennessee,Cincinnati%2C%20OH,Ohio,1895,2,,
4000003091.jpg,NEW HAMPSHIRE CLUB LADIES' NIGHT DINNER at HOTEL VENDOME,Boston%2C%20MA,Massachusetts,1895,2,,
4000003098.jpg,DINNER at Hotel Angestellen,,n%2Fa,1895,0,,
4000003110.jpg,258th Fall Field Day Menu,Richmond%2C%20VA,Virginia,1895,2,,
4000003113.jpg,Dinner at The Alma,Alma%2C%20MI,Michigan,1895,0,,
4000003122.jpg,Breakfast Dedication at Mill of Fall River Iron Works Co.,Fall%20River%2C%20MA,Massachusetts,1895,1,,
4000003133.jpg,Banquet for the Opening of the New Townhall,Zurich%2C%20SWITZERLAND,n%2Fa,1895,2,,
4000003147.jpg,In Honor of Mr. Hall Caine - Complimentary/Testimonial Event,New%20York%2C%20NY,New%20York,1895,2,,
4000003148.jpg,Banquet at Guild Hall,Guild%20Hall%2C%20England,n%2Fa,1895,0,,
4000003151.jpg,Dinner at The Waldorf for Westchester Polo Team,New%20York%2C%20NY,New%20York,1895,2,waldorf,
4000003174.jpg,3rd Annual Banquet at Parker House,Boston%2C%20MA,Massachusetts,1895,0,,
4000003196.jpg,Thanksgiving Day Dinner at Hotel Roanoke,Roanoke%2C%20VA,Virginia,1895,2,,
4000003199.jpg,Thanksgiving Day Dinner at The Jackson,Chicago%2C%20IL,Illinois,1895,2,,
4000003202.jpg,Thanksgiving Day Dinner at Hotel Vendome,Boston%2C%20MA,Massachusetts,1895,2,,
4000003213.jpg,139th Anniversary Menu at Delmonico's,New%20York%2C%20NY,New%20York,1895,2,delmonicos,
4000003241.jpg,Annual Festival Menu at Ye New York Chapter Of Ye Colonial Order,New%20York%2C%20NY,New%20York,1895,2,,
4000003246.jpg,Dinner in Honor of Mr. Theodore Roosevelt,,n%2Fa,1895,2,,
4000003258.jpg,Dinner to Delegates of the Pennsylvania Bankers' Association,Philadelphia%2C%20PA,Pennsylvania,1895,2,,
4000003275.jpg,10th Annual Charity Ball Menu,Chicago%2C%20IL,Illinois,1895,2,,
4000003283.jpg,13th Annual Dinner at Hoffman House,,n%2Fa,1895,2,,
4000003341.jpg,Christmas Day Dinner at The Portland Hotel,Portland%2C%20OR,Oregon,1895,2,,
4000003352.jpg,FOURTH ANNUAL BANQUET at DELMONICO'S,New%20York%2C%20NY,New%20York,1896,2,delmonicos,
4000003380.jpg,126th Anniversary Dinner at Hoffman House Cafe,New%20York%2C%20NY,New%20York,1896,2,,
4000003388.jpg,6th Annual Banquet at The Confederate Veteran Camp Of NY,New%20York%2C%20NY,New%20York,1896,2,,
4000003399.jpg,16th Annual Banquet at Society Of The Army & Navy Of The Confederate States,Baltimore%2C%20MD,Maryland,1896,2,,
4000003404.jpg,18th Annual Reception Menu,New%20York%2C%20NY,New%20York,1896,2,,
4000003414.jpg,German American Charity Ball Menu,Chicago%2C%20IL,Illinois,1896,2,,
4000003420.jpg,11th Annual Dinner at The Arlington,,n%2Fa,1896,2,,
4000003430.jpg,EPISCOPALIAN CLUB DINNER at THE BRUNSWICK,Boston%2C%20MA,Massachusetts,1896,2,,
4000003434.jpg,Inauguration Dinner for Battesimo of Bandiere,Rosebank%2C%20S.I.%2C%20N.Y.,New%20York,1896,0,,
4000003436.jpg,ANNIVERSARY DINNER at HOTEL WORTHY,Springfield,n%2Fa,1896,2,,
4000003441.jpg,BANQUET TO PORTER KING MAYOR OF ATLANTA AND THE HONORARY ATLANTA ESCORT OF THE LIBERTY BELL,Camden%2C%20N.J.,New%20Jersey,1896,0,,
4000003448.jpg,11th Annual Banquet at Brown Palace Hotel,Denver%2C%20CO,Colorado,1896,2,,
4000003453.jpg,Anniversary Dinner at Hotel Brunswick,New%20York%2C%20NY,New%20York,1896,2,,
4000003464.jpg,4th Annual Dinner at Delmonico's,New%20York%2C%20N.Y.,New%20York,1896,2,delmonicos,
4000003471.jpg,Patriotic Holiday Dinner at Hotel Ryan,St.%20Paul%2C%20MN,Minnesota,1896,2,,
4000003477.jpg,Lincoln's Birthday Dinner at Delmonico's,New%20York%2C%20N.Y.,New%20York,1896,2,delmonicos,
4000003479.jpg,NINTH ANNUAL DINNER at THE SOUTHERN BERKSHIRE SOCIETY OF NEW YORK,New%20York%2C%20NY,New%20York,1896,2,,
4000003482.jpg,Dinner to the Artillery Officers of the State of New York,New%20York%2C%20NY,New%20York,1896,0,delmonicos,
4000003491.jpg,Seventh Dinner at Hotel Savoy,New%20York%2C%20NY,New%20York,1896,0,,
4000003502.jpg,AMERICAN PAPER MANUFACTURERS' ASSOCIATION ANNUAL BANQUET at DELMONICO'S,New%20York%2C%20NY,New%20York,1896,2,delmonicos,
4000003505.jpg,Hygeia Hotel Menu,Comfort%2C%20VA,Virginia,1896,0,,
4000003508.jpg,Celebration of Washington's Birthday Menu,Detroit%2C%20MI,Michigan,1896,2,,
4000003515.jpg,Annual Dinner Menu at Laurel-in-the-Pines,Lakewood%2C%20NJ,New%20Jersey,1896,2,,
4000003518.jpg,Washington's Birthday Banquet at Delmonico's,New%20York%2C%20NY,New%20York,1896,2,delmonicos,
4000003521.jpg,Washington's Birthday Dinner Menu,St.%20Louis%2C%20MO,Missouri,1896,2,,
4000003524.jpg,Eighth Annual Banquet Menu,,n%2Fa,1896,2,,
4000003531.jpg,Craftsman's Club Menu,,n%2Fa,1896,2,,
4000003539.jpg,Dinner at The Pickaninny Club at The Waldorf,New%20York%2C%20NY,New%20York,1896,2,waldorf,
4000003543.jpg,THE ANNUAL 'FINES' DINNER at THE UNION LEAGUE CLUB,New%20York%2C%20NY,New%20York,1896,2,,
4000003557.jpg,4th Annual Banquet at Hotel Iroquois,Buffalo%2C%20NY,New%20York,1896,2,,
4000003571.jpg,Annual Dinner in Honor of Mr. Justice David J. Brewer of the Supreme Court of the United States,Philadelphia%2C%20PA,Pennsylvania,1896,2,,
4000003580.jpg,14th Annual Dinner at The Windsor Hotel,New%20York%2C%20NY,New%20York,1896,2,,
4000003583.jpg,Dinner at Merchants' Club,Boston%2C%20MA,Massachusetts,1896,2,,
4000003592.jpg,Triennial Dinner at De Soto Hotel,Savannah%2C%20GA,Georgia,1896,2,,
4000003598.jpg,Hotel Chamberlin Luncheon Menu,Old%20Point%20Comfort%2C%20VA,Virginia,1896,0,,
4000003604.jpg,Forty-Fourth Annual Dinner at Hotel Stenton,Philadelphia%2C%20PA,Pennsylvania,1896,2,,
4000003614.jpg,74th Birthday Celebration of U.S. Grant,Philadelphia%2C%20PA,Pennsylvania,1896,0,,
4000003631.jpg,Dinner in Honor of S.S. Packard's 70th Birthday,New%20York%2C%20NY,New%20York,1896,2,delmonicos,
4000003642.jpg,128th Annual Meeting Luncheon Menu,New%20York%2C%20NY,New%20York,1896,2,,
4000003646.jpg,25TH ANNIVERSARY DINNER at THE BRUNSWICK,,n%2Fa,1896,2,,
4000003649.jpg,Ninth Annual Dinner in Honor of Crow Charlton,Flocking%20Of%20The%20Crows,n%2Fa,1896,2,,
4000003655.jpg,Dinner at The Brunswick,,n%2Fa,1896,0,,
4000003664.jpg,Banquet for New Orleans Base Ball Club at LeCourt's Hotel,New%20Orleans%2C%20LA,Louisiana,1896,2,,
4000003674.jpg,Banquet at Grand Union Hotel,Saratoga%20Springs%2C%20NY,New%20York,1896,2,,
4000003697.jpg,Patriotic Holiday Dinner at Savoy Hotel,London%2C%20ENGLAND,n%2Fa,1896,2,,
4000003710.jpg,Seventeenth Annual Dinner at Hotel Del Coronado,San%20Diego%2C%20CA,California,1896,0,,
4000003723.jpg,Lunch Menu at Hotel Dennis,Atlantic%20City%2C%20NJ,New%20Jersey,1896,0,,
4000003735.jpg,Banquet Menu at Planters Hotel,St.%20Louis%2C%20MO,Missouri,1896,2,,
4000003746.jpg,22nd Annual Banquet at Hotel Walton,Philadelphia%2C%20PA,Pennsylvania,1896,2,,
4000003753.jpg,Dinner at Windsor Hotel,New%20York%2C%20NY,New%20York,1896,0,,
4000003764.jpg,"Dinner honoring M.W. John Stewart, Grand Master of Masons, State of NY",New%20York%2C%20NY,New%20York,1896,2,,
4000003775.jpg,Dinner to Republican Speakers at Transportation Club,New%20York%2C%20NY,New%20York,1896,2,,
4000003780.jpg,Anniversary Banquet at Societa Italiane Unite,New%20York%2C%20NY,New%20York,1896,2,,
4000003784.jpg,Honoring James M. Barrie and W. Robertson Nicoll Testimonial Menu,New%20York%2C%20NY,New%20York,1896,2,,
4000003788.jpg,Dinner in Honor of Marcus A. Hanna,Cleveland%2C%20OH,Ohio,1896,2,,
4000003800.jpg,7th Annual Banquet Menu,Pawtucket%2C%20RI,Rhode%20Island,1896,2,,
4000003806.jpg,SONS OF THE REVOLUTION BANQUET,New%20York%2C%20NY,New%20York,1896,2,delmonicos,
4000003816.jpg,34TH ANNUAL CELEBRATION MENU,San%20Francisco%2C%20CA,California,1896,2,,
4000003819.jpg,140th Anniversary Menu,New%20York%2C%20NY,New%20York,1896,2,delmonicos,
4000003822.jpg,23rd Annual Dinner Menu at Zangheri's,New%20York%2C%20NY,New%20York,1896,2,,
4000003827.jpg,ALBANY ZOUAVE CADETS DINNER at ALBANY CLUB,Albany%2C%20NY,New%20York,1896,2,,
4000003837.jpg,Dinner for Forefathers' Day at Society Of Colonial Wars,Boston%2C%20MA,Massachusetts,1896,2,,
4000003849.jpg,Twelfth Annual Banquet Menu at Hotel Marlborough,New%20York%2C%20NY,New%20York,1896,2,,
4000003862.jpg,Jubilee Dinner to Celebrate the Fiftieth Anniversary of the Founding of the House,New%20York%2C%20NY,New%20York,1897,2,delmonicos,
4000003872.jpg,National Democrats Of The Middle States Anniversary Banquet Menu,Chicago%2C%20IL,Illinois,1897,2,,
4000003884.jpg,Centennial Anniversary Menu at Masonic Temple,Philadelphia%2C%20PA,Pennsylvania,1897,2,,
4000003893.jpg,Annual Dinner Menu at Delmonico's,New%20York%2C%20NY,New%20York,1897,2,delmonicos,
4000003896.jpg,Eighth Annual Banquet Menu at Delmonico's,New%20York%2C%20NY,New%20York,1897,0,delmonicos,
4000003898.jpg,Sawdust Club Annual Dinner at Taylor's Hotel,Jersey%20City%2C%20NJ,New%20Jersey,1897,0,,
4000003902.jpg,Annual Dinner in Honor of Benjamin Franklin at Hoffman House,New%20York%2C%20NY,New%20York,1897,2,,
4000003905.jpg,Eleventh Annual Banquet Menu at Delmonico's,New%20York%2C%20NY,New%20York,1897,2,delmonicos,
4000003909.jpg,Twenty-Sixth Annual Reception Menu,Lexington%2C%20NY,New%20York,1897,2,,
4000003914.jpg,FOURTEENTH BURNS ANNIVERSARY at HOTEL WORTHY,Springfield,n%2Fa,1897,2,,
4000003932.jpg,SECOND ANNUAL CONVENTION MENU,Philadelphia%2C%20PA,Pennsylvania,1897,0,,
4000003953.jpg,Fifth Annual Dinner at Society Of Colonial Wars,New%20York%2C%20NY,New%20York,1897,2,,
4000003960.jpg,City Editor's Association Dinner at THE BOURSE,Philadelphia%2C%20PA,Pennsylvania,1897,2,,
4000004003.jpg,Anniversary Dinner at Hotel Manhattan,New%20York%2C%20NY,New%20York,1897,2,,
4000004025.jpg,Dinner in Honor of John A. McCall,New%20York%2C%20NY,New%20York,1897,0,,
4000004030.jpg,Twenty-First Anniversary Dinner at Trocadero,Rhode%20Island%20Women's%20Club,Rhode%20Island,1897,2,,
4000004040.jpg,Chancellor Walworth Lodge No. 271 F.&A.M. Annual Dinner,New%20York%2C%20NY,New%20York,1897,2,,
4000004050.jpg,WASHINGTON'S BIRTHDAY BANQUET,New%20York%2C%20NY,New%20York,1897,2,delmonicos,
4000004055.jpg,Annual Dinner Menu for Rhode Island Society of the Sons of the American Revolution,Providence%2C%20RI,Rhode%20Island,1897,2,,
4000004061.jpg,George Washington's Birthday Reception,London,n%2Fa,1897,2,,
4000004064.jpg,Washington's Birthday Dinner,Rochester%2C%20NY,New%20York,1897,2,,
4000004069.jpg,Fourth Annual Dinner at Brown University Club,Providence%2C%20RI,Rhode%20Island,1897,2,,
4000004071.jpg,Dinner Menu on Hamburg-Amerika Linie's Express-Steamer Furst Bismarck,Hamburg%2C%20Germany,n%2Fa,1897,1,,
4000004084.jpg,12th Annual Ball Menu,New%20York%2C%20NY,New%20York,1897,2,,
4000004093.jpg,EXPRESS-STEAMER FURST BISMARCK DINNER,Hamburg%2C%20Germany,n%2Fa,1897,1,,
4000004097.jpg,Hotel Manhattan Dinner Menu,New%20York%2C%20NY,New%20York,1897,0,,
4000004105.jpg,126th Annual Banquet for the Relief of Emigrants from Ireland,Philadelphia%2C%20PA,Pennsylvania,1897,2,,
4000004110.jpg,Annual Dinner at Forest City House,,n%2Fa,1897,2,,
4000004116.jpg,Banquet and Jubilee for Hon. Neal Dow,Boston%2C%20MA,Massachusetts,1897,2,,
4000004121.jpg,Banquet and Reception Menu,New%20York%2C%20NY,New%20York,1897,2,,
4000004123.jpg,GRIDIRON CLUB DINNER at THE ARLINGTON,Gridiron%20Club,n%2Fa,1897,2,,
4000004124.jpg,Plaza Dinner Menu,New%20York%2C%20NY,New%20York,1897,0,plaza,focus
4000004126.jpg,DINNER MENU at HOTEL BELLVUE,Philadelphia%2C%20PA,Pennsylvania,1897,0,,
4000004129.jpg,Wedding Dinner at Schweiserhof,Lucerne%2C%20SWITZERLAND,n%2Fa,1897,0,,
4000004136.jpg,Banquet at National Democratic Club Of St. Louis,St.%20Louis%2C%20MO,Missouri,1897,2,,
4000004142.jpg,Grand Testimonial Banquet to Mr. Robert Fitzsimmons by his New York Friends and Admirers,New%20York%2C%20NY,New%20York,1897,0,,
4000004148.jpg,Annual 'Fines' Dinner at Union League Club,New%20York%2C%20NY,New%20York,1897,2,,
4000004153.jpg,Farewell Dinner for Gen. Horace Porter at Delmonico's,New%20York%2C%20NY,New%20York,1897,0,delmonicos,
4000004160.jpg,DINNER at Russell House,Detroit%2C%20MI,Michigan,1897,0,,
4000004180.jpg,HUGUENOT SOCIETY OF AMERICA DINNER at DELMONICO'S,New%20York%2C%20NY,New%20York,1897,2,delmonicos,
4000004188.jpg,Quill And Dagger Club Dinner Menu,Ithaca%2C%20NY,New%20York,1897,2,,
4000004197.jpg,Dinner honoring Gen. Horace Porter at Union League Club,New%20York%2C%20NY,New%20York,1897,0,delmonicos,
4000004235.jpg,Farewell Banquet at Hotel Cecil,London%2C%20ENGLAND,n%2Fa,1897,2,,
4000004242.jpg,Dinner Menu on the Ostend-Wien-Express,Luxuszug%20Railroad,n%2Fa,1897,1,,
4000004253.jpg,LUNCH menu for 18th Annual Convention at SAMOSET HOUSE,Plymouth%2C%20MA,Massachusetts,1897,2,,
4000004288.jpg,Lunch for Diamond Jubilee of Queen Victoria,Spithead%2C%20ENGLAND,n%2Fa,1897,2,,
4000004291.jpg,20th Anniversary Dinner at Parker's,,n%2Fa,1897,2,,
4000004298.jpg,Dinner Menu at ALLEGEMEINE CARTENBAU-AUSSTELLUNG,Hamburg%2C%20GERMANY,n%2Fa,1897,0,,
4000004303.jpg,DINNER at THE HOLLENDEN,Cleveland%2C%20OH,Ohio,1897,0,,
4000004309.jpg,259th Anniversary Celebration Menu,Boston%2C%20MA,Massachusetts,1897,2,,
4000004314.jpg,Faculty Banquet to the Class of '97 at Hotel Bellevue,Philadelphia%2C%20PA,Pennsylvania,1897,2,,
4000004332.jpg,DINNER IN RENAISSANCE SALOON,London%2C%20ENGLAND,n%2Fa,1897,2,,
4000004340.jpg,Dinner on the Hamburg-Amerika Line,Hamburg%2C%20Germany,n%2Fa,1897,1,,
4000004346.jpg,Dinner Menu on Hamburg-Amerika Line's Auguste Victoria,Hamburg,n%2Fa,1897,1,,
4000004350.jpg,Dinner Menu at Hotel Vendome And Profile House,Boston%2C%20MA,Massachusetts,1897,0,,
4000004353.jpg,Dinner at Santa Giertrudz Gille Schwa,Stockholm%2C%20SWEDEN,n%2Fa,1897,0,,
4000004357.jpg,Anniversary Dinner at Detroit Club,Detroit%2C%20MI,Michigan,1897,2,,
4000004361.jpg,Dinner Menu at Profile House And Hotel Vendome,White%20Mountains%2C%20NH,New%20Hampshire,1897,0,,
4000004363.jpg,Dinner at Hotel Lafayette,Minnetonka%20Beach%2C%20MN,Minnesota,1897,0,,
4000004377.jpg,260th Fall Field Day Menu,Buffalo%2C%20NY,New%20York,1897,2,,
4000004379.jpg,DINNER & SOIREE MUSICALE,New%20York%2C%20NY,New%20York,1897,2,,
4000004394.jpg,Dining Car Service Dinner Menu,,n%2Fa,1897,1,,
4000004400.jpg,Complimentary/Testimonial Event Menu,Philadelphia%2C%20PA,Pennsylvania,1897,0,,
4000004412.jpg,Diner at Waldorf Astoria,New%20York%2C%20NY,New%20York,1897,0,waldorf,
4000004416.jpg,NATIONAL HARDWARE ASSOCIATION BANQUET at HOTEL IROQUOIS,Buffalo%2C%20NY,New%20York,1897,0,,
4000004424.jpg,St. Andrews Society of the State of New York Banquet at Delmonico's,New%20York%2C%20NY,New%20York,1897,2,delmonicos,
4000004427.jpg,"Banquet for R.M. Littler at Marble Salon, Grand Hotel",London%2C%20England,n%2Fa,1897,0,,
4000004430.jpg,Episcopalian Club Dinner Menu,Boston%2C%20MA,Massachusetts,1897,2,,
4000004434.jpg,23rd Anniversary Dinner,Philadelphia%2C%20PA,Pennsylvania,1897,0,,
4000004437.jpg,Dinner at St. Martin's Lodge No.2455,London%2C%20England,n%2Fa,1897,0,,
4000004443.jpg,Thanksgiving Dinner at Hotel Alcazar,St.%20Augustine%2C%20FL,Florida,1897,2,,
4000004446.jpg,Thanksgiving Dinner at Hotel Windermere,Chicago%2C%20IL,Illinois,1897,2,,
4000004450.jpg,Anniversary Dinner at Albany Club,Albany%2C%20NY,New%20York,1897,0,,
4000004456.jpg,25th Anniversary Menu at New York Press Club,New%20York%2C%20NY,New%20York,1897,0,waldorf,
4000004463.jpg,Sons Of Delaware Annual Banquet Menu,Philadelphia%2C%20PA,Pennsylvania,1897,2,,
4000004478.jpg,Dinner Given to Friends at New York Club,New%20York%2C%20NY,New%20York,1897,2,,
4000004494.jpg,Testimonial & Reception in Honor of 25th Anniversary of George F. Lyon in Journalism,New%20York%2C%20NY,New%20York,1897,2,,
4000004506.jpg,17th Annual Festival Menu,Philadelphia%2C%20PA,Pennsylvania,1897,2,,
4000004513.jpg,Christmas Night Dinner and Program at Hotel Alcazar,St.%20Augustine%2C%20FL,Florida,1897,2,,
4000004519.jpg,Dinner Menu at Buffalo Club,Buffalo%2C%20NY,New%20York,1897,0,,
4000004524.jpg,"Dinner Honoring Isaac N. Solis, Henry Green, John Dean",Philadelphia%2C%20PA,Pennsylvania,1897,0,,
4000004532.jpg,Dinner Menu at Planters Hotel,St.%20Louis%2C%20MO,Missouri,1897,0,,
4000004537.jpg,Christmas Dinner at Lakota Hotel,Chicago%2C%20IL,Illinois,1897,2,,
4000004543.jpg,Convention Menu at Delmonico's,New%20York%2C%20NY,New%20York,1897,2,delmonicos,
4000004557.jpg,Semi-Centennial Anniversary Celebration Menu,Philadelphia%2C%20PA,Pennsylvania,1898,2,,
4000004570.jpg,Sixth Annual Banquet at Park Hotel,Williamsport%2C%20PA,Pennsylvania,1898,2,,
4000004575.jpg,128th Anniversary Dinner at Davidson's Rest.,New%20York%2C%20NY,New%20York,1898,2,,
4000004578.jpg,Annual Dinner Menu at DELMONICO'S,New%20York%2C%20NY,New%20York,1898,2,delmonicos,
4000004584.jpg,31st Anniversary Celebration Menu,Saint%20Paul%2C%20MN,Minnesota,1898,2,,
4000004592.jpg,19th Annual Banquet Menu at DELMONICO'S,New%20York%2C%20NY,New%20York,1898,2,delmonicos,
4000004610.jpg,Amherst Alumni Dinner at Delmonico's,New%20York%2C%20NY,New%20York,1898,2,delmonicos,
4000004613.jpg,Central Railway Club Smoker at Hotel Iroquois,Buffalo%2C%20NY,New%20York,1898,2,,
4000004616.jpg,34th Annual Dinner at Delmonico's,New%20York%2C%20NY,New%20York,1898,2,delmonicos,
4000004621.jpg,Dinner for Monsieur Jules Cambon at Delmonico's,New%20York%2C%20NY,New%20York,1898,2,delmonicos,
4000004625.jpg,15th Burns Anniversary Menu,Springfield,n%2Fa,1898,2,,
4000004633.jpg,Diner at Le Prince Regent Luitpold,Munich%2C%20GERMANY,n%2Fa,1898,0,,
4000004637.jpg,DINNER TO THE FRANKLIN DINNER COMMITTEE at THE ARENA,,n%2Fa,1898,2,,
4000004666.jpg,Annual Dinner Menu at Delmonico's NY,New%20York%2C%20NY,New%20York,1898,0,delmonicos,
4000004675.jpg,Princeton Alumni Association of Philadelphia Annual Dinner,Philadelphia%2C%20PA,Pennsylvania,1898,2,,
4000004684.jpg,Dinner for Henry Drinker Riley's Ushers,Philadelphia%2C%20PA,Pennsylvania,1898,0,,
4000004688.jpg,Dinner at Burnet House,Cincinnati%2C%20OH,Ohio,1898,0,,
4000004697.jpg,11th Annual Dinner at Windsor Hotel,New%20York%2C%20NY,New%20York,1898,2,,
4000004702.jpg,Yale Alumni Association Dinner at Sherry's,New%20York%2C%20NY,New%20York,1898,0,,
4000004709.jpg,Wedding Dinner at Delmonico's,New%20York%2C%20NY,New%20York,1898,2,delmonicos,
4000004718.jpg,Annual Dinner Menu at Delmonico's NY,New%20York%2C%20NY,New%20York,1898,0,delmonicos,
4000004726.jpg,14th Annual Dinner at St. James Hotel,Baltimore%2C%20MD,Maryland,1898,0,,
4000004729.jpg,Dinner at Carlton Club,Brooklyn%2C%20NY,New%20York,1898,0,,
4000004742.jpg,12th Annual Dinner Menu by New York Southern Society,New%20York%2C%20NY,New%20York,1898,2,,
4000004757.jpg,Patriotic Holiday Dinner,Miami%2C%20FL,Florida,1898,2,,
4000004765.jpg,115th Annual Dinner Menu at Hotel Bellevue,,n%2Fa,1898,0,,
4000004775.jpg,2nd Annual Dinner Commemorating the First Centennial of Rockland County,Nyack%2C%20New%20York,New%20York,1898,2,,
4000004789.jpg,BANQUET IN COMMEMORATION OF WASHINGTON'S BIRTHDAY,New%20York%2C%20NY,New%20York,1898,2,delmonicos,
4000004794.jpg,Complimentary/Testimonial Menu,Dallas%2C%20TX,Texas,1898,0,,
4000004800.jpg,63rd Annual Dinner Menu,New%20York%2C%20NY,New%20York,1898,2,,
4000004819.jpg,"ANNUAL RE-UNION DINNER, DISTRICT 11 at ST. DENIS HOTEL",Beta%20Theta%20Pi,n%2Fa,1898,2,,
4000004826.jpg,Scientific Alliance Of New York Dinner at Savoy Hotel,New%20York%2C%20NY,New%20York,1898,0,,
4000004835.jpg,BANQUET at STAR THEATRE ASSEMBLY ROOM,East%20Jersey%2C%20NJ,New%20Jersey,1898,2,,
4000004840.jpg,SIXTEENTH ANNUAL DINNER OF NEW YORK ASSN OF ALUMNI,New%20York%2C%20NY,New%20York,1898,2,,
4000004852.jpg,New England Delegation Dinner at Chicago Beach Hotel,Chicago%2C%20IL,Illinois,1898,2,,
4000004855.jpg,Sixth Annual Banquet at Hotel Iroquois,Buffalo%2C%20NY,New%20York,1898,2,,
4000004860.jpg,Ninth Annual Dinner at Delmonico's,New%20York%2C%20NY,New%20York,1898,2,delmonicos,
4000004863.jpg,Ninth Annual Meeting and Banquet Menu,Hornellsville%2C%20NY,New%20York,1898,2,,
4000004869.jpg,FOURTH ANNUAL CONVENTION MENU,Brooklyn%2C%20NY,New%20York,1898,2,,
4000004877.jpg,Fifty Third Anniversary Menu,,n%2Fa,1898,2,,
4000004884.jpg,Easter Dinner at Osborne House,Hornellsville%2C%20NY,New%20York,1898,2,,
4000004894.jpg,Huguenot Society of America Anniversary Dinner at Delmonico's NY,New%20York%2C%20NY,New%20York,1898,2,delmonicos,
4000004912.jpg,"Dinner Tendered to R.W. Walter F. Sykes, D.DGM at Aurora Grata Club",Brooklyn%2C%20NY,New%20York,1898,2,,
4000004924.jpg,Daily Menu at Claremont Hotel,New%20York%2C%20NY,New%20York,1898,0,,
4000004931.jpg,4th Annual Dinner at Morris County Golf Club House,Morris%20County%2C%20New%20Jersey,New%20Jersey,1898,2,,
4000004936.jpg,THIRTY-SECOND ANNIVERSARY Menu at DELMONICO'S,New%20York%2C%20NY,New%20York,1898,2,delmonicos,
4000004940.jpg,Complimentary Dinner at Zagheri Restaurant,New%20York%2C%20NY,New%20York,1898,0,,
4000004960.jpg,Dinner at Windsor Hotel,New%20York%2C%20NY,New%20York,1898,0,,
4000004963.jpg,Anniversary Dinner at Pioneer Sons And Daughters Of Chicago,Chicago%2C%20IL,Illinois,1898,2,,
4000004969.jpg,Testimonial Dinner at Julius Hartmann's,Manhattan%2C%20NY,New%20York,1898,2,,
4000004972.jpg,Eighth Annual Banquet Menu,New%20York%2C%20NY,New%20York,1898,2,,
4000004976.jpg,Fauste Nozze Della Caro Figlia Colomba Rosa Col Sig. Luigi Profumo,New%20York%2C%20NY,New%20York,1898,2,,
4000004978.jpg,Anglo-American Banquet at Cecil Hotel,London%2C%20ENGLAND,n%2Fa,1898,2,,
4000004982.jpg,260th Anniversary Celebration Menu,Boston%2C%20MA,Massachusetts,1898,2,,
4000004984.jpg,NEW ORLEANS LAW ASSOCIATION ANNUAL DINNER,New%20Orleans%2C%20LA,Louisiana,1898,0,,
4000004989.jpg,XIII CLUB 165TH REGULAR DINNER,New%20York%2C%20NY,New%20York,1898,2,,
4000004995.jpg,Palestine Temple A.A.O.N.M.S. Banquet Menu,Newport%2C%20RI,Rhode%20Island,1898,2,,
4000004999.jpg,Delmonico's Dinner Menu,New%20York%2C%20NY,New%20York,1898,0,delmonicos,
4000005002.jpg,Dinner Menu at Steamship Northwest,,n%2Fa,1898,1,,
4000005011.jpg,Fourth of July Dinner at Hotel Schenley,Pittsburgh%2C%20PA,Pennsylvania,1898,2,,
4000005017.jpg,Fourth of July Dinner at Ebbitt House,Washington%2C%20DC,Washington%2C%20D.C.,1898,2,,
4000005024.jpg,Breakfast Menu on Steamship North West,,n%2Fa,1898,1,,
4000005030.jpg,Dinner Menu at Steamship North West,,n%2Fa,1898,1,,
4000005042.jpg,BANQUET FOR LIEUT.-COL. FRANCIS G. WARD OF 202 USV at HOTEL IROQUOIS,Buffalo%2C%20N.Y.,New%20York,1898,2,,
4000005049.jpg,Dinner at Manhattan Beach Hotel,Manhattan%20Beach%2C%20NY,New%20York,1898,0,,
4000005053.jpg,Anniversary Dinner for New York State Stenographers' Association,Averill%20Park%2C%20NY,New%20York,1898,2,,
4000005063.jpg,Dinner Menu at Pilgrim Hotel,Plymouth%2C%20MA,Massachusetts,1898,0,,
4000005067.jpg,Souvenir Menu,Montreal%2C%20CANADA,n%2Fa,1898,0,,
4000005069.jpg,"Complimentary Dinner for Anthony Fiala of Troop 'C,' U.S.V.",Brooklyn%2C%20NY,New%20York,1898,2,,
4000005073.jpg,Dinner Menu for Poland Spring House,Poland%2C%20ME,Maine,1898,0,,
4000005076.jpg,Royal Order of Scotland Annual Dinner at Grand Hotel,CINCINNATI%2C%20OH,n%2Fa,1898,0,,
4000005079.jpg,"Dinner in Honor of Members of Supreme Council 33, Ancient Accepted Scottish Rite & Accompanying Ladies",Cincinnati%2C%20OH,Ohio,1898,0,,
4000005084.jpg,Anniversary Banquet Menu,Lake%20Placid%2C%20NY,New%20York,1898,2,,
4000005091.jpg,Inauguration Dinner for Mr. Alderman Alliston & Lieut. Col. Clifford Probyn,London%2C%20ENGLAND,n%2Fa,1898,2,,
4000005105.jpg,Dinner Menu at Profile House,White%20Mountains%2C%20NH,New%20Hampshire,1898,0,,
4000005110.jpg,261st Fall Field Day Menu,Quebec%20City%2C%20QC,n%2Fa,1898,2,,
4000005114.jpg,Dinner Event at Bushwick Club,Brooklyn%2C%20NY,New%20York,1898,0,,
4000005125.jpg,Dinner to Soldiers and Sailors of the Spanish American War at Hotel Savoy,New%20York%2C%20NY,New%20York,1898,2,,
4000005146.jpg,Supper for American Warehousemens' Association,New%20York%2C%20NY,New%20York,1898,2,,
4000005156.jpg,Farewell Banquet to the Earl of Aberdeen at The Russell,Ottawa%2C%20CANADA,n%2Fa,1898,2,,
4000005164.jpg,Banquet in Honor of Mr. Henry Reynolds Hatch at Stillman Hotel,Cleveland%2C%20OH,Ohio,1898,2,,
4000005166.jpg,8th Annual Dinner at Place Viger Hotel,Montreal%2C%20Quebec%2C%20Canada,n%2Fa,1898,2,,
4000005172.jpg,Dinner to Philippe Hebert [Sculpteur] on his departure to Europe,Montreal%2C%20QC,n%2Fa,1898,2,,
4000005178.jpg,2nd Annual Dinner at THOMAS HUNTER ASSOCIATION OF GRAMMAR SCHOOL NO. 35,New%20York%2C%20NY,New%20York,1898,2,,
4000005192.jpg,Peace Jubilee Menu at The Bellevue,Philadelphia%2C%20PA,Pennsylvania,1898,2,,
4000005198.jpg,Banquet in Honor of Dr. Heber Jones' Friends and Board of Health Members,Memphis%2C%20TN,Tennessee,1898,2,,
4000005201.jpg,Sixth Annual Banquet Menu,Massachusetts%20Hotel%20Association,Massachusetts,1898,0,,
4000005213.jpg,One Hundredth Anniversary Celebration Menu,West%20Winsted%2C%20CT,Connecticut,1898,2,,
4000005218.jpg,Anniversary Dinner at Society Of Mayflower Descendents,New%20York%2C%20NY,New%20York,1898,2,waldorf,
4000005233.jpg,Thanksgiving Day Dinner at Southern Hotel,Chattanooga%2C%20TENN.,Tennessee,1898,2,,
4000005236.jpg,Thanksgiving Day Dinner at St. George Hotel,Brooklyn%2C%20NY,New%20York,1898,2,,
4000005242.jpg,Thanksgiving Day Dinner at Duncan Hotel,Nashville%2C%20TN,Tennessee,1898,2,,
4000005252.jpg,Thanksgiving Day Dinner at Great Southern Fireproof Hotel,Columbus%2C%20OHIO,Ohio,1898,2,,
4000005267.jpg,Thanksgiving Day Dinner at Summit House,Creston%2C%20IOWA,Iowa,1898,2,,
4000005271.jpg,Thanksgiving Day Dinner at Logan House,Altoona%2C%20PA,Pennsylvania,1898,2,,
4000005274.jpg,Thanksgiving Day Dinner at Wyoming Valley Hotel,Wilkes-Barre%2C%20PA,Pennsylvania,1898,2,,
4000005280.jpg,Thanksgiving Day Dinner at City Hotel,Worcester%2C%20MASS,Massachusetts,1898,2,,
4000005289.jpg,Dinner honoring Rt. Rev. Henry C. Potter at Union League Club,New%20York%2C%20NY,New%20York,1898,2,,
4000005292.jpg,Albany Zouave Cadets - Old Guard Dinner at Albany Club,Albany%2C%20NY,New%20York,1898,0,,
4000005310.jpg,Special Anniversary Dinner at Gridiron Club,Washington%2C%20DC,Washington%2C%20D.C.,1898,2,,
4000005321.jpg,Annual Dinner Menu at National Bank Of Germantown,Germantown%2C%20PA,Pennsylvania,1898,0,,
4000005330.jpg,Banquet in Honor of Ferdinand W. Peck,Chicago%2C%20IL,Illinois,1898,0,,
4000005343.jpg,Grand Jury September Term Dinner at Hotel Washington,Jersey%20City%2C%20NJ,New%20Jersey,1898,0,,
4000005346.jpg,Dinner at Sherry's,New%20York%2C%20NY,New%20York,1898,0,,
4000005350.jpg,Banquet in Honor of Rear Admiral Winfield Scott Schlet and Commander Washburn Maynard,Nashville%2C%20TN,Tennessee,1898,2,,
4000005354.jpg,Dinner Commemorative of the Commencement of the American Army at Valley Forge,Philadelphia%2C%20PA,Pennsylvania,1898,2,,
4000005361.jpg,Dinner at The Shoreham,Washington%2C%20D.C.,Washington%2C%20D.C.,1898,0,,
4000005372.jpg,Christmas Dinner at D'Angleterre Hotel,Biarritz%2C%20FRANCE,n%2Fa,1898,2,,
4000005376.jpg,Christmas Dinner at Logan House,Altoona%2C%20PA,Pennsylvania,1898,2,,
4000005381.jpg,30th Christmas Dinner at Falmouth Hotel,Portland%2C%20ME,Maine,1898,2,,
4000005388.jpg,Christmas Dinner at Majestic Hotel,New%20York%2C%20NY,New%20York,1898,2,,
4000005396.jpg,Christmas Dinner at Hotel Alcazar,St.%20Augustine%2C%20FL,Florida,1898,2,,
4000005407.jpg,Christmas Dinner at Battery Park Hotel,Ashville%2C%20NC,North%20Carolina,1898,2,,
4000005414.jpg,Christmas Dinner at Hotel Windermere,Chicago%2C%20IL,Illinois,1898,2,,
4000005416.jpg,Christmas Dinner at Hotel Metropole,Fargo%2C%20ND,North%20Dakota,1898,2,,
4000005426.jpg,Dinner Given To Themselves at Union League Club,Committee%20On%20Political%20Reform,n%2Fa,1899,2,,
4000005435.jpg,DINNER TO GOVERNOR HASTINGS at THE BELLEVUE,Philadelphia%2C%20PA,Pennsylvania,1899,2,,
4000005442.jpg,"Dinner in Honor of Rear Admiral William T. Sampson, US Navy",New%20York%2C%20NY,New%20York,1899,0,,
4000005449.jpg,Opening of the Hotel Menu,Frankfurt%2C%20GERMANY,n%2Fa,1899,0,,
4000005454.jpg,1ST ANNUAL DINNER at LOGAN HOUSE,Altoona%2C%20PA,Pennsylvania,1899,2,,
4000005465.jpg,HOLLAND SOCIETY OF NEW YORK 14NTH ANNUAL DINNER,New%20York%2C%20NY,New%20York,1899,2,,
4000005471.jpg,Cafeteria Saturday Lunch Menu,New%20York%2C%20NY,New%20York,1899,0,,
4000005477.jpg,Annual Dinner Menu at Savoy Hotel,London%2C%20England,n%2Fa,1899,0,,
4000005484.jpg,Dinner in Honor of Hon. J.I. Clarke Hare at Hare Law Club,Bellevue%2C%20Washington,Washington,1899,2,,
4000005495.jpg,SEVENTH ANNUAL DINNER at DELMONICO'S,New%20York%2C%20NY,New%20York,1899,2,delmonicos,
4000005501.jpg,Dinner at Bellevue hosted by Psi Upsilon Of Philadelphia,Philadelphia%2C%20PA,Pennsylvania,1899,2,,
4000005512.jpg,Banquet Menu for Hardware Merchants Association of Philadelphia,Philadelphia%2C%20PA,Pennsylvania,1899,2,,
4000005523.jpg,Banquet Menu for Bankers' Association Event,Dallas%2C%20TEXAS,Texas,1899,2,,
4000005531.jpg,Ninth Annual Banquet at Windsor Hotel,New%20York%2C%20NY,New%20York,1899,2,,
4000005554.jpg,Sheriff's Jury Second Panel Dinner at Delmonico's,New%20York%2C%20NY,New%20York,1899,2,delmonicos,
4000005584.jpg,CONVENTION OF SUPERINTENDENTS at DELMONICO'S,New%20York%2C%20NY,New%20York,1899,2,delmonicos,
4000005589.jpg,Third Annual Dinner at Penataquit Corinthian Yacht Club,Manhattan%2C%20NY,New%20York,1899,2,,
4000005591.jpg,First Meeting and Banquet Menu at New York Press Club,New%20York%2C%20NY,New%20York,1899,2,,
4000005596.jpg,THIRD ANNUAL BANQUET at HOTEL MANHATTAN,New%20York%2C%20NY,New%20York,1899,2,,
4000005600.jpg,Second Annual Breakfast at Hotel Manhattan,New%20York%2C%20NY,New%20York,1899,2,,
4000005613.jpg,National Guard Convention Anniversary Menu,Tampa%2C%20FL,Florida,1899,2,,
4000005621.jpg,Lumber Dealers Association of Connecticut Annual Dinner at New Tontine Hotel,New%20Haven%2C%20CT,Connecticut,1899,2,,
4000005627.jpg,Second Triennial Congress Commemorative Menu,Philadelphia%2C%20PA,Pennsylvania,1899,2,,
4000005632.jpg,Nineteenth Annual Dinner at Cornell University Alumni,New%20York%2C%20NY,New%20York,1899,2,waldorf,
4000005638.jpg,31st Annual Dinner at Hotel Bellevue,Philadelphia%2C%20PA,Pennsylvania,1899,2,,
4000005672.jpg,Dinner in Honor of Pres. McKinley & Members of the Cabinet,Boston%2C%20MA,Massachusetts,1899,2,,
4000005681.jpg,THIRD ANNUAL DINNER,Board%20Of%20Trade,n%2Fa,1899,2,,
4000005687.jpg,12th Annual Dinner at ST. DENIS HOTEL,New%20York%2C%20NY,New%20York,1899,2,,
4000005691.jpg,20th Anniversary Dinner,Brooklyn%2C%20NY,New%20York,1899,2,,
4000005697.jpg,Cigar Manufacturers Annual Dinner Menu,New%20York%2C%20NY,New%20York,1899,2,delmonicos,
4000005728.jpg,Annual Dinner at Chancellor Walworth Lodge No.271 And A.M.,New%20York%2C%20NY,New%20York,1899,0,,
4000005742.jpg,Prohibitionists of Greater New York Banquet at Grand Central Palace,New%20York%2C%20NY,New%20York,1899,2,,
4000005755.jpg,NEW YORK SOUTHERN SOCIETY DINNER at HOTEL SAVOY,New%20York%2C%20NY,New%20York,1899,2,,
4000005770.jpg,Hotel Dennis Dinner Menu,Atlantic%20City%2C%20NJ,New%20Jersey,1899,0,,
4000005775.jpg,Banquet Menu at City Hotel,Taunton%2C%20Massachusetts,Massachusetts,1899,2,,
4000005781.jpg,Patriotic Holiday Dinner at Hotel Ponce De Leon,St.%20Augustine%2C%20FL,Florida,1899,2,,
4000005787.jpg,"Dinner for Rear Admiral Lord Charles Beresford, R.N.C.B.M.P. at Delmonico's",New%20York%2C%20NY,New%20York,1899,2,delmonicos,
4000005803.jpg,Lunch Menu at Arkwright Club,New%20York%2C%20NY,New%20York,1899,0,,
4000005806.jpg,Gran Banchetto D'Onore al Presidente Sig. Vito Contessa,New%20York%2C%20NY,New%20York,1899,2,,
4000005810.jpg,Festessen zu Ehren des 70. Geburtstages von Carl Schurz,New%20York%2C%20NY,New%20York,1899,2,,
4000005824.jpg,Supper for Mr. Louis James & Mr. Frederick Warde,Portland%2C%20OR,Oregon,1899,2,,
4000005835.jpg,Banquet honoring Under Sheriff Henry P. Mulvany,New%20York%2C%20NY,New%20York,1899,2,,
4000005851.jpg,Anniversary Special Menu,Palmengarten%2C%20Germany,n%2Fa,1899,2,,
4000005875.jpg,31st Annual Banquet Menu,Cincinnati%2C%20OH,Ohio,1899,2,,
4000005886.jpg,"Dinner honoring Dr. L.W. Read, Surgeon General of the State of Pennsylvania",Philadelphia%2C%20PA,Pennsylvania,1899,2,,
4000005889.jpg,"Dinner to Hon. Ethan Allen Hitchcock, Secretary of the Interior",St.%20Louis%2C%20MISSOURI,MISSOURI,1899,0,,
4000005900.jpg,3rd Annual Banquet at Arcanum Hall,Elizabeth%2C%20NJ,New%20Jersey,1899,2,,
4000005914.jpg,Dinner to Honourable John B. McPherson at Harrisburg Club,Harrisburg%2C%20PA,Pennsylvania,1899,2,,
4000005927.jpg,Easter Sunday Dinner at A. Luchow's Restaurant,New%20York%2C%20NY,New%20York,1899,2,,
4000005933.jpg,Easter Sunday Dinner at New Tifft House,Buffalo%2C%20NY,New%20York,1899,2,,
4000005938.jpg,Easter Sunday Luncheon at Dennis Hotel,Atlantic%20City%2C%20NJ,New%20Jersey,1899,2,,
4000005947.jpg,Easter Sunday Dinner at Bingham House,Philadelphia%2C%20PA,Pennsylvania,1899,2,,
4000005962.jpg,Easter Sunday Lunch at Princess Hotel,Hamilton%2C%20BERMUDA,n%2Fa,1899,2,,
4000005967.jpg,Banquet in Celebration of 100th Anniversary of Founding,New%20York%2C%20NY,New%20York,1899,2,,
4000005975.jpg,Banquet Menu at Chapters Of First District In Council,Harrisburg%2C%20PA,Pennsylvania,1899,2,,
4000006001.jpg,Banquet on 34th Anniversary of Appomattox Day,Chicago%2C%20IL,Illinois,1899,2,,
4000006014.jpg,Ninth Annual Dinner at Providence Athletic Association,Providence%2C%20Rhode%20Island,Rhode%20Island,1899,2,,
4000006040.jpg,Grand Hotel Dinner Menu,Rome%2C%20Italy,n%2Fa,1899,0,,
4000006043.jpg,Phi Alpha Sigma Fraternity Annual Dinner at Hotel Manhattan,New%20York%2C%20NY,New%20York,1899,2,,
4000006050.jpg,Seventeenth Annual Dinner of the New York Association of Alumni,New%20York%2C%20NY,New%20York,1899,2,,
4000006075.jpg,"Dinner honoring R I John R. Gardner, Grand Marshal",Albany%2C%20NY,New%20York,1899,2,,
4000006079.jpg,32nd Annual Dinner at Delmonico's,New%20York%2C%20NY,New%20York,1899,2,delmonicos,
4000006083.jpg,Centennial Anniversary Dinner at Jerusalem Chapter No 8 R.A.M.,New%20York%2C%20NY,New%20York,1899,2,,
4000006092.jpg,American Antiquarian Society Dinner at Parker House,Worcester%2C%20MA,Massachusetts,1899,2,,
4000006097.jpg,Annual Grant Night Dinner at Middlesex Club,Boston%2C%20MA,Massachusetts,1899,2,,
4000006101.jpg,Ninth Annual Dinner at Waldorf Astoria,New%20York%2C%20NY,New%20York,1899,0,waldorf,
4000006105.jpg,Banquet in Celebration of Washington's First Inauguration,New%20Haven%2C%20CT,Connecticut,1899,2,,
4000006107.jpg,Dewey Day Dinner at Hotel Vendome,New%20York%2C%20NY,New%20York,1899,2,,
4000006115.jpg,Annual Dinner Menu at Philolexian Society Of Columbia University,New%20York%2C%20NY,New%20York,1899,2,,
4000006121.jpg,17th Annual Dinner at Delmonico's NY,New%20York%2C%20NY,New%20York,1899,2,delmonicos,
4000006125.jpg,Arbor Day Dinner at Metropole Hotel,Fargo%2C%20NORTH%20DAKOTA,North%20Dakota,1899,2,,
4000006128.jpg,10th Anniversary Dinner at The Colonial Club,New%20York%2C%20NY,New%20York,1899,0,,
4000006137.jpg,116th Anniversary Annual Dinner Menu,New%20York%2C%20NY,New%20York,1899,2,,
4000006149.jpg,Informal Dinner at St. Denis Hotel,New%20York%2C%20NY,New%20York,1899,0,,
4000006156.jpg,Kentucky Chapter Richmond College Alumni Banquet Dinner,Louisville%2C%20KENTUCKY,Kentucky,1899,2,,
4000006158.jpg,Louisiana Bar Association Annual Dinner Menu,New%20Orleans%2C%20LA,Louisiana,1899,2,,
4000006162.jpg,10th Anniversary Dinner at Midwood Club Of Flatbush,New%20York%2C%20NY,New%20York,1899,2,,
4000006169.jpg,Dinner in Honor of the Hotel Men's Benefit Association,Washington%2C%20DC,Washington%2C%20D.C.,1899,2,,
4000006173.jpg,DINNER at Eroffnungs Heier  Der Bergfahrt In Tirol,Hamburg%2C%20GERMANY,n%2Fa,1899,0,,
4000006179.jpg,Luncheon at Hotel Men's Mutual Benefit Association,Chicago%2C%20IL,Illinois,1899,2,,
4000006182.jpg,Anniversary Luncheon at Hotel Men's Mutual Benefit Association,Chicago%2C%20IL,Illinois,1899,2,,
4000006186.jpg,Anniversary Collation at Great Northern Hotel,Chicago%2C%20IL,Illinois,1899,2,,
4000006193.jpg,FIFTH ANNUAL REUNION MENU,Brooklyn%2C%20NY,New%20York,1899,2,,
4000006195.jpg,Buffet Train Lunch,Chicago%2C%20IL,Illinois,1899,0,,
4000006197.jpg,Annual Dinner Menu at University Club,New%20York%2C%20NY,New%20York,1899,2,,
4000006204.jpg,Daily Bill of Fare at Raimondo Braguglia's Cafe & Restaurant,,n%2Fa,1899,0,,
4000006208.jpg,Luncheon in Honor of Mrs. Manning,Albany%2C%20NY,New%20York,1899,2,,
4000006210.jpg,National Architectural Clubs Convention Menu,Cleveland%2C%20OH,Ohio,1899,2,,
4000006214.jpg,20th Annual Dinner at S.O.T.Q. Bowling Club,Manhattan%2C%20NY,New%20York,1899,2,,
4000006218.jpg,1st Annual Banquet Menu,New%20York%2C%20NY,New%20York,1899,2,,
4000006222.jpg,Annual Dinner at Wilson College Alumnae,,n%2Fa,1899,2,,
4000006232.jpg,Beta Pi Annual Dinner Menu,Brooklyn%2C%20NY,New%20York,1899,2,,
4000006237.jpg,Wedding Dinner Menu at Colombo Hotel,New%20York%2C%20NY,New%20York,1899,2,,
4000006242.jpg,Reunion Dinner for Class of 1897,,n%2Fa,1899,2,,
4000006251.jpg,175th Regular & Annual Ladies Roof Garden Dinner,New%20York%2C%20NY,New%20York,1899,2,,
4000006256.jpg,Bachelor Party Dinner at Brooklyn Germania,Brooklyn%2C%20New%20York,New%20York,1899,2,,
4000006260.jpg,2nd Annual Initiation Banquet,,n%2Fa,1899,2,,
4000006271.jpg,Annual Dinner Menu at Grand Hotel,Melbourne%2C%20VIC,n%2Fa,1899,2,,
4000006274.jpg,53rd Annual Regatta Menu,New%20York%2C%20NY,New%20York,1899,2,,
4000006277.jpg,Dinner Menu on Hamburg-America Line's En-Route Express-Steamer Furst Bismarck,Hamburg%2C%20Germany,n%2Fa,1899,1,,
4000006291.jpg,Fourth of July Dinner at Hotel Kenmore,Far%20Rockaway%2C%20NY,New%20York,1899,2,,
4000006294.jpg,Fourth of July Dinner at Logan House,Altoona%2C%20PA,Pennsylvania,1899,2,,
4000006300.jpg,Fourth of July Dinner at New Gladstone,Narragansett%20Pier%2C%20RI,Rhode%20Island,1899,2,,
4000006307.jpg,Dinner Menu at Chicago Athletic Association,Chicago%2C%20IL,Illinois,1899,0,,
4000006320.jpg,3rd Annual Convention Menu,Put-In-Bay%2C%20OH,Ohio,1899,2,,
4000006322.jpg,Dinner in Honor of Hakan Johansen,Nordstjernan,n%2Fa,1899,0,,
4000006335.jpg,Hotel Victory Dinner Menu,Put-in-Bay%2C%20OH,Ohio,1899,0,,
4000006345.jpg,Dinner Menu on Hamburg-America Linie's Postdamper Waldersee,Hamburg%2C%20Germany,n%2Fa,1899,1,,
4000006353.jpg,Dinner for Rafael Peon Y Loza's Friends at Waldorf-Astoria,New%20York%2C%20NY,New%20York,1899,0,waldorf,
4000006355.jpg,Dinner honoring Miss Helen Merrill at Grand Hotel,Melbourne%2C%20VIC,n%2Fa,1899,2,,
4000006367.jpg,Dinner Menu on Express-Steamer Auguste Victoria,Hamburg%2C%20Germany,n%2Fa,1899,1,,
4000006373.jpg,Dinner Menu at Profile House and Hotel Vendome,Boston%2C%20MA,Massachusetts,1899,0,,
4000006381.jpg,Banquet Menu at Warner Hall,New%20Haven%2C%20CT,Connecticut,1899,2,,
4000006386.jpg,Sunday Dinner at Poland Spring House,Poland%2C%20ME,Maine,1899,0,,
4000006390.jpg,Dinner to the Agents of the Frank Jones Brewing Co.,Portsmouth%2C%20NH,New%20Hampshire,1899,2,,
4000006397.jpg,Dinner at Albemarle Hotel,New%20York%2C%20NY,New%20York,1899,0,,
4000006410.jpg,LUNCH - AMERICA'S CUP RACES at New York Yacht Club,New%20York%2C%20NY,New%20York,1899,1,,
4000006418.jpg,23rd Annual Meeting Menu,Chicago%2C%20IL,Illinois,1899,2,,
4000006432.jpg,Dinner at Railroad Friends Of J.C.Woodworth,Portland%2C%20Oregon,Oregon,1899,1,,
4000006436.jpg,Dinner at Fifth Avenue Dining Rooms,New%20York%2C%20NY,New%20York,1899,0,,
4000006442.jpg,Annual Dinner Menu at Marlborough Hotel,New%20York%2C%20NY,New%20York,1899,2,,
4000006450.jpg,Banquet honoring Admiral George Dewey at Algonquin Club,Boston%2C%20MA,Massachusetts,1899,0,,
4000006457.jpg,RECEPTION & BANQUET TO THIRTEENTH MINNESOTA U.S.V.,St.%20Paul%2C%20MN,Minnesota,1899,2,,
4000006465.jpg,Jubilee Banquet Menu at Marlborough Hotel,New%20York%2C%20NY,New%20York,1899,2,,
4000006469.jpg,Delta Upsilon Dinner Event,Augusta%2C%20ME,Maine,1899,2,,
4000006475.jpg,TWENTY-SEVENTH ANNUAL MEETING MENU,New%20York%2C%20NY,New%20York,1899,2,,
4000006494.jpg,Dinner Given to Dr. M.F. Foley at Delmonico's,New%20York%2C%20NY,New%20York,1899,2,delmonicos,
4000006499.jpg,FIRST ANNUAL DINNER,New%20York%2C%20NY,New%20York,1899,2,waldorf,
4000006516.jpg,Banquet of Welcome to Capt. Benjamin P. Lamberton at Sherry's,New%20York%2C%20NY,New%20York,1899,2,,
4000006520.jpg,Dinner Menu on S.S. KAISER WILHELM DER GROSSE,Norddeutscher%20Lloyd%20Bremen,n%2Fa,1899,1,,
4000006527.jpg,BIRTHDAY DINNER at CENTRAL RESTAURANT,New%20York%2C%20NY,New%20York,1899,2,,
4000006529.jpg,Saturday Dinner on Hamburg-Amerika Line's Auguste Victoria,Hamburg%2C%20Germany,n%2Fa,1899,1,,
4000006532.jpg,Sunday Dinner on Hamburg-Amerika Line Steamer,Hamburg%2C%20Germany,n%2Fa,1899,1,,
4000006536.jpg,Farewell Dinner to Captain G.J. Johnston at Grand Hotel,Melbourne%2C%20Victoria,n%2Fa,1899,2,,
4000006538.jpg,DAILY DINNER MENU ABOARD HAMBURG-AMERIKA LINIE EXPRESS-STEAMER AUGUSTE VICTORIA,Hamburg%2C%20Germany,n%2Fa,1899,1,,
4000006547.jpg,Dinner Menu on ENROUTE EXPRESS STEAMER AUGUSTE VICTORIA,Hamburg%2C%20Germany,n%2Fa,1899,1,,
4000006552.jpg,Banquet in Honor of M. J.F. Perrault,Montreal%2C%20Canada,n%2Fa,1899,2,,
4000006569.jpg,Manufacturing Chemists' Association Dinner Menu,New%20York%2C%20NY,New%20York,1899,0,waldorf,
4000006572.jpg,THIRD ANNUAL UNION DINNER at HOTEL MANHATTAN,New%20York%2C%20NY,New%20York,1899,2,,
4000006578.jpg,Dinner Menu on Steamer Auguste Victoria,Hamburg%2C%20Germany,n%2Fa,1899,1,,
4000006581.jpg,Dinner Menu on Steamer Furst Bismarck,Hamburg%2C%20Germany,n%2Fa,1899,1,,
4000006584.jpg,Hamburg Amerika Linie Menu,Hamburg%2C%20Germany,n%2Fa,1899,1,,
4000006594.jpg,Dinner Menu on Steamer August Victoria,Hamburg%2C%20Germany,n%2Fa,1899,1,,
4000006598.jpg,Complimentary Luncheon at National Horse Show Association Of America,New%20York%2C%20NY,New%20York,1899,2,,
4000006601.jpg,Banquet in Honor of Grand Lodge Officers at National Rifles Armory,Washington%2C%20D.C.,Washington%2C%20D.C.,1899,2,,
4000006613.jpg,DINNER MENU on STEAMSHIP AUGUSTE VICTORIA,Hamburg%2C%20Germany,n%2Fa,1899,1,,
4000006618.jpg,DINNER MENU - STEAMSHIP KAISER WILHELM DER GROSSE,Norddeutscher%20Lloyd%20Bremen,n%2Fa,1899,1,,
4000006632.jpg,Dinner for the Democratic Members Elect to the 56th Congress,New%20York%2C%20NY,New%20York,1899,0,,
4000006640.jpg,Dinner for Chairmen Hon. Randolph Guggenheimer and General Daniel Butterfield,New%20York%2C%20NY,New%20York,1899,2,delmonicos,
4000006655.jpg,Dinner for Municipal Officers & Heads of Departments,New%20York%2C%20NY,New%20York,1899,0,,
4000006662.jpg,Dinner in Honor of Most Worshipful Josiah W. Ewan at Democratic Club,New%20York%2C%20NY,New%20York,1899,2,,
4000006670.jpg,EASTERN BOX MAKERS' ASSOCIATION BANQUET MENU,MARLBOROUGH%2C%20MA,Massachusetts,1899,2,,
4000006678.jpg,Thanksgiving Dinner at Majestic Hotel,New%20York%2C%20NY,New%20York,1899,2,,
4000006684.jpg,Thanksgiving Dinner at Broadway Central Hotel,New%20York%2C%20NY,New%20York,1899,2,,
4000006688.jpg,Thanksgiving Dinner at Griswold House,Detroit%2C%20MI,Michigan,1899,2,,
4000006695.jpg,Thanksgiving Dinner at Hotel Roanoke,Roanoke%2C%20VA,Virginia,1899,2,,
4000006699.jpg,Thanksgiving Dinner at Quincy House,Boston%2C%20MA,Massachusetts,1899,2,,
4000006705.jpg,Thanksgiving Dinner at Briggs House,Chicago%2C%20IL,Illinois,1899,2,,
4000006710.jpg,Thanksgiving Dinner at Ashton Hotel,Ashton,n%2Fa,1899,2,,
4000006713.jpg,Thanksgiving Dinner at Sturtevant House,Sturtevant%20House%2C%20Sturtevant%2C%20Wisconsin,Wisconsin,1899,2,,
4000006720.jpg,Thanksgiving Dinner at Hotel St. James,Bradford%2C%20PA,Pennsylvania,1899,2,,
4000006726.jpg,2nd Annual Dinner,Rhode%20Island%2C%20RI,Rhode%20Island,1899,2,,
4000006732.jpg,Daily Dinner Menu at Chamberlin Hotel,Old%20Point%20Comfort%2C%20Virginia,Virginia,1899,0,,
4000006736.jpg,Anniversary Dinner Menu at Murray Hill Hotel,Murray%20Hill%2C%20New%20York,New%20York,1899,0,,
4000006739.jpg,Banquet for Members of Football Team at Colby Academy,New%20London%2C%20N.H.,New%20Hampshire,1899,2,,
4000006744.jpg,DAILY DINNER MENU - HAMBURG-AMERIKA LINE,Hamburg%2C%20Germany,n%2Fa,1899,1,,
4000006752.jpg,DINNER MENU on SS FURST BISMARCK,Hamburg%2C%20Germany,n%2Fa,1899,1,,
4000006757.jpg,Dinner Menu on SS FURST BISMARCK,Hamburg%2C%20Germany,n%2Fa,1899,1,,
4000006764.jpg,First Annual Dinner at Stick Together Club,Brooklyn%2C%20NY,New%20York,1899,2,,
4000006772.jpg,Dinner Menu on SS AUGUSTE VICTORIA,Hamburg%2C%20Germany,n%2Fa,1899,1,,
4000006775.jpg,Dinner Menu on SS FURST BISMARK,Hamburg%2C%20Germany,n%2Fa,1899,1,,
4000006779.jpg,Annual Winter Dinner at Eagle Hotel,Concord%2C%20NH,New%20Hampshire,1899,2,,
4000006785.jpg,TWELFTH ANNUAL REUNION MENU,New%20York%2C%20NY,New%20York,1899,2,,
4000006798.jpg,Dinner Tendered to Maj-Gen Francis Vinton Greene at Hotel Flanders,George%20W.%20Elkins,n%2Fa,1899,0,,
4000006813.jpg,Dinner Menu on Hamburg-Amerika Linie's Schnelldampfer Furst Bismarck,Hamburg%2C%20Germany,n%2Fa,1899,1,,
4000006821.jpg,Complimentary Breakfast at Palace Hotel,San%20Francisco%2C%20CA,California,1899,0,,
4000006830.jpg,Boston Boot And Shoe Club Dinner at Young's Hotel,Boston%2C%20MA,Massachusetts,1899,2,,
4000006835.jpg,Breakfast Menu for New York Central And Hudson River R.R. Dining Car Service,,n%2Fa,1899,1,,
4000006839.jpg,Twentieth Annual Dinner Menu,Brooklyn%2C%20NY,New%20York,1899,2,,
4000006847.jpg,Christmas Dinner at Colonial Hotel,San%20Francisco%2C%20CA,California,1899,2,,
4000006856.jpg,Christmas Dinner at Pine Forest Inn,Somerville%2C%20S.C.,South%20Carolina,1899,2,,
4000006861.jpg,Christmas Dinner at New Century Hotel,Union%2C%20S.C.,South%20Carolina,1899,2,,
4000006863.jpg,Christmas Dinner at Arlington Hotel,Toronto%2C%20CANADA,n%2Fa,1899,2,,
4000006869.jpg,Holiday Dinner on North Western RR Line,,n%2Fa,1899,2,,
4000006877.jpg,Christmas Dinner at Colson Hotel,Somerville%2C%20MASS,Massachusetts,1899,2,,
4000006890.jpg,Christmas Dinner at Vendome Hotel,NY,New%20York,1899,2,,
4000006894.jpg,Christmas Dinner at Clancey's Hotel Mabson,Montgomery%2C%20AL,Alabama,1899,2,,
4000006897.jpg,Christmas Dinner at Princess Hotel,Princess%20Hotel%2C%20Bermuda,n%2Fa,1899,2,,
4000006902.jpg,Christmas Dinner at Continental Hotel,Newark%2C%20NJ,New%20Jersey,1899,2,,
4000006908.jpg,Christmas Dinner at Hotel Hanover,Philadelphia%2C%20PA,Pennsylvania,1899,2,,
4000006915.jpg,Christmas Dinner at Howard House,Malone%2C%20NY,New%20York,1899,2,,
4000006921.jpg,Dinner Menu at Astor House,New%20York%2C%20NY,New%20York,1899,0,,
4000006932.jpg,BEEFSTEAK DINNER at WALTER D. GILMAN'S,Brooklyn%2C%20NY,New%20York,1899,0,,
4000006937.jpg,Dinner Menu at Westminster Hotel,New%20York%2C%20NY,New%20York,1899,0,,
4000006942.jpg,Congress Hall Dinner Menu,Syracuse%2C%20NY,New%20York,1901,0,,
4000006949.jpg,34th Annual Banquet at University Club,Chicago%2C%20IL,Illinois,1900,2,,
4000006973.jpg,Astor House Dinner Menu,New%20York%2C%20NY,New%20York,1900,0,,
4000006981.jpg,Anniversary Banquet at Grand Hotel,CINCINNATI%2C%20OH,Ohio,1900,2,,
4000006990.jpg,Breakfast at Fifth Avenue Hotel,New%20York%2C%20NY,New%20York,1900,0,,
4000007004.jpg,Daily Menu at Halloran's Restaurant,New%20York%2C%20NY,New%20York,1900,0,,
4000007016.jpg,Silsbe & Son Oyster & Chop House - Daily Bill of Fare,New%20York%2C%20NY,New%20York,1900,0,,
4000007017.jpg,H.D. Bristol's Oyster & Chop House Bill of Fare,New%20York%2C%20NY,New%20York,1900,0,,
4000007020.jpg,Morton House Restaurant & Cafe Dinner Menu,New%20York%2C%20NY,New%20York,1900,0,,
4000007024.jpg,Dorlon's Oyster House Dinner Menu,New%20York%2C%20NY,New%20York,1900,0,,
4000007029.jpg,Breakfast Menu at Imperial Hotel,New%20York%2C%20NY,New%20York,1900,0,,
4000007033.jpg,Breakfast Menu at Union Square Hotel,New%20York%2C%20NY,New%20York,1900,0,,
4000007036.jpg,Dinner at Union Square Hotel,New%20York%2C%20NY,New%20York,1900,0,,
4000007043.jpg,Dinner Menu at Everett House,New%20York%2C%20NY,New%20York,1900,0,,
4000007049.jpg,Breakfast Menu at Hotel Albert,New%20York%2C%20NY,New%20York,1900,0,,
4000007052.jpg,Lunch Menu at Hotel Albert,New%20York%2C%20NY,New%20York,1900,0,,
4000007055.jpg,Hotel Albert Dinner Menu,New%20York%2C%20NY,New%20York,1900,0,,
4000007058.jpg,Evening Dinner at Cafe De Bordeaux,New%20York%2C%20NY,New%20York,1900,0,,
4000007061.jpg,DAY DINNER at Cafe De Bordeaux,New%20York%2C%20NY,New%20York,1900,0,,
4000007078.jpg,Bill of Fare at Hartman's Hotel,New%20York%2C%20NY,New%20York,1900,0,,
4000007082.jpg,Bill of Fare at United States Hotel,New%20York%2C%20NY,New%20York,1900,0,,
4000007087.jpg,Bill of Fare,New%20York%2C%20NY,New%20York,1900,0,,
4000007090.jpg,Bill of Fare,New%20York%2C%20NY,New%20York,1900,0,,
4000007092.jpg,Dinner Menu,New%20York%2C%20NY,New%20York,1900,0,,
4000007101.jpg,Breakfast Menu at Broadway Central Hotel,New%20York%2C%20NY,New%20York,1900,0,,
4000007109.jpg,Banquet in Honor of S.M.S. Moltke's Visit,New%20Orleans%2C%20LA,Louisiana,1900,0,,
4000007123.jpg,Healy's Oyster And Chop House Dinner or Lunch Menu,Rockaway%20Beach%2C%20NY,New%20York,1900,0,,
4000007135.jpg,Breakfast Menu at Murray Hill Hotel,New%20York%2C%20NY,New%20York,1900,0,,
4000007151.jpg,Lunch Menu at Murray Hill Hotel,New%20York%2C%20NY,New%20York,1900,0,,
4000007169.jpg,Breakfast Menu at Shanley's Oyster Houses And Grill Room,NY,New%20York,1900,0,,
4000007179.jpg,Lunch Menu at Metropolitan Hotel,New%20York%2C%20NY,New%20York,1900,0,,
4000007188.jpg,Daily Menu at Museum Of Art Restaurant,New%20York%2C%20NY,New%20York,1900,0,,
4000007191.jpg,Hotel Empire Dinner Menu,New%20York%2C%20NY,New%20York,1900,0,,
4000007195.jpg,Dartmouth Alumni Association Reunion and Dinner at Hotel Vendome,Boston%2C%20MA,Massachusetts,1900,2,,
4000007202.jpg,Daily Dinner Menu at Broadway Central Hotel,New%20York%2C%20NY,New%20York,1900,0,,
4000007209.jpg,Cafeteria Lunch,New%20York%2C%20NY,New%20York,1900,0,,
4000007212.jpg,Daily Bill of Fare at The Place,New%20York%2C%20NY,New%20York,1900,0,,
4000007215.jpg,Daily Menu at Reynolds,New%20York%2C%20NY,New%20York,1900,0,,
4000007221.jpg,15th Annual Dinner at Holland Society of New York,New%20York%2C%20NY,New%20York,1900,2,waldorf,
4000007227.jpg,A La Carte Menu at Kensington Hotel,New%20York%2C%20NY,New%20York,1900,0,,
4000007231.jpg,Holland's Daily Menu,New%20York%2C%20NY,New%20York,1900,0,,
4000007239.jpg,January Meeting and Dinner Menu at Grand Hotel,Cincinnati%2C%20OH,Ohio,1900,2,,
4000007244.jpg,Dinner at Grand Pacific Hotel,Chicago%2C%20IL,Illinois,1900,0,,
4000007247.jpg,Breakfast Menu at Belvedere House,New%20York%2C%20NY,New%20York,1900,0,,
4000007251.jpg,Daily Bill of Fare at Belvedere House,New%20York%2C%20NY,New%20York,1900,0,,
4000007254.jpg,Breakfast at Sinclair House,New%20York%2C%20NY,New%20York,1900,0,,
4000007257.jpg,Daily Bill of Fare at Brandes Bros. Ladies' And Gents' Restaurant And Lunch Room,New%20York%2C%20NY,New%20York,1900,0,,
4000007265.jpg,Dinner Menu at Broadway Central Hotel,New%20York%2C%20NY,New%20York,1900,0,,
4000007275.jpg,Haan's Dinner Menu at Park Row Building,New%20York%2C%20NY,New%20York,1900,0,,
4000007278.jpg,Breakfast Menu for New York Central & Hudson River R.R. Dining Car Service,,n%2Fa,1900,1,,
4000007281.jpg,Luncheon Menu for New York Central & Hudson River R.R. Dining Car Service,,n%2Fa,1900,1,,
4000007284.jpg,Dinner Menu for New York Central & Hudson River R.R. Dining Car Service,,n%2Fa,1900,1,,
4000007289.jpg,Daily Menu,New%20York%2C%20NY,New%20York,1900,0,,
4000007298.jpg,Dinner Menu at St. Nicholas Hotel,New%20York%2C%20NY,New%20York,1900,0,,
4000007303.jpg,Daily Menu at Edward F. Langs's Ladies' And Gents Lunch Room And Restaurant,New%20York%2C%20NY,New%20York,1900,0,,
4000007306.jpg,DAILY MENU at Dennett's Surpassing Coffee,Dennett's%20Surpassing%20Coffee%2C%20in%20Dennett's%20Surpassing%20Coffee,n%2Fa,1900,0,,
4000007311.jpg,Daily Menu at Bay State Hotel,New%20York%2C%20NY,New%20York,1900,0,,
4000007314.jpg,BREAKFAST menu at STEAMER PRISCILLA,Fall%20River%2C%20Massachusetts,Massachusetts,1900,1,,
4000007319.jpg,BREAKFAST MENU at STEAMER PLYMOUTH,Fall%20River%2C%20Massachusetts,Massachusetts,1900,1,,
4000007323.jpg,Breakfast and Supper Menu at Edward F. Lang's Ladies' And Gent's Lunch Room And Restaurant,New%20York%2C%20NY,New%20York,1900,0,,
4000007326.jpg,Hotel Lincoln Dinner Menu,New%20York%2C%20NY,New%20York,1900,0,,
4000007331.jpg,FALL RIVER LINE MENU,Fall%20River%2C%20Massachusetts,Massachusetts,1900,1,,
4000007337.jpg,Breakfast Menu at Hotel America,New%20York%2C%20NY,New%20York,1900,0,,
4000007340.jpg,Hotel America Dinner Menu,New%20York%2C%20NY,New%20York,1900,0,,
4000007359.jpg,Breakfast at Hotel Lincoln,New%20York%2C%20NY,New%20York,1900,0,,
4000007365.jpg,Dinner Menu at J.C. Hartmann Restaurants And Cafe,New%20York%2C%20NY,New%20York,1900,0,,
4000007368.jpg,Breakfast and Supper Menu at Edward F. Lang's Ladies And Gents Lunch Room And Restaurant,New%20York%2C%20NY,New%20York,1900,0,,
4000007371.jpg,Breakfast and Supper Menu at Edward F. Lang's Ladies And Gents Lunch Room And Restaurant,New%20York%2C%20NY,New%20York,1900,0,,
4000007377.jpg,Twelfth Annual Banquet Menu,Kansas%20City%2C%20MO,Missouri,1900,0,,
4000007382.jpg,Sixth Charter Anniversary Meal at Junket Club,Chicago%2C%20IL,Illinois,1900,2,,
4000007392.jpg,Old Guard Supper Menu,New%20York%2C%20NY,New%20York,1900,0,,
4000007393.jpg,Daily Lunch Menu at Cafeteria,New%20York%2C%20NY,New%20York,1900,0,,
4000007396.jpg,Dinner Menu,New%20York%2C%20NY,New%20York,1900,0,,
4000007408.jpg,Anniversary Dinner at DELMONICO'S,New%20York%2C%20NY,New%20York,1900,0,delmonicos,
4000007413.jpg,BREAKFAST AND SUPPER at EDWARD F. LANG'S LADIES' AND GENT'S LUNCH ROOM AND RESTAURANT,NY,New%20York,1900,0,,
4000007416.jpg,Twentieth Annual Dinner at Waldorf-Astoria Hotel,New%20York%2C%20NY,New%20York,1900,2,waldorf,
4000007420.jpg,Bill of Fare,New%20York%2C%20NY,New%20York,1900,0,,
4000007425.jpg,DEJEUNER at PAQUEBOT: LA CHAMPAGNE,,n%2Fa,1900,1,,
4000007426.jpg,Daily Menu on Paquebot La Champagne,,n%2Fa,1900,1,,
4000007430.jpg,DINNER MENU,Hamburg%2C%20Germany,n%2Fa,1900,1,,
4000007436.jpg,Cafeteria Lunch Menu,New%20York%2C%20NY,New%20York,1900,0,,
4000007442.jpg,Banquet Menu at St. Denis Hotel,New%20York%2C%20NY,New%20York,1900,2,,
4000007451.jpg,Daily Menu at Fifth Avenue Hotel,New%20York%2C%20NY,New%20York,1900,0,,
4000007473.jpg,Breakfast Menu on SS LA CHAMPAGNE,,n%2Fa,1900,1,,
4000007483.jpg,DINNER MENU at SS LA CHAMPAGNE,,n%2Fa,1900,1,,
4000007490.jpg,DAILY MENU at Cafeteria Lunch,NY,New%20York,1900,0,,
4000007496.jpg,Bill of Fare,New%20York%2C%20NY,New%20York,1900,0,,
4000007505.jpg,Dinner at Hotel St. Andrew,New%20York%2C%20NY,New%20York,1900,0,,
4000007513.jpg,Daily Bill of Fare at Hotel Empire,New%20York%2C%20NY,New%20York,1900,0,,
4000007517.jpg,Daily Menu at Putnam House,New%20York%2C%20NY,New%20York,1900,0,,
4000007524.jpg,Dinner at Fifth Avenue Hotel,New%20York%2C%20NY,New%20York,1900,0,,
4000007534.jpg,Breakfast Menu on SS LA CHAMPAGNE,,n%2Fa,1900,1,,
4000007544.jpg,Dinner Menu on SS LA CHAMPAGNE by CIE GLE TRANSATLANTIQUE,,n%2Fa,1900,1,,
4000007546.jpg,Annual Dinner at Hotel Marlborough,New%20York%2C%20NY,New%20York,1900,0,,
4000007548.jpg,Dinner Menu on SS Graf Waldersee,Hamburg%2C%20Germany,n%2Fa,1900,1,,
4000007566.jpg,Daily Menu at Transportation Club,New%20York%2C%20NY,New%20York,1900,0,,
4000007574.jpg,Reception & Dinner to Mr. William J. Bryan at Faneuil Hall,Boston%2C%20MA,Massachusetts,1900,2,,
4000007579.jpg,Breakfast Menu at Fifth Avenue Hotel,New%20York%2C%20NY,New%20York,1900,0,,
4000007585.jpg,8th Annual Dinner on Occasion of the Two Hundred and Eighty-Sixth Anniversary of the Founding of New Amsterdam,New%20York%2C%20NY,New%20York,1900,2,delmonicos,
4000007589.jpg,Cafeteria Lunch Menu,New%20York%2C%20NY,New%20York,1900,0,,
4000007593.jpg,Daily Menu at Downtown Club,New%20York%2C%20NY,New%20York,1900,0,,
4000007598.jpg,Annual Dinner Menu for Medical Society of the State of New York,Albany%2C%20NY,New%20York,1900,2,,
4000007622.jpg,Wine List,Majestic%20Hotel%2C%20Unknown,n%2Fa,1900,0,,
4000007631.jpg,Daily Hotel Menu,New%20York%2C%20NY,New%20York,1900,0,,
4000007634.jpg,Rector's Daily Menu,New%20York%2C%20NY,New%20York,1900,0,,
4000007637.jpg,Dinner Menu at Smith & Mcnell's,New%20York%2C%20NY,New%20York,1900,0,,
4000007662.jpg,Breakfast Menu on Paquebot La Champagne,,n%2Fa,1900,1,,
4000007672.jpg,Dinner Menu on Paquebot La Champagne,,n%2Fa,1900,1,,
4000007679.jpg,Dinner Menu on Hamburg-Amerika Linie's Express Steamer Auguste Victoria,Hamburg%2C%20Germany,n%2Fa,1900,1,,
4000007687.jpg,Dinner Menu on Aboard Mail-Steamer Waldersee,Hamburg%2C%20Germany,n%2Fa,1900,1,,
4000007692.jpg,Daily Menu at Hotel Metropole And Golden Rod Rathskeller,New%20York%2C%20NY,New%20York,1900,0,,
4000007695.jpg,Dinner at Cafe Brauer,Chicago%2C%20IL,Illinois,1900,0,,
4000007698.jpg,Cafeteria Lunch - Daily Bill of Fare,New%20York%2C%20NY,New%20York,1900,0,,
4000007701.jpg,Daily Bill of Fare - Cafeteria Lunch,New%20York%2C%20NY,New%20York,1900,0,,
4000007709.jpg,Alpha Phi Luncheon at Hotel St. Denis,New%20York%2C%20NY,New%20York,1900,2,,
4000007716.jpg,Complimentary Banquet at Sterling Republican Club,New%20York%2C%20NY,New%20York,1900,2,,
4000007722.jpg,Dinner Menu at Lafayette Place Restaurant & Cafe,,n%2Fa,1900,0,,
4000007725.jpg,Cabaret Du Chat Noir Lunch & Dinner Menu,New%20York%2C%20NY,New%20York,1900,0,,
4000007733.jpg,Regular Menu at Golf Diningroom,New%20York%2C%20NY,New%20York,1900,0,,
4000007736.jpg,Regular Menu at Home-Made Hotel,New%20York%2C%20NY,New%20York,1900,0,,
4000007742.jpg,First Annual Dinner at Waldorf Astoria,New%20York%2C%20NY,New%20York,1900,2,waldorf,
4000007763.jpg,Cafeteria Lunch Daily Menu,New%20York%2C%20NY,New%20York,1900,0,,
4000007767.jpg,Daily Menu at Carlton Hotel Company,New%20York%2C%20NY,New%20York,1900,0,,
4000007770.jpg,Daily Menu at Grand Central Lunch Rooms,New%20York%2C%20NY,New%20York,1900,0,,
4000007777.jpg,Dinner Menu on Hamburg Amerika Linie,Hamburg%2C%20Germany,n%2Fa,1900,1,,
4000007779.jpg,Dinner Menu on Hamburg Amerika Linie,Hamburg%2C%20Germany,n%2Fa,1900,1,,
4000007794.jpg,DINNER at HAMBURG AMERIKA LINIE,Hamburg%2C%20Germany,n%2Fa,1900,1,,
4000007797.jpg,Dinner Menu on Hamburg Amerika Linie's Postdampfer Graf Waldersee,Hamburg%2C%20Germany,n%2Fa,1900,1,,
4000007807.jpg,Bill of Fare at Priscilla Dining Room,New%20York%2C%20NY,New%20York,1900,0,,
4000007811.jpg,Daily Menu at Glen Island Hotel,New%20York%2C%20NY,New%20York,1900,0,,
4000007815.jpg,Bill of Fare,New%20York%2C%20NY,New%20York,1900,0,,
4000007818.jpg,Breakfast and Supper Bill of Fare,New%20York%2C%20NY,New%20York,1900,0,,
4000007825.jpg,Bill of Fare,New%20York%2C%20NY,New%20York,1900,0,,
4000007828.jpg,Bill of Fare,New%20York%2C%20NY,New%20York,1900,0,,
4000007831.jpg,Bill of Fare at Fogg's Hotel And Dining Room,New%20York%2C%20NY,New%20York,1900,0,,
4000007834.jpg,Breakfast & Supper Menu at Fogg's Ladies' And Gentlemen's Dining Room,New%20York%2C%20NY,New%20York,1900,0,,
4000007845.jpg,Daily Menu at Knickerbocker Hotel Restaurant,New%20York%2C%20NY,New%20York,1900,0,,
4000007850.jpg,Cafeteria Lunch Daily Menu,New%20York%2C%20NY,New%20York,1900,0,,
4000007856.jpg,Daily Menu at Park Restaurant,New%20York%2C%20NY,New%20York,1900,0,,
4000007868.jpg,Dinner Menu on Hamburg-Amerika Linie's Express Steamer,Hamburg%2C%20Germany,n%2Fa,1900,1,,
4000007871.jpg,Dinner Menu on Hamburg-Amerika Linie Mail Steamer Graf Waldersee,Hamburg%2C%20Germany,n%2Fa,1900,1,,
4000007883.jpg,Cafeteria Lunch - Daily Bill of Fare,New%20York%2C%20NY,New%20York,1900,0,,
4000007886.jpg,Dinner Menu at Lafayette Place Restaurant & Cafe,New%20York%2C%20NY,New%20York,1900,0,,
4000007889.jpg,Breakfast Menu at Trainor's Hotel Restaurant,New%20York%2C%20NY,New%20York,1900,0,,
4000007897.jpg,DINNER MENU on Hamburg-Amerika Linie's Mail-Steamer Graf Waldersee,Hamburg%2C%20Germany,n%2Fa,1900,1,,
4000007898.jpg,Bill of Fare at Trainor's Hotel Restaurant,New%20York%2C%20NY,New%20York,1900,0,,
4000007903.jpg,11th Annual Banquet at Penna. Scotch Irish Society,Philadelphia%2C%20PA,Pennsylvania,1900,2,,
4000007912.jpg,28th Anniversary Dinner at DELMONICO'S,New%20York%2C%20NY,New%20York,1900,2,delmonicos,
4000007919.jpg,4th Annual Banquet at Crocker House,New%20London%2C%20CT,Connecticut,1900,0,,
4000007928.jpg,Daily Menu at Adolph Waldheim's,New%20York%2C%20NY,New%20York,1900,0,,
4000007933.jpg,Dinner Menu on Steamer Auguste Victoria,Hamburg%2C%20Germany,n%2Fa,1900,1,,
4000007950.jpg,Daily Lunch Menu,New%20York%2C%20NY,New%20York,1900,0,,
4000007962.jpg,Daily Bill of Fare at Cafeteria Lunch,New%20York%2C%20NY,New%20York,1900,0,,
4000007965.jpg,Dinner Menu on SS Graf Waldersee,Hamburg%2C%20Germany,n%2Fa,1900,1,,
4000007969.jpg,DAILY BILL OF FARE at Hotel Minot,New%20York%2C%20NY,New%20York,1900,0,,
4000007973.jpg,Table d'Hote at Au Chat Noir Hotel and Restaurant,New%20York%2C%20NY,New%20York,1900,0,,
4000007987.jpg,Diner Menu on R.M.S. Oceanic,,n%2Fa,1900,1,,
4000007990.jpg,Dinner Menu on SCHNELLDAMPFER 'AUGUSTE VICTORIA' by HAMBURG-AMERIKA LINIE,Hamburg%2C%20Germany,n%2Fa,1900,1,,
4000008002.jpg,DAILY MENU at SCHNELLDAMPFERS 'AUGUST VICTORIA',Hamburg%2C%20Germany,n%2Fa,1900,1,,
4000008005.jpg,Dinner Menu at Broadway Central Hotel,New%20York%2C%20NY,New%20York,1900,0,,
4000008006.jpg,Dinner Menu at Empire Hotel,New%20York%2C%20NY,New%20York,1900,0,,
4000008009.jpg,Colonial Hotel Menu,New%20York%2C%20NY,New%20York,1900,0,,
4000008012.jpg,Cafe & Restaurant Menu,New%20York%2C%20NY,New%20York,1900,0,,
4000008020.jpg,Cafeteria Lunch - Bill of Fare,New%20York%2C%20NY,New%20York,1900,0,,
4000008027.jpg,Board Of Trade Menu,Chicago%2C%20IL,Illinois,1900,0,,
4000008035.jpg,Breakfast Menu at Shanley Bros. Oyster Houses & Grill Room,New%20York%2C%20NY,New%20York,1900,0,,
4000008038.jpg,Dinner Menu at Shanley's Restaurant,New%20York%2C%20NY,New%20York,1900,0,,
4000008045.jpg,San Remo Hotel Dinner Menu,New%20York%2C%20NY,New%20York,1900,0,,
4000008048.jpg,Young's Herald Square Lunch Room - Lunch & Dinner Menu,New%20York%2C%20NY,New%20York,1900,0,,
4000008051.jpg,A La Carte Menu at Monterey Hotel,New%20York%2C%20NY,New%20York,1900,0,,
4000008062.jpg,Farewell Dinner to Mr. William Clark at Grand Hotel,Grand%20Hotel,n%2Fa,1900,2,,
4000008068.jpg,Alcazar Hotel Menu,,n%2Fa,1900,0,,
4000008073.jpg,Cafeteria Lunch - St. Valentine's Day Dinner,New%20York%2C%20NY,New%20York,1900,2,,
4000008086.jpg,Dinner Menu on SS AUGUSTE VICTORIA,Hamburg%2C%20Germany,n%2Fa,1900,1,,
4000008093.jpg,Fourth Annual Dinner at Hotel St George,Nyack%2C%20NY,New%20York,1900,2,,
4000008103.jpg,"Banquet Tendered to the Staffs of Galveston & Houston, Texas",Galveston%2C%20TX,Texas,1900,2,,
4000008143.jpg,Dinner Menu on Hamburg-Amerika Linie's Express Steamer,Hamburg%2C%20Germany,n%2Fa,1900,1,,
4000008160.jpg,Bartholdi Hotel Lunch & Dinner Menu,New%20York%2C%20NY,New%20York,1900,0,,
4000008168.jpg,Annual Dinner Menu at Hotel Savoy,New%20York%2C%20NY,New%20York,1900,0,,
4000008180.jpg,Haan's Dinner Menu,New%20York%2C%20NY,New%20York,1900,0,,
4000008191.jpg,Daily Menu at West End Hotel Restaurant,New%20York%2C%20NY,New%20York,1900,0,,
4000008199.jpg,American Revolutionary Cuisine,Dover%2C%20Delaware,Delaware,1900,0,,
4000008213.jpg,"Haskin's Restaurant Dinner, Breakfast and A La Carte Menu",New%20York%2C%20NY,New%20York,1900,0,,
4000008225.jpg,Nobles Of Moslem Temple Menu,,n%2Fa,1900,0,,
4000008232.jpg,Dinner Menu on Hamburg-Amerika Linie's Express Steamer,Hamburg%2C%20Germany,n%2Fa,1900,1,,
4000008246.jpg,ALBEMARLE HOTEL MENU,New%20York%2C%20NY,New%20York,1900,0,,
4000008258.jpg,HAMBURG-AMERIKA LINIE MENU,Hamburg%2C%20Germany,n%2Fa,1900,1,,
4000008266.jpg,WASHINGTON'S BIRTHDAY at DELMONICO'S,New%20York%2C%20NY,New%20York,1900,2,delmonicos,
4000008287.jpg,DINNER COMMEMORATING THE OPENING OF THE NEW HALL OF THE BOARD OF EDUCATION,New%20York%2C%20NY,New%20York,1900,0,delmonicos,
4000008301.jpg,Club Dining Menu,St.%20Louis%2C%20MO,Missouri,1900,2,,
4000008309.jpg,Washington's Birthday Dinner at Hotel Ormond,Ormond%2C%20FL,Florida,1900,2,,
4000008319.jpg,Washington's Birthday Dinner at Hiram Ledge No. 6.6 Free And Accepted Masons,Altoona%2C%20PA,Pennsylvania,1900,2,,
4000008328.jpg,Washington's Birthday Dinner at Waldorf Astoria,New%20York%2C%20NY,New%20York,1900,2,waldorf,
4000008334.jpg,Hazel's Pure Food Luncheon at Siegel Cooper Co.,New%20York%2C%20NY,New%20York,1900,0,,
4000008354.jpg,District No.3 Catholic Benevolent Legion Annual Dinner at Hotel Marlborough,New%20York%2C%20NY,New%20York,1900,2,,
4000008359.jpg,Wine List at Grand Trunk Railway,London,n%2Fa,1900,0,,
4000008382.jpg,Dinner Menu on SS KAISER WLHELM II,Bremen%2C%20Germany,n%2Fa,1900,1,,
4000008385.jpg,Dinner Menu on SCHNELLDAMPFER 'AUGUSTE VICTORIA' by HAMBURG-AMERIKA LINIE,Hamburg%2C%20Germany,n%2Fa,1900,1,,
4000008389.jpg,Dinner Menu on Schnelldampfer 'Columbia' by Hamburg-Amerika Linie,Hamburg%2C%20Germany,n%2Fa,1900,0,,
4000008401.jpg,Dinner at New York Medical Club,New%20York%2C%20NY,New%20York,1900,2,,
4000008413.jpg,Bookbinders' Anniversary Banquet at Savoy Hotel,New%20York%2C%20NY,New%20York,1900,2,,
4000008419.jpg,Delmonicos Menu,New%20York%2C%20NY,New%20York,1900,0,delmonicos,
4000008458.jpg,Banquet in Honor of Judge Peter S. Grosscup & Judge Christian C. Kohlsaat,Chicago%2C%20IL,Illinois,1900,2,,
4000008473.jpg,SUPPER menu on SS AUGUSTE VICTORIA,Hamburg%2C%20Germany,n%2Fa,1900,1,,
4000008495.jpg,DINNER MENU - NEW YORK CENTRAL & HUDSON RIVER R.R.,New%20York%2C%20NY,New%20York,1900,1,,
4000008499.jpg,Sixth Annual Banquet & Ball Menu,New%20York%2C%20NY,New%20York,1900,2,,
4000008508.jpg,Dinner Menu on S.S. COPTIC by Occidental & Oriental Steamship Company,,n%2Fa,1900,1,,
4000008524.jpg,Princess Hotel Dinner Menu,Bermuda,n%2Fa,1900,0,,
4000008539.jpg,DINNER at HAMBURG-AMERIKA LINIE,Hamburg%2C%20Germany,n%2Fa,1900,1,,
4000008548.jpg,Dinner Menu aboard S.S. Coptic,,n%2Fa,1900,1,,
4000008564.jpg,Anniversary of the Boston Massacre Menu,Minneapolis%2C%20MN,Minnesota,1900,2,,
4000008586.jpg,Association Luncheon Menu,,n%2Fa,1900,2,,
4000008600.jpg,Club Menu,New%20York%2C%20NY,New%20York,1900,2,,
4000008628.jpg,DINNER MENU on SCHNELLDAMPFER AUGUST VICTORIA,Hamburg%2C%20Germany,n%2Fa,1900,1,,
4000008633.jpg,Dinner Menu on SS COPTIC by Occidental & Oriental Steamship Company,,n%2Fa,1900,1,,
4000008652.jpg,Dinner Menu for Steamship Iroquois,,n%2Fa,1900,0,,
4000008662.jpg,Dinner Menu on S.S. 'COPTIC',,n%2Fa,1900,1,,
4000008666.jpg,Dinner Menu at Manhattan Club,Manhattan%2C%20New%20York,New%20York,1900,0,,
4000008679.jpg,Daily Menu at Hotel Montgomery,Jersey%20City%2C%20NJ,New%20Jersey,1900,0,,
4000008688.jpg,Dinner Menu at Broadway Central Hotel,Broadway%2C%20NY,New%20York,1900,0,,
4000008693.jpg,Daily Menu at Hotel Washington,Jersey%20City%2C%20NY,New%20York,1900,0,,
4000008710.jpg,Daily Menu,Jersey%20City%2C%20N.J.,New%20Jersey,1900,0,,
4000008720.jpg,Wedding Reception Menu,Hamburg%2C%20GERMANY,n%2Fa,1900,2,,
4000008722.jpg,"Breakfast, Lunch & Dinner Menu",Manhattan%2C%20NY,New%20York,1900,0,,
4000008725.jpg,Bill of Fare - Breakfast & Supper,New%20York%2C%20NY,New%20York,1900,0,,
4000008753.jpg,J.M.Whitman Menu,,n%2Fa,1900,0,,
4000008759.jpg,Dinner to Albert Stettheimer,,n%2Fa,1900,2,,
4000008767.jpg,Chamber of Commerce Luncheon Menu,,n%2Fa,1900,2,,
4000008775.jpg,Hotel Ormond Dinner Menu,Ormond%2C%20FL,Florida,1900,0,,
4000008783.jpg,DINNER MENU - HAMBURG AMERIKA LINIE,Hamburg%2C%20Germany,n%2Fa,1900,1,,
4000008848.jpg,Masonic District Masters' Association Menu,,n%2Fa,1900,0,,
4000008883.jpg,Friends Gathering Menu,,n%2Fa,1900,2,,
4000008895.jpg,Dinner Menu on Hamburg-Amerika Linie's Express Steamer,Hamburg%2C%20Germany,n%2Fa,1900,1,,
4000008913.jpg,Daily Menu,Boston%2C%20MA,Massachusetts,1900,0,,
4000008921.jpg,Grand Lodge Officers Menu,New%20York%2C%20NY,New%20York,1900,0,,
4000008926.jpg,Hanover Club Menu,,n%2Fa,1900,2,,
4000008932.jpg,Masonic Lodge Dining Menu,,n%2Fa,1900,2,,
4000008938.jpg,Fraternity Meal Menu,,n%2Fa,1900,0,,
4000008941.jpg,DAILY MENU - 11:30 TO 3:00 at GERMAN RESTAURANT & BUFFET,Chicago%2C%20IL,Illinois,1900,0,,
4000008950.jpg,DAILY MENU - 11:30 TO 3:00 at GERMAN RESTAURANT & BUFFET,Chicago%2C%20IL,Illinois,1900,0,,
4000008956.jpg,Tony A. Franker Menu,,n%2Fa,1900,0,,
4000008962.jpg,A La Carte Menu,NY,New%20York,1900,0,,
4000008985.jpg,Baptist Social Union Dinner at Hotel Manhattan,Manhattan%2C%20NY,New%20York,1900,0,,
4000008989.jpg,Dinner Menu on SS Doric by Occidental & Oriental Steamship Co.,,n%2Fa,1900,1,,
4000009006.jpg,Dinner Menu at Broadway Central Hotel,New%20York%2C%20NY,New%20York,1900,0,,
4000009015.jpg,Dinner Menu at Manhattan Club,Manhattan%2C%20New%20York,New%20York,1900,0,,
4000009046.jpg,Annual Banquet Menu for Churchill Hotel Fire Sufferers,Bay%20City%2C%20MI,Michigan,1900,2,,
4000009049.jpg,18th Annual Dinner at Manhattan Hotel,New%20York%2C%20NY,New%20York,1900,2,,
4000009055.jpg,Complimentary Supper for Class of 1900,St.%20Louis%2C%20MO,Missouri,1900,2,,
4000009057.jpg,Dinner Menu on Dampfer 'Kaiser Wilhelm der Grosse',Bremen%2C%20Germany,n%2Fa,1900,1,,
4000009064.jpg,Dinner Menu at Battery Park Hotel,New%20York%2C%20NY,New%20York,1900,0,,
4000009068.jpg,Ninth Annual Dinner of Masters' and Past Masters' Association at Hotel Savoy,Hotel%20Savoy%2C%20Sixth%20Masonic%20District,n%2Fa,1900,2,,
4000009081.jpg,Club Dining Menu,Manhattan%2C%20New%20York,New%20York,1900,2,,
4000009104.jpg,Alumnae Menu,,n%2Fa,1900,0,,
4000009117.jpg,Hotel Chamberlin Dining Menu,Hampton%2C%20Virginia,Virginia,1900,0,,
4000009131.jpg,Hotel Del Prado Dining Menu,Mexico%20City%2C%20Mexico,n%2Fa,1900,0,,
4000009135.jpg,City Hall Cellar Lunch Menu,New%20York%2C%20NY,New%20York,1900,0,,
4000009143.jpg,Howard House Menu,,n%2Fa,1900,0,,
4000009160.jpg,Easter Dinner at Windsor Hotel,Jacksonville%2C%20FL,Florida,1900,2,,
4000009193.jpg,Annual Banquet Menu at DELMONICO'S,New%20York%2C%20NY,New%20York,1900,2,delmonicos,
4000009200.jpg,Dinner Menu on S.S. 'CITY OF PARA' by Pacific Mail Steamship Company,,n%2Fa,1900,1,,
4000009205.jpg,Dinner Menu on S.S. 'DORIC',,n%2Fa,1900,1,,
4000009214.jpg,Annual Meeting Menu at Boston Boot & Shoe Club,Boston%2C%20MA,Massachusetts,1900,2,,
4000009229.jpg,Banquet of the Fifty Ninth Annual Convention at Chi Psi Fraternity,New%20York%2C%20NY,New%20York,1900,2,,
4000009233.jpg,Fifth Annual Reunion Menu at St. Denis Hotel,New%20York%2C%20NY,New%20York,1900,2,,
4000009235.jpg,Dinner Menu aboard S.S. Doric,,n%2Fa,1900,1,,
4000009254.jpg,Anniversary Dinner at Hoel Flanders,,n%2Fa,1900,2,,
4000009264.jpg,26th Anniversary Banquet at German Relief Hall,Mobile%2C%20AL,Alabama,1900,2,,
4000009272.jpg,TWENTY-NINTH ANNUAL DINNER at ST. DENNIS HOTEL,ST.%20DENNIS%20HOTEL%2C%20Veterans%20American%20Guard,n%2Fa,1900,2,,
4000009276.jpg,Alumni Association Menu,,n%2Fa,1900,2,,
4000009288.jpg,Dinner Menu aboard S.S. Doric,,n%2Fa,1900,1,,
4000009293.jpg,Breakfast at Hotel Netherland,New%20York%2C%20NY,New%20York,1900,0,,
4000009323.jpg,Dinner Menu on SS Doric,,n%2Fa,1900,1,,
4000009331.jpg,Channing Club Menu,,n%2Fa,1900,2,,
4000009338.jpg,University Alumni Dining Menu,,n%2Fa,1900,0,,
4000009344.jpg,St. George's Society Menu,New%20York%2C%20NY,New%20York,1900,2,,
4000009353.jpg,Breakfast at Everett House,New%20York%2C%20NY,New%20York,1900,0,,
4000009356.jpg,Bill of Fare at Everett House,New%20York%2C%20NY,New%20York,1900,0,,
4000009363.jpg,Dinner Menu for Pacific Mail Steamship Co.,City%20of%20Para,n%2Fa,1900,1,,
4000009375.jpg,Dinner in honor of Mr. F.W. Mann at Grand Hotel,Melbourne%2C%20AUSTRALIA,n%2Fa,1900,2,,
4000009387.jpg,Banquet to the National Association of Manufacturers,Boston%2C%20MA,Massachusetts,1900,2,,
4000009391.jpg,Custom House Restaurant Menu,,n%2Fa,1900,0,,
4000009394.jpg,Central Restaurant Menu,New%20York%2C%20NY,New%20York,1900,0,,
4000009400.jpg,Central Restaurant Co. Menu,New%20York%2C%20NY,New%20York,1900,0,,
4000009406.jpg,Spring Dinner at Magnetic Club,St.%20Denis%2C%20Magnetic%20Club,n%2Fa,1900,0,,
4000009413.jpg,11th Annual Banquet at Harlem Republican Club,Manhattan%2C%20NY,New%20York,1900,2,,
4000009416.jpg,Alumni Gathering Menu,New%20York%2C%20NY,New%20York,1900,2,,
4000009419.jpg,25th Annual Meeting & Banquet Menu,,n%2Fa,1900,2,,
4000009423.jpg,Banquet Menu at Degree Team Camden Lodge #1 A.O.U.W.,,n%2Fa,1900,2,,
4000009442.jpg,Dinner Menu on SS Kaiser Wilhelm der Grosse,Bremen%2C%20Germany,n%2Fa,1900,1,,
4000009455.jpg,Dinner Menu on SS Kaiser Wilhelm der Grosse,Bremen%2C%20Germany,n%2Fa,1900,1,,
4000009460.jpg,Dinner Menu on SS DORIC,,n%2Fa,1900,1,,
4000009505.jpg,Dinner at Battle Creek Sanitarium,Battle%20Creek%2C%20MI,Michigan,1900,0,,
4000009510.jpg,LUNCHEON at HOTEL SAVOY,New%20York%2C%20NY,New%20York,1900,0,,
4000009518.jpg,Dinner Menu on SS City of Rio de Janeiro,,n%2Fa,1900,1,,
4000009527.jpg,FRESHMAN CLASS DINNER at HOTEL VENDOME,Boston%2C%20MA,Massachusetts,1900,2,,
4000009557.jpg,Whitefriars Club Menu,,n%2Fa,1900,2,,
4000009578.jpg,Breakfast Menu at Battle Creek Sanitarium,Battle%20Creek%2C%20MI,Michigan,1900,0,,
4000009607.jpg,Dinner Menu on Hamburg-American Line's Mail Steamer Graf Waldersee,Hamburg%2C%20Germany,n%2Fa,1900,0,,
4000009614.jpg,Columbia University Phililexian Society Menu,,n%2Fa,1900,2,,
4000009620.jpg,Cooper's Association Menu,,n%2Fa,1900,2,,
4000009622.jpg,DAILY MENU at GERMAN RESTAURANT AND BUFFET,Chicago%2C%20IL,Illinois,1900,0,,
4000009634.jpg,Dinner Menu at Gordon Hotel,Washington%2C%20D.C.,Washington%2C%20D.C.,1900,0,,
4000009642.jpg,Dinner Menu on SS City of Rio de Janeiro,Rio%20de%20Janeiro%2C%20Brazil,n%2Fa,1900,1,,
4000009648.jpg,Accountants' Luncheon Menu,New%20Orleans%2C%20LA,Louisiana,1900,0,,
4000009666.jpg,NEW ENGLAND SHORTHAND REPORTER'S ASSOCIATION SEMI-ANNUAL DINNER,Boston%2C%20MA,Massachusetts,1900,2,,
4000009669.jpg,Rector's Daily Menu,New%20York%2C%20NY,New%20York,1900,0,,
4000009676.jpg,Wb Menu,,n%2Fa,1900,0,,
4000009689.jpg,Dinner Menu on SS CITY OF PARA,,n%2Fa,1900,1,,
4000009692.jpg,Daily Menu at John Wanamaker,New%20York%2C%20NY,New%20York,1900,0,,
4000009702.jpg,Dinner Menu on SS CITY OF PARA by PACIFIC MAIL STEAMSHIP COMPANY,,n%2Fa,1900,1,,
4000009725.jpg,Supper Menu at New Falmouth Hotel,Portland%2C%20ME,Maine,1900,0,,
4000009733.jpg,Dinner Menu on SS City of Rio de Janeiro,Rio%20de%20Janeiro%2C%20Brazil,n%2Fa,1900,1,,
4000009755.jpg,Diner Menu on S.S. 'CITY OF PARA' by PACIFIC MAIL STEAMSHIP COMPANY,,n%2Fa,1900,1,,
4000009774.jpg,Menu,Chicago%2C%20IL,Illinois,1900,0,,
4000009794.jpg,Men's Mutual Benefit Association Dining Menu,,n%2Fa,1900,2,,
4000009812.jpg,Trans Pacific Line Menu,,n%2Fa,1900,1,,
4000009818.jpg,Unitarian Festival Dinner,Boston%2C%20MASS.,Massachusetts,1900,2,,
4000009819.jpg,Canadian Society Of New York Menu,,n%2Fa,1900,2,,
4000009825.jpg,Hon.J.K.P.Hall Menu,,n%2Fa,1900,0,,
4000009836.jpg,Chamber of Manufacturers Menu,,n%2Fa,1900,0,,
4000009840.jpg,Daily Menu at English Hotel Restaurant,Manila%2C%20P.I.,n%2Fa,1900,0,,
4000009843.jpg,Luncheon Buffet Service on Chicago Great Western Railway,Chicago%2C%20Illinois,Illinois,1900,1,,
4000009883.jpg,Regular Menu,Boston%2C%20MA,Massachusetts,1900,0,,
4000009885.jpg,Dinner at The D&H Dining Car Service,,n%2Fa,1900,0,,
4000009907.jpg,Business Men's League Quarterly Membership Meeting Menu,St.%20Louis%2C%20MO,Missouri,1900,2,,
4000009911.jpg,"Dinner Menu aboard City of Para, Pacific Mail Steamship Company Panama Line",,n%2Fa,1900,1,,
4000009922.jpg,Commissary Menu,,n%2Fa,1900,0,,
4000009931.jpg,Hotel Imperial Menu,,n%2Fa,1900,0,,
4000009934.jpg,Alumnae Of Wilson College Banquet Menu,,n%2Fa,1900,2,,
4000009957.jpg,Traveling Freight Agents Menu,,n%2Fa,1900,1,,
4000009970.jpg,Dinner Menu on SS RIO DE JANEIRO,,n%2Fa,1900,1,,
4000009984.jpg,Dartmouth Club Dining Menu,New%20York%2C%20NY,New%20York,1900,2,,
4000009990.jpg,Pacific Mail Steamship Co./Trans Pacific Line Menu,,n%2Fa,1900,1,,
4000009998.jpg,Dinner at Willow Grove Park Casino,Willow%20Grove%20Park%2C%20PA,Pennsylvania,1900,0,,
4000010029.jpg,Dinner Menu on SS RIO DE JANEIRO,,n%2Fa,1900,1,,
4000010051.jpg,Dinner Menu at Narragansett Hotel Cafe,Providence%2C%20RI,Rhode%20Island,1900,0,,
4000010072.jpg,Railway Dining Menu,,n%2Fa,1900,1,,
4000010089.jpg,Hotel Earlington Menu,,n%2Fa,1900,0,,
4000010106.jpg,Edward F. Lang's Ladies' And Gent's Lunch Room And Restaurant - Breakfast/Supper/Lunch,New%20York%2C%20NY,New%20York,1900,0,,
4000010111.jpg,Fifth Anniversary Dinner at Griswold House,Detroit%2C%20MI,Michigan,1900,2,,
4000010121.jpg,EXAMINATION PAPER at PARKER'S,,n%2Fa,1900,2,,
4000010123.jpg,Complimentary Dinner for the Class of '80 - Twentieth Anniversary Celebration,Schenectady%2C%20NY,New%20York,1900,2,,
4000010132.jpg,Bar Association Menu,,n%2Fa,1900,2,,
4000010151.jpg,Noon Dinner Menu at Victory Hotel,Put%20in%20Bay%20Island%2C%20OH,Ohio,1900,0,,
4000010157.jpg,A La Carte Menu,Chicago%2C%20IL,Illinois,1900,2,,
4000010173.jpg,Fourth of July Menu at New Rockingham,Narragansett%20Pier%2C%20RI,Rhode%20Island,1900,2,,
4000010179.jpg,Fourth of July Dinner at Hotel Colorado,Glenwood%20Springs%2C%20CO,Colorado,1900,2,,
4000010184.jpg,Dinner Menu at Alta Vista Hotel,Colorado%20Springs%2C%20CO,Colorado,1900,0,,
4000010191.jpg,July Fourth Dinner at Catskill Mountain House,Catskill%20Mountain%20House%2C%20NY,New%20York,1900,2,,
4000010195.jpg,Sixth Anniversary Banquet at Hotel Continental,Paris%2C%20France,n%2Fa,1900,2,,
4000010205.jpg,Daily Dinner Menu on SS CITY OF RIO DE JANEIRO,Rio%20de%20Janeiro%2C%20Brazil,n%2Fa,1900,1,,
4000010216.jpg,Eighth Annual Dinner at Hale's Tavern,Wells%20River%2C%20VT,Vermont,1900,2,,
4000010233.jpg,Hotel Touraine Dining Menu,Philadelphia%2C%20PA,Pennsylvania,1900,0,,
4000010251.jpg,Sunday Dinner at Hotel Victory,Put%20in%20Bay%2C%20Ohio,Ohio,1900,0,,
4000010254.jpg,Dinner Menu at Hotel Colorado,Glenwood%20Springs%2C%20CO,Colorado,1900,0,,
4000010264.jpg,Classic American Cuisine Menu,Crosby%2C%20Texas,Texas,1900,0,,
4000010277.jpg,Warehousemen's Association Menu,New%20York%2C%20NY,New%20York,1900,2,,
4000010281.jpg,Dinner A La Carte at Planters Hotel,St.%20Louis%2C%20MO,Missouri,1900,0,,
4000010288.jpg,DINNER MENU at Planters Hotel,ST.%20LOUIS%2C%20MO,Missouri,1900,0,,
4000010298.jpg,Railway Dining Menu,,n%2Fa,1900,1,,
4000010300.jpg,A LA CARTE menu on board SS NORTH LAND,,n%2Fa,1900,1,,
4000010309.jpg,Table de Hote Dinner/Fish Dinner at Hotel Velvet,Old%20Orchard%20Beach%2C%20ME,Maine,1900,0,,
4000010313.jpg,Semi-Centennial Celebration Luncheon at Hotel Champlain,Clinton%2C%20NY,New%20York,1900,2,,
4000010317.jpg,Carte du Jour at Planters Hotel,St.%20Louis%2C%20MO,Missouri,1900,0,,
4000010322.jpg,24th Annual Banquet at Illinois State Bar Association,Chicago%2C%20IL,Illinois,1900,2,,
4000010327.jpg,Breakfast Menu on SS North West,,n%2Fa,1900,1,,
4000010340.jpg,Tower Restaurant And Cafe Menu,,n%2Fa,1900,0,,
4000010353.jpg,A LA CARTE menu on SS NORTH WEST,,n%2Fa,1900,1,,
4000010368.jpg,Dinner at Del Prado Hotel,Chicago%2C%20IL,Illinois,1900,0,,
4000010373.jpg,Breakfast at United States Hotel,Saratoga%20Springs%2C%20NY,New%20York,1900,0,,
4000010376.jpg,Dinner Menu at Catskill Mountain House,Catskill%2C%20New%20York,New%20York,1900,0,,
4000010379.jpg,Dinner Menu at Colorado Hotel,Colorado%20Hotel,Colorado,1900,0,,
4000010430.jpg,Transatlantic Cuisine Menu,,n%2Fa,1900,1,,
4000010489.jpg,Seventh Annual Convention Banquet at Hotel Pfister,Milwaukee%2C%20WI,Wisconsin,1900,2,,
4000010503.jpg,Medical Profession Menu,,n%2Fa,1900,0,,
4000010506.jpg,Semi-Annual Meeting and Dinner Menu,Put-in-Bay%2C%20OH,Ohio,1900,2,,
4000010526.jpg,Court Reporting Conference Menu,,n%2Fa,1900,2,,
4000010555.jpg,Dinner at Grand Hotel L'd.,Yokohama%2C%20JAPAN,n%2Fa,1900,0,,
4000010574.jpg,ANNUAL OUTING MENU at HOTEL VICTORY,Put-in-Bay-Island%2C%20OH,Ohio,1900,2,,
4000010621.jpg,TIFFIN at TOYO KISEN KAISHA,,n%2Fa,1900,1,,
4000010625.jpg,Dinner Menu on Toyo Kisen Kaisha's Hong Kong Maru,,n%2Fa,1900,1,,
4000010628.jpg,Daily Menu at Terminal Station Lunch Room,Boston%2C%20MA,Massachusetts,1900,0,,
4000010632.jpg,Hotel Kurhaus Dining Menu,The%20Hague%2C%20Netherlands,n%2Fa,1900,0,,
4000010670.jpg,Twenty-Third Annual Banquet Menu,SARATOGA%2C%20NY,New%20York,1900,0,,
4000010692.jpg,Daily Bill of Fare at Brown Palace Hotel,Denver%2C%20CO,Colorado,1900,0,,
4000010699.jpg,Hotel Dining Menu,Elmer%2C%20New%20Jersey,New%20Jersey,1900,0,,
4000010709.jpg,Daily Menu,Berlin%2C%20GERMANY,n%2Fa,1900,0,,
4000010714.jpg,Haake Freres Menu,,n%2Fa,1900,0,,
4000010741.jpg,Dinner Menu at Profile House/Hotel Vendome,Boston%2C%20MA,Massachusetts,1900,0,,
4000010755.jpg,Dinner Menu on SS Hong Kong Maru,Hong%20Kong,n%2Fa,1900,1,,
4000010759.jpg,Lunch Menu at Zum Franciskaner/Oscar Begauer,Berlin%2C%20GERMANY,n%2Fa,1900,0,,
4000010784.jpg,Complimentary Dinner for Warrant Officers of U.S. North Atlantic Squadron,Bar%20Harbor%2C%20ME,Maine,1900,2,,
4000010811.jpg,Bakery Menu,,n%2Fa,1900,0,,
4000010892.jpg,Hotel De Paris Menu,,n%2Fa,1900,0,,
4000010906.jpg,Dinner Menu at Maplewood Hotel,White%20Mountains%2C%20NH,New%20Hampshire,1900,0,,
4000010981.jpg,Association Meeting Menu,,n%2Fa,1900,2,,
4000011007.jpg,Dinner Menu on Dampfer 'Aller' by Nordeutscher Lloyd Bremen,Bremen%2C%20Germany,n%2Fa,1900,1,,
4000011030.jpg,National Coopers Association Banquet,Chicago%2C%20IL,Illinois,1900,2,,
4000011046.jpg,American Typothetae Cuisine,,n%2Fa,1900,0,,
4000011063.jpg,Veterans' Post Menu,Lafayette,Indiana,1900,2,,
4000011079.jpg,Association Meeting Menu,,n%2Fa,1900,2,,
4000011089.jpg,Daily Menu at Century Club,Cleveland%2C%20OHIO,Ohio,1900,0,,
4000011094.jpg,Dinner Menu for Lehigh Valley Railroad Dining Car Service,,n%2Fa,1900,1,,
4000011096.jpg,Century Club MENU,Cleveland%2C%20OHIO,Ohio,1900,0,,
4000011117.jpg,Dinner Menu for Black Diamond Express on Lehigh Valley Railroad,,n%2Fa,1900,1,,
4000011128.jpg,Senate Dining Menu,,n%2Fa,1900,2,,
4000011131.jpg,Century Club Luncheon Menu,Cleveland%2C%20OH,Ohio,1900,0,,
4000011162.jpg,Sunday Dinner at Grandon Hotel,Helena%2C%20MT,Montana,1900,0,,
4000011168.jpg,Dinner Menu at Chicago Beach Hotel,Chicago%2C%20IL,Illinois,1900,0,,
4000011191.jpg,Friends Of H.Anthony Dyer Menu,,n%2Fa,1900,2,,
4000011222.jpg,Medical Association Menu,,n%2Fa,1900,0,,
4000011243.jpg,Banquet Honoring Judging Colleagues,Frankfurt%20A.M.%2C%20GERMANY,n%2Fa,1900,2,,
4000011256.jpg,Griswold House Dinner Menu,Detroit%2C%20MI,Michigan,1900,0,,
4000011279.jpg,Complimentary Dinner for Directors of the First Fall Festival,Cincinnati%2C%20OH,Ohio,1900,2,,
4000011294.jpg,Medical Association Dining Menu,New%20York%2C%20NY,New%20York,1900,0,,
4000011301.jpg,Medical Academy Menu,Altoona%2C%20PA,Pennsylvania,1900,0,,
4000011319.jpg,Fraternity Menu,,n%2Fa,1900,0,,
4000011338.jpg,Field Day Feast Menu,,n%2Fa,1900,2,,
4000011373.jpg,Second Anniversary Dinner at Colonial Hotel,Cleveland%2C%20OH,Ohio,1900,2,,
4000011399.jpg,Democratic Clubs Menu,,n%2Fa,1900,2,,
4000011404.jpg,Consuls of Melbourne Menu,Melbourne%2C%20VIC,n%2Fa,1900,0,,
4000011453.jpg,Banquet Menu at St. Louis Horse Show Association,St.%20Louis%2C%20Missouri,Missouri,1900,2,,
4000011458.jpg,Ellicott Club Menu,,n%2Fa,1900,0,,
4000011462.jpg,Zouave Cadets Menu,,n%2Fa,1900,0,,
4000011468.jpg,Churchmen's Club Menu,,n%2Fa,1900,2,,
4000011476.jpg,Complimentary Luncheon at National Horse Show Association Of America,New%20York%2C%20NY,New%20York,1900,2,,
4000011482.jpg,Rubber Club Menu,,n%2Fa,1900,0,,
4000011495.jpg,Merchant's Club Menu,,n%2Fa,1900,0,,
4000011501.jpg,27th Annual Dinner at Cuvier Club,Cincinnati%2C%20OHIO,Ohio,1900,2,,
4000011533.jpg,First Annual Banquet at Kentucky Club of Chicago,Chicago%2C%20IL,Illinois,1900,2,,
4000011544.jpg,"Sunday Dinner at New Hotel Berkeley,The",Asheville%2C%20NC,North%20Carolina,1900,0,,
4000011593.jpg,Thanksgiving Dinner at Planters Hotel,Planters%20Hotel,n%2Fa,1900,2,,
4000011612.jpg,Pacific Mail S.S. Co. Menu,,n%2Fa,1900,1,,
4000011618.jpg,Hotel Dining Menu,St.%20Charles%2C%20Missouri,Missouri,1900,0,,
4000011626.jpg,Norfolk House Menu,,n%2Fa,1900,0,,
4000011634.jpg,Railway Dining Menu,Baltimore%2C%20Maryland,Maryland,1900,1,,
4000011654.jpg,Menu for the Royal Commissioner and Members of the Executive Commission of Portugal at the 1900 World's Fair,,n%2Fa,1900,2,,
4000011665.jpg,Alumni Reunion Dinner Menu,New%20York%2C%20NY,New%20York,1900,2,,
4000011672.jpg,Poultry and Pet Stock Menu,Philadelphia%2C%20PA,Pennsylvania,1900,0,,
4000011688.jpg,University Law School Alumni Menu,,n%2Fa,1900,0,,
4000011710.jpg,Alumni Association Menu,,n%2Fa,1900,2,,
4000011717.jpg,Columbia College Students Menu,,n%2Fa,1900,0,,
4000011742.jpg,Dinner at Delmonico's,New%20York%2C%20NY,New%20York,1900,0,delmonicos,
4000011746.jpg,BANQUET COMMEMORATING 'THE BOSTON TEA PARTY',RUSSELL%20HOUSE%2C%20MI,Michigan,1900,2,,
4000011753.jpg,Dinner in Honor of Wu Ting-Fan at Lotos Club,New%20York%2C%20NY,New%20York,1900,2,,
4000011780.jpg,Dinner at St. Charles Hotel,Milwaukee%2C%20WI,Wisconsin,1900,0,,
4000011791.jpg,Second Annual Dinner at Shanley's Roman Court,New%20York%2C%20NY,New%20York,1900,2,,
4000011801.jpg,Assembly District Menu,New%20York%2C%20NY,New%20York,1900,2,,
4000011805.jpg,Possum Club Banquet at Griswold House,Detroit%2C%20MI,Michigan,1900,2,,
4000011809.jpg,New England Society Dinner at the Academy of Music,Brooklyn%2C%20NY,New%20York,1900,2,,
4000011828.jpg,Twentieth Anniversary Dinner at Hotel Manhattan,Manhattan%2C%20NY,New%20York,1900,2,,
4000011833.jpg,Daily Menu at Cafe Sachs,New%20York%2C%20NY,New%20York,1900,0,,
4000011836.jpg,Hotel Schenley Dinner Menu,Pittsburgh%2C%20PA,Pennsylvania,1900,0,,
4000011845.jpg,Christmas Dinner at Russell House,Detroit%2C%20MI,Michigan,1900,2,,
4000011851.jpg,Christmas Dinner at San Juan Hotel,Orlando%2C%20FL,Florida,1900,2,,
4000011854.jpg,Christmas Dinner at Tulane Hotel,Nashville%2C%20TENN.,Tennessee,1900,2,,
4000011868.jpg,Christmas Dinner on S.S. China,,n%2Fa,1900,2,,
4000011872.jpg,Christmas Dinner at Depew Inn,Depew%2C%20NY,New%20York,1900,2,,
4000011876.jpg,DINNER MENU at PASSENGER STATION,Chicago%2C%20IL,Illinois,1900,0,,
4000011885.jpg,Christmas Dinner at Central Hotel,Charlotte%2C%20NC,North%20Carolina,1900,2,,
4000011890.jpg,Christmas Dinner at Griswald House,Detroit%2C%20MI,Michigan,1900,2,,
4000011893.jpg,Christmas Dinner at Cook's Nile Service,,n%2Fa,1900,2,,
4000011900.jpg,Christmas Dinner at Ye Hotel Colonial,Cleveland%2C%20OH,Ohio,1900,2,,
4000011903.jpg,Christmas Dinner aboard Coptic,,n%2Fa,1900,2,,
4000011909.jpg,Christmas Dinner at Hotel Schenley,Pittsburgh%2C%20PA,Pennsylvania,1900,2,,
4000011915.jpg,Christmas Dinner at Hotel Pabst,New%20York%2C%20NY,New%20York,1900,2,,
4000011932.jpg,Holly Inn Menu,,n%2Fa,1900,0,,
4000011945.jpg,Commercial Travelers Menu,,n%2Fa,1900,0,,
4000011954.jpg,University Law School Class Of 'O2 Menu,,n%2Fa,1900,2,,
4000011963.jpg,Dinner at Victoria The,Chicago%2C%20IL,Illinois,1900,0,,
4000011969.jpg,New Year's Eve Menu,New%20York%2C%20NY,New%20York,1900,2,,
4000011984.jpg,MENU DU DEJEUNER,Jerusalem%2C%20Palestine,n%2Fa,1909,0,,
4000011991.jpg,New Year's Day Dinner at Chicago Beach Hotel,Chicago%2C%20IL,Illinois,1901,2,,
4000011998.jpg,Sunday Dinner at New State House,Waco%2C%20TX,Texas,1901,0,,
4000012003.jpg,Dinner Menu at St. Charles Hotel,Milwaukee%2C%20WI,Wisconsin,1901,0,,
4000012022.jpg,Hotel Dining Menu,St.%20Charles%2C%20IL,Illinois,1901,0,,
4000012028.jpg,SEVENTH ANNUAL REUNION DINNER at DELMONICO'S,New%20York%2C%20NY,New%20York,1901,2,delmonicos,
4000012035.jpg,Banquet for Visiting Citizens of Knoxville at Duncan Hotel,Nashville%2C%20TN,Tennessee,1901,2,,
4000012044.jpg,22nd Annual Banquet at Delmonico's,New%20York%2C%20NY,New%20York,1901,0,delmonicos,
4000012059.jpg,Annual Dinner Menu for Cornell Alumni In New York & Vicinity,New%20York%2C%20NY,New%20York,1901,2,waldorf,
4000012074.jpg,NEW YORK FARMERS DINNER at METROPOLITAN CLUB,New%20York%2C%20NY,New%20York,1901,2,,
4000012080.jpg,Dinner at Prudential Life Insurance Co. Event at Waldorf-Astoria Hotel,New%20York%2C%20NY,New%20York,1901,2,waldorf,
4000012101.jpg,Thirteenth Annual Dinner at Tontine Hotel,New%20Haven%2C%20CT,Connecticut,1901,2,,
4000012107.jpg,Breakfast at Hotel Colonial,Cleveland%2C%20OH,Ohio,1901,0,,
4000012125.jpg,Sixteenth Annual Dinner at Waldorf-Astoria Hotel,New%20York%2C%20NY,New%20York,1901,2,waldorf,
4000012163.jpg,Dinner Menu at Pine Forest Inn,Summerville%2C%20S.C.,South%20Carolina,1901,0,,
4000012191.jpg,Dinner to Visiting State Editors at Maxwell House,Nashville%2C%20TN,Tennessee,1901,2,,
4000012198.jpg,Blatt County Medical Society Annual Dinner at Logan House,Altoona%2C%20PA,Pennsylvania,1901,2,,
4000012211.jpg,Annual Dinner of the Altoona Staff at Logan House,Altoona%2C%20PA,Pennsylvania,1901,2,,
4000012217.jpg,Chi Psi Alumni Association Annual Banquet,Albany%2C%20NY,New%20York,1901,2,,
4000012220.jpg,Annual Dinner Menu at West Side Republican Club,New%20York%2C%20NY,New%20York,1901,2,waldorf,
4000012228.jpg,Temple Club Annual Dinner at Hotel Manhattan,New%20York%2C%20NY,New%20York,1901,2,,
4000012233.jpg,Banquet in Honor of Visitors of S.M.S Vineta at St. Charles Hotel,New%20Orleans%2C%20LA,Louisiana,1901,0,,
4000012239.jpg,Annual Dinner Menu for College of the City of New York Alumni,New%20York%2C%20NY,New%20York,1901,2,,
4000012263.jpg,Daily Menu at Restaurant Zoologischer Garten,Hamburg%2C%20GERMANY,n%2Fa,1901,0,,
4000012268.jpg,Yale Alumni Association Annual Dinner at NYASSET CLUB,Springfield%2C%20MA,Massachusetts,1901,2,,
4000012315.jpg,BANQUET FOR JOHN MARSHALL DAY at LOGAN HOUSE,Altoona%2C%20PA,Pennsylvania,1901,2,,
4000012321.jpg,DINNER FOR JOHN MARSHALL DAY at COLONIAL HOTEL,Cleveland%2C%20OH,Ohio,1901,2,,
4000012327.jpg,Once A Year Club Of Insurance Journalists Anniversary Banquet and Meeting Menu,New%20York%2C%20NY,New%20York,1901,2,,
4000012341.jpg,Annual Meeting Lunch at North River Steamboat Co.,Nyack%2C%20NY,New%20York,1901,2,,
4000012358.jpg,Third Annual Dinner by Society of the Genesee,New%20York%2C%20NY,New%20York,1901,2,waldorf,
4000012394.jpg,Sixth Annual Dinner at Gelb's Parlors,Providence%2C%20RI,Rhode%20Island,1901,2,,
4000012399.jpg,Dinner Menu on HAMBURG-AMERIKA LINIE's SCHNELLDAMPFER 'VICTORIA LUISE',Hamburg%2C%20Germany,n%2Fa,1901,1,,
4000012407.jpg,FIFTH ANNUAL DINNER at ST. GEORGE HOTEL,Nyack%2C%20NY,New%20York,1901,2,,
4000012413.jpg,St. Valentine's Day Dinner at Stanton House,Chattanooga%2C%20TN,Tennessee,1901,2,,
4000012417.jpg,Dinner Menu on Yacht Prinzessin Victoria Victoria Luise,Hamburg%2C%20Germany,n%2Fa,1901,1,,
4000012435.jpg,SIXTEENTH ANNUAL DINNER at Architectural League Of New York,,n%2Fa,1901,2,,
4000012440.jpg,UNIVERSITY OF VERMONT ANNUAL DINNER at HOTEL MANHATTAN,New%20York%2C%20NY,New%20York,1901,2,,
4000012449.jpg,Fifth Annual Banquet Menu at Allyn House,Hartford%2C%20CT,Connecticut,1901,2,,
4000012463.jpg,EIGHTH ANNUAL DINNER at ANCIENT LODGE NO. 724 F. & A.M.,New%20York%2C%20NY,New%20York,1901,2,,
4000012467.jpg,Fifth Annual Dinner at Hotel Manhattan,Manhattan%2C%20NY,New%20York,1901,2,,
4000012470.jpg,Dinner Menu on Hamburg-Amerika Linie's Schnelldampfer Auguste Victoria,Hamburg%2C%20Germany,n%2Fa,1901,1,,
4000012494.jpg,Annual Dinner at New Algonquin Club,New%20York%2C%20NY,New%20York,1901,0,,
4000012508.jpg,Breakfast Menu on New York Central & Hudson River R.R.,,n%2Fa,1901,1,,
4000012512.jpg,17th Annual Reception and Banquet at Cafe Logeling,,n%2Fa,1901,2,,
4000012521.jpg,9th Annual Banquet at Brown Palace,Denver%2C%20CO,Colorado,1901,2,,
4000012535.jpg,15th Annual Dinner Menu,New%20York%2C%20NY,New%20York,1901,2,,
4000012552.jpg,Washington's Birthday Celebration Menu,Tampa%20Bay%2C%20FL,Florida,1901,2,,
4000012560.jpg,Washington's Birthday Dinner at Hollenden House,Cleveland%2C%20OH,Ohio,1901,2,,
4000012565.jpg,297th Meeting Menu at New Algonquin Club,Boston%2C%20MA,Massachusetts,1901,2,,
4000012570.jpg,George Washington's Birthday Celebration Menu,Squantum%2C%20RI,Rhode%20Island,1901,2,,
4000012572.jpg,Annual Meeting on the 169th Anniversary of the Birth of George Washington at Alms Hotel,Cincinnati%2C%20OH,Ohio,1901,2,,
4000012579.jpg,167th Anniversary Celebration of Gen'l. George Washington at SHERRY'S,New%20York%2C%20NY,New%20York,1901,2,,
4000012592.jpg,WEDDING BREAKFAST,Milwaukee%2C%20WI,Wisconsin,1901,0,,
4000012616.jpg,Dinner at St. Louis Club,ST.%20LOUIS%2C%20MO,Missouri,1901,2,,
4000012635.jpg,RECEPTION & DINNER at POUCH GALLERY,Brooklyn%2C%20NY,New%20York,1901,2,,
4000012646.jpg,ANNUAL DINNER at DELMONICO'S,New%20York%2C%20NY,New%20York,1901,2,delmonicos,
4000012651.jpg,HAUPTMAHLZEIT at YACHT: 'PRINZESSIN VICTORIA LUISE',Hamburg%2C%20Germany,n%2Fa,1901,1,,
4000012674.jpg,Complimentary Dinner in Honor of Gov. F. W. Rollins at Tampa Bay Hotel,Tampa%2C%20FL,Florida,1901,2,,
4000012722.jpg,Florida Golf Association Tournament Menu,Tampa%2C%20FL,Florida,1901,2,,
4000012736.jpg,SIXTEENTH ANNUAL BALL MENU,New%20York%2C%20NY,New%20York,1901,2,,
4000012749.jpg,Banquet of Cornell and Columbia Debating Teams,New%20York%2C%20NY,New%20York,1901,2,,
4000012757.jpg,National Wholesale Lumber Dealers Association Banquet,Pittsburgh%2C%20PA,Pennsylvania,1901,0,,
4000012771.jpg,Complimentary Banquet at Savoy Hotel,New%20York%2C%20NY,New%20York,1901,2,,
4000012799.jpg,Dinner at Tampa Bay Hotel,Tampa%2C%20FL,Florida,1901,0,,
4000012809.jpg,Historic Menu at Tampa Bay Hotel,Tampa%2C%20Florida,Florida,1901,0,,
4000012814.jpg,Bill of Fare,New%20York%2C%20NY,New%20York,1901,0,,
4000012833.jpg,HAUPTMAHLZEIT at SCHNELLDAMPFER 'AUGUSTE VICTORIA',Hamburg%2C%20Germany,n%2Fa,1901,1,,
4000012836.jpg,"Great Surprise, The",New%20York%2C%20NY,New%20York,1901,0,,
4000012863.jpg,Banquet in Honor of the Chicago Commercial Club and Guests,San%20Francisco%2C%20CA,California,1901,2,,
4000012891.jpg,"Complimentary Dinner in Honor of Curtis Guild, Jr.",Boston%2C%20MA,Massachusetts,1901,0,,
4000012963.jpg,Dinner at Hotel Vendome,Boston%2C%20MA,Massachusetts,1901,0,,
4000012990.jpg,Dinner honoring Daniel V. Masterson,Philadelphia%2C%20PA,Pennsylvania,1901,2,,
4000013000.jpg,DINNER MENU on SS AUGUSTE VICTORIA,Hamburg%2C%20Germany,n%2Fa,1901,1,,
4000013021.jpg,Fifth Annual Banquet at Arcanum Hall,Elizabeth%2C%20NJ,New%20Jersey,1901,2,,
4000013028.jpg,Ninth Annual Banquet at Hotel Iroquois,Buffalo%2C%20NY,New%20York,1901,2,,
4000013035.jpg,LUNCH menu on SS HOHENZOLLERN,Norddeutscher%20Lloyd%20Bremen,n%2Fa,1901,1,,
4000013042.jpg,Dinner at Century Club for S.T. Wellman,New%20York%2C%20NY,New%20York,1901,0,,
4000013116.jpg,Dinner Menu on HAMBURG-AMERIKA LINIE's SCHNELLDAMPFER 'AUGUSTE VICTORIA',Hamburg%2C%20Germany,n%2Fa,1901,1,,
4000013126.jpg,Complimentary Dinner in Honor of Mr. Charles A. Brunn's Approaching Marriage,New%20York%2C%20NY,New%20York,1901,2,,
4000013143.jpg,"First Reunion, Class of '99 at Gelb's Parlors",Providence%2C%20RI,Rhode%20Island,1901,2,,
4000013151.jpg,Easter Dinner at Place Viger Hotel,Montreal%2C%20Canada,n%2Fa,1901,2,,
4000013156.jpg,Daily Menu at Drake's Oyster House And Cafe,New%20York%2C%20NY,New%20York,1901,0,,
4000013172.jpg,Silsbe & Son Oyster-House And Restaurant Daily Menu,New%20York%2C%20NY,New%20York,1901,0,,
4000013194.jpg,25th Anniversary Banquet at Hotel Savoy,New%20York%2C%20NY,New%20York,1901,2,,
4000013216.jpg,The Great Surprise Bill of Fare,New%20York%2C%20NY,New%20York,1901,0,,
4000013238.jpg,Complimentary Banquet for Grand Encampment of Visiting Patriots,Jacksonville%2C%20FL,Florida,1901,2,,
4000013257.jpg,Banquet for Visiting Members of the National Academy of Sciences,Washington%2C%20D.C.,Washington%2C%20D.C.,1901,2,,
4000013259.jpg,Diner at Grand Hotel de Madrid,Madrid%2C%20Spain,n%2Fa,1901,0,,
4000013267.jpg,HUDSON RIVER SCHOOL MASTERS' CLUB DINNER at THE TEN EYCK,Albany%2C%20NY,New%20York,1901,2,,
4000013276.jpg,28th Annual Dinner Menu at Delmonico's,New%20York%2C%20NY,New%20York,1901,0,delmonicos,
4000013288.jpg,DINNER at TROCADERO,TROCADERO%2C%20Universalist%20Club%20Of%20Rhode%20Island,Rhode%20Island,1901,2,,
4000013298.jpg,St. George's Society of New York Dinner at Delmonico's,New%20York%2C%20NY,New%20York,1901,2,delmonicos,
4000013314.jpg,DINNER MENU on SS HOHENZOLLERN,Bremen%2C%20Germany,n%2Fa,1901,1,,
4000013326.jpg,Park Restaurant Menu,New%20York%2C%20NY,New%20York,1901,0,,
4000013331.jpg,Central Dining Room and Restaurant Menu,New%20York%2C%20NY,New%20York,1901,0,,
4000013334.jpg,A.M. Sweet & Son Hotel & Restaurant Menu,New%20York%2C%20NY,New%20York,1901,0,,
4000013337.jpg,Astor House Luncheon Menu,New%20York%2C%20NY,New%20York,1901,0,,
4000013343.jpg,Lunch Menu at Cosmopolitan Hotel,New%20York%2C%20NY,New%20York,1901,0,,
4000013347.jpg,Daily Menu,New%20York%2C%20NY,New%20York,1901,0,,
4000013350.jpg,Classic American Diner Menu,Arnold%2C%20Pennsylvania,Pennsylvania,1901,0,,
4000013354.jpg,Daily Menu,New%20York%2C%20NY,New%20York,1901,0,,
4000013362.jpg,Daily Menu at New York Press Club,New%20York%2C%20NY,New%20York,1901,0,,
4000013367.jpg,Classic French Cuisine Menu,,n%2Fa,1901,0,,
4000013386.jpg,Club Dining Menu,,n%2Fa,1901,0,,
4000013391.jpg,George W. Smith Menu,,n%2Fa,1901,0,,
4000013393.jpg,Haan's Daily Menu,New%20York%2C%20NY,New%20York,1901,0,,
4000013399.jpg,Daily Menu at Union Square Hotel,New%20York%2C%20NY,New%20York,1901,0,,
4000013403.jpg,Dinner Menu at Cafe St. Denis,New%20York%2C%20NY,New%20York,1901,0,,
4000013411.jpg,Breakfast Menu at Mouquin Restaurant And Wine Co.,,n%2Fa,1901,0,,
4000013424.jpg,Smith & Mcnells Menu,,n%2Fa,1901,0,,
4000013427.jpg,Dinner at The President & Directors Of The Confederation Life Association,Toronto%2C%20CANADA,n%2Fa,1901,2,,
4000013432.jpg,Wine & Dine Menu,New%20York%2C%20NY,New%20York,1901,0,,
4000013457.jpg,Philolexian Society Menu,,n%2Fa,1901,2,,
4000013518.jpg,FIFTH AVENUE HOTEL MENU,New%20York%2C%20NY,New%20York,1901,0,,
4000013526.jpg,Breakfast at Fifth Avenue Hotel,New%20York%2C%20NY,New%20York,1901,0,,
4000013544.jpg,Colonial Era Dining Menu,,n%2Fa,1901,2,,
4000013568.jpg,Fire Safety Board Menu,,n%2Fa,1901,0,,
4000013576.jpg,Club Dining Menu,Hamilton%2C%20Ontario,n%2Fa,1901,0,,
4000013584.jpg,Alfred J. Miller Menu,,n%2Fa,1901,0,,
4000013591.jpg,Campus Dining Menu,Ithaca%2C%20NY,New%20York,1901,0,,
4000013615.jpg,Dinner Menu on SS 'LAHN',Bremen,n%2Fa,1901,0,,
4000013674.jpg,Daily Menu at Metropolitan Club,Washington%2C%20DC,Washington%2C%20D.C.,1901,0,,
4000013680.jpg,Postal Service Employee Menu,San%20Francisco%2C%20CA,California,1901,0,,
4000013707.jpg,Ohio Society of California Menu,,n%2Fa,1901,2,,
4000013740.jpg,Rev. Joseph H.Macmahon Menu,,n%2Fa,1901,0,,
4000013749.jpg,Annual Dinner Menu at Waldorf-Astoria Hotel,New%20York%2C%20NY,New%20York,1901,2,waldorf,
4000013762.jpg,Colonial Dinner at Society Of Colonial Wars In The State Of New Jersey,Princeton%2C%20NJ,New%20Jersey,1901,2,,
4000013770.jpg,Rector's Daily Supper Menu,New%20York%2C%20NY,New%20York,1901,0,,
4000013783.jpg,"Dinner Menu, Second Cabin, Oceanic Steamship Company - Ventura",,n%2Fa,1901,1,,
4000013786.jpg,N.C. At Squantum Menu,Squantum%2C%20Massachusetts,Massachusetts,1901,0,,
4000013789.jpg,Bill of Fare,New%20York%2C%20NY,New%20York,1901,0,,
4000013804.jpg,American Inn Menu,American%20Inn,n%2Fa,1901,0,,
4000013835.jpg,Daily Menu,Buffalo%2C%20NY,New%20York,1901,0,,
4000013848.jpg,Masonic Lodge Menu,,n%2Fa,1901,2,,
4000013872.jpg,Dinner Menu - Second Cabin,,n%2Fa,1901,1,,
4000013879.jpg,Society Luncheon Menu,New%20York%2C%20NY,New%20York,1901,2,,
4000013907.jpg,Dinner Menu on Oceanic Steamship Co. Ventura,,n%2Fa,1901,1,,
4000013913.jpg,Police Endowment Association Menu,New%20York%2C%20NY,New%20York,1901,0,,
4000013927.jpg,American Climatological Association Dinner at Cataract House,Niagara%20Falls%2C%20NY,New%20York,1901,2,,
4000013938.jpg,Syrian Temple Annual Dinner,Cincinnati%2C%20OHIO,Ohio,1901,2,,
4000013956.jpg,Daily Dinner Menu on Ocean Steamship Co.,,n%2Fa,1901,1,,
4000013965.jpg,DINNER MENU - SS VENTURA;2ND CABIN,,n%2Fa,1901,1,,
4000013971.jpg,"Mrs Cluff Lunch Menu at Red Room, Bohemian Club",,n%2Fa,1901,0,,
4000013976.jpg,"Luncheon Menu at Mirror Lake Pergola, Pan-American Exposition",,n%2Fa,1901,2,,
4000013979.jpg,Old Bachelors' Association Menu,,n%2Fa,1901,2,,
4000013981.jpg,Breakfast menu on the Great Northern Ry. Line by Northern Steamship Co.,,n%2Fa,1901,1,,
4000013985.jpg,"Lunch Menu at Steamer Saratoga, Troy Line",,n%2Fa,1901,1,,
4000013991.jpg,Dinner at Country Club,Grosse%20Pointe%2C%20MI,Michigan,1901,0,,
4000014001.jpg,Dinner to the Board of Officers of the Catholic Club of the City of New York,New%20York%2C%20NY,New%20York,1901,2,,
4000014006.jpg,Men's Mutual Benefit Association Dining Menu,,n%2Fa,1901,0,,
4000014011.jpg,Entertainment Committee Menu,,n%2Fa,1901,2,,
4000014024.jpg,"Dinner Menu - Second Cabin, SS Ventura",,n%2Fa,1901,1,,
4000014042.jpg,Club Dining Menu,St.%20Louis%2C%20MO,Missouri,1901,2,,
4000014069.jpg,Cotton Belt Railroad Route Lunch or Dinner Menu,,n%2Fa,1901,1,,
4000014075.jpg,I.R.Benjamin Menu,,n%2Fa,1901,0,,
4000014084.jpg,Royal Dining Experience,,n%2Fa,1901,1,,
4000014093.jpg,DINNER at SS KONIGIN LUISE,Norddeutscher%20Lloyd%20Bremen,n%2Fa,1901,1,,
4000014105.jpg,Citizens Of Altoona Menu,Altoona%2C%20PA,Pennsylvania,1901,0,,
4000014148.jpg,Squantum Association Menu,,n%2Fa,1901,2,,
4000014159.jpg,Tuna Club Menu,,n%2Fa,1901,1,,
4000014225.jpg,Bankers Association Menu,,n%2Fa,1901,2,,
4000014227.jpg,International Acetylene Association Annual Dinner at Ellicott Club,Buffalo%2C%20NY,New%20York,1901,2,,
4000014240.jpg,Breakfast Menu on Hamburg-Amerika Linie's Furst Bismarck,Hamburg%2C%20Germany,n%2Fa,1901,1,,
4000014244.jpg,Silver Wedding Anniversary Menu,Hamburg%2C%20GERMANY,n%2Fa,1901,2,,
4000014261.jpg,Dinner Menu on Hamburg-Amerika Linie's Furst Bismarck,Hamburg%2C%20Germany,n%2Fa,1901,1,,
4000014285.jpg,DINNER MENU - SS FURST BISMARCK,Hamburg%2C%20Germany,n%2Fa,1901,1,,
4000014292.jpg,Class Of 1889 Harvard Menu,,n%2Fa,1901,0,,
4000014325.jpg,Dinner Menu at Kenwood Hotel,Manila%2C%20P.I.,n%2Fa,1901,0,,
4000014343.jpg,Dinner at Spring Reunion and Convention,Buffalo%2C%20NY,New%20York,1901,2,,
4000014354.jpg,Dinner honoring Judge John J. Jackson at Hotel Ruffner,Charleston%2C%20WV,West%20Virginia,1901,2,,
4000014368.jpg,Dinner to the President and Board of Directors of the Pan American Exposition,Buffalo%2C%20NY,New%20York,1901,0,,
4000014378.jpg,House Menu,Holland%2C%20MI,Michigan,1901,0,,
4000014388.jpg,ERIE RAILROAD DINNER,,n%2Fa,1901,1,,
4000014398.jpg,Dinner on the Erie Railroad,,n%2Fa,1901,1,,
4000014404.jpg,Medical Conference Menu,,n%2Fa,1901,2,,
4000014423.jpg,Patriotic Holiday Dinner,New%20Brighton%2C%20S.I.%20NY,New%20York,1901,2,,
4000014427.jpg,American-inspired Menu at the American Society In London,,n%2Fa,1901,2,,
4000014435.jpg,Dinner Menu on Hamburg-Amerika Linie Steamer Furst Bismarck,Hamburg%2C%20Germany,n%2Fa,1901,1,,
4000014440.jpg,Columbia Restaurant Lunch & Dinner Menu,New%20York%2C%20NY,New%20York,1901,0,,
4000014448.jpg,Breakfast Menu on Hamburg Amerika Express Steamer Furst Bismarck,Hamburg,n%2Fa,1901,1,,
4000014451.jpg,Steamer Furst Bismarck Menu,Hamburg%2C%20Germany,n%2Fa,1901,1,,
4000014454.jpg,Dinner Menu at Worthy Hotel,Springfield%2C%20MASS.,Massachusetts,1901,0,,
4000014472.jpg,Dinner Menu on SS Friedrich Der Grosse,Bremen%2C%20Germany,n%2Fa,1901,1,,
4000014478.jpg,Breakfast Menu on SS FURST BISMARCK,Hamburg%2C%20Germany,n%2Fa,1901,1,,
4000014490.jpg,DINNER MENU - SS FRIEDRICH DER GROSSE,Norddeutscher%20Lloyd%20Bremen,n%2Fa,1901,1,,
4000014517.jpg,DINNER MENU on SS FRIEDRICH DER GROSSE,Norddeutscher%20Lloyd%20Bremen,n%2Fa,1901,1,,
4000014559.jpg,Saddlery Association Menu,,n%2Fa,1901,0,,
4000014611.jpg,Dinner Menu on S.S.Zealander en route to Australia,,n%2Fa,1901,1,,
4000014623.jpg,Cooley's Sunday Tea,Springfield%2C%20MA,Massachusetts,1901,0,,
4000014626.jpg,Cooley's Dinner Menu,Springfield%2C%20MA,Massachusetts,1901,0,,
4000014633.jpg,Oceanic Steamship Company S.S. Zealander Menu,,n%2Fa,1901,1,,
4000014639.jpg,Dinner Menu on Hamburg-Amerika Linie's Express Steamer Furst Bismarck,Hamburg%2C%20Germany,n%2Fa,1901,1,,
4000014645.jpg,Dinner aboard S.S. Rosetta Maru,,n%2Fa,1901,1,,
4000014678.jpg,Rr Menu,Erie%2C%20PA,Pennsylvania,1901,0,,
4000014705.jpg,Catholic Church Menu,,n%2Fa,1901,0,,
4000014716.jpg,FRUHSTUCK-BREAKFAST at SCHNELLDAMPFER FURST BISMARCK,Hamburg%2C%20Germany,n%2Fa,1901,1,,
4000014727.jpg,Dinner Menu on S.S. ZEALANDIA by Oceanic Steamship Company,,n%2Fa,1901,1,,
4000014739.jpg,Chamberlin Hotel Luncheon Menu,Old%20Point%20Comfort%2C%20VA,Virginia,1901,0,,
4000014753.jpg,Lawn Party & Band Concert Menu,Bay%20Shore%2C%20NY,New%20York,1901,2,,
4000014771.jpg,Daily Menu,Buffalo%2C%20NY,New%20York,1901,0,,
4000014778.jpg,Dinner Menu on S.S.ZEALANDIA,,n%2Fa,1901,1,,
4000014818.jpg,Dinner Menu on S.S.Zealandia en route to Australia,,n%2Fa,1901,1,,
4000014831.jpg,Dinner Menu on S.S. Zealandia en route to Australia,,n%2Fa,1901,1,,
4000014840.jpg,Daily Menu at Claremont Hotel,New%20York%2C%20NY,New%20York,1901,0,,
4000014855.jpg,Wine List in Dining Car,Atlanta%2C%20Georgia,Georgia,1901,0,,
4000014915.jpg,Seafood Delights Menu,,n%2Fa,1901,1,,
4000014930.jpg,15th Annual Convention Menu,Buffalo%2C%20NY,New%20York,1901,2,,
4000014946.jpg,Maritime-themed menu,Auckland%2C%20New%20Zealand,n%2Fa,1901,1,,
4000014961.jpg,Convention Banquet Menu at Pfister Hotel,Milwaukee%2C%20WI,Wisconsin,1901,2,,
4000015010.jpg,Daily Menu at Streets Of Mexico Restaurant,Buffalo%2C%20NY,New%20York,1901,0,,
4000015014.jpg,Daily Menu at Terrace Garden Restaurant,New%20York%2C%20NY,New%20York,1901,0,,
4000015018.jpg,Phi Gamma Delta 53rd Annual Dinner,Niagara%20Falls%2C%20NY,New%20York,1901,2,,
4000015034.jpg,En Route Colonial Express Menu,Washington%2C%20D.C.,Washington%2C%20D.C.,1901,1,,
4000015055.jpg,Dutcher House Dinner Menu,Dutcher%20House%2C%20in%20Dutcher%20House,n%2Fa,1901,0,,
4000015056.jpg,Steamer Maine Menu,Stonington%2C%20Connecticut,Connecticut,1901,1,,
4000015068.jpg,FRUHSTUCK/LUNCH Menu on SS 'FRIEDRICH DER GROSSE',Bremen%2C%20Germany,n%2Fa,1901,1,,
4000015112.jpg,Dinner Menu at Pullman Buffet,,n%2Fa,1901,1,,
4000015126.jpg,L.Tirelli's Association 2nd Annual Ball Menu,New%20York%2C%20NY,New%20York,1901,2,,
4000015178.jpg,Daily Menu,Cincinnati%2C%20OH,Ohio,1901,0,,
4000015188.jpg,Breakfast Menu on SS DEUTSCHLAND,Hamburg%2C%20Germany,n%2Fa,1901,1,,
4000015193.jpg,Dinner Menu on SS DEUTSCHLAND,Hamburg%2C%20Germany,n%2Fa,1901,1,,
4000015208.jpg,Dinner Menu on HAMBURG-AMERIKA LINIE,Hamburg%2C%20Germany,n%2Fa,1901,1,,
4000015213.jpg,"Menus for Special Train to Episcopal Convention in San Francisco, Oct. 2, 1901",San%20Francisco%2C%20CA,California,1901,2,,
4000015236.jpg,Dinner Menu on Hamburg-Amerika Linie's Schnelldampfer 'Deutschland' Commodore Albers,Hamburg%2C%20Germany,n%2Fa,1901,1,,
4000015246.jpg,Menu for Hoffman House,Hoffman%20House%2C%20Hoffman%20House,n%2Fa,1901,0,,
4000015247.jpg,Bill of Fare,New%20York%2C%20NY,New%20York,1901,0,,
4000015263.jpg,Welsh-inspired Menu,London%2C%20England,n%2Fa,1901,0,,
4000015288.jpg,Yacht Races Menu,,n%2Fa,1901,1,,
4000015294.jpg,N.Y.Y.C. International Yacht Races Menu,,n%2Fa,1901,1,,
4000015306.jpg,Mahogany Palace Menu,Providence%2C%20RI,Rhode%20Island,1901,0,,
4000015320.jpg,American Revolution-themed menu,,n%2Fa,1901,2,,
4000015336.jpg,Stevens House Menu,New%20York%2C%20NY,New%20York,1901,0,,
4000015344.jpg,20th Annual Dinner at Sherry's,New%20York%2C%20NY,New%20York,1901,2,,
4000015358.jpg,Traditional Jewish Cuisine Menu,,n%2Fa,1901,2,,
4000015375.jpg,U.S.M.S.PHILADELPHIA LUNCHEON,,n%2Fa,1901,1,,
4000015379.jpg,Dinner Menu on U.S.M.S.Philadelphia,Philadelphia%2C%20PA,Pennsylvania,1901,1,,
4000015384.jpg,Breakfast Menu for State Department Special To The Pand American Congress,City%20of%20Mexico%2C%20Mexico,n%2Fa,1901,2,,
4000015426.jpg,Dinner Menu on SS Kronprinz Wilhelm,Bremen%2C%20Germany,n%2Fa,1901,1,,
4000015437.jpg,Mr. And Mrs. Jos Wenar Menu,,n%2Fa,1901,0,,
4000015439.jpg,Dinner Menu on SS KRONPRINZ WILHELM,Bremen%2C%20Germany,n%2Fa,1901,1,,
4000015469.jpg,Golden Jubilee Celebration Menu,Cincinnati%2C%20OH,Ohio,1901,2,,
4000015474.jpg,Annual Banquet Menu at Murray Hill Hotel,New%20York%2C%20NY,New%20York,1901,2,,
4000015481.jpg,Banquet at Hollenden Hotel,Cleveland%2C%20OH,Ohio,1901,2,,
4000015496.jpg,New England Shorthand Reporters' Association Dinner at American House,Boston%2C%20MA,Massachusetts,1901,2,,
4000015512.jpg,Pickwick Club Annual Dinner Menu,New%20Orleans%2C%20LA,Louisiana,1901,2,,
4000015524.jpg,West Side Republican Club Menu,,n%2Fa,1901,2,,
4000015535.jpg,Complimentary Dinner at Chicago Athletic Association,Chicago%2C%20IL,Illinois,1901,2,,
4000015537.jpg,Breakfast Menu on S.S. SAN JUAN,New%20York%2C%20NY,New%20York,1901,1,,
4000015548.jpg,Maritime Engineers Luncheon Menu,,n%2Fa,1901,1,,
4000015556.jpg,SEVENTH MASONIC DISTRICT BANQUET at MARLBOROUGH HOTEL,MARLBOROUGH%2C%20MA,Massachusetts,1901,2,,
4000015559.jpg,Complimentary Luncheon at National Horse Show Association Of America,New%20York%2C%20NY,New%20York,1901,2,,
4000015561.jpg,S.S. SAN JUAN Menu,New%20York%2C%20NY,New%20York,1901,1,,
4000015571.jpg,BILL OF FARE,Chicago%2C%20IL,Illinois,1901,0,,
4000015597.jpg,Daily Menu at Hotel Dreyfus French Restaurant,Boston%2C%20MA,Massachusetts,1901,0,,
4000015610.jpg,Twenty-Eighth Annual Dinner at Cuvier Club,Cincinnati%2C%20OH,Ohio,1901,2,,
4000015625.jpg,9NTH DANZINGER MARTINI FEST,New%20York%2C%20NY,New%20York,1901,0,,
4000015652.jpg,Banquet to the Old Guard of New York at Hotel Essex,Boston%2C%20MA,Massachusetts,1905,2,,
4000015656.jpg,Luncheon for Chicago Agents and John A. McCall,Chicago%2C%20IL,Illinois,1905,2,,
4000015658.jpg,Oriental Dinner Menu,New%20York%2C%20NY,New%20York,1904,0,,
4000015663.jpg,Fifth Annual Dinner at Patria Club of New York,New%20York%2C%20NY,New%20York,1905,2,,
4000015671.jpg,Third Annual Luncheon at Portia Club,New%20York%2C%20NY,New%20York,1905,2,,
4000015678.jpg,FIFTEENTH ANNIVERSARY BANQUET at REISENWEBER'S CIRCLE HOTEL,New%20York%2C%20NY,New%20York,1905,2,,
4000015685.jpg,Dinner in Honor of Mr. Louis N. Megargee,Philadelphia%2C%20PA,Pennsylvania,1905,2,,
4000015689.jpg,Banquet Tendered to President Arthur T. Hadley,Dallas%2C%20TX,Texas,1905,2,,
4000015697.jpg,Eighteenth Annual Dinner Menu,New%20York%2C%20NY,New%20York,1905,2,,
4000015707.jpg,Third Annual Subscription Dinner at Engineers' Club,New%20York%2C%20NY,New%20York,1905,2,,
4000015729.jpg,20th Anniversary Dinner at New York Library Club,New%20York%2C%20NY,New%20York,1905,2,,
4000015734.jpg,Dinner Event at Elks Club,Brooklyn%2C%20NY,New%20York,1905,2,,
4000015741.jpg,2nd Annual Dinner at SHANLEY'S,New%20York%2C%20NY,New%20York,1905,2,,
4000015749.jpg,2nd Annual Banquet Menu at Shanley's,New%20York%2C%20NY,New%20York,1905,2,,
4000015758.jpg,4th Annual Dinner at Manhattan Hotel,New%20York%2C%20NY,New%20York,1905,2,,
4000015764.jpg,50th Annual Banquet Menu,VENDOME%20HOTEL%2C%20NY,New%20York,1905,2,,
4000015770.jpg,DINNER TO DELEGATES OF THE GRANDES COMPAGNIES FRANCAISES DE CHEMINS DE FER,New%20York%2C%20NY,New%20York,1905,0,,
4000015796.jpg,FIFTH ANNUAL DINNER at HOTEL ASTOR,New%20York%2C%20NY,New%20York,1905,2,,
4000015804.jpg,Dinner Menu at The Players Club,New%20York%2C%20NY,New%20York,1905,0,,
4000015806.jpg,First Banquet at Hotel Bronxland,New%20York%2C%20NY,New%20York,1905,2,,
4000015811.jpg,15th Annual Dinner at Hotel Astor,New%20York%2C%20NY,New%20York,1905,2,,
4000015839.jpg,Manufacturers' Club Dinner Menu,Philadelphia%2C%20PA,Pennsylvania,1905,2,,
4000015843.jpg,Daily Menu at Lackawanna Railroad Dining Room,Hoboken%2C%20NJ,New%20Jersey,1905,1,,
4000015856.jpg,Union Republican Club Banquet Menu,Philadelphia%2C%20PA,Pennsylvania,1905,2,,
4000015873.jpg,15th Annual Dinner at Hotel Astor,New%20York%2C%20NY,New%20York,1905,2,,
4000015890.jpg,Second Annual Dinner at Laurel-in-the-Pines,Lakewood%2C%20NJ,New%20Jersey,1905,2,,
4000015931.jpg,244th Regular Dinner at Thirteen Club,,n%2Fa,1905,0,,
4000015950.jpg,RIVERS AND HARBORS COMMITTEE RECEPTION MENU,CINCINNATI%2C%20OH,Ohio,1905,2,,
4000015981.jpg,Bachelor Dinner at Bancroft House,Saginaw%2C%20MI,Michigan,1905,2,,
4000015992.jpg,Eight Annual Dinner at New York Society Of The Order Of The Founders And Patriots Of America,New%20York%2C%20NY,New%20York,1905,2,waldorf,
4000016008.jpg,Farewell Banquet to General Horace Porter at Hotel Palais D'Orsay,Paris%2C%20FRANCE,n%2Fa,1905,2,,
4000016014.jpg,Daily Menu at Spencer Dining Hall Co.,New%20York%2C%20NY,New%20York,1905,0,,
4000016018.jpg,Fourth Annual Meeting Menu at Hotel Chelsea,Atlantic%20City%2C%20NJ,New%20Jersey,1905,2,,
4000016028.jpg,Banquet to International Railway Congress at The Auditorium,Chicago%2C%20IL,Illinois,1905,2,,
4000016053.jpg,"Farewell Dinner to General Powell Clayton, Ambassador to Mexico",Mexico%20City%2C%20Mexico,n%2Fa,1905,2,,
4000016056.jpg,Launching of Ferryboat Richmond Menu,New%20York%2C%20NY,New%20York,1905,1,,
4000016059.jpg,LAUNCHING OF THE 'SATURDAY NIGHT',HOLLANDS%2C%20LONG%20ISLAND%2C%20NY,New%20York,1905,2,,
4000016066.jpg,"Diamond Jubilee Luncheon to Delegates at Astor Gallery, Waldorf Astoria",New%20York%2C%20NY,New%20York,1905,2,,
4000016075.jpg,"Dinner to Richard S. Pomeroy, Esq. at The Orchard",Essington%2C%20PA,Pennsylvania,1905,2,,
4000016081.jpg,Fourth Annual Banquet Menu,Gettysburg%2C%20PA,Pennsylvania,1905,2,,
4000016095.jpg,Worshipful Company Of Horners Anniversary Banquet Menu,London%2C%20England,n%2Fa,1905,0,,
4000016115.jpg,SOUTHERN PACIFIC RAILROAD OFFICIALS RECEPTION MENU,San%20Francisco%2C%20CA,California,1905,0,,
4000016121.jpg,Head Hallmen's Association Dinner,New%20York%2C%20NY,New%20York,1905,2,,
4000016128.jpg,Anniversary Banquet at Eagle Hotel,Gettysburg%2C%20PA,Pennsylvania,1905,2,,
4000016138.jpg,Daily Dinner Menu at Hotel Imperial,New%20York%2C%20NY,New%20York,1905,0,,
4000016149.jpg,Daily Menu at Shanley's,New%20York%2C%20NY,New%20York,1905,0,,
4000016153.jpg,Seventeenth Annual Convention Banquet Menu,Chicago%2C%20IL,Illinois,1905,0,,
4000016167.jpg,St. Regis Hotel Menu,New%20York%2C%20NY,New%20York,1905,0,,
4000016176.jpg,Anniversary Banquet Menu,Chicago%2C%20IL,Illinois,1905,2,,
4000016189.jpg,Dinner at Geiser Grand Hotel,Baker%20City%2C%20OR,Oregon,1905,0,,
4000016193.jpg,Breakfast Menu at 238 Eight Avenue,New%20York%2C%20NY,New%20York,1905,0,,
4000016198.jpg,Eleventh Annual Banquet at Bedford Springs Hotel,Bedford%20Springs%2C%20PA,Pennsylvania,1905,2,,
4000016204.jpg,LUNCH MENU at Siegel Cooper Co.,New%20York%2C%20NY,New%20York,1905,0,,
4000016219.jpg,July Fourth Dinner at Suburban Club,Baltimore%2C%20MD,Maryland,1905,2,,
4000016238.jpg,Annual Banquet Menu at Hampton Roads Yacht Club,,n%2Fa,1905,2,,
4000016244.jpg,VIRGINIA-NORTH CAROLINA PRESS ASSOCIATION BANQUET at KENILWORTH INN,KENILWORTH%2C%20N.C.,North%20Carolina,1905,2,,
4000016248.jpg,Banchettissimo Dei Giornalisti Banquet Menu,Rome%2C%20Italy,n%2Fa,1905,2,,
4000016251.jpg,AMERICAN COTTON MANUFACTURERS ASOCIATION BANQUET MENU,KENILWORTH%20INN%2C%20N.C.,North%20Carolina,1905,2,,
4000016254.jpg,Sunday Dinner at Geiser Grand Hotel,Baker%20City%2C%20OREGON,Oregon,1905,0,,
4000016256.jpg,A La Carte Menu,New%20York%2C%20NY,New%20York,1905,0,,
4000016260.jpg,DINNER MENU - EUROPA - COLUMBIA,,n%2Fa,1905,1,,
4000016267.jpg,AMERICAN MEDICAL EDITORS ASSOCIATION ANNUAL BANQUET,Portland%2C%20OREGON,Oregon,1905,2,,
4000016273.jpg,Elks' Dinner Event,,n%2Fa,1905,2,,
4000016292.jpg,A La Carte Menu at Rocking Stone Restaurant,New%20York%2C%20NY,New%20York,1905,0,,
4000016300.jpg,Banquet for Northwestern Hotel Men's Association,St.%20Paul%2C%20MN,Minnesota,1905,2,,
4000016303.jpg,Dinner Menu at Geiser Grand Hotel,Baker%20City%2C%20OR,Oregon,1905,0,,
4000016306.jpg,Daily Menu at Manhattan Beach Hotel,Manhattan%20Beach%2C%20New%20York,New%20York,1905,0,,
4000016311.jpg,Daily Lunch Menu at Prospect House,Niagara%20Falls%2C%20NY,New%20York,1905,0,,
4000016314.jpg,Daily Dinner Menu at Prospect House,Niagara%20Falls%2C%20NY,New%20York,1905,0,,
4000016317.jpg,Daily Luncheon Menu at Cataract And International Hotels Company,Niagara%20Falls%2C%20NY,New%20York,1905,0,,
4000016322.jpg,Daily Menu at Hotel Tepler Haus,Marienbad%2C%20Czech%20Republic,n%2Fa,1905,0,,
4000016328.jpg,Dinner Menu on R.M.S.Oceanic,,n%2Fa,1905,1,,
4000016331.jpg,ATZUNGSZETTEL Dinner Menu at TONHALLE,Zurich%2C%20SWITZERLAND,n%2Fa,1905,0,,
4000016340.jpg,Shore Dinner at Meisters Casino,Bergen%20Point%2C%20NJ,New%20Jersey,1905,0,,
4000016345.jpg,Sunday Dinner at Terre Haute House,Terre%20Haute%2C%20IN,Indiana,1905,0,,
4000016352.jpg,Daily Dinner Menu at Wildmere House,Minnewaska%2C%20NY,New%20York,1905,0,,
4000016355.jpg,Daily Supper Menu at Wildmere House,Minnewaska%2C%20NY,New%20York,1905,0,,
4000016358.jpg,Breakfast at Wildmere House,Minnewaska%2C%20NY,New%20York,1905,0,,
4000016362.jpg,Dinner in Honor of Dr. D. Gabriel Casuso,Havana%2C%20CUBA,n%2Fa,1905,0,,
4000016364.jpg,Banquet in Honor of Hoo Hoo,Portland%2C%20OR,Oregon,1905,2,,
4000016368.jpg,National Event Banquet Menu,Havana%2C%20CUBA,n%2Fa,1905,0,,
4000016369.jpg,A LA CARTE MENU,Toronto%2C%20CANADA,n%2Fa,1905,0,,
4000016374.jpg,Bachelor Party Dinner at Hotel Iroquois,Buffalo%2C%20NY,New%20York,1905,2,,
4000016378.jpg,Daily Menu at American Museum Of Natural History,New%20York%2C%20NY,New%20York,1905,0,,
4000016384.jpg,"Dinner to Capt. T.C. McLean, U.S.N., Commander U.S.S. Pennsylvania",New%20York%2C%20NY,New%20York,1905,2,waldorf,
4000016391.jpg,10th Anniversary Celebration Menu,Havana%2C%20CUBA,n%2Fa,1905,0,,
4000016398.jpg,Dinner Tendered to Sgt. Howard C. Woodbury,Boston%2C%20MA,Massachusetts,1905,2,,
4000016404.jpg,Daily Dinner Menu at Hotel Vendome,Boston%2C%20MA,Massachusetts,1905,0,,
4000016408.jpg,Dinner at The American Club,City%20of%20Mexico,n%2Fa,1905,0,,
4000016418.jpg,ANNUAL BANQUET at THE BELLEVUE-STRATFORD,Philadelphia%2C%20PA,Pennsylvania,1905,2,,
4000016425.jpg,Ancient And Honorable Artillery Company Of Massachusetts - 268 Fall Field Day Menu,Albany%2C%20NY,New%20York,1905,2,,
4000016432.jpg,Carriage Builders National Association Annual Banquet at Horticultural Hall,Philadelphia%2C%20PA,Pennsylvania,1905,2,,
4000016446.jpg,GLORIFICATION OA WILLIAM HENRY JACKSON at Cedar Park Driving Club,,n%2Fa,1905,2,,
4000016457.jpg,EIGHTEENTH ANNUAL BANQUET MENU,Chicago%2C%20IL,Illinois,1905,2,,
4000016497.jpg,Dinner in Honor of Cornelius Fergueson,Bath%20Beach%2C%20NY,New%20York,1905,2,,
4000016505.jpg,18th Anniversary Banquet at Hotel Astor,New%20York%2C%20NY,New%20York,1905,2,,
4000016519.jpg,33rd Annual Banquet at Hotel Pfister,Milwaukee%2C%20WI,Wisconsin,1905,2,,
4000016536.jpg,93rd Regular Meeting Menu at Bankers' Club Of Chicago,Chicago%2C%20IL,Illinois,1905,0,,
4000016543.jpg,Luncheon to the President at Jacksonville Board Of Trade,Jacksonville%2C%20FL,Florida,1905,2,,
4000016553.jpg,40th Annual Banquet Menu,Brooklyn%2C%20NY,New%20York,1905,2,,
4000016568.jpg,Tariff Menu at Techau Tavern,San%20Francisco%2C%20CA,California,1905,0,,
4000016599.jpg,Opening Ball Menu at Ghent Club,Norfolk%2C%20VA,Virginia,1905,2,,
4000016608.jpg,Menu,New%20York%2C%20NY,New%20York,1905,0,,
4000016612.jpg,Complimentary/Testimonial Menu in Honor of Chief Petty Officers of H.M.S. Drake,Annapolis%2C%20MD,Maryland,1905,2,,
4000016623.jpg,LUNCH at QUICK LUNCH ROOM,New%20York%2C%20NY,New%20York,1905,0,,
4000016636.jpg,Dinner in Honor of the Birthday of King Edward VIII,Portland%2C%20OR,Oregon,1905,2,,
4000016640.jpg,Luncheon at The Seelbach for the Millinery Jobbers Association,Louisville%2C%20KY,Kentucky,1905,2,,
4000016647.jpg,"Dinner at H. Winterfeldt, Waldorf-Astoria",New%20York%2C%20NY,New%20York,1905,0,waldorf,
4000016649.jpg,59th Convention Menu at Delta Kappa Epsilon Fraternity,New%20York%2C%20NY,New%20York,1905,2,waldorf,
4000016658.jpg,"Dinner in Honor of Sir Chentung Liang-Cheng, Envoy to the United States",Chicago%2C%20IL,Illinois,1905,2,,
4000016675.jpg,"Testimonial Dinner to Dr. Nicholas Senn, Master Surgeon",Chicago%2C%20IL,Illinois,1905,2,,
4000016680.jpg,ALDINE ASSOCIATION DINNER at Aldine Association,New%20York%2C%20NY,New%20York,1905,2,,
4000016685.jpg,Cinderella Dinner,St.%20Paul%2C%20MN,Minnesota,1905,0,,
4000016688.jpg,Complimentary Luncheon at National Horse Show Association Of America,New%20York%2C%20NY,New%20York,1905,2,,
4000016697.jpg,TWENTIETH ANNUAL BANQUET at THE CAFE ROYAL,London%2C%20ENGLAND,n%2Fa,1905,2,,
4000016700.jpg,Daily Menu at Planters Hotel,St.%20Louis%2C%20MO,Missouri,1905,0,,
4000016704.jpg,Daily Menu,New%20York%2C%20NY,New%20York,1905,0,,
4000016741.jpg,FOUNDERS' DAY BANQUET IN HONOR OF MR. ND MRS. ANDREW CARNEGIE,New%20York%2C%20NY,New%20York,1905,2,delmonicos,
4000016749.jpg,ATLAS CLUB Menu at Auditorium,Chicago%2C%20IL,Illinois,1905,0,,
4000016764.jpg,First Annual Dinner at Tilleys' Restaurant,Newcastle-upon-Tyne%2C%20England,n%2Fa,1905,2,,
4000016799.jpg,Second Convention Sales Department Menu at Claypool Hotel,Indianapolis%2C%20IN,Indiana,1905,0,,
4000016831.jpg,Thanksgiving Dinner at Hotel Chittenden,Columbus%2C%20OH,Ohio,1905,2,,
4000016837.jpg,Thanksgiving Menu,Detroit%2C%20MI,Michigan,1905,2,,
4000016850.jpg,Mess Dinner in Honor of Lieut. Col. Sir Henry Mill Pellat,Toronto%2C%20ON,n%2Fa,1905,2,,
4000016855.jpg,Eighth Annual Dinner at Delmonico's,New%20York%2C%20NY,New%20York,1905,2,delmonicos,
4000016861.jpg,Thanksgiving Dinner at The Portland Hotel,Washington%2C%20DC,Washington%2C%20D.C.,1905,2,,
4000016865.jpg,Dinner Tendered to Judge Henry A. Melvin,Cincinnati%2C%20OH,Ohio,1905,2,,
4000016870.jpg,Anniversary Dinner of the Presentation of Loving Cup at Shanley's,,n%2Fa,1905,2,,
4000016876.jpg,Dinner in Honor of Joseph A. Goulden,Bronx%2C%20New%20York,New%20York,1905,2,,
4000016879.jpg,19th Annual Meeting Menu at Waldorf-Astoria,New%20York%2C%20NY,New%20York,1905,0,waldorf,
4000016890.jpg,9th Annual Dinner at New Gaity Restaurant,New%20York%2C%20NY,New%20York,1905,0,,
4000016919.jpg,Dinner at The Belvedere,Baltimore%2C%20MD,Maryland,1905,0,,
4000016929.jpg,Directors' Dinner at Hamilton Club,Brooklyn%2C%20NY,New%20York,1905,2,,
4000016938.jpg,Dinner Menu on the Twin-Screw Steamship 'Amerika',Hamburg%2C%20Germany,n%2Fa,1905,1,,
4000016946.jpg,Installation Banquet at The Rathskeller,New%20Orleans%2C%20LA,Louisiana,1905,2,,
4000016949.jpg,32nd Annual Dinner at Baltimore Lumber Exchange Merchants Club,Baltimore%2C%20MD,Maryland,1905,2,,
4000016952.jpg,Annual Meeting Menu,Chicago%2C%20IL,Illinois,1905,2,,
4000016957.jpg,Anniversary Dinner at Cotillion Club,Atlanta%2C%20GA,Georgia,1905,2,,
4000016961.jpg,SUNDAY SCHOOL CLASS ANNUAL DINNER,Brooklyn%2C%20NY,New%20York,1905,2,,
4000016967.jpg,Dinner honoring Edward M. Grout,New%20York%2C%20NY,New%20York,1905,2,waldorf,
4000016982.jpg,Nineteenth Annual Dinner,Scranton%2C%20PA,Pennsylvania,1905,2,,
4000016995.jpg,Camp Wopowog Reunion Anniversary Menu,New%20York%2C%20NY,New%20York,1905,2,,
4000017027.jpg,Swiss Club Menu,New%20York%2C%20NY,New%20York,1905,0,,
4000017033.jpg,Fifth Annual Dinner at Healy's,New%20York%2C%20NY,New%20York,1905,2,,
4000017037.jpg,Royal Borough Dining Experience,Royal%20Borough%20Of%20Kensington%2C%20London%2C%20UK,n%2Fa,1905,0,,
4000017045.jpg,Banking Institution Menu,,n%2Fa,1905,0,,
4000017055.jpg,Annual Dinner Menu at The New Willard,Washington%2C%20DC,Washington%2C%20D.C.,1905,2,,
4000017060.jpg,Lunch Menu at Margaret Louisa Home of the Young Women's Christian Association,New%20York%2C%20NY,New%20York,1905,0,,
4000017061.jpg,Reception and Banquet in Honor of Herman A. Metz,New%20York%2C%20NY,New%20York,1905,2,,
4000017074.jpg,Hotel Crown Menu,,n%2Fa,1905,0,,
4000017080.jpg,Hotel Antler Menu,,n%2Fa,1905,0,,
4000017091.jpg,Christmas Dinner at The Margaret Louisa Home,,n%2Fa,1905,2,,
4000017093.jpg,First Banquet at Chrysanthemum Club Of The U.S. Flagship Texas,Charleston%2C%20SC,South%20Carolina,1905,2,,
4000017111.jpg,"DAILY MENU, LUNCHEON",Hamburg%2C%20Germany,n%2Fa,1905,1,,
4000017119.jpg,Fourth Annual Banquet at The Commercial Club,Salt%20Lake%20City%2C%20UT,Utah,1905,2,,
4000017141.jpg,Hotel Clerks Association Menu,,n%2Fa,1905,0,,
4000017143.jpg,Historical Society Menu,,n%2Fa,1905,0,,
4000017147.jpg,Club Menu,,n%2Fa,1905,2,,
4000017150.jpg,Fine Dining Menu,,n%2Fa,1905,0,,
4000017156.jpg,Division Of The T.P.A. Of America Menu,,n%2Fa,1905,0,,
4000017181.jpg,New Year's Day Dinner at M.F.Lyons Dining Room,New%20York%2C%20NY,New%20York,1906,2,,
4000017189.jpg,New Year's Day Dinner at Clegg Hotel,Greensboro%2C%20NC,North%20Carolina,1906,2,,
4000017196.jpg,DINNER MENU at STAUCH'S RESTAURANT,Coney%20Island%2C%20NEW%20YORK,New%20York,1906,0,,
4000017205.jpg,Dinner honoring Patrick Francis Murphy at Delmonico's,New%20York%2C%20NY,New%20York,1906,2,delmonicos,
4000017212.jpg,"Banquet on Reception of Silver Service by Chamber of Commerce of Tampico, Mexico",Tampico%2C%20Mexico,n%2Fa,1906,0,,
4000017223.jpg,DINNER TO ABOVE at AUDITORIUM HOTEL,Chicago%2C%20IL,Illinois,1906,0,,
4000017232.jpg,Dinner to the Advertising Men of Washington at Willard Hotel,Washington%2C%20DC,Washington%2C%20D.C.,1906,0,,
4000017236.jpg,Daily Menu at Rector's,Chicago%2C%20IL,Illinois,1906,0,,
4000017244.jpg,Reception Menu at Alexandra Hotel,London%2C%20England,n%2Fa,1906,0,,
4000017247.jpg,Belvedere Dinner Menu,Bengal%2C%20India,n%2Fa,1906,0,,
4000017252.jpg,Fellowship Banquet at Columbia Golf Club,Washington%2C%20DC,Washington%2C%20D.C.,1906,2,,
4000017264.jpg,29th Annual Banquet by Chicago Jewelers' Association,Chicago%2C%20IL,Illinois,1906,2,,
4000017289.jpg,FIFTH ANNUAL DINNER IN HONOR OF BIRTH OF ALEXANDER HAMILTON,Portland%2C%20OR,Oregon,1906,2,,
4000017300.jpg,Fourth Annual Banquet at Grand Pacific Hotel,Chicago%2C%20IL,Illinois,1906,2,,
4000017313.jpg,Daily Dinner Menu at Hotel York,New%20York%2C%20NY,New%20York,1906,0,,
4000017316.jpg,20th Annual Social Session Menu at Reading Brewing Company,Reading%2C%20PA,Pennsylvania,1906,2,,
4000017320.jpg,Eleventh Annual Banquet Menu,New%20Haven%2C%20CT,Connecticut,1906,2,,
4000017330.jpg,Fifth Annual Dinner at New Grand Hotel,New%20York%2C%20NY,New%20York,1906,2,,
4000017338.jpg,Dinner on the Occasion of the 37th Annual Meeting of The National Board of Trade,Washington%2C%20DC,Washington%2C%20D.C.,1906,2,,
4000017341.jpg,Sixth Annual Banquet Menu,Philadelphia%2C%20PA,Pennsylvania,1906,0,,
4000017343.jpg,Dinner at Kansas City Driving Club,Kansas%20City%2C%20MO,Missouri,1906,0,,
4000017348.jpg,29th Annual Meeting Menu at The Ten Eyck,Albany%2C%20NY,New%20York,1906,2,,
4000017358.jpg,BANQUET IN COMMEMORATION OF THE 200TH ANNIVERSARY OF THE BIRTH OF DR. BENJAMIN FRANKLIN,Portland%2C%20Oregon,Oregon,1906,2,,
4000017366.jpg,21st Annual Dinner at The Holland Society of New York,New%20York%2C%20NY,New%20York,1906,2,waldorf,
4000017370.jpg,20th Meeting Anniversary Menu,Cincinnati%2C%20OH,Ohio,1906,0,,
4000017376.jpg,Dinner at Chicago College Of Dental Surgery,Chicago%2C%20IL,Illinois,1906,0,,
4000017385.jpg,Jubilee Dinner at North British Station Hotel,Edinburgh%2C%20Scotland,n%2Fa,1906,0,,
4000017391.jpg,Annual Dinner Menu at West Side Republican Club,New%20York%2C%20NY,New%20York,1906,2,waldorf,
4000017399.jpg,Annual Banquet Menu at Hotel Somerset,Boston%2C%20MA,Massachusetts,1906,2,,
4000017411.jpg,2nd Annual Banquet at Waldorf-Astoria,New%20York%2C%20NY,New%20York,1906,2,waldorf,
4000017419.jpg,Criterion Restaurant Menu,London%2C%20England,n%2Fa,1906,0,,
4000017425.jpg,Fifth Annual Dinner at Astor Hotel,New%20York%2C%20NY,New%20York,1906,2,,
4000017436.jpg,"Dinner honoring Robert Townsend, Assistant District Attorney",New%20York%2C%20NY,New%20York,1906,2,,
4000017447.jpg,Fifteenth Annual Reunion and Dinner Menu,New%20York%2C%20NY,New%20York,1906,2,,
4000017477.jpg,Ninth Annual Dinner at Savoy Hotel,New%20York%2C%20NY,New%20York,1906,2,,
4000017496.jpg,Eighth Annual Dinner in Honor of Stewart L. Woodford,New%20York%2C%20NY,New%20York,1906,2,waldorf,
4000017507.jpg,Annual Banquet Menu at Duke's House,Hoboken%2C%20NJ,New%20Jersey,1906,2,,
4000017523.jpg,Centennial Dinner at Odd Fellows' Hall,Albany%2C%20NY,New%20York,1906,0,,
4000017538.jpg,Dinner at Stick Together Club at Lincoln Club,New%20York%2C%20NY,New%20York,1906,0,,
4000017547.jpg,Annual Dinner Menu at Manufacturers Club Of Philadelphia,Philadelphia%2C%20PA,Pennsylvania,1906,2,,
4000017555.jpg,Dinner in Honor of Lyman F. Gage,New%20York%2C%20NY,New%20York,1906,0,waldorf,
4000017562.jpg,Dinner at the Stick Together Club,New%20York%2C%20NY,New%20York,1907,2,,
4000017569.jpg,Breakfast in Honor of Tai Hung-Tzu and Tuan Fang,New%20York%2C%20NY,New%20York,1906,2,,
4000017578.jpg,Annual Banquet Menu,Toledo%2C%20OH,Ohio,1906,2,,
4000017584.jpg,Dinner to Dr. Otto Nordenskjold,,n%2Fa,1906,2,,
4000017601.jpg,Annual Dinner Menu at Standard Steel Car Company,Butler%2C%20PA,Pennsylvania,1906,2,,
4000017608.jpg,9th Annual Dinner Menu,Brooklyn%2C%20NY,New%20York,1906,2,,
4000017617.jpg,LINCOLN'S BIRTHDAY DINNER,Hamburg%2C%20Germany,n%2Fa,1906,2,,
4000017626.jpg,Eighth Annual (Lincoln's Birthday) Banquet at Hotel Rennert,Baltimore%2C%20MD,Maryland,1906,0,,
4000017633.jpg,Eighth Annual Banquet at Hotel Ryan,Saint%20Paul%2C%20MN,Minnesota,1906,0,,
4000017643.jpg,Anniversary Dinner Menu at Delmonico's,New%20York%2C%20NY,New%20York,1906,2,delmonicos,
4000017651.jpg,Dinner honoring Timothy P. Sullivan,New%20York%2C%20NY,New%20York,1906,2,,
4000017657.jpg,Banquet Tendered to Visiting Bankers,Albuquerque%2C%20NM,New%20Mexico,1906,2,,
4000017666.jpg,95th Regular Meeting Menu,Chicago%2C%20IL,Illinois,1906,0,,
4000017671.jpg,First Annual Meeting Supper at Portland Commercial Club,Portland%2C%20OR,Oregon,1906,2,,
4000017682.jpg,Second Annual Dinner,Detroit%2C%20MI,Michigan,1906,2,,
4000017692.jpg,Annual Banquet Menu at Park Avenue Hotel,New%20York%2C%20NY,New%20York,1906,0,,
4000017700.jpg,Washington's Birthday Eve Celebration Menu,Pittsburgh%2C%20PA,Pennsylvania,1906,2,,
4000017702.jpg,20th Anniversary Dinner,Brooklyn%2C%20NY,New%20York,1906,2,,
4000017706.jpg,Annual Dinner Menu at Clayton House,Wilmington%2C%20DE,Delaware,1906,2,,
4000017718.jpg,18th Annual Dinner at Fordham Club,,n%2Fa,1906,2,,
4000017733.jpg,11th Anniversary Buffalo Banquet,Buffalo%2C%20NY,New%20York,1906,2,,
4000017739.jpg,Tenth Annual Dinner at Cortelyou Club,Brooklyn%2C%20NY,New%20York,1906,2,,
4000017759.jpg,Old Settlers' Club Anniversary Dinner,Milwaukee%2C%20WI,Wisconsin,1906,2,,
4000017772.jpg,Twelfth Annual Banquet Menu,Wheeling%2C%20WV,West%20Virginia,1906,0,,
4000017776.jpg,Washington's Birthday Banquet,Chicago%2C%20IL,Illinois,1906,2,,
4000017786.jpg,Twentieth Annual Banquet Menu,Chicago%2C%20IL,Illinois,1906,2,,
4000017800.jpg,Twelfth Annual Banquet at Coates House,Kansas%20City%2C%20MO,Missouri,1906,2,,
4000017808.jpg,Dinner to Above at Hotel St. Francis,San%20Francisco%2C%20CA,California,1906,0,,
4000017819.jpg,Seventh Annual Dinner at 18th Club,New%20York%2C%20NY,New%20York,1906,2,,
4000017828.jpg,33rd Annual Dinner Menu,New%20York%2C%20NY,New%20York,1906,2,waldorf,
4000017831.jpg,Annual Dinner Menu at 31st Ward Board Of Trade,,n%2Fa,1906,2,,
4000017835.jpg,Dedication Banquet at Elks Club,New%20Haven%2C%20CT,Connecticut,1906,0,,
4000017877.jpg,20th Annual Meeting Menu at Boston Shoe Associates,Boston%2C%20MA,Massachusetts,1906,2,,
4000017882.jpg,Banquet Tendered to the Members of the General Assembly of Kentucky at Capital Hotel,Frankfort%2C%20KY,Kentucky,1906,2,,
4000017891.jpg,Seventh Annual Banquet Menu,New%20York%2C%20NY,New%20York,1906,2,,
4000017893.jpg,Banquet to Visiting Congressmen and Ladies,Columbus%2C%20GA,Georgia,1906,2,,
4000017905.jpg,Winter Banquet at The Wellington,Providence%2C%20RI,Rhode%20Island,1906,2,,
4000017921.jpg,Second Dinner at Commercial Club,Portland%2C%20OR,Oregon,1906,2,,
4000017934.jpg,Annual Banquet at Monticello Hotel,Norfolk%2C%20VA,Virginia,1906,2,,
4000017962.jpg,Dinner to Brig.-Gen. J. Franklin Bell USA,Fort%20Leavenworth%2C%20KANSAS,Kansas,1906,2,,
4000017971.jpg,Reception for Sir Edwin B. Anderson at Masonic Temple,New%20York%2C%20NY,New%20York,1906,2,,
4000017976.jpg,15th Annual Banquet at Wiltshire Hotel,Atlantic%20City%2C%20NJ,New%20Jersey,1906,2,,
4000017987.jpg,Annual Banquet Menu,Butte%2C%20MONTANA,Montana,1906,2,,
4000017996.jpg,Dinner in Honour of Judge Henry Steinert at Democratic Club,,n%2Fa,1906,2,delmonicos,
4000018006.jpg,NINETEENTH ANNUAL BANQUET at KLOSKYS,Mobile%2C%20AL,Alabama,1906,2,,
4000018010.jpg,Dinner honoring the Most Hon. Marquess of Lansdowne,London%2C%20ENGLAND,n%2Fa,1906,0,,
4000018028.jpg,"Banquete en Honor del General Domingo Mendez Capote, Vicepresidente Electo de la Republica de Cuba",Habana%2C%20CUBA,n%2Fa,1906,0,,
4000018034.jpg,Dinner Menu at Belleclaire Club,New%20York%2C%20NY,New%20York,1906,0,,
4000018037.jpg,BANQUET at PARK HOTEL,Hot%20Springs%2C%20AR,Arkansas,1906,2,,
4000018044.jpg,Complimentary Banquet at Idan Ha Hotel,Soda%20Springs%2C%20ID,Idaho,1906,2,,
4000018073.jpg,Annual Banquet Menu at Bronxland Hotel,Bronx%2C%20NY,New%20York,1906,2,,
4000018079.jpg,Forty-Fifth Anniversary Celebration Menu,Philadelphia%2C%20PA,Pennsylvania,1906,2,,
4000018092.jpg,ATLAS CLUB MINSTRELS at EGYPTIAN BANQUET HALL,Chicago%2C%20IL,Illinois,1906,2,,
4000018103.jpg,A REGULAR SATURDAY AFTERNOON DEAL,New%20York%2C%20NY,New%20York,1906,0,,
4000018106.jpg,Twenty-Second Annual Banquet Menu,New%20York%2C%20NY,New%20York,1906,2,,
4000018113.jpg,St. George's Society of New York 120th Anniversary Menu,New%20York%2C%20NY,New%20York,1906,2,waldorf,
4000018117.jpg,Twenty-Fourth Annual Banquet in Honor of Birthday of Thomas Jefferson,New%20York%2C%20NY,New%20York,1906,2,,
4000018125.jpg,Dinner honoring George Gray Ward of the Commercial Pacific Cable Company,Shanghai%2C%20China,n%2Fa,1906,2,,
4000018131.jpg,Washington University Class Of 1896 Anniversary Dinner at Hotel Jefferson,St.%20Louis%2C%20MO,Missouri,1906,2,,
4000018137.jpg,Dinner in honor of Mr. Frank Gannon,New%20York%2C%20NY,New%20York,1906,2,,
4000018144.jpg,Annual Ladies' Dinner at Forty Club,Chicago%2C%20IL,Illinois,1906,2,,
4000018148.jpg,DINNER MENU at THE MADISON SQUARE,New%20York%2C%20NY,New%20York,1906,0,,
4000018153.jpg,Daily Menu at The Annex,New%20York%2C%20NY,New%20York,1906,0,,
4000018161.jpg,Annual Banquet Menu at Cortland Normal Alumni,New%20York%2C%20NY,New%20York,1906,2,,
4000018165.jpg,20th Annual Banquet at Grand Central Palace,New%20York%2C%20NY,New%20York,1906,2,,
4000018170.jpg,16th Annual Banquet Menu,New%20York%2C%20NY,New%20York,1906,2,,
4000018181.jpg,Wine & Spirit Trades' Benevolent Society Banquet at Cecil Hotel,London%2C%20ENGLAND,n%2Fa,1906,2,,
4000018188.jpg,Annual Banquet Menu,Albuquerque%2C%20NEW%20MEXICO,New%20Mexico,1906,2,,
4000018195.jpg,16th Annual Dinner at Astor Hotel,New%20York%2C%20NY,New%20York,1906,2,,
4000018201.jpg,Banquet Menu - 9th Annual Meeting,Memphis%2C%20TENN.,Tennessee,1906,2,,
4000018221.jpg,Banquet at The Algonquin,Dayton%2C%20OH,Ohio,1906,2,,
4000018231.jpg,Mendelssohn Glee Club 40th Anniversary Menu,New%20York%2C%20NY,New%20York,1906,2,delmonicos,
4000018237.jpg,Dinner honoring George H. Fisher at Hanover Club House,Brooklyn%2C%20NY,New%20York,1906,2,,
4000018249.jpg,DINNER at THE NEW WILLARD for ANNIVERSARY,Washington%2C%20DC,Washington%2C%20D.C.,1906,2,,
4000018255.jpg,Reception of Their Royal Highnesses The Prince and Princess of Wales at Guildhall,London%2C%20ENGLAND,n%2Fa,1906,2,,
4000018265.jpg,Second Annual Dinner at Currahee Club,Washington%2C%20DC,Washington%2C%20D.C.,1906,2,,
4000018274.jpg,Farewell Dinner to Julian D. Fairchild at Montauk Club,Brooklyn%2C%20NY,New%20York,1906,2,,
4000018279.jpg,Complimentary Dinner at Hotel Rennert,Baltimore%2C%20MD,Maryland,1906,0,,
4000018291.jpg,10th Annual Banquet of National Association of Clothiers,Cincinnati%2C%20OH,Ohio,1906,2,,
4000018333.jpg,First Anniversary Dinner at Harlem Municipal Ownership Club,New%20York%2C%20NY,New%20York,1906,2,,
4000018339.jpg,ANNUAL REGIMENTAL DINNER at THE WALNUT ROOMS,London%2C%20ENGLAND,n%2Fa,1906,0,,
4000018344.jpg,Testimonial Banquet at Bohemia Hall,Philadelphia%2C%20PA,Pennsylvania,1906,2,,
4000018350.jpg,Annual Dinner Menu at Hotel Pfister,Milwaukee%2C%20WI,Wisconsin,1906,2,,
4000018362.jpg,Sin Lazare Club Dinner at Antlers Hotel,Colorado%20Springs%2C%20CO,Colorado,1906,0,,
4000018367.jpg,Banquet Commemorating the Marriage of S.M. El Rey Don Alfonso XIII and Victoria Eugenia de Battenberg,Havana%2C%20CUBA,n%2Fa,1906,0,,
4000018371.jpg,Luncheon Menu at Casine Espanol For The British And Spanish Colonies,,n%2Fa,1906,0,,
4000018373.jpg,LUNCHEON at NORTH BRITISH STATION HOTEL,Edinburgh%2C%20SCOTLAND,n%2Fa,1906,0,,
4000018379.jpg,American Medical Editors' Association Annual Banquet at University Club,Boston%2C%20MA,Massachusetts,1906,2,,
4000018388.jpg,KEYSTONE CONSISTORY DINNER at THE HOTEL JERMYN,Scranton%2C%20PA,Pennsylvania,1906,2,,
4000018395.jpg,5th Semi-Annual Dinner at Planters Hotel,St.%20Louis%2C%20MO,Missouri,1906,2,,
4000018404.jpg,GRADUATION SUPPER at US MILITARY ACADEMY,New%20York%2C%20NY,New%20York,1906,2,,
4000018414.jpg,69th Anniversary Celebration Menu,Boston%2C%20MA,Massachusetts,1906,2,,
4000018424.jpg,Royal Scots (Lothian Regiment) Annual Regimental Dinner,London%2C%20ENGLAND,n%2Fa,1906,0,,
4000018432.jpg,Banquet for National Association of Credit Men,Baltimore%2C%20MD,Maryland,1906,2,,
4000018444.jpg,Dinner of the Kent Law Society at Royal Pavillion Hotel,Folkestone%2C%20ENGLAND,n%2Fa,1906,0,,
4000018450.jpg,Fourth Annual Banquet of the Team Owners' Association,New%20York%2C%20NY,New%20York,1906,2,,
4000018456.jpg,Coronation Dinner at King Haakon VII,Trondhjem%2C%20Norway,n%2Fa,1906,2,,hist
4000018461.jpg,EIGHTEENTH ANNUAL CONVENTION MENU,Chicago%2C%20IL,Illinois,1906,2,,
4000018474.jpg,Dinner in honor of A.L. Craig at Commercial Club,Portland%2C%20Oregon,Oregon,1906,2,,
4000018484.jpg,Daily Luncheon Menu at Hotel Aspinwall for Patriotic Holiday,Lenox%2C%20MA,Massachusetts,1906,2,,
4000018492.jpg,79th Anniversary Dinner at Licensed Victuallers' Asylum,London%2C%20ENGLAND,n%2Fa,1906,2,,
4000018496.jpg,Daily Menu,Brooklyn%2C%20NY,New%20York,1906,0,,
4000018500.jpg,11th Annual Banquet Menu,Ocean%20City%2C%20MD,Maryland,1906,2,,
4000018503.jpg,12th Annual Convention Banquet at Hotel Pfister,Milwaukee%2C%20WI,Wisconsin,1906,2,,
4000018510.jpg,French Circle Banquet at Hotel Metropole,Manila%2C%20P.I.,n%2Fa,1906,2,,
4000018520.jpg,Menu,Hoboken%2C%20NJ,New%20Jersey,1906,0,,
4000018553.jpg,Luncheon for California Promotion Committee after resumption of hotel business in burned district,San%20Francisco%2C%20CA,California,1906,2,,
4000018567.jpg,HAUPTMAHLZEIT-DINNER at AN BORD DER 'AMERIKA',Hamburg%2C%20Germany,n%2Fa,1906,1,,
4000018574.jpg,Dinner Tendered by Members to the 'Senior Eight' in Honor of Their Victory in the Senior Eight-Oared Shell Race,New%20York%2C%20NY,New%20York,1906,2,,
4000018590.jpg,Dinner Event at Young's New Million Dollar Pier,Atlantic%20City%2C%20NJ,New%20Jersey,1906,2,,
4000018596.jpg,DINNER MENU ON BOARD S.S.AMERIKAS,Hamburg%2C%20Germany,n%2Fa,1906,1,,
4000018609.jpg,FELISA BALBIN DINNER MENU,YBOR%20CITY%2C%20FLORIDA,Florida,1906,0,,
4000018614.jpg,Daily Menu,Halberstadt%2C%20Prussia,n%2Fa,1906,0,,
4000018640.jpg,Banquet at American Colony Club,Havana%2C%20Cuba,n%2Fa,1906,0,,
4000018645.jpg,DAILY MENU,New%20York%2C%20NY,New%20York,1906,0,,
4000018650.jpg,TWENTY-NINTH ANNUAL DINNER,Minneapolis%2C%20MN,Minnesota,1906,2,,
4000018660.jpg,Annual Dinner Menu,Chicago%2C%20IL,Illinois,1906,2,,
4000018668.jpg,Dinner Menu at Galatoire's Restaurant,New%20Orleans%2C%20LA,Louisiana,1906,0,,
4000018678.jpg,Old-Fashioned Rhode Island Clam Bake,Bay%20Shore%2C%20NY,New%20York,1906,0,,
4000018682.jpg,Complimentary Dinner for Harvard Crew at Princes' Restaurant,London%2C%20England,n%2Fa,1906,2,,
4000018701.jpg,Complimentary Dinner in Honor of Sir F. Carruthers Gould,London%2C%20ENGLAND,n%2Fa,1906,2,,
4000018704.jpg,Dinner Menu at Ristorante Cova,Milan%2C%20Italy,n%2Fa,1906,0,,
4000018710.jpg,Banquet for the President of the International Union of Tramways,Milan%2C%20Italy,n%2Fa,1906,2,,
4000018715.jpg,Third Annual Banquet at Hotel Cadillac,Detroit%2C%20MI,Michigan,1906,2,,
4000018722.jpg,18th Annual Banquet at Hotel Schenley,Pittsburgh%2C%20PA,Pennsylvania,1906,2,,
4000018737.jpg,"Banquet in Honor of Charles W. Fairbanks, Vice President of U.S.",Chicago%2C%20IL,Illinois,1906,2,,
4000018754.jpg,Luncheon Tendered to Hon William Jennings Bryan at The New St. Charles,New%20Orleans%2C%20LA,Louisiana,1906,2,,
4000018779.jpg,Congress of Italian Engineers and Architects Dinner at Grand Hotel,S.%20Pellegrino%2C%20Italy,n%2Fa,1906,2,,
4000018786.jpg,A Farewell Banquet at The Antlers,Dayton%2C%20OH,Ohio,1906,0,,
4000018794.jpg,DINNER MENU at MURRAY HILL HOTEL,New%20York%2C%20NY,New%20York,1906,0,,
4000018800.jpg,Dinner in Honour of Sir Thomas Lipton,Chicago%2C%20IL,Illinois,1906,2,,
4000018819.jpg,THIRD ANNUAL CONVENTION MENU,Philadelphia%2C%20PA,Pennsylvania,1906,2,,
4000018828.jpg,Welcome Home Dinner Tendered to the Honorable Robert A. Van Wyck,New%20York%2C%20NY,New%20York,1906,2,,
4000018835.jpg,A Farewell Dinner to Dr. Stephen S. Wise,Portland%2C%20OR,Oregon,1906,2,,
4000018837.jpg,Fountain Luncheon at Siegel Cooper Co.,New%20York%2C%20NY,New%20York,1906,0,,
4000018841.jpg,32nd Annual Banquet Menu at NEW WILLARD HOTEL,Washington%2C%20DC,Washington%2C%20D.C.,1906,2,,
4000018847.jpg,Quick Luncheon and Afternoon Tea at Siegel Cooper Co.,New%20York%2C%20NY,New%20York,1906,0,,
4000018868.jpg,Dinner in Honor of Tour Participants,Washington%2C%20DC,Washington%2C%20D.C.,1906,2,,
4000018871.jpg,Midnight Supper in Honor of Anna Held and Florenz Ziegfeld,Philadelphia%2C%20PA,Pennsylvania,1906,2,,
4000018882.jpg,Installation Banquet at Queen's Hotel,Eastbourne%2C%20England,n%2Fa,1906,2,,
4000018889.jpg,Second Annual Banquet at American Association Of Freight Traffic Officers,New%20York%2C%20NY,New%20York,1906,2,waldorf,
4000018920.jpg,Governor's Foot Guards Anniversary Dinner,Boston%2C%20MA,Massachusetts,1906,2,,
4000018927.jpg,Complimentary Dinner and Presentation to Matthew A. Henson,,n%2Fa,1909,2,,
4000018937.jpg,Annual Ladies Night Dinner at Polytechnic Lodge & Robert Mitchell Lodge,London%2C%20England,n%2Fa,1906,2,,
4000018941.jpg,20th Annual Meeting Dinner at ST.DENIS HOTEL,New%20York%2C%20NY,New%20York,1906,2,,
4000018946.jpg,Banquet for Delegates of City of London International Commercial Association,Paris%2C%20FR,n%2Fa,1906,2,,
4000018951.jpg,Arcadia Club Annual Dinner,New%20York%2C%20NY,New%20York,1906,2,,
4000018955.jpg,Luncheon in Honor of William Jennings Bryan at St. Charles Hotel,New%20Orleans%2C%20LA,Louisiana,1906,0,,
4000018975.jpg,24th Annual Banquet,Atlanta%2C%20GA,Georgia,1906,2,,
4000018983.jpg,Annual Banquet Menu,Birmingham%2C%20ALABAMA,Alabama,1906,2,,
4000018991.jpg,Dinner at the 97th Meeting at Bankers' Club,Chicago%2C%20IL,Illinois,1906,2,,
4000018999.jpg,A La Carte Dinner Menu,New%20York%2C%20NY,New%20York,1906,0,,
4000019005.jpg,Annual Meeting Menu,New%20York%2C%20NY,New%20York,1906,2,,
4000019008.jpg,Hella Temple Annual Banquet,Dallas%2C%20TEXAS,Texas,1906,2,,
4000019019.jpg,Banquet for Capt. Roald Amundsen,Brooklyn%2C%20NY,New%20York,1906,2,,
4000019030.jpg,King's Birthday Dinner at Delmonico's,New%20York%2C%20NY,New%20York,1906,2,delmonicos,
4000019046.jpg,Symposium Menu at Kind Words Club,Philadelphia%2C%20PA,Pennsylvania,1906,0,,
4000019051.jpg,Fifty-Eighth Meeting Anniversary Menu,Chicago%2C%20IL,Illinois,1906,2,,
4000019071.jpg,Anniversary Dinner at Pickwick Club,New%20Orleans%2C%20LA,Louisiana,1906,0,,
4000019075.jpg,Daily Menu at The Golden Pheasant,San%20Francisco%2C%20CA,California,1906,0,,
4000019084.jpg,25th Anniversary Celebration Menu,Providence%2C%20RI,Rhode%20Island,1906,2,,
4000019092.jpg,Dinner in Honor of Governor and Legislature,Tampa%2C%20FL,Florida,1906,2,,
4000019095.jpg,Special Dinner Commemorative of the Visit of the Italian Cruiser 'Ettore Fieramosra',Philadelphia%2C%20PA,Pennsylvania,1906,2,,
4000019100.jpg,Banquet Tendered to Dr. William Jarvie,New%20York%2C%20NY,New%20York,1906,2,waldorf,
4000019108.jpg,Twelfth Banquet at The Commercial Club,Kansas%20City%2C%20MO,Missouri,1906,0,,
4000019119.jpg,National Civil Service Reform League Dinner,New%20Haven%2C%20CT,Connecticut,1906,2,,
4000019126.jpg,Banquet Menu at The Hall,London%2C%20ENGLAND,n%2Fa,1906,2,,
4000019154.jpg,Dinner to Crew of 1906 at Hotel Somerset,Boston%2C%20MA,Massachusetts,1906,2,,
4000019159.jpg,Dinner in Honor of M. Warley Platzeck's Election as a Justice of the Supreme Court,,n%2Fa,1906,2,,
4000019168.jpg,Dinner Event for Governor-Elect Edwin S. Stuart,Philadelphia%2C%20PA,Pennsylvania,1906,2,,
4000019185.jpg,Banquet for Harvard Varsity Football Team,New%20Haven%2C%20CT,Connecticut,1906,2,,
4000019188.jpg,Dinner Event at Republican Club,New%20York%2C%20NY,New%20York,1906,2,,
4000019195.jpg,American Legation Dinner Menu,Bangkok%2C%20SIAM,n%2Fa,1906,0,,
4000019203.jpg,25th Anniversary Banquet at New Haven Yacht Club,New%20Haven%2C%20CT,Connecticut,1906,2,,
4000019210.jpg,"THANKSGIVING DAY BREAKFAST, DINNER & SUPPER at Indiana State Soldiers' Home",La%20Fayette%2C%20INDIANA,Indiana,1906,2,,
4000019215.jpg,Jefferson Hotel Dinner Menu,San%20Francisco%2C%20CA,California,1906,0,,
4000019221.jpg,Thanksgiving Day Menu at M.F.Lyons Dining Rooms,New%20York%2C%20NY,New%20York,1906,2,,
4000019227.jpg,Thanksgiving Day Dinner at Martinsville Sanitarium,Martinsville%2C%20IND.,Indiana,1906,2,,
4000019234.jpg,DINNER MENU ON BOARD PAQUEBOT 'LA LORRAINE',,n%2Fa,1906,1,,
4000019239.jpg,Opera Supper at Savoy Hotel,London%2C%20ENGLAND,n%2Fa,1906,2,,
4000019245.jpg,Annual Dinner at Hotel Savoy,New%20York%2C%20NY,New%20York,1906,2,,
4000019251.jpg,Dinner in Honor of Robert C. Ogden,New%20York%2C%20NY,New%20York,1906,0,waldorf,
4000019271.jpg,Annual Banquet Menu,New%20Haven%2C%20CT,Connecticut,1906,2,,
4000019277.jpg,Dinner Menu on Compagnie General Transatlantique's Paquebot La Bretagne,,n%2Fa,1906,1,,
4000019280.jpg,Dinner at Dobbeltskrue Postdamskibet C.F.Tietgen,,n%2Fa,1906,1,,
4000019286.jpg,Third Annual Banquet Menu at Alumni Association N.Y.N.S.S. St. Mary's,,n%2Fa,1906,2,,
4000019294.jpg,59th Meeting Menu at The Merchants Club Of Chicago,Chicago%2C%20IL,Illinois,1906,2,,
4000019312.jpg,SECOND ANNUAL DINNER at Tilley's Restaurant,TILLEY'S%20RESTAURANT%2C%20ENGLAND,n%2Fa,1906,2,,
4000019318.jpg,ILLINOIS MANUFACTURERS' ASSOCIATION ANNUAL MEETING AND DINNER,Chicago%2C%20IL,Illinois,1906,2,,
4000019325.jpg,SECOND ANNUAL BANQUET at AUDITORIUM HOTEL,Chicago%2C%20IL,Illinois,1906,2,,
4000019330.jpg,Dinner in Honor of Mr. Lucius E. Johnson,Richmond%2C%20VA,Virginia,1906,0,,
4000019340.jpg,THE THIRTEEN CLUB - 257TH REGULAR MEETING AND DINNER,New%20York%2C%20NY,New%20York,1906,2,,
4000019352.jpg,Third Annual Banquet at The Grand Orient,Ybor%20City%2C%20FL,Florida,1906,2,,
4000019363.jpg,Diner on board Paquebot La Touraine,,n%2Fa,1906,1,,
4000019369.jpg,Dinner Tendered to the Captain and Officers of the U.S.S. 'Louisiana',New%20Orleans%2C%20LA,Louisiana,1906,0,,
4000019377.jpg,NINTH ANNUAL DINNER at DELMONICO'S,New%20York%2C%20NY,New%20York,1906,2,delmonicos,
4000019387.jpg,Eighth Annual Dinner at Shanley's Roman Court,New%20York%2C%20NY,New%20York,1906,2,,
4000019390.jpg,Dinner in Honor of the American Tariff Commission,Berlin%2C%20GERMANY,n%2Fa,1906,2,,
4000019393.jpg,Dinner Tendered to Hon. John Barrett at Portland Commercial Club,Portland%2C%20OR,Oregon,1906,2,,
4000019397.jpg,Traditional Banquet at Ararat Temple A. A. O. N. M. S.,Kansas%20City%2C%20MO,Missouri,1906,2,,
4000019407.jpg,Dinner honoring Mr. R. R. Bringhurst at Bellevue-Stratford Hotel,Philadelphia%2C%20PA,Pennsylvania,1906,2,,
4000019419.jpg,MIDDAG/DINNER at DOBBELTSKRUE POSTDAMPSKIBET,,n%2Fa,1906,1,,
4000019422.jpg,Dinner at Municipal Art Society,New%20York%2C%20NY,New%20York,1906,0,,
4000019427.jpg,Commemorative Menu for 300th Anniversary Event at Savoy Hotel,London%2C%20ENGLAND,n%2Fa,1906,2,,
4000019432.jpg,University of Michigan Club Annual Dinner at Astor Hotel,New%20York%2C%20NY,New%20York,1906,2,,
4000019443.jpg,Dinner at Union League Club Friends,New%20York%2C%20NY,New%20York,1906,2,,
4000019448.jpg,Banquet in Celebration of Newark's New City Hall Opening,Newark%2C%20NJ,New%20Jersey,1906,2,,
4000019452.jpg,Installation Banquet at New Hickory Restaurant,New%20Orleans%2C%20LA,Louisiana,1906,2,,
4000019457.jpg,Dinner Menu on Paquebot La Provence by Compagnie General Transatlantique,,n%2Fa,1906,1,,
4000019459.jpg,Dinner Menu at C. F. Tietgen Dobbeltskrue Postdampskibet,,n%2Fa,1906,1,,
4000019464.jpg,13th Annual Banquet at Boody House,Toledo%2C%20OH,Ohio,1906,2,,
4000019473.jpg,Banquet for Western Association of Shoe Wholesalers,Milwaukee%2C%20WI,Wisconsin,1906,2,,
4000019496.jpg,DAILY MENU at THE ANNEX,New%20York%2C%20NY,New%20York,1906,0,,
4000019504.jpg,M.F. Loyns Dining Rooms Daily Menu for Religious Holiday,New%20York%2C%20NY,New%20York,1906,2,,
4000019510.jpg,Christmas Dinner at The Rockafellow,Hot%20Springs%2C%20AR,Arkansas,1906,2,,
4000019518.jpg,Hotel Normandie Daily Menu for Religious Holiday,New%20York%2C%20NY,New%20York,1906,2,,
4000019522.jpg,The Portland Menu,Portland%2C%20OR,Oregon,1906,0,,
4000019526.jpg,Christmas Dinner at Hicks' Restaurant,Savannah%2C%20GA,Georgia,1906,2,,
4000019532.jpg,Daily Breakfast Menu at The Rockafellow,Hot%20Springs%2C%20AR,Arkansas,1906,0,,
4000019536.jpg,Christmas Dinner at Denison Hotel,Indianapolis%2C%20IN,Indiana,1906,2,,
4000019543.jpg,Christmas Dinner at Hotel Jefferson,San%20Francisco%2C%20CA,California,1906,2,,
4000019552.jpg,Dinner Tendered to His Excellency at Palace Hotel,San%20Francisco%2C%20CA,California,1906,2,,
4000019568.jpg,Dinner Menu on Compagnie General Transatlantique's Paquebot La Lorraine,,n%2Fa,1906,1,,
4000019584.jpg,Lunch Menu at Van Liew's Restaurant,New%20York%2C%20NY,New%20York,1906,0,,
4000019587.jpg,Daily Menu at John Wanamaker,New%20York%2C%20NY,New%20York,1906,0,,
4000019603.jpg,Daily Menu at Bristol's Dining Rooms,New%20York%2C%20NY,New%20York,1906,0,,
4000019606.jpg,Quick Luncheon and Afternoon Tea,New%20York%2C%20NY,New%20York,1906,0,,
4000019612.jpg,Breakfast Menu at Siegel Cooper Co.,New%20York%2C%20NY,New%20York,1906,0,,
4000019624.jpg,Inauguration Dinner Menu,Providence%2C%20RI,Rhode%20Island,1907,2,,
4000019628.jpg,New Year's Dinner at Hotel Jefferson,San%20Francisco%2C%20CA,California,1907,2,,
4000019634.jpg,Gillespie's Restaurant Daily Menu,New%20York%2C%20NY,New%20York,1907,0,,
4000019648.jpg,Second Annual Banquet Menu at Grand Orient Restaurant,Grand%20Orient%20Restaurant%2C%20Florida,Florida,1907,2,,
4000019654.jpg,Daily Dinner Menu on Paquebot 'La Bretagne',,n%2Fa,1907,1,,
4000019657.jpg,Anniversary Dinner at The Camp-Fire Club,New%20York%2C%20NY,New%20York,1907,2,,
4000019674.jpg,SUPPER AT THE BALL,Stockeld%20Park,n%2Fa,1907,2,,
4000019678.jpg,Fiftieth Anniversary Banquet at Hotel Willard,Washington%2C%20DC,Washington%2C%20D.C.,1907,2,,
4000019685.jpg,Anniversary Dinner at Hotel Garde,Hartford%2C%20CT,Connecticut,1907,2,,
4000019689.jpg,Dinner at Fifth Avenue Hotel,New%20York%2C%20NY,New%20York,1907,0,,
4000019691.jpg,Breakfast at Fifth Avenue Hotel,New%20York%2C%20NY,New%20York,1907,0,,
4000019693.jpg,Daily Menu at Fifth Avenue Hotel,New%20York%2C%20NY,New%20York,1907,0,,
4000019696.jpg,Daily Cafe Menu at Fifth Avenue Hotel,New%20York%2C%20NY,New%20York,1907,0,,
4000019702.jpg,DAILY MENU at THE ANSONIA,New%20York%2C%20NY,New%20York,1907,0,,
4000019713.jpg,Annual Dinner Menu at Delmonico's,New%20York%2C%20NY,New%20York,1907,2,delmonicos,
4000019730.jpg,BANQUET TO ABOVE at MANHASSET CLUB,BROOKLYN%2C%20NY,New%20York,1907,2,,
4000019747.jpg,All American Banquet in Honor of Edwin C. Hall,New%20York,New%20York,1907,2,,
4000019758.jpg,Third Annual Banquet at Palace Hotel,San%20Francisco%2C%20CA,California,1907,2,,
4000019763.jpg,Third Annual Dinner at New Haven House,New%20Haven%2C%20CT,Connecticut,1907,2,,
4000019769.jpg,Ohio County Bar Association Annual Banquet at Fort Henry Club,Wheeling%2C%20WV,West%20Virginia,1907,2,,
4000019780.jpg,Dinner Menu at Hotel Knickerbocker,New%20York%2C%20NY,New%20York,1907,0,,
4000019792.jpg,Third Annual Banquet at The Ohio Society Of Philadelphia,Philadelphia%2C%20PA,Pennsylvania,1907,2,,
4000019796.jpg,THE NEW YORK FARMERS DINNER at METROPOLITAN CLUB,New%20York%2C%20NY,New%20York,1907,2,,
4000019801.jpg,30th Annual Meeting Menu at THE TEN EYCK,Albany%2C%20NY,New%20York,1907,2,,
4000019807.jpg,Seventh Annual Banquet at The Bellevue-Stratford,Philadelphia%2C%20PA,Pennsylvania,1907,2,,
4000019813.jpg,Third Annual Ball Menu,Brighton%2C%20England,n%2Fa,1907,2,,
4000019818.jpg,"132nd Monthly Dinner, Ladies Reception at Boston Boot And Shoe Club",Boston%2C%20MA,Massachusetts,1907,2,,
4000019822.jpg,Daily Dinner Menu at Hotel Knickerbocker,New%20York%2C%20NY,New%20York,1907,0,,
4000019830.jpg,BANQUET at THE ARLINGTON,Washington%2C%20DC,Washington%2C%20D.C.,1907,0,,
4000019835.jpg,22nd Annual Dinner at The Holland Society of New York,New%20York%2C%20NY,New%20York,1907,2,waldorf,
4000019843.jpg,25th Anniversary Dinner at The Clover Club,Philadelphia%2C%20PA,Pennsylvania,1907,2,,
4000019848.jpg,Annual Dinner Menu at Hotel Brunswick,Boston%2C%20MA,Massachusetts,1907,2,,
4000019854.jpg,Annual Dinner Menu at Republican Club,New%20York%2C%20NY,New%20York,1907,2,,
4000019872.jpg,Twenty-First Annual Banquet Menu,New%20York%2C%20NY,New%20York,1907,2,waldorf,
4000019895.jpg,57th Annual Dinner at Manhattan Cricket Club,Brooklyn%2C%20NY,New%20York,1907,2,,
4000019907.jpg,Annual Banquet Menu at Arkwright Club Of The City Of New York,New%20York%2C%20NY,New%20York,1907,2,,
4000019917.jpg,Fifth Annual Dinner at Powers Hotel,Rochester%2C%20NY,New%20York,1907,2,,
4000019921.jpg,DINNER TO THE KINDERGARTEN CLUB at THE UNION LEAGUE,John%20W.%20Hamer,n%2Fa,1907,0,,
4000019931.jpg,Flat Iron Restaurant & Cafe Menu,New%20York%2C%20NY,New%20York,1907,0,,
4000019940.jpg,Annual Dinner Menu at Hanover Club,Brooklyn%2C%20NY,New%20York,1907,2,,
4000019954.jpg,ANNUAL BANQUET TO THE MANAGERS at THE WALDORF-ASTORIA,New%20York%2C%20NY,New%20York,1907,2,waldorf,
4000019956.jpg,Annual Dinner at Hamilton Club,Brooklyn%2C%20NY,New%20York,1907,2,,
4000019977.jpg,Thirtieth Annual Dinner at Manhasset Club,Manhasset%2C%20NY,New%20York,1907,2,,
4000019982.jpg,DINNER MENU at PAQUEBOT 'LA BRETAGNE',,n%2Fa,1907,1,,
4000020004.jpg,Dinner 'To Those Who Are About to Leave Us Temporarily' at The Shoreham,Washington%2C%20DC,Washington%2C%20D.C.,1907,2,,
4000020017.jpg,Convention Dinner at Hotel Astor,New%20York%2C%20NY,New%20York,1907,2,,
4000020023.jpg,Smith & Mcnell's Breakfast and Supper Menu,New%20York%2C%20NY,New%20York,1907,0,,
4000020027.jpg,Dinner at United States Flagship Rainbow,Cavite%2C%20PHILIPPINE%20ISLANDS,n%2Fa,1907,1,,
4000020030.jpg,Orpheus Masquerade Dinner Menu,Buffalo%2C%20NY,New%20York,1907,2,,
4000020034.jpg,Ladies' Night at Clover Club of Boston,Boston%2C%20MA,Massachusetts,1907,2,,
4000020038.jpg,Seventeenth Annual Social Session Menu,Amsterdam%2C%20NY,New%20York,1907,2,,
4000020045.jpg,DINNER TO THE RIGHT HON. JAMES BRYCE at THE PILGRIMS,London%2C%20England,n%2Fa,1907,2,,
4000020049.jpg,Banquet for National Brick Manufacturers and Associations,St.%20Louis%2C%20MO,Missouri,1907,2,,
4000020060.jpg,Annual Banquet Menu,Washington%2C%20DC,Washington%2C%20D.C.,1907,0,,
4000020067.jpg,B.P.O.E. DINNER at CONVENTION HALL,Buffalo%2C%20NY,New%20York,1907,2,,
4000020070.jpg,Grand Masquerade Ball Menu,New%20York%2C%20NY,New%20York,1907,2,,
4000020077.jpg,Seventh Annual Banquet at Italian Chamber Of Commerce In New York,New%20York%2C%20NY,New%20York,1907,2,waldorf,
4000020089.jpg,Seventh Annual Dinner at Amen Corner,New%20York%2C%20NY,New%20York,1907,2,,
4000020094.jpg,Banquet Tendered to Hon. Samuel McMillan at Lotos Club,New%20York%2C%20NY,New%20York,1907,0,,
4000020099.jpg,THEATRE PARTY AND DINNER at MYERS HOTEL,New%20York%2C%20NY,New%20York,1907,2,,
4000020105.jpg,DINNER OF BACHELOR CLUB BALL,Milwaukee%2C%20WI,Wisconsin,1907,2,,
4000020112.jpg,Lincoln Dinner at Trommer's Hall,Brooklyn%2C%20NY,New%20York,1907,0,,
4000020121.jpg,Third Annual Dinner in Commemoration of the 98th Anniversary of the Birth of Abraham Lincoln,New%20York%2C%20NY,New%20York,1907,2,,
4000020125.jpg,Lincoln Night at Middlesex Club,Boston%2C%20MA,Massachusetts,1907,2,,
4000020131.jpg,Annual Banquet in Commemoration of the 98th Anniversary of the Birth of Abraham Lincoln,Brooklyn%2C%20NY,New%20York,1907,2,,
4000020139.jpg,Fifth Annual Banquet at The Yates,,n%2Fa,1907,2,,
4000020157.jpg,First Annual Dinner by The Rensselaer County Society In The City Of New York,New%20York%2C%20NY,New%20York,1907,2,waldorf,
4000020163.jpg,Dinner honoring Sr. Don Miguel Ahumeda,El%20Paso%2C%20TX,Texas,1907,2,,
4000020165.jpg,In Convivial Session at The Round Table,Cincinnati%2C%20OH,Ohio,1907,2,,
4000020170.jpg,Eleventh Annual Dinner at Cortelyou Club,Brooklyn%2C%20NY,New%20York,1907,2,,
4000020181.jpg,Vaudeville Dinner at Cafe Boulevard,New%20York%2C%20NY,New%20York,1907,2,,
4000020186.jpg,Second Annual Dinner at The Oregon And Washington Lumber Manufacturers' Association,Portland%2C%20OR,Oregon,1907,2,,
4000020200.jpg,Twenty-First Annual Dinner at Arunellclub Hall,Baltimore%2C%20MARYLAND,Maryland,1907,2,,
4000020202.jpg,Daily Luncheon Menu at Aldine Association,New%20York%2C%20NY,New%20York,1907,0,,
4000020206.jpg,Annual Dinner at Milwaukee Harvard Club,Milwaukee%2C%20WI,Wisconsin,1907,2,,
4000020213.jpg,Banquet at Hotel Somerset,Boston%2C%20MA,Massachusetts,1907,2,,
4000020236.jpg,NINTH ANNUAL BANQUET at Citizens Business League,Milwaukee%2C%20WI,Wisconsin,1907,2,,
4000020244.jpg,BANQUET ON ANNIVERSARY OF WASHINGTON'S BIRTHDAY,New%20Orleans%2C%20LA,Louisiana,1907,0,,
4000020253.jpg,21st Annual Banquet in Celebration of the Birth of George Washington,Chicago%2C%20IL,Illinois,1907,0,,
4000020267.jpg,38th Annual Banquet at Plankinton House,Milwaukee%2C%20WI,Wisconsin,1907,2,,
4000020276.jpg,Washington's Birthday Celebration Menu,Joplin%2C%20MO,Missouri,1907,2,,
4000020278.jpg,Annual Banquet Menu at Delmonico's,New%20York%2C%20NY,New%20York,1907,2,delmonicos,
4000020284.jpg,Washington's Birthday Celebration Menu,Los%20Angeles%2C%20CA,California,1907,2,,
4000020291.jpg,13th Annual Banquet Menu,St.%20Louis%2C%20MO,Missouri,1907,2,,
4000020301.jpg,Dinner Commemorating a New Record,Butler%2C%20PA,Pennsylvania,1907,2,,
4000020310.jpg,Dinner in Honor of Commodore Harry B. Gilpin at Hotel Rennert,Baltimore%2C%20Maryland,Maryland,1907,0,,
4000020317.jpg,Third Annual Banquet Menu,Portland%2C%20OR,Oregon,1907,2,,
4000020325.jpg,Farewell Dinner to Maestro Giacomo Puccini at Enrico Caruso Of The Metropolitan Opera House,New%20York%20City,New%20York,1907,2,,
4000020337.jpg,Dinner Menu at Hotel Savoy,,n%2Fa,1907,0,,
4000020342.jpg,Dinner at Fifth Annual Pumpernickel Club Event,New%20York%2C%20NY,New%20York,1907,2,,
4000020347.jpg,Daily Menu on Paquebot 'La Bretagne',,n%2Fa,1907,1,,
4000020352.jpg,DEED TO H.M. HOWARD - COMPLIMENTARY/TESTIMONIAL,San%20Francisco%2C%20CA,California,1907,2,,
4000020357.jpg,Annual Banquet Menu,Washington%2C%20DC,Washington%2C%20D.C.,1907,2,,
4000020362.jpg,Hertford College Menu,Oxford%2C%20ENGLAND,n%2Fa,1907,0,,
4000020378.jpg,ORIENTAL HOTEL MENU,Bangkok%2C%20THAILAND,n%2Fa,1907,0,,
4000020387.jpg,FOURTHY ANNUAL BANQUET CELEBRATING THE BIRTH OF ST. PATRICK,Coney%20Island%2C%20NY,New%20York,1907,2,,
4000020395.jpg,St. Patrick's Day Banquet Celebration,Chicago%2C%20IL,Illinois,1907,2,,
4000020406.jpg,Eighth Annual Dinner at American Railway Engineering And Maintenance Of Way Association,Chicago%2C%20IL,Illinois,1907,2,,
4000020421.jpg,ANNUAL OUTBREAK at LEGISLATIVE CORRESPONDENTS' ASSOCIATION,Albany%2C%20NY,New%20York,1907,2,,
4000020442.jpg,Anniversary Dinner at Union League,,n%2Fa,1907,2,,
4000020453.jpg,173rd Regular Meeting Menu at New Algonquin Club,Boston%2C%20MA,Massachusetts,1907,2,,
4000020464.jpg,Daily Dinner Menu on Paquebot 'La Lorraine',,n%2Fa,1907,1,,
4000020468.jpg,Inter Coastal Canal Committee Dinner at Hotel Mahaffey,Jennings%2C%20LA,Louisiana,1907,2,,
4000020472.jpg,Treasurers Club Of America Anniversary Banquet,New%20York%2C%20NY,New%20York,1907,2,,
4000020476.jpg,Ninth Annual Meeting and Banquet Menu,,n%2Fa,1907,2,,
4000020485.jpg,13TH ANNUAL CONVENTION AND BANQUET at THE RALEIGH,Washington%2C%20DC,Washington%2C%20D.C.,1907,2,,
4000020492.jpg,Third Annual Dinner at Past Master's Association,Elmira%2C%20NY,New%20York,1907,2,,
4000020495.jpg,Eighth Annual Banquet at Glen Falls Club,Glen%20Falls%2C%20NY,New%20York,1907,2,,
4000020498.jpg,Daily Dinner Menu on Paquebot 'La Touraine',,n%2Fa,1907,1,,
4000020504.jpg,Twentieth Century Aldermanic Association Dinner at Bellevue Hotel,Boston%2C%20MA,Massachusetts,1907,2,,
4000020508.jpg,Third Annual Dinner at Olympic Sports Club,Cape%20Town%2C%20S.A.,n%2Fa,1907,2,,
4000020516.jpg,Fifth Annual Banquet at Hillman Hotel,Birmingham%2C%20AL,Alabama,1907,2,,
4000020536.jpg,Banchetto Sociale: Inaugurazione dei Fabricati della Societa nel XXVI Anno della Sua Costituzione,Milano%2C%20Italy,n%2Fa,1907,2,,
4000020541.jpg,MISS CHARLIE SMITH's DINNER PARTY MENU,YBOR%20CITY%2C%20FL,Florida,1907,2,,
4000020548.jpg,Dinner to His Excellency Charlemagne Tower at Manhattan Club,New%20York%2C%20NY,New%20York,1907,2,,
4000020557.jpg,BACHELOR CLUB BANQUET at ZINZENDORF HOTEL,Winston-Salem%2C%20NC,North%20Carolina,1907,2,,
4000020562.jpg,Seventeenth Annual Appomattox Day Banquet,Chicago%2C%20IL,Illinois,1907,2,,
4000020572.jpg,Dinner of the Fruit Trade of New York City,New%20York%2C%20NY,New%20York,1907,0,,
4000020584.jpg,Anniversary Dinner at Southern Hotel,St.%20Louis%2C%20MO,Missouri,1907,2,,
4000020588.jpg,Dinner on board C.F. Tietgen,,n%2Fa,1907,1,,
4000020594.jpg,20th Annual Banquet at Lumbermen's Exchange,Philadelphia%2C%20PA,Pennsylvania,1907,2,,
4000020607.jpg,NINTH ANNUAL BANQUET,Boston%2C%20MA,Massachusetts,1907,2,,
4000020613.jpg,Diner Menu on Board Paquebot 'La Savoie',,n%2Fa,1907,1,,
4000020616.jpg,Dinner for Newspaper Publicity Men of Philadelphia Politics,Philadelphia%2C%20PA,Pennsylvania,1907,2,,
4000020621.jpg,THIRTEEN CLUB - WASHINGTON TRIP MENU,Washington%2C%20DC,Washington%2C%20D.C.,1907,0,,
4000020641.jpg,Banquet honoring William Randolph Hearst,New%20York%2C%20NY,New%20York,1907,2,,
4000020646.jpg,Dinner in honor of Governor Charles E. Magoon,Havana%2C%20Cuba,n%2Fa,1907,0,,
4000020655.jpg,VISIT OF COLONIAL PRIME MINISTERS TO THE CITY OF LONDON,London%2C%20ENGLAND,n%2Fa,1907,0,,
4000020667.jpg,Jefferson's Birthday Celebration with Guest of Honor William Jennings Bryan,Brooklyn%2C%20NY,New%20York,1907,2,,
4000020674.jpg,LUNCHEON MENU FOR VISIT OF COLONIAL PRIME MINISTERS,London%2C%20ENGLAND,n%2Fa,1907,0,,
4000020684.jpg,Dinner Menu aboard Dobbeltskrue Postdampskibet C.F. Tietgen,,n%2Fa,1907,1,,
4000020688.jpg,Sixth Annual Dinner at Union League Club,New%20York%2C%20NY,New%20York,1907,2,,
4000020696.jpg,Dinner in Honor of Raphael Weill,San%20Francisco%2C%20CA,California,1907,2,,
4000020705.jpg,Annual Meeting Menu at Boston Boot And Shoe Club,Boston%2C%20MA,Massachusetts,1907,2,,
4000020710.jpg,Congressmen Banquet in Honor of Greater New York,New%20York%2C%20NY,New%20York,1907,2,,
4000020713.jpg,Dinner Menu on Aboard Paquebot La Provence,,n%2Fa,1907,1,,
4000020730.jpg,Dedication Event Menu,Buffalo%2C%20NY,New%20York,1907,2,,
4000020742.jpg,Annual Banquet Menu at Fairmont Hotel,San%20Francisco%2C%20CA,California,1907,2,,
4000020764.jpg,Annual Banquet Celebrating the Battles of Lexington and Concord,Saint%20Louis%2C%20MO,Missouri,1907,2,,
4000020773.jpg,DECENNIAL DINNER at DELMONICO'S,New%20York%2C%20NY,New%20York,1907,0,delmonicos,
4000020798.jpg,TWENTY-SEVENTH ANNUAL BANQUET IN COMMEMORATION OF THOMAS JEFFERSON,,n%2Fa,1907,2,,
4000020807.jpg,MIDDAG/DINNER at DOBBELTSKRUE POSTDAMPSKIBET,,n%2Fa,1907,1,,
4000020826.jpg,One Hundred and Twenty-First Anniversary Menu,New%20York%2C%20NY,New%20York,1907,2,waldorf,
4000020833.jpg,REUNION DINNER at ROOME LODGE,LITTLE%20HUNGARY,n%2Fa,1907,0,,
4000020839.jpg,Banquet Tendered to Mr. M.M. Finley at Camthon Hotel,Mobile%2C%20AL,Alabama,1907,2,,
4000020844.jpg,3D ANNUAL BANQUET at TWENTY-FOURTH WARD REPUBLICAN CLUB,,n%2Fa,1907,2,,
4000020855.jpg,Dinner Menu on Compagnie General Transatlantique's Paquebot La Lorraine,,n%2Fa,1907,1,,
4000020858.jpg,100th Dinner at The Bankers Club Of Chicago,Chicago%2C%20IL,Illinois,1907,2,,
4000020862.jpg,SIXTH ANNUAL DINNER at THE CANTON SOCIETY OF NEW YORK,New%20York%2C%20NY,New%20York,1907,2,,
4000020869.jpg,Dinner to Diplomatic Corps on Steamer Newport News,Norfolk%2C%20VA,Virginia,1907,2,,
4000020874.jpg,Dinner Event at Union League Club,New%20York%2C%20NY,New%20York,1907,2,,
4000020879.jpg,SEVENTEENTH ANNUAL BANQUET at THE FRATERNAL UNION OF ANOINTED HIGH PRIESTS,New%20York%2C%20NY,New%20York,1907,2,,
4000020888.jpg,17th Annual Reunion and Dinner at Hotel Astor,New%20York%2C%20NY,New%20York,1907,2,,
4000020892.jpg,DINNER OF THE PRESIDENT at NEW ALGONQUIN CLUB,Boston%2C%20MA,Massachusetts,1907,0,,
4000020894.jpg,Daily Dinner Menu on Paquebot 'La Savoie',,n%2Fa,1907,1,,
4000020897.jpg,Dinner in Honor of H.M.S. Good Hope Ship's Company,Hampton%20Roads%2C%20VA,Virginia,1907,2,,
4000020902.jpg,Dinner in Honor of U.S.S. Louisiana Ship's Company,Hampton%20Roads%2C%20VA,Virginia,1907,2,,
4000020915.jpg,70th Birthday Anniversary Celebration Menu at Hotel Marseille,New%20York%2C%20NY,New%20York,1907,2,,
4000020926.jpg,DAILY MENU at Boston Dairy Lunch Co.,New%20York%2C%20NY,New%20York,1907,0,,
4000020940.jpg,Dinner on board 'La Provence' by Cie. Gle. Transatlantique,,n%2Fa,1907,1,,
4000020949.jpg,Dinner in Honor of Don Ramon Pina y Millet,New%20York%2C%20NY,New%20York,1907,0,,
4000020958.jpg,Dinner to President Fallieres at Ville De Lyon,Lyons%2C%20France,n%2Fa,1907,0,,
4000020962.jpg,Banquet for Representatives of the Press of New York City,New%20York%2C%20NY,New%20York,1907,2,,
4000020969.jpg,Complimentary/Testimonial Menu for Hotel Men's Mutual Benefit Association Event,Jamestown%2C%20VA,Virginia,1907,0,,
4000020971.jpg,Luncheon to the President [Fallieres] of the Republic at Palais du Commerce,Lyons%2C%20France,n%2Fa,1907,0,,
4000020976.jpg,Association Luncheon Menu,,n%2Fa,1907,0,,
4000020987.jpg,Tait's Cafe Dinner Menu,San%20Francisco%2C%20CA,California,1907,0,,
4000020990.jpg,Eleventh Annual Convention Menu,Winston-Salem%2C%20NC,North%20Carolina,1907,2,,
4000020994.jpg,14th Annual Dinner Menu,Somerset%2C%20MA,Massachusetts,1924,2,,
4000021021.jpg,Anniversary Dinner at PFISTER HOTEL,Milwaukee%2C%20WI,Wisconsin,1907,2,,
4000021030.jpg,University of Maryland Anniversary Banquet,Baltimore%2C%20MD,Maryland,1907,2,,
4000021035.jpg,Daily Lunch Menu at Childs',New%20York%2C%20NY,New%20York,1907,0,,
4000021041.jpg,DAILY LUNCH MENU at Childs',New%20York%2C%20NY,New%20York,1907,0,,
4000021048.jpg,Complimentary Dinner in Honor of Retiring Principals,Brooklyn%2C%20NY,New%20York,1907,2,,
4000021072.jpg,AMERICAN MEDICAL EDITORS' ASSOCIATION ANNUAL BANQUET,Atlantic%20City%2C%20NJ,New%20Jersey,1907,2,,
4000021081.jpg,269th Anniversary Celebration Menu,Boston%2C%20MA,Massachusetts,1907,2,,
4000021090.jpg,Dinner in Honor of Duke Abruzzi,Old%20Point%20Comfort%2C%20VA,Virginia,1907,2,,
4000021095.jpg,BANQUET TO VISITING GRAND MASTERS at THE RALEIGH,Washington%2C%20DC,Washington%2C%20D.C.,1907,2,,
4000021102.jpg,Daily Menu,New%20York%2C%20NY,New%20York,1907,0,,
4000021112.jpg,BANQUET at THE JEFFERSON,Richmond%2C%20VA,Virginia,1907,2,,
4000021120.jpg,Ninety-Sixth Anniversary Dinner at Rhode Island Medical Society,Providence%2C%20RI,Rhode%20Island,1907,2,,
4000021122.jpg,Annual Dinner Menu at Hotel Windsor,Atlantic%20City%2C%20NJ,New%20Jersey,1907,2,,
4000021152.jpg,SIXTH ANNUAL BANQUET at National Association Of Piano Dealers Of America,Chicago%2C%20IL,Illinois,1907,2,,
4000021165.jpg,TWELFTH ANNUAL BANQUET at DAVENPORT'S SPOKANE,Spokane%2C%20WA,Washington,1907,2,,
4000021176.jpg,Luncheon in Honor of Sir Chentung Liangcheng,New%20York%2C%20NY,New%20York,1907,2,,
4000021180.jpg,Decennial Dinner at Harvard Ninety Seven,Boston%2C%20MA,Massachusetts,1907,2,,
4000021183.jpg,Banquet and Reception Menu,Boston%2C%20MA,Massachusetts,1907,2,,
4000021195.jpg,Dinner at the Seventeenth Annual Convention of the Ohio Bankers' Association,Cincinnati%2C%20Ohio,Ohio,1907,2,,
4000021200.jpg,First Annual Banquet Menu,,n%2Fa,1907,2,,
4000021205.jpg,'97s Class Dinner - Decennial Reunion,New%20Haven%2C%20CT,Connecticut,1907,2,,
4000021210.jpg,Independence Day Dinner at Grand Hotel Kaiserhof,Bad-Nauheim%2C%20GERMANY,n%2Fa,1907,2,,
4000021213.jpg,Independence Day Dinner at Grand Hotel Hungaria,Budapest%2C%20HUNGARY,n%2Fa,1907,2,,
4000021227.jpg,Dinner for Officers of the Review of July 14,Paris%2C%20FRANCE,n%2Fa,1907,2,,
4000021239.jpg,DINNER TO U.S. NAVAL OFFICERS STATIONED AT LEAGUE ISLAND,Philadelphia%2C%20PA,Pennsylvania,1907,2,,
4000021253.jpg,ANNUAL OUTING MENU at NOG'S RESTAURANT,New%20Orleans%2C%20LA,Louisiana,1907,2,,
4000021264.jpg,Banquet for Visiting Press of the United States at Grand Lodge Reunion,Philadelphia%2C%20PA,Pennsylvania,1907,2,,
4000021277.jpg,Banquet for International Stewards' Association Seventh Annual Convention,Chicago%2C%20IL,Illinois,1907,2,,
4000021296.jpg,Dinner Menu on board S.S. Kronprinzessin Cecile,Bremen,n%2Fa,1907,1,,
4000021304.jpg,DINNER TO BOARD OF ALDERMEN at BELLEVUE STRAFORD,Philadelphia%2C%20PA,Pennsylvania,1907,2,,
4000021316.jpg,THIRTIETH ANNUAL DINNER at AMERICAN BAR ASSOCIATION,Portland%2C%20ME,Maine,1907,2,,
4000021323.jpg,Daily Menu at Lippe's Restairamt,St.%20Louis%2C%20MO,Missouri,1907,0,,
4000021328.jpg,DAILY MENU at THE WASHINGTON,St.%20Louis%2C%20MO,Missouri,1907,0,,
4000021334.jpg,Dinner to His San Francisco Friends at Fairmont Hotel,San%20Francisco%2C%20CA,California,1907,2,,
4000021337.jpg,Daily Menu at The Modern Dining Room,Newark%2C%20NJ,New%20Jersey,1907,0,,
4000021341.jpg,Banquet in Honor of K. Ishii,Seattle%2C%20WA,Washington,1907,2,,
4000021349.jpg,Luncheon in Honor of Hon. Charles Evans Hughes and Robert B. Brown,Saratoga%20Springs%2C%20NY,New%20York,1907,2,,
4000021353.jpg,First Annual Banquet Menu at Hillman Hotel,Birmingham%2C%20AL,Alabama,1907,2,,
4000021358.jpg,Dinner in Honor of Mr. Albert Foster's Return from Europe,,n%2Fa,1907,2,,
4000021381.jpg,"Inaugural Inspection and Banquet to the American Press, Members of the Retail Trade, Public Officials, and Educators",New%20York%2C%20NY,New%20York,1907,2,,
4000021389.jpg,Semi-Centennial Dinner Commemoration,Brooklyn%2C%20New%20York,New%20York,1907,2,,
4000021396.jpg,Fiftieth Anniversary Dinner at Fairmont Hotel,San%20Francisco%2C%20CA,California,1907,2,,
4000021403.jpg,Opening Dinner at The Plaza Construction Company,New%20York%2C%20NY,New%20York,1907,2,plaza,
4000021409.jpg,Luncheon for President and Governors,St.%20Louis%2C%20MO,Missouri,1907,2,,
4000021426.jpg,Dinner to the President of the US & the Inland Waterways Commission on board steamboat 'Alton',St.%20Louis%2C%20MO,Missouri,1907,2,,
4000021437.jpg,"Banquet honoring Armand Fallieres, President of the Republique",Villeneuve-sur-Lot%2C%20France,n%2Fa,1907,0,,
4000021441.jpg,Breakfast Event for Governor of the Mississippi Valley,,n%2Fa,1907,2,,
4000021459.jpg,Breakfast on board the Steamer Puritan during trip to Germanic Museum,Cambridge%2C%20MA,Massachusetts,1907,1,,
4000021461.jpg,Dinner during excursion to Germanic Museum,Cambridge%2C%20MA,Massachusetts,1907,1,,
4000021468.jpg,U.S. Navy Banquet for Rear Admiral Joseph B. Coughlan,New%20York%2C%20NY,New%20York,1907,2,,
4000021470.jpg,3rd Annual Dinner at Chicago Association Of Commerce,Chicago%2C%20IL,Illinois,1907,2,,
4000021474.jpg,A La Carte Menu at Waldorf Astoria,New%20York%2C%20NY,New%20York,1905,0,waldorf,
4000021483.jpg,THIRTEENTH ANNUAL BANQUET at HOTEL SINTON,CINCINNATI%2C%20OH,Ohio,1907,0,,
4000021493.jpg,Wedding Menu at Hotel Majestic,Philadelphia%2C%20PA,Pennsylvania,1907,2,,
4000021498.jpg,Annual Dinner Menu - The Schnorer Club Of Morrisania,New%20York%2C%20NY,New%20York,1907,2,,
4000021512.jpg,October Dinner at Clover Club,Philadelphia%2C%20PA,Pennsylvania,1907,0,,
4000021520.jpg,Dinner to Her Bridesmaids at The Waldorf-Astoria,New%20York%2C%20NY,New%20York,1907,2,waldorf,
4000021523.jpg,Mrs. G.H. Gundry Dinner at Waldorf-Astoria,New%20York%2C%20NY,New%20York,1907,2,,
4000021526.jpg,TWENTY-FIRST ANNUAL DINNER AND MEETING at ST. DENIS HOTEL,New%20York%2C%20NY,New%20York,1907,2,,
4000021531.jpg,Dinner in honor of Governor Thomas M. Campbell,Dallas%2C%20TX,Texas,1907,2,,
4000021540.jpg,Fortieth Anniversary and Banquet Menu at Terrace Garden,,n%2Fa,1907,2,,
4000021549.jpg,"Dinner in Honor of George Von L. Meyer, Postmaster General of the United States",Philadelphia%2C%20PA,Pennsylvania,1907,2,,
4000021554.jpg,"Afternoon Tea at Ninth Floor Restaurant, John Wanamaker",New%20York%2C%20NY,New%20York,1907,0,,
4000021559.jpg,Opening Dinner of Pontchartrain Hotel,Detroit%2C%20MI,Michigan,1907,2,,
4000021568.jpg,Fourth Annual Dinner at The Lincoln Club,Brooklyn%2C%20NY,New%20York,1907,2,,
4000021573.jpg,U.S.S. Vermont Menu,Charlestown%2C%20MA,Massachusetts,1907,1,,
4000021581.jpg,SEVENTEENTH ANNUAL BANQUET at HOTEL WALTON,Philadelphia%2C%20PA,Pennsylvania,1907,2,,
4000021596.jpg,Fifth Annual Dinner at Blanco's,San%20Francisco%2C%20CA,California,1907,2,,
4000021607.jpg,THIRTEENTH ANNUAL DINNER at COLLEGIATE CLUB,New%20York%2C%20NY,New%20York,1907,2,,
4000021617.jpg,Dinner for Delegations at the Central American Peace Conference,Washington%2C%20DC,Washington%2C%20D.C.,1907,2,,
4000021624.jpg,Banquet to Celebrate the Inauguration of the Decade of the Automobile,Paris%2C%20FR,n%2Fa,1907,0,,
4000021633.jpg,25th Anniversary Celebration Menu,ALLENTOWN%2C%20PA,Pennsylvania,1907,2,,
4000021648.jpg,41st Annual Dinner Menu,Chicago%2C%20IL,Illinois,1907,2,,
4000021651.jpg,Complimentary Luncheon at National Horse Show Association Of America Anniversary,New%20York%2C%20NY,New%20York,1907,2,,
4000021656.jpg,Thanksgiving Dinner at The Clover Club,Philadelphia%2C%20PA,Pennsylvania,1907,2,,
4000021672.jpg,Commemorative Banquet and Reception Menu,Philadelphia%2C%20PA,Pennsylvania,1907,2,,
4000021687.jpg,AUTOMOBILE NIGHT at HOTEL PONTCHARTRAIN,Detroit%2C%20MI,Michigan,1907,2,,
4000021693.jpg,DINNER at Jerusalem Temple A.A.O.N.M.S. for ANNIV event,New%20Orleans%2C%20LA,Louisiana,1907,2,,
4000021696.jpg,8th Annual Banquet at The Lobsters,San%20Francisco%2C%20CA,California,1907,2,,
4000021699.jpg,Daily Dinner Menu at Blanco's,San%20Francisco%2C%20CA,California,1907,0,,
4000021702.jpg,Daily Luncheon Menu at Blanco's,San%20Francisco%2C%20CA,California,1907,0,,
4000021712.jpg,Annual Dinner Menu at The Aero Club Of The United Kingdom,London%2C%20ENGLAND,n%2Fa,1907,2,,
4000021720.jpg,2nd Annual Dinner for Hon. Richard L. Ashhurst and Mr. George W. Knowles,Philadelphia%2C%20PA,Pennsylvania,1907,2,,
4000021725.jpg,"3rd Annual Banquet in Honor of Dr. Hubley R. Owen, President and Chief",Philadelphia%2C%20PA,Pennsylvania,1907,2,,
4000021740.jpg,U.S. Atlantic Fleet Crews Menu,,n%2Fa,1907,1,,
4000021750.jpg,Dinner in Honor of Frank E. Roundy,Indianapolis%2C%20IN,Indiana,1907,2,,
4000021758.jpg,St. Andrews Society Of Illinois Menu,,n%2Fa,1907,2,,
4000021760.jpg,Ketcham & Somers Menu,,n%2Fa,1907,0,,
4000021773.jpg,Twentieth Century Aldermanir Association Dinner at Copley Square Hotel,Boston%2C%20MA,Massachusetts,1907,2,,
4000021780.jpg,ONE HUNDRED AND FIFTIETH ANNIVERSARY MENU,New%20York%2C%20NY,New%20York,1907,2,,
4000021793.jpg,Second Dinner at Hotel Astor,New%20York%2C%20NY,New%20York,1907,0,,
4000021799.jpg,Union League of Philadelphia Menu,Philadelphia%2C%20PA,Pennsylvania,1907,2,,
4000021820.jpg,"Reception and Banquet Tendered to Mr. George W. Van Allen, Mr. William H. Van Allen and Mr. C. Frank Boughton",Sullivan%20County%2C%20New%20York,New%20York,1907,0,,
4000021826.jpg,Daily Menu at Grand Hotel Nurnberg,Nuremberg%2C%20GERMANY,n%2Fa,1907,0,,
4000021832.jpg,Brooklyn League Menu,Brooklyn%2C%20NY,New%20York,1907,0,,
4000021850.jpg,Olympic Club Menu,New%20York%2C%20NY,New%20York,1907,0,,
4000021853.jpg,Daily Menu at The Thorndike Hotel,Boston%2C%20MA,Massachusetts,1907,0,,
4000021856.jpg,Daily Breakfast Menu at Hotel Thorndike,Boston%2C%20MA,Massachusetts,1907,0,,
4000021864.jpg,Hotel Keepers' Association Menu,Charleston%2C%20SC,South%20Carolina,1907,0,,
4000021869.jpg,Annual Banquet Tendered to Their Representatives at Rochester Club,Rochester%2C%20New%20York,New%20York,1907,2,,
4000021874.jpg,New York Credit Men's Association Dinner at Hotel St. Denis,New%20York%2C%20NY,New%20York,1907,2,,
4000021879.jpg,Eclectic Menu at Club Of Odd Volumes,,n%2Fa,1907,0,,
4000021884.jpg,Association Menu,,n%2Fa,1907,0,,
4000021902.jpg,Christmas Dinner at The Portland,Portland%2C%20OR,Oregon,1907,2,,
4000021910.jpg,Canoe Club Menu,,n%2Fa,1907,0,,
4000021915.jpg,Sperry & Hutchinson Menu,,n%2Fa,1907,0,,
4000021928.jpg,Dinner in Honor of Frank E. Beal at Hotel Pontchartrain,Detroit%2C%20MI,Michigan,1907,0,,
4000021941.jpg,23rd Annual Dinner at B.C.T.,New%20York%2C%20NY,New%20York,1907,2,,
4000021946.jpg,Boston Merchants Association Menu,Boston%2C%20MA,Massachusetts,1907,0,,
4000021958.jpg,Upholstery and Allied Trades Menu,,n%2Fa,1907,0,,
4000021962.jpg,Central American Peach Conference Menu,,n%2Fa,1907,0,,
4000021966.jpg,Banquet Menu,,n%2Fa,1907,2,,
4000021972.jpg,Athletic Club Dining Menu,Brooklyn%2C%20New%20York,New%20York,1907,0,,
4000021980.jpg,Athletic Club Dining Menu,Chicago%2C%20IL,Illinois,1907,0,,
4000022009.jpg,Dinner Menu at Meyers Hotel for Secular Holiday,Hoboken%2C%20NJ,New%20Jersey,1908,2,,
4000022013.jpg,Dinner Menu at New Falmouth Hotel for Secular Holiday,Portland%2C%20ME,Maine,1909,2,,
4000022016.jpg,New Year's Dinner at St. Charles Hotel,New%20Orleans%2C%20LA,Louisiana,1908,2,,
4000022019.jpg,Natal Day Greeting Menu at Hotel Bellevue-Stratford,Philadelphia%2C%20PA,Pennsylvania,1908,2,,
4000022023.jpg,New Year's Dinner at The Bolton,Harrisburg%2C%20PA,Pennsylvania,1908,2,,
4000022027.jpg,Dinner at American Legation,Bangkok%2C%20THAILAND,n%2Fa,1908,0,,
4000022031.jpg,Dinner in Honor of Professor Albert A. Michelson,Chicago%2C%20IL,Illinois,1908,2,,
4000022044.jpg,Daily Dinner Menu at The Standish,Worcester%2C%20MA,Massachusetts,1908,0,,
4000022048.jpg,Inauguration Day Menu,,n%2Fa,1908,2,,
4000022058.jpg,"Complimentary Reception and Banquet Tendered to Nathaniel Robinson, M.D.",Brooklyn%2C%20NY,New%20York,1908,2,,
4000022063.jpg,Testimonial Banquet at Hotel Pontchartrain,Detroit%2C%20MI,Michigan,1908,2,,
4000022068.jpg,Daily Tea Menu at Congress Hotel,Chicago%2C%20IL,Illinois,1908,0,,
4000022073.jpg,102nd Regular Meeting Menu at Bankers' Club Of Chicago,Chicago%2C%20IL,Illinois,1908,0,,
4000022081.jpg,Colorado Scientific Society Annual Dinner at University Club,Denver%2C%20CO,Colorado,1908,2,,
4000022094.jpg,SIXTH ANNUAL BANQUET at Chicago Stationers Association,Chicago%2C%20IL,Illinois,1908,2,,
4000022104.jpg,Sunday Dinner at Ladies and Gentlemen's Dining Room,New%20York%2C%20NY,New%20York,1908,2,,
4000022109.jpg,ANNIVERSARY BANQUET at PEMIGEWASSET HOUSE,Plymouth%2C%20NH,New%20Hampshire,1908,2,,
4000022112.jpg,Breakfast Menu - NORDDEUTSCHER LLOYD - PRINZ FRIEDRICH WILHELM,,n%2Fa,1908,1,,
4000022115.jpg,Anniversary Banquet Menu,Portland%2C%20OR,Oregon,1908,2,,
4000022118.jpg,Informal Beefsteak Dinner at Chicago Athletic Association,Chicago%2C%20IL,Illinois,1908,0,,
4000022121.jpg,ANNIVERSARY BANQUET MENU,CINCINNATI%2C%20OH,Ohio,1908,2,,
4000022129.jpg,Annual Banquet Menu,Washington%2C%20DC,Washington%2C%20D.C.,1908,2,,
4000022135.jpg,FOURTH ANNUAL BANQUET MENU,,n%2Fa,1908,2,,
4000022144.jpg,Twelfth Annual Banquet Menu,New%20York%2C%20NY,New%20York,1908,2,plaza,
4000022159.jpg,Banquete em Honra da Armada Americana do Pacifico,Rio%20de%20Janeiro%2C%20Brazil,n%2Fa,1908,0,,
4000022164.jpg,Second Annual Dinner at Reisenweber's,New%20York%2C%20NY,New%20York,1908,2,,
4000022167.jpg,Business Men's League Annual Meeting Menu,St.%20Louis%2C%20MO,Missouri,1908,2,,
4000022171.jpg,Dinner to Spencer Trask,New%20York%2C%20NY,New%20York,1908,2,,
4000022178.jpg,Supper in Honor of Augustus Thomas at Hotel Astor,New%20York%2C%20NY,New%20York,1908,2,,
4000022199.jpg,TWENTY-FIFTH ANNUAL BANQUET,Chicago%2C%20IL,Illinois,1908,2,,
4000022209.jpg,Eighth Annual Dinner at Hotel Astor,New%20York%2C%20NY,New%20York,1908,2,,
4000022223.jpg,Eleventh Meeting Anniversary Menu,Chicago%2C%20IL,Illinois,1908,0,,
4000022229.jpg,Forty-Third Anniversary Menu at Harvard Club,New%20York%2C%20NY,New%20York,1908,2,,
4000022233.jpg,Second Annual Dinner at Lyric Cafe Dining Room,Allentown%2C%20PA,Pennsylvania,1908,2,,
4000022241.jpg,Dinner at Amen Corner Axe,New%20York%2C%20NY,New%20York,1908,0,,
4000022247.jpg,Dinner in Honor of Supreme Court Justice Charles Grant Garrison,Philadelphia%2C%20PA,Pennsylvania,1908,2,,
4000022255.jpg,Grand Lodge of Norway Dinner,Oslo%2C%20NORWAY,n%2Fa,1908,0,,
4000022261.jpg,Modern Woodmen of America Dinner at Hotel Woodstock,Woodstock%2C%20NY,New%20York,1908,2,,
4000022264.jpg,7th Annual Dinner at Hotel Astor,New%20York%2C%20NY,New%20York,1908,2,,
4000022267.jpg,New Yorkers Club Dinner at Hotel Astor,New%20York%2C%20NY,New%20York,1908,0,,
4000022273.jpg,Dinner at The Economic Club Of New York,New%20York%2C%20NY,New%20York,1908,2,,
4000022284.jpg,11th Annual Dinner at The Scranton Engineers' Club,Scranton%2C%20PA,Pennsylvania,1908,2,,
4000022290.jpg,Banquet at The Hollenden,Cleveland%2C%20OH,Ohio,1908,2,,
4000022307.jpg,First Annual Banquet Menu,San%20Francisco%2C%20CA,California,1908,2,,
4000022347.jpg,Fourth Annual Dinner at Maritime Association Of The Port Of New York,New%20York%2C%20NY,New%20York,1908,2,waldorf,
4000022349.jpg,Complimentary Dinner at Montauk Club,Brooklyn%2C%20NY,New%20York,1908,2,,
4000022361.jpg,25th Anniversary Menu at Hotel Somerset,Boston%2C%20MA,Massachusetts,1908,2,,
4000022371.jpg,Annual Banquet Menu at Knickerbocker Hotel,New%20York%2C%20NY,New%20York,1908,2,,
4000022378.jpg,Annual Dinner Menu at Astor Hotel,New%20York%2C%20NY,New%20York,1908,2,,
4000022384.jpg,Sixth Annual Banquet at The Dates,Syracuse%2C%20NY,New%20York,1908,2,,
4000022394.jpg,Dining Car Service Menu by Great Northern Railway,,n%2Fa,1901,1,,
4000022398.jpg,Rutgers College Alumni Association Annual Dinner at The Plaza,New%20York%2C%20NY,New%20York,1908,2,plaza,
4000022409.jpg,Dinner at New York Alumni Association of Lafayette College,New%20York%2C%20NY,New%20York,1908,2,waldorf,
4000022424.jpg,"Banquet Tendered to the Officers, Delegates, and Alternates of the American Bowling Congress and Visiting Members of the Press",Cincinnati%2C%20OH,Ohio,1908,2,,
4000022434.jpg,Annual Banquet Menu at Infantry Hall,Providence%2C%20RI,Rhode%20Island,1908,2,,
4000022440.jpg,ONE HUNDRED AND THIRD REGULAR MEETING MENU,Chicago%2C%20IL,Illinois,1908,0,,
4000022446.jpg,THIRTY-FIRST ANNUAL DINNER at MANHASSET CLUB,Manhasset%2C%20New%20York,New%20York,1908,2,,
4000022452.jpg,COMING OF AGE BANQUET at MAJESTIC HOTEL,Philadelphia%2C%20PA,Pennsylvania,1908,2,,
4000022457.jpg,Lucullus Club Menu,New%20York%2C%20NY,New%20York,1908,0,,
4000022459.jpg,Eighth Annual Dinner at Quid Nunc Club,New%20York%2C%20NY,New%20York,1908,2,,
4000022466.jpg,Public Service Dinner at Waldorf-Astoria,New%20York%2C%20NY,New%20York,1908,2,waldorf,
4000022477.jpg,Seventh Annual Banquet at The Stuyvesant Heights Republican Club,Brooklyn%2C%20NY,New%20York,1908,2,,
4000022482.jpg,TWENTY-SECOND ANNIVERSARY BANQUET,London%2C%20ENGLAND,n%2Fa,1908,2,waldorf,
4000022486.jpg,NINETEENTH ANNUAL BANQUET at UNION CLUB,Pittsburgh%2C%20PA,Pennsylvania,1908,2,,
4000022494.jpg,Florida Postmasters Association Anniversary Dinner,Tampa%2C%20FL,Florida,1908,2,,
4000022498.jpg,THE DENVER BAR ASSOCIATION SIXTEENTH ANNUAL BANQUET,Denver%2C%20CO,Colorado,1908,2,,
4000022667.jpg,Daily Menu at The Thorndike,Boston%2C%20MA,Massachusetts,1888,0,,
4025817.jpg,The Windsor Menu,,n%2Fa,1921,0,,
4025819.jpg,Hotel Mc Alpin Dining Menu,New%20York%2C%20NY,New%20York,1921,0,,
4025823.jpg,The Commodore Menu,,n%2Fa,1921,0,,
4025829.jpg,Hotel Majestic Menu,,n%2Fa,1921,0,,
4025844.jpg,Hotel Astor Dining Menu,New%20York%2C%20NY,New%20York,1921,0,,
4025846.jpg,Hotel Savoy Menu,,n%2Fa,1921,0,,
4025847.jpg,Hotel Dennis Menu,,n%2Fa,1921,0,,
4025850.jpg,YMCA Bedford Branch Menu,,n%2Fa,1921,0,,
4025860.jpg,Hotel Bossert Menu,,n%2Fa,1921,0,,
4025863.jpg,Waldorf Astoria Menu,,n%2Fa,1921,0,waldorf,
4025867.jpg,Afternoon Tea Menu,,n%2Fa,1921,0,,
4025874.jpg,California Mission Inn Menu,California%20Mission%20Inn%2C%20in%20California,California,1921,0,,
4025876.jpg,Pine Forest Inn Menu,Pine%20Forest%20Inn%2C%20Pine%20Forest,n%2Fa,1921,0,,
4025879.jpg,Mission Inn Menu,,n%2Fa,1921,0,,
4025884.jpg,Hotel Commodore Menu,,n%2Fa,1921,0,,
4025897.jpg,Hotel Clark Dining Menu,Los%20Angeles%2C%20CA,California,1921,0,,
4025899.jpg,Aldine Club Rooms Menu,,n%2Fa,1921,0,,
4025904.jpg,Pennsylvania Hotel Dining Menu,New%20York%2C%20NY,New%20York,1921,0,,
4025906.jpg,The Berkley Menu,,n%2Fa,1921,0,,
4025909.jpg,University Of Illinois Dining Menu,Champaign%2C%20Illinois,Illinois,1921,0,,
4025914.jpg,Metropolitan Club Menu,,n%2Fa,1921,0,,
4025916.jpg,El Tovar Menu,,n%2Fa,1921,0,,
4025917.jpg,"Joseph Schmidt, Inc. Menu",,n%2Fa,1921,0,,
4025921.jpg,The California Limited Menu,,n%2Fa,1921,1,,
4025923.jpg,Hotel Maryland Dining Menu,Pasadena%2C%20California,California,1921,0,,
4025955.jpg,U.S. Grant Hotel Dining Menu,San%20Diego%2C%20CA,California,1921,0,,
4025957.jpg,The Samarkand Menu,,n%2Fa,1921,0,,
4025962.jpg,Yale Club Menu,New%20York%2C%20NY,New%20York,1921,2,,
4025964.jpg,Hotel Stewart Dining Menu,New%20York%2C%20NY,New%20York,1921,0,,
4025967.jpg,Hotel Taft Menu,,n%2Fa,1921,0,,
4025971.jpg,The Portland Menu,,n%2Fa,1921,0,,
4025972.jpg,The New Washington Hotel Menu,,n%2Fa,1921,0,,
4025973.jpg,Railroad Department Menu,,n%2Fa,1921,1,,
4025974.jpg,Canadian Pacific Sponsor Menu,,n%2Fa,1921,1,,
4025977.jpg,Hotel Vancouver Dining Menu,Vancouver%2C%20BC,n%2Fa,1921,0,,
4025978.jpg,New York Central Railroad Company Menu,,n%2Fa,1921,1,,
4025980.jpg,Hotel Cecil Dining Menu,Los%20Angeles%2C%20CA,California,1921,0,,
4025982.jpg,The Chateau Lake Louise Menu,Lake%20Louise%2C%20Alberta,n%2Fa,1921,0,,
4025989.jpg,Banff Springs Hotel Dining Menu,Banff%2C%20Alberta,n%2Fa,1921,0,,
4025995.jpg,Royal Alexandria Hotel Menu,,n%2Fa,1921,0,,
4026002.jpg,Ex Libris Menu,,n%2Fa,1921,0,,
4026006.jpg,Hotel Pennsylvania Dining Menu,New%20York%2C%20NY,New%20York,1921,0,,
4026011.jpg,Paquebot Paris Menu,,n%2Fa,1921,1,,
4026026.jpg,The Biltmore Menu,,n%2Fa,1921,0,,
4026030.jpg,The Aristocrat Menu,,n%2Fa,1921,0,,
4026032.jpg,The Queen's Menu,,n%2Fa,1921,0,,
4026033.jpg,Ritz Carlton Menu,,n%2Fa,1921,0,,
4027171.jpg,Menu from S.S. 'George Washington',,n%2Fa,1921,1,,
4027177.jpg,Menu from S.S. George Washington,,n%2Fa,1921,1,,
4029631.jpg,Hotel Astor Dining Menu,,n%2Fa,1920,0,,
4029638.jpg,Hotel Commodore Menu,,n%2Fa,1920,0,,
4029646.jpg,Park Avenue Hotel Menu,,n%2Fa,1920,0,,
4029660.jpg,Young Men's Christian Association Menu,,n%2Fa,1920,2,,
4029665.jpg,Hotel Bossert Dining Menu,Brooklyn%2C%20NY,New%20York,1920,0,,
4029688.jpg,The Washington Hotel Menu,,n%2Fa,1920,0,,
4029703.jpg,Hotel Muehlebach Dining Menu,Kansas%20City%2C%20MO,Missouri,1920,0,,
4029719.jpg,Connaught Rooms Menu,,n%2Fa,1920,0,,
4029729.jpg,Hotel La Salle Dining Menu,Chicago%2C%20IL,Illinois,1920,0,,
4029735.jpg,Aldine Club Rooms Menu,,n%2Fa,1920,2,,
4029807.jpg,Hotel Brevoort Menu,,n%2Fa,1920,0,,
4029820.jpg,Plaza Hotel Menu,,n%2Fa,1920,0,plaza,
4029849.jpg,Hotel Traymore Menu,,n%2Fa,1920,0,,
4029851.jpg,Metropolitan Club Menu,,n%2Fa,1920,0,,
4029854.jpg,New City Club Menu,,n%2Fa,1920,0,,
4029858.jpg,Savoy Hotel Menu,,n%2Fa,1920,0,,
4029870.jpg,Joe's Restaurant Menu,,n%2Fa,1920,0,,
4029872.jpg,The Mouquin Restaurant And Wine Co. Menu,,n%2Fa,1920,0,,
4029884.jpg,Old Colony Club Menu,,n%2Fa,1920,2,,
4029899.jpg,Guildhall Menu,,n%2Fa,1920,0,,
4029902.jpg,Hotel Manhattan Menu,,n%2Fa,1920,0,,
4029903.jpg,The Transportation Club Menu,,n%2Fa,1920,2,,
4029906.jpg,The Grosvenor Restaurant Menu,,n%2Fa,1920,0,,
4029915.jpg,Le Versailles Menu,,n%2Fa,1920,0,,
4029964.jpg,Alpine Club Menu,,n%2Fa,1920,0,,
4029969.jpg,Hotel Mc Alpin Dining Menu,New%20York%2C%20NY,New%20York,1920,0,,
4030009.jpg,Hotel Majestic Menu,,n%2Fa,1920,0,,
4030017.jpg,The Astor Menu,,n%2Fa,1920,0,,
4030029.jpg,Rathskeller Menu,,n%2Fa,1920,0,,
4030045.jpg,Astor Tavern Menu,,n%2Fa,1920,0,,
4030059.jpg,The Waldorf Astoria Menu,,n%2Fa,1920,0,waldorf,
4030095.jpg,Hotel Saboy Menu,,n%2Fa,1920,0,,
4030098.jpg,Lake Placid Club Menu,Lake%20Placid%2C%20NY,New%20York,1920,0,,
4030103.jpg,R.M.S. Aquitania Menu,,n%2Fa,1920,1,,
4030105.jpg,The Hudson Menu,,n%2Fa,1920,0,,
4030107.jpg,Ritz Carlton Menu,,n%2Fa,1920,0,,
4030114.jpg,Bevan House Menu,,n%2Fa,1920,0,,
4030115.jpg,Hôtel D'albe Menu,,n%2Fa,1920,0,,
4030138.jpg,University Of Michigan Dining Menu,Ann%20Arbor%2C%20MI,Michigan,1920,0,,
4030143.jpg,New York Liederkranz Club Menu,New%20York%2C%20NY,New%20York,1920,0,,
4030157.jpg,Algonquin Club Menu,,n%2Fa,1920,2,,
4030160.jpg,Waldorf Astoria Menu,,n%2Fa,1920,0,waldorf,
4030162.jpg,The Gridiron Club Menu,,n%2Fa,1920,2,,
4030184.jpg,Union Printers Home Menu,,n%2Fa,1920,0,,
4034096.jpg,Chalfonte Menu,Chalfonte%2C%20New%20Jersey,New%20Jersey,1919,0,,
4034098.jpg,The Aldine Club Menu,,n%2Fa,1919,2,,
4034101.jpg,Hotel Majestic Menu,,n%2Fa,1919,0,,
4034107.jpg,Hotel Pennsylvania Dining Menu,New%20York%2C%20NY,New%20York,1919,0,,
4034111.jpg,The Biltmore Menu,,n%2Fa,1919,0,,
4034113.jpg,Union Square Hotel Menu,,n%2Fa,1919,0,,
4034115.jpg,Hotel McAlpin Menu,,n%2Fa,1919,0,,
4034119.jpg,Hotel Astor Dining Menu,New%20York%2C%20NY,New%20York,1919,0,,
4034121.jpg,Davidson's Menu,,n%2Fa,1919,0,,
4034122.jpg,Hotel Commodore Menu,,n%2Fa,1919,0,,
4034124.jpg,Hotel Traymore Menu,,n%2Fa,1919,0,,
4034126.jpg,Ritz-Carlton Hotel Menu,,n%2Fa,1919,0,,
4034146.jpg,Young Man's Christian Association Menu,,n%2Fa,1919,0,,
4034156.jpg,Aldine Club Rooma Menu,,n%2Fa,1919,0,,
4034162.jpg,Waldorf-Astoria Menu,,n%2Fa,1919,0,waldorf,
4034167.jpg,The Washington Hotel Menu,,n%2Fa,1919,0,,
4034174.jpg,U.S.S. North Dakota Sponsor Menu,,n%2Fa,1919,1,,
4034175.jpg,Arsenal Restaurant Menu,,n%2Fa,1919,0,,
4034176.jpg,Bowling Green Café Menu,Bowling%20Green%2C%20KY,Kentucky,1919,0,,
4034178.jpg,Grove Park Inn Dining Menu,Grove%20Park%20Inn%2C%20Asheville%2C%20NC,North%20Carolina,1919,0,,
4034218.jpg,Hotel Beau Site Menu,,n%2Fa,1919,0,,
4034220.jpg,Cavanagh's Menu,,n%2Fa,1919,0,,
4034228.jpg,Menu from The Columbia University Club,,n%2Fa,1919,2,,
4034232.jpg,The Union League Club Menu,,n%2Fa,1919,2,,
4034235.jpg,Hotel de Soto Menu,,n%2Fa,1919,0,,
4034240.jpg,The Metropolitan Club Menu,,n%2Fa,1919,2,,
4034242.jpg,Hotel Stewart Menu,,n%2Fa,1919,0,,
4034261.jpg,University Club Menu,,n%2Fa,1919,2,,
4034273.jpg,Broadway Central Hotel Dining Menu,New%20York%2C%20NY,New%20York,1919,0,,
4034281.jpg,Lake Placid Club Menu,Lake%20Placid%2C%20NY,New%20York,1919,0,,
4034314.jpg,The Receiving Ship Menu,New%20York%2C%20NY,New%20York,1919,1,,
4034323.jpg,Hotel Somerset Menu,,n%2Fa,1919,0,,
4034337.jpg,Fine Dining Menu,,n%2Fa,1919,0,,
4034339.jpg,Hotel Bevan Dining Menu,,n%2Fa,1919,0,,
4034347.jpg,Parker's Menu,,n%2Fa,1919,0,,
4034350.jpg,Regal Sponsored Menu,,n%2Fa,1919,0,,
4034358.jpg,Abbey Inn Menu,,n%2Fa,1919,0,,
4034403.jpg,Home of Dr. Edgar Starr Barney and Miss M. Eleanor Mills Menu,,n%2Fa,1919,2,,
4034406.jpg,Hotel Judson Menu,,n%2Fa,1919,0,,
4034453.jpg,Roman-inspired menu at Murray's Roman Gardens,,n%2Fa,1919,0,,
4034454.jpg,Phelps' Tavern Menu,,n%2Fa,1919,0,,
4034474.jpg,Waldorf Astoria Menu,,n%2Fa,1919,0,waldorf,
4034505.jpg,Michigan Central Railroad Dining Menu,,n%2Fa,1919,1,,
4034508.jpg,Joe's Restaurant Menu,,n%2Fa,1919,0,,
4034514.jpg,The Wedgewood Room Menu,,n%2Fa,1919,0,,
4034535.jpg,Tea Room Menu,,n%2Fa,1919,0,,
4034554.jpg,South Grill Room Menu,,n%2Fa,1919,0,,
4034581.jpg,Orpheum Restaurant Menu,,n%2Fa,1919,0,,
4034584.jpg,Hotel LaSalle Menu,,n%2Fa,1919,0,,
4034590.jpg,Teco Inn Menu,,n%2Fa,1919,0,,
4034591.jpg,Hotel Dyckman Menu,,n%2Fa,1919,0,,
4034595.jpg,Hotel Fort des Moines Menu,Des%20Moines%2C%20IA,Iowa,1919,0,,
4034598.jpg,Hotel Severin/Hotel Miami Menu,,n%2Fa,1919,0,,
4034600.jpg,The Bellvue-Stratford Menu,,n%2Fa,1919,0,,
4037074.jpg,The Grand Hotel Ltd. Menu,,n%2Fa,1917,1,,
4037076.jpg,St. Denis Hotel Menu,St.%20Denis%2C%20Hotel,n%2Fa,1917,0,,
4037612.jpg,Hotel Chelsea Menu,,n%2Fa,1917,0,,
4037615.jpg,Casino Dining Menu,,n%2Fa,1917,0,,
4037622.jpg,The New Mills Hotel Restaurant and Lunch Counter Menu,,n%2Fa,1917,0,,
4037642.jpg,Lake Tarleton Club Menu,,n%2Fa,1917,0,,
4037644.jpg,The Balsams Menu,,n%2Fa,1917,0,,
4037646.jpg,Thayer's Hotel Menu,,n%2Fa,1917,0,,
4037647.jpg,Mount Madison House Menu,,n%2Fa,1917,0,,
4037648.jpg,Strand Roof Menu,,n%2Fa,1917,0,,
4037656.jpg,Heuther & Steffens Menu,,n%2Fa,1917,0,,
4037657.jpg,Receiving Ship Menu,,n%2Fa,1917,1,,
4037712.jpg,Congress Hotel Dining Menu,Chicago%2C%20IL,Illinois,1917,0,,
4037718.jpg,R.H. Macy and Co. Menu,,n%2Fa,1917,0,,
4037742.jpg,Hotel Astor Dining Menu,New%20York%2C%20NY,New%20York,1917,0,,
4037756.jpg,The Apthorpe Menu,,n%2Fa,1917,0,,
4037762.jpg,Lunch Menu,Hanover%2C%20NH,New%20Hampshire,1917,0,,
4037841.jpg,Grand Central Terminal Restaurant Menu,New%20York%2C%20NY,New%20York,1917,0,,
4037878.jpg,Bakery and Lunch Menu,,n%2Fa,1917,0,,
4037906.jpg,Macy's Sponsored Menu,,n%2Fa,1917,0,,
4039363.jpg,Hotel Belmont Menu,,n%2Fa,1917,0,,
4039366.jpg,Delmonicos Menu,,n%2Fa,1917,0,delmonicos,
4039372.jpg,Hotel McAlpin Menu,,n%2Fa,1917,0,,
4039374.jpg,Reformed Church of Harlem Menu,Harlem%2C%20New%20York,New%20York,1917,0,,
4039378.jpg,Childs Menu,,n%2Fa,1917,1,,
4039384.jpg,Eastern Hotel Menu,,n%2Fa,1917,0,,
4039388.jpg,Louis Sherry Menu,,n%2Fa,1917,0,,
4039392.jpg,Fleischmann's Menu,,n%2Fa,1917,0,,
4039395.jpg,Adams' Dining Room Menu,,n%2Fa,1917,0,,
4039399.jpg,Waldorf Astoria Menu,,n%2Fa,1917,0,waldorf,
4039406.jpg,The Biltmore Menu,,n%2Fa,1917,0,,
4039410.jpg,Hotel Manhattan Menu,,n%2Fa,1917,0,,
4039432.jpg,Viennese Cuisine Menu,,n%2Fa,1917,0,,
4039443.jpg,Mendel Sponsor Menu,,n%2Fa,1917,0,,
4039450.jpg,Pennsylvania Railroad Dining Menu,,n%2Fa,1917,1,,
4039477.jpg,Hotel Marlborough Grill Menu,,n%2Fa,1917,0,,
4039478.jpg,South Ferry Hotel Menu,,n%2Fa,1917,0,,
4039509.jpg,Hotel Dining Menu,,n%2Fa,1917,0,,
4039545.jpg,Fifth Avenue Restaurant Menu,,n%2Fa,1917,0,,
4039553.jpg,Regular Menu,,n%2Fa,1917,0,,
4039569.jpg,Hotel Imperial Menu,,n%2Fa,1917,0,,
4039574.jpg,Conrad's Menu,,n%2Fa,1917,0,,
4039587.jpg,Flatiron Restaurant Menu,,n%2Fa,1917,0,,
4039598.jpg,Hotel Athens Dining Menu,Athens%2C%20Greece,n%2Fa,1917,0,,
4039603.jpg,Codington Restaurant Menu,,n%2Fa,1917,0,,
4039616.jpg,Shanley's Menu,,n%2Fa,1917,0,,
4039626.jpg,Hotel Marlborough Menu,,n%2Fa,1917,0,,
4039671.jpg,Schrafft's Menu,,n%2Fa,1917,0,,
4039920.jpg,Syrian Cuisine Menu,,n%2Fa,1917,0,,
4039952.jpg,Bun Hurn Menu,,n%2Fa,1917,0,,
4039977.jpg,Lunch Menu at Donahue's Lunch,,n%2Fa,1917,0,,
4040020.jpg,Mary Elizabeth's Menu,,n%2Fa,1917,0,,
4040031.jpg,Lord & Taylor Menu,,n%2Fa,1917,0,,
4040097.jpg,Hotel Biltmore Dining Menu,Biltmore%20Hotel%2C%20Los%20Angeles%2C%20CA,California,1917,0,,
4040195.jpg,Wolpin's Restaurant Menu,,n%2Fa,1917,0,,
4040199.jpg,The Yale Club Menu,,n%2Fa,1917,2,,
4040206.jpg,The London Lounge Menu,,n%2Fa,1917,0,,
4040208.jpg,John Wanamaker Menu,,n%2Fa,1917,0,,
4040209.jpg,New York Hospital Menu,New%20York%2C%20NY,New%20York,1917,0,,
4040219.jpg,Herald Square Hotel Dining Menu,New%20York%2C%20NY,New%20York,1917,0,,
4040304.jpg,Classic Automat Menu,,n%2Fa,1917,1,,
4040421.jpg,Café des Beaux Arts Menu,,n%2Fa,1917,0,,
4040459.jpg,Camp Wadsworth Dining Menu,,n%2Fa,1917,0,,
4040463.jpg,U.S. Naval Training Station Menu,,n%2Fa,1917,1,,
4040470.jpg,U.S.S. Oklahoma Menu,,n%2Fa,1917,1,,
4041316.jpg,Wm. F. Healy's 42nd St. Grill Menu,,n%2Fa,1917,0,,
4041318.jpg,Healy's Forty-second Street Restaurant Menu,,n%2Fa,1917,0,,
4041329.jpg,Guffanti's Table d'Hôte Menu,,n%2Fa,1917,0,,
4041343.jpg,Huether & Steffens Menu,,n%2Fa,1917,0,,
4041365.jpg,Cavanagh's Menu,,n%2Fa,1917,0,,
4041430.jpg,Commissary Contractor Menu,,n%2Fa,1917,0,,
4041445.jpg,Hotel Wallick Menu,,n%2Fa,1917,0,,
4041878.jpg,Waldorf Astoria Sponsor Menu,,n%2Fa,1916,0,waldorf,
4041902.jpg,Hotel Manhattan Dining Menu,New%20York%2C%20NY,New%20York,1916,0,,
4041907.jpg,Delmonicos Menu,,n%2Fa,1916,0,delmonicos,
4041912.jpg,The New Willard Hotel Dining Menu,Washington%2C%20D.C.,Washington%2C%20D.C.,1916,0,,
4041918.jpg,St. Anthony Hotel Menu,,n%2Fa,1916,0,,
4041935.jpg,Albany Club Menu,Albany%2C%20New%20York,New%20York,1916,2,,
4041940.jpg,Hotel McAlpin Menu,,n%2Fa,1916,0,,
4041947.jpg,Hotel Biltmore Menu,,n%2Fa,1916,0,,
4041977.jpg,Lincoln Restaurant Menu,,n%2Fa,1916,0,,
4041984.jpg,Hotel Majestic Menu,,n%2Fa,1916,0,,
4041996.jpg,Hotel Astor Menu,,n%2Fa,1916,0,,
4041999.jpg,69th Infantry Armory Menu,,n%2Fa,1916,0,,
4042003.jpg,Childs Menu,,n%2Fa,1916,1,,
4042006.jpg,Flagship Florida Menu,,n%2Fa,1916,1,,
4042007.jpg,The St. Charles Menu,,n%2Fa,1916,0,,off
4042008.jpg,,,n%2Fa,,0,,off
4042011.jpg,Café Lafayette Menu,,n%2Fa,1916,0,,
4042014.jpg,Young's Hotel Menu,,n%2Fa,1916,0,,
4042017.jpg,Long Island Business College Hall Menu,Long%20Island%2C%20New%20York,New%20York,1916,0,,
4042020.jpg,Murray Hill Hotel Dining Menu,New%20York%2C%20NY,New%20York,1916,0,,
4042022.jpg,Hotel Taft Menu,,n%2Fa,1916,0,,
4042027.jpg,Metropolitan Club Menu,,n%2Fa,1916,0,,
4042044.jpg,University Club Menu,,n%2Fa,1916,2,,
4042056.jpg,Menu from United States Ship Wyoming,,n%2Fa,1916,1,,
4042059.jpg,Willard's Tavern Menu,,n%2Fa,1916,0,,
4042064.jpg,Menu from The St. Anthony,,n%2Fa,1916,0,,
4042066.jpg,Old Heidelberg Menu,,n%2Fa,1916,0,,
4042071.jpg,St. Charles Hotel Menu,St.%20Charles,n%2Fa,1916,0,,
4042083.jpg,Carnegie Hall Sponsor Menu,,n%2Fa,1916,0,,
4042086.jpg,Traditional German Cuisine Menu,,n%2Fa,1916,0,,
4042093.jpg,U.S.S. Arkansas Menu,,n%2Fa,1916,1,,
4042112.jpg,U. S. S. Florida Menu,,n%2Fa,1916,1,,
4042114.jpg,U. S. S. Texas Menu,,n%2Fa,1916,1,,
4042120.jpg,The Brooklyn Club Menu,,n%2Fa,1916,0,,
4042126.jpg,Lunch Menu,New%20York%2C%20NY,New%20York,1916,0,,
4042133.jpg,English Chop House Menu,,n%2Fa,1916,0,,
4042138.jpg,Tokyo Club Menu,Tokyo%2C%20Japan,n%2Fa,1916,0,,
4042141.jpg,St. Denis Hotel Menu,St.%20Denis,n%2Fa,1916,0,,
4042145.jpg,Laurel in the Pines Menu,,n%2Fa,1916,0,,
4042174.jpg,Daylight Luncheon Menu,,n%2Fa,1916,0,,
4042193.jpg,McAlpin Lunch Co. Menu,,n%2Fa,1916,0,,
4042220.jpg,Allied Bazaar Menu,Allied%20Bazaar,n%2Fa,1916,0,,
4042227.jpg,Harvard Club Menu,,n%2Fa,1916,2,,
4042232.jpg,Hotel Columbia and Cottages Menu,,n%2Fa,1916,0,,
4042234.jpg,The New Monterey Menu,,n%2Fa,1916,0,,
4042240.jpg,University Club Dining Menu,Brooklyn%2C%20NY,New%20York,1916,2,,
4042249.jpg,The Pennsylvania Lunch Menu,,n%2Fa,1916,0,,
4042251.jpg,Mayor Jas. H. Preston's Private Residence Menu,,n%2Fa,1916,2,,
4042253.jpg,Pennsylvania Lunch Menu,Pennsylvania%20Lunch,n%2Fa,1916,0,,
4042262.jpg,Hotel Belvedere Menu,,n%2Fa,1916,0,,
4042283.jpg,Port-au-Peck Sponsor Menu,Port-au-Peck%2C%20New%20Jersey,New%20Jersey,1916,0,,
4042288.jpg,Oyster and Chop House Menu,,n%2Fa,1916,0,,
4042304.jpg,U.S.S. Wyoming Menu,,n%2Fa,1916,1,,
4042313.jpg,U.S.S. Minnesota Dining Menu,,n%2Fa,1916,1,,
4042329.jpg,Hotel Adelphia Menu,,n%2Fa,1916,0,,
4042355.jpg,Congress Hotel Dining Menu,Chicago%2C%20IL,Illinois,1916,0,,
4042367.jpg,Eagle Bay Hotel Menu,Eagle%20Bay%2C%20New%20York,New%20York,1916,0,,
4042391.jpg,Hotel Traymore Menu,,n%2Fa,1916,0,,
4042500.jpg,Guildhall Menu,,n%2Fa,1916,0,,
4042503.jpg,Menu from S.S. 'Yokohama Maru',,n%2Fa,1916,1,,
4042505.jpg,R.H. Macy & Co. Menu,,n%2Fa,1916,0,,
4042519.jpg,Lawyers Club Menu,,n%2Fa,1916,2,,
4042531.jpg,Urbana Menu,Urbana%2C%20IL,Illinois,1916,0,,
4042534.jpg,U.S.S. New York Menu,,n%2Fa,1916,1,,
4042544.jpg,U. S. S. New York Menu,,n%2Fa,1916,1,,
4042555.jpg,Café des Beaux Arts Menu,,n%2Fa,1916,0,,
4042556.jpg,The New Willard Menu,,n%2Fa,1916,0,,
4042557.jpg,The Biltmore Menu,,n%2Fa,1916,0,,
4042586.jpg,Camp Stewart Dining Menu,,n%2Fa,1916,0,,
4042590.jpg,Joe's Restaurant Menu,,n%2Fa,1916,0,,
4045479.jpg,The Pekin Resraurant Menu,,n%2Fa,1915,0,,
4045483.jpg,College Inn Chicago Menu,Chicago%2C%20IL,Illinois,1915,0,,
4045484.jpg,Thomas Healy Sponsored Menu,,n%2Fa,1915,0,,
4045487.jpg,The Marquise Menu,,n%2Fa,1915,0,,
4045488.jpg,Manhattan Club Menu,Manhattan%2C%20New%20York,New%20York,1915,0,,
4045490.jpg,Pennsylvania Railroad Restaurants Menu,,n%2Fa,1915,1,,
4045498.jpg,Bellevue - Stratford Menu,Bellevue%2C%20Stratford,n%2Fa,1915,0,,
4045504.jpg,Waldorf Astoria Menu,,n%2Fa,1915,0,waldorf,
4045520.jpg,Delmonicos Menu,,n%2Fa,1915,0,delmonicos,
4045530.jpg,U. S. S. NY Menu,,n%2Fa,1915,1,,
4045534.jpg,Sphinx Club Menu,,n%2Fa,1915,2,,
4045535.jpg,South Ferry Hotel Menu,,n%2Fa,1915,1,,
4045538.jpg,Hotel Astor Menu,,n%2Fa,1915,0,,
4045553.jpg,Hof Brau Haus Menu,,n%2Fa,1915,0,,
4045590.jpg,Knickerbocker Field Club Menu,,n%2Fa,1915,0,,
4045597.jpg,Metropolitan Life Insurance Company Menu,,n%2Fa,1915,0,,
4045605.jpg,Hotel Majestic Menu,,n%2Fa,1915,0,,
4045631.jpg,The Biltmore Menu,,n%2Fa,1915,0,,
4045642.jpg,Harvard Club Menu,,n%2Fa,1915,2,,
4045648.jpg,Historic Tavern Menu,New%20York%2C%20NY,New%20York,1915,0,,
4045653.jpg,Harvard Hall Menu,,n%2Fa,1915,0,,
4045670.jpg,Metropolitan Club Menu,,n%2Fa,1915,0,,
4045673.jpg,The New Willard Menu,,n%2Fa,1915,0,,
4045706.jpg,Rector's Menu,,n%2Fa,1915,0,,
4045730.jpg,Sherry's Menu,,n%2Fa,1915,0,,
4045734.jpg,The Plaza Menu,,n%2Fa,1915,0,plaza,
4045736.jpg,Long Island Business College Menu,Long%20Island%2C%20New%20York,New%20York,1915,0,,
4045763.jpg,Yacht Club Dining Menu,Bensonhurst%2C%20in%20Brooklyn%2C%20NY,New%20York,1915,0,,
4045797.jpg,McKee's Restaurant Menu,,n%2Fa,1915,0,,
4045826.jpg,Union Club Menu,,n%2Fa,1915,0,,
4045829.jpg,J.B. Greenhut Co. Menu,,n%2Fa,1915,0,,
4045835.jpg,English Chop House Menu,,n%2Fa,1915,0,,
4045839.jpg,Hotel LaSalle Menu,,n%2Fa,1915,0,,
4045843.jpg,U.S.S. Wyoming Menu,,n%2Fa,1915,1,,
4045846.jpg,Hotel Savoy Menu,,n%2Fa,1915,0,,
4045855.jpg,Hotel Chamberlin Menu,,n%2Fa,1915,0,,
4045870.jpg,Hotel Martinique Dining Menu,New%20York%2C%20NY,New%20York,1915,0,,
4045902.jpg,Mercantile Lunch Co. Menu,,n%2Fa,1915,0,,
4045905.jpg,Mission Inn Menu,,n%2Fa,1915,0,,
4045908.jpg,Seaboard Air Line Railway Menu,,n%2Fa,1915,1,,
4045911.jpg,Astor Hotel Menu,Astor%20Hotel%2C%20New%20York%2C%20NY,New%20York,1915,0,,
4045930.jpg,Menu Information Not Available,,n%2Fa,1915,0,,
4045931.jpg,Hotel Marie Antoinette Menu,,n%2Fa,1915,0,,
4045934.jpg,Pennsylvania Railroad Dining Menu,,n%2Fa,1915,1,,
4045938.jpg,Masonic Building Menu,,n%2Fa,1915,0,,
4045942.jpg,Broadway Central Hotel Dining Menu,New%20York%2C%20NY,New%20York,1915,0,,
4045945.jpg,Palmetto Limited Menu,,n%2Fa,1915,0,,
4045960.jpg,The Gregorian Menu,,n%2Fa,1915,0,,
4045970.jpg,Hotel St. Andrew Menu,,n%2Fa,1915,0,,
4045978.jpg,Park Avenue Hotel Menu,,n%2Fa,1915,0,,
4046022.jpg,Hotel Biltmore Menu,,n%2Fa,1915,0,,
4046029.jpg,The Union League Club Menu,,n%2Fa,1915,0,,
4046034.jpg,Commercial Club Menu,,n%2Fa,1915,0,,
4046042.jpg,Hotel Ansonia Menu,,n%2Fa,1915,0,,
4046057.jpg,Artistic Dining Experience Menu,,n%2Fa,1915,2,,
4046074.jpg,Pennsylvania Lines Menu,,n%2Fa,1915,1,,
4046075.jpg,Union Pacific Overland Menu,,n%2Fa,1915,1,,
4046079.jpg,Denver & Rio Grande Railroad Dining Menu,Denver%2C%20Colorado,Colorado,1915,1,,
4046089.jpg,Hotel Colorado Dining Menu,Glenwood%20Springs%2C%20Colorado,Colorado,1915,0,,
4046094.jpg,Lake Mohonk Mountain House Menu,,n%2Fa,1915,0,,
4046096.jpg,Menu at The New Washington Hotel,,n%2Fa,1915,0,,
4046098.jpg,National Park Inn Menu,,n%2Fa,1915,0,,
4046101.jpg,New American House Menu,,n%2Fa,1915,0,,
4046103.jpg,Hotel Shattuck Menu,,n%2Fa,1915,0,,
4046105.jpg,Yale Club Menu,,n%2Fa,1915,2,,
4046106.jpg,Old Faithful Inn Menu,,n%2Fa,1915,0,,
4046109.jpg,Canyon Hotel Menu,,n%2Fa,1915,0,,
4046113.jpg,Hotel Vancouver Dining Menu,Vancouver%2C%20BC,n%2Fa,1915,0,,
4046129.jpg,Grand Central Terminal Restaurant Menu,New%20York%2C%20NY,New%20York,1915,0,,
4046130.jpg,Mendel Sponsor Menu,,n%2Fa,1915,0,,
4046131.jpg,Fraunces' Tavern Menu,,n%2Fa,1915,0,,
4046149.jpg,Beaconcrest Hotel Menu,Beaconcrest%20Hotel,n%2Fa,1915,0,,
4046152.jpg,Holland Hall Menu,,n%2Fa,1915,0,,
4046350.jpg,U.S.S. New York Menu,,n%2Fa,1915,1,,
4046353.jpg,Great Northern Railway Dining Menu,,n%2Fa,1915,1,,
4046372.jpg,U. S. S. Wyoming Menu,,n%2Fa,1915,1,,
4046392.jpg,Chateau Lake Louise Dining Menu,Lake%20Louise%2C%20Alberta,n%2Fa,1915,0,,
4046395.jpg,Chalet Dining Menu,Lake%20Louise%2C%20Alberta,n%2Fa,1915,0,,
4046399.jpg,Hotel St. Francis Menu,,n%2Fa,1915,0,,
4046409.jpg,Thayer's Hotel Menu,,n%2Fa,1915,0,,
4046410.jpg,U. S. S. Virginia Menu,,n%2Fa,1915,1,,
4046433.jpg,Café Savarin Menu,,n%2Fa,1915,0,,
4046435.jpg,Royal Blue Line Menu,,n%2Fa,1915,1,,
4046473.jpg,The Homestead Menu,,n%2Fa,1915,0,,
4046485.jpg,Meal Service at National Home for Disabled Volunteer Soldiers,,n%2Fa,1915,0,,
4046490.jpg,Hotel St. Denis Menu,,n%2Fa,1915,0,,
4046494.jpg,Hotel Bossert Menu,,n%2Fa,1915,0,,
4046499.jpg,Hotel McAlpin Menu,,n%2Fa,1915,0,,
4046500.jpg,Delmonico's Menu,,n%2Fa,1915,0,delmonicos,
4046507.jpg,St. Anthony Hotel Menu,,n%2Fa,1915,0,,
4046538.jpg,Healey's Menu,,n%2Fa,1915,0,,
4046551.jpg,Menu at The Oriental Palace Hotel,,n%2Fa,1915,0,,
4046553.jpg,The Mansion House Menu,,n%2Fa,1915,0,,
4046880.jpg,Hungarian Delights,Little%20Hungary,n%2Fa,1914,0,,
4046881.jpg,Pennsylvania Railroad Restaurants Menu,,n%2Fa,1914,1,,
4046883.jpg,Waldorf Astoria Menu,,n%2Fa,1914,0,waldorf,
4046886.jpg,The Pierrepont Inn Menu,,n%2Fa,1914,0,,
4046888.jpg,Café Boulevard Menu,,n%2Fa,1914,0,,
4046889.jpg,The Bellevue-Stratford Menu,Philadelphia%2C%20PA,Pennsylvania,1914,0,,
4046891.jpg,Hotel Casey Dining Menu,Scranton%2C%20PA,Pennsylvania,1914,0,,
4046895.jpg,Greenhut-Siegel Cooper Co. Menu,,n%2Fa,1914,0,,
4046905.jpg,The Blackstone Menu,,n%2Fa,1914,0,,
4046912.jpg,The Bancroft Menu,,n%2Fa,1914,0,,
4046915.jpg,Great Northern Hotel Menu,,n%2Fa,1914,0,,
4046920.jpg,Meyer's Hotel Menu,,n%2Fa,1914,0,,
4046921.jpg,Stock Yard Inn Menu,,n%2Fa,1914,0,,
4046923.jpg,Hotel Sherman Dining Menu,Chicago%2C%20IL,Illinois,1914,0,,
4046924.jpg,The Plaza Menu,,n%2Fa,1914,0,plaza,
4046931.jpg,Café des Beaux-Arts Menu,,n%2Fa,1914,0,,
4046932.jpg,The Krueger Auditorium Menu,,n%2Fa,1914,0,,
4046933.jpg,Terrace Garden Menu,,n%2Fa,1914,0,,
4046937.jpg,Café L'Etoil Menu,,n%2Fa,1914,0,,
4046946.jpg,The Ormonde Menu,,n%2Fa,1914,0,,
4046951.jpg,Hotel McAlpin Menu,,n%2Fa,1914,0,,
4046973.jpg,Hotel Sinton Menu,,n%2Fa,1914,0,,
4046978.jpg,Knickerbocker Hotel Menu,,n%2Fa,1914,0,,
4046992.jpg,Hotel Brevoort Menu,,n%2Fa,1914,0,,
4047012.jpg,Drug and Chemical Club Menu,,n%2Fa,1914,2,,
4047038.jpg,Hotel Knickerbocker Menu,,n%2Fa,1914,0,,
4047043.jpg,Hotel Adlon Dining Menu,Berlin%2C%20Germany,n%2Fa,1914,0,,
4047045.jpg,Parker Studio Menu,,n%2Fa,1914,0,,
4047046.jpg,University Club Menu,,n%2Fa,1914,2,,
4047047.jpg,Hotel Bristol Dining Menu,Bristol%2C%20England,n%2Fa,1914,0,,
4047051.jpg,The Club House Menu,,n%2Fa,1914,0,,
4047062.jpg,The New Willard Menu,,n%2Fa,1914,0,,
4047064.jpg,Hotel Astor Menu,,n%2Fa,1914,0,,
4047069.jpg,Hotel Plaza Menu,,n%2Fa,1914,0,,
4047073.jpg,Hotel Biltmore Menu,,n%2Fa,1914,0,,
4047076.jpg,Café Boheme Menu,,n%2Fa,1914,0,,
4047077.jpg,Opera House Dining Menu,,n%2Fa,1914,0,,
4047087.jpg,The Biltmore Menu,,n%2Fa,1914,0,,
4047127.jpg,League Building Menu,,n%2Fa,1914,0,,
4047129.jpg,Business Men's Club Menu,,n%2Fa,1914,2,,
4047138.jpg,Casino Dining Menu,,n%2Fa,1914,0,,
4047140.jpg,Hotel Alexandria Menu,,n%2Fa,1914,0,,
4047150.jpg,Hotel La Salle Dining Menu,Chicago%2C%20IL,Illinois,1914,0,,
4047164.jpg,Hotel Pfister Menu,,n%2Fa,1914,0,,
4047177.jpg,Antoine's Menu,,n%2Fa,1914,0,,
4047188.jpg,The Union League Club Menu,,n%2Fa,1914,2,,
4047191.jpg,The Union League Club House Menu,,n%2Fa,1914,2,,
4047197.jpg,Hotel Ten Eyck Dining Menu,,n%2Fa,1914,0,,
4047221.jpg,Delmonicos Menu,,n%2Fa,1914,0,delmonicos,
4047227.jpg,Menu from Glenn Bros. Restaurant,,n%2Fa,1914,0,,
4047235.jpg,Jersey City Club Menu,Jersey%20City%2C%20New%20Jersey,New%20Jersey,1914,0,,
4047240.jpg,Planters Hotel Menu,,n%2Fa,1914,0,,
4047256.jpg,Drake's Menu,,n%2Fa,1914,0,,
4047260.jpg,The Washington Menu,,n%2Fa,1914,0,,
4047315.jpg,Bergmann's Menu,,n%2Fa,1914,0,,
4047823.jpg,Hotel Wendell Menu,,n%2Fa,1914,0,,
4047825.jpg,Tokio Restaurant Menu,,n%2Fa,1914,0,,
4047829.jpg,The Rendez-Vous Menu,,n%2Fa,1914,0,,
4047832.jpg,Hotel Adelphia Menu,Hotel%20Adelphia,n%2Fa,1914,0,,
4047842.jpg,Hotel Sterling Menu,,n%2Fa,1914,0,,
4047845.jpg,Mid Day Club Menu,,n%2Fa,1914,0,,
4047848.jpg,Cortelyou Club Menu,,n%2Fa,1914,0,,
4047860.jpg,The Imperial Menu,,n%2Fa,1914,0,,
4047867.jpg,Leathersellers' Hall Menu,,n%2Fa,1914,0,,
4047899.jpg,Brooklyn Club Menu,Brooklyn%2C%20NY,New%20York,1914,0,,
4047905.jpg,Hotel Rennert Menu,,n%2Fa,1914,0,,
4047914.jpg,Harvard Hall Menu,,n%2Fa,1914,0,,
4047928.jpg,Hotel Belleclaire Menu,New%20York%2C%20NY,New%20York,1914,0,,
4047971.jpg,Café Lafayette Menu,,n%2Fa,1914,0,,
4047974.jpg,Harmonie Hall Menu,,n%2Fa,1914,1,,
4047977.jpg,Taverne Pousset Menu,,n%2Fa,1914,0,,
4047983.jpg,Hotel Bossert Menu,,n%2Fa,1914,0,,
4047988.jpg,Café Mellone Menu,,n%2Fa,1914,0,,
4047991.jpg,Mohican Hotel Menu,,n%2Fa,1914,0,,
4047996.jpg,Imperial Hotel Menu,,n%2Fa,1914,0,,
4048000.jpg,Palace Dining Menu,Hunts%20Point%2C%20NY,New%20York,1914,0,,
4048003.jpg,The Ten Eyck Menu,,n%2Fa,1914,0,,
4048004.jpg,Teutonia Assembly Rooms Menu,,n%2Fa,1914,0,,
4048006.jpg,Crystal Palace Menu,Crystal%20Palace,n%2Fa,1914,0,,
4048008.jpg,The Beekman Café Co. Menu,,n%2Fa,1914,0,,
4048011.jpg,Regular Menu,,n%2Fa,1914,0,,
4048015.jpg,Henry J. Wollenhaupt Menu,,n%2Fa,1914,0,,
4048021.jpg,Riggs Menu,,n%2Fa,1914,0,,
4048027.jpg,Churchill's Menu,,n%2Fa,1914,0,,
4048028.jpg,Ye Olde Dutch Tavern Menu,,n%2Fa,1914,0,,
4048030.jpg,Jeo's Restaurant Menu,,n%2Fa,1914,0,,
4048033.jpg,E. Ettinger Café and Restaurant Menu,,n%2Fa,1914,0,,
4048035.jpg,Abraham and Straus Menu,,n%2Fa,1914,0,,
4048036.jpg,A.H. Meyer Rathskeller Menu,,n%2Fa,1914,0,,
4048038.jpg,Clarendon Hotel Menu,,n%2Fa,1914,0,,
4048040.jpg,Mercantile Lunch Co. Menu,,n%2Fa,1914,0,,
4048041.jpg,Sinclair Café and Restaurant Menu,,n%2Fa,1914,0,,
4048042.jpg,Regular Menu,,n%2Fa,1914,0,,
4048044.jpg,Bakery and Restaurant Menu,,n%2Fa,1914,0,,
4048047.jpg,Hazeltine's Menu,,n%2Fa,1914,0,,
4048049.jpg,Lunch Menu,,n%2Fa,1914,0,,
4048051.jpg,Garret Restaurant Menu,,n%2Fa,1914,0,,
4048054.jpg,Spilker's Restaurant and Café Menu,,n%2Fa,1914,0,,
4048062.jpg,Wiehl & Widmann Menu,,n%2Fa,1914,0,,
4048064.jpg,The Annex Menu,,n%2Fa,1914,0,,
4048066.jpg,Viemeister's Menu,,n%2Fa,1914,0,,
4048071.jpg,City Midday Club Menu,,n%2Fa,1914,0,,
4048072.jpg,Pabst 23rd Street Menu,,n%2Fa,1914,0,,
4048074.jpg,The Cortland Menu,,n%2Fa,1914,0,,
4048076.jpg,Whites Menu,,n%2Fa,1914,0,,
4048079.jpg,Buffet Menu,,n%2Fa,1914,0,,
4048081.jpg,Post's Restaurant and Lunch Room Menu,,n%2Fa,1914,0,,
4048082.jpg,Roma Restaurant Menu,,n%2Fa,1914,0,,
4048084.jpg,Jacob Reiss Menu,,n%2Fa,1914,0,,
4048085.jpg,The Garret Café Menu,,n%2Fa,1914,0,,
4048086.jpg,Gibson's Restaurant Menu,,n%2Fa,1914,0,,
4048089.jpg,Chop House Menu,,n%2Fa,1914,0,,
4048099.jpg,Aldine Club Menu,,n%2Fa,1914,2,,
4048156.jpg,Lafayette Hotel Dining Menu,San%20Diego%2C%20CA,California,1914,0,,
4048189.jpg,West End Hall Menu,,n%2Fa,1914,0,,
4048192.jpg,Palm Garden Menu,,n%2Fa,1914,0,,
4048197.jpg,Odd Fellows Hall Menu,,n%2Fa,1914,0,,
4048202.jpg,Hotel Martin Menu,,n%2Fa,1914,0,,
4048206.jpg,Hotel Karldon Menu,,n%2Fa,1914,0,,
4048215.jpg,Hotel Martinique Menu,,n%2Fa,1914,0,,
4048245.jpg,Sherry's Menu,,n%2Fa,1914,0,,
4048255.jpg,The Lincoln Club Menu,,n%2Fa,1914,2,,
4048258.jpg,Menu at The Illinois State Armory,,n%2Fa,1914,0,,
4048261.jpg,Sherman Square Hotel Menu,,n%2Fa,1914,0,,
4048265.jpg,Hotel DuPont Menu,,n%2Fa,1914,0,,
4048273.jpg,Campus Dining Menu,Long%20Island%2C%20New%20York,New%20York,1914,0,,
4048275.jpg,Hotel Fairmont Menu,,n%2Fa,1914,0,,
4048609.jpg,Hotel Dining Menu,New%20York%2C%20NY,New%20York,1918,0,,
4048611.jpg,Regular Dining Menu,,n%2Fa,1918,0,,
4048615.jpg,New York Central Railroad Company Menu,,n%2Fa,1918,1,,
4048618.jpg,U.S.S. Oklahoma Menu,,n%2Fa,1918,1,,
4048622.jpg,The Biltmore Menu,,n%2Fa,1918,0,,
4048679.jpg,Hannaberry & Moran Menu,,n%2Fa,1918,0,,
4048682.jpg,Pennsylvania Railroad Dining Menu,,n%2Fa,1918,1,,
4048684.jpg,Healy's Forty-second Street Restaurant Menu,,n%2Fa,1918,0,,
4048732.jpg,Stratford Inn at Del Mar Menu,Del%20Mar%2C%20California,California,1918,0,,
4048821.jpg,Oyster and Chop House Menu,,n%2Fa,1918,0,,
4048824.jpg,The Pullman Company Dining Menu,,n%2Fa,1918,1,,
4048842.jpg,Hotel Majestic Menu,,n%2Fa,1918,0,,
4048930.jpg,The Mouquin Restaurant and Wine Co. Menu,,n%2Fa,1918,0,,
4049003.jpg,Hotel McAlpin Menu,,n%2Fa,1918,0,,
4049007.jpg,Hotel Astor Menu,,n%2Fa,1918,0,,
4049008.jpg,Louis Sherry Menu,,n%2Fa,1918,0,,
4049009.jpg,Wm. F. Healy's 42nd St. Grill Menu,,n%2Fa,1918,0,,
4049019.jpg,Cavanagh's Menu,,n%2Fa,1918,0,,
4049058.jpg,Hotel Kaskasia Menu,,n%2Fa,1918,0,,
4049059.jpg,Hotel Traymore Menu,,n%2Fa,1918,0,,
4049060.jpg,Café New York Restaurant Menu,,n%2Fa,1918,0,,
4049083.jpg,Aztec Restaurant Menu,,n%2Fa,1918,0,,
4049085.jpg,Aldine Club Rooms Menu,,n%2Fa,1918,2,,
4049098.jpg,The Breakers Menu,,n%2Fa,1918,0,,
4049099.jpg,Eastern Hotel Menu,Eastern%20Hotel,n%2Fa,1918,0,,
4049103.jpg,Congress Square Hotel Dining Menu,Portland%2C%20ME,Maine,1918,0,,
4049134.jpg,Ye Peg Woffington Coffee House Menu,,n%2Fa,1918,0,,
4049137.jpg,Natural History Museum Dining Menu,,n%2Fa,1918,0,,
4049141.jpg,All Souls Church Menu,,n%2Fa,1918,0,,
4049219.jpg,Delmonicos Menu,,n%2Fa,1918,0,delmonicos,
4049229.jpg,Joe's Restaurant Menu,,n%2Fa,1918,0,,
4049233.jpg,Hotel Judson Menu,,n%2Fa,1918,0,,
4049268.jpg,Hotel Chamberlin Menu,,n%2Fa,1918,0,,
4049271.jpg,Waldorf Astoria Menu,,n%2Fa,1918,0,waldorf,
4049279.jpg,The Homestead Menu,,n%2Fa,1918,0,,
4049283.jpg,Grand Hotel - Rome Menu,Rome,n%2Fa,1918,0,,
4049286.jpg,Hotel Gibson Menu,Hotel%20Gibson,n%2Fa,1918,0,,
4049293.jpg,Maritime Dining Experience,,n%2Fa,1918,1,,
4049304.jpg,Hotel Palais D'orsay Menu,,n%2Fa,1918,0,,
4049306.jpg,The Walpole Inn Menu,,n%2Fa,1918,0,,
4049314.jpg,The Windosr Menu,,n%2Fa,1918,0,,
4049316.jpg,Rivadavia Sponsor Menu,Rivadavia%2C%20Argentina,n%2Fa,1918,0,,
4049342.jpg,Hotel Royal - Rome Menu,Rome,n%2Fa,1918,0,,
4049343.jpg,Abbey Inn Menu,,n%2Fa,1918,0,,
4049345.jpg,Chalfonte Menu,Chalfonte%2C%20New%20Jersey,New%20Jersey,1918,0,,
4049348.jpg,Union Club Menu,,n%2Fa,1918,2,,
4049356.jpg,Riverside Dining Room Menu,,n%2Fa,1918,0,,
4049361.jpg,Salmagundi Club Menu,,n%2Fa,1918,2,,
4049364.jpg,Hotel Davenport Menu,,n%2Fa,1918,0,,
4049367.jpg,Hotel Breevort Menu,,n%2Fa,1918,0,,
4049459.jpg,Hotel Chelsea Menu,,n%2Fa,1918,0,,
4049502.jpg,Healy's Forty-second Street restaurant menu,,n%2Fa,1918,0,,
4049857.jpg,Building Trades Club Menu,,n%2Fa,1914,0,,
4049905.jpg,Sphinx Club Menu,,n%2Fa,1914,2,,
4049908.jpg,Hotel Belvedere Menu,,n%2Fa,1914,0,,
4049913.jpg,Los Angeles Athletic Club Menu,Los%20Angeles%2C%20CA,California,1914,0,,
4049916.jpg,Hotel Majestic Menu,,n%2Fa,1914,0,,
4049945.jpg,Bellevue-Stratford Hotel Dining Menu,Bellevue-Stratford%20Hotel%2C%20Philadelphia%2C%20PA,Pennsylvania,1914,0,,
4049960.jpg,Hotel Schenley Dining Menu,Pittsburgh%2C%20PA,Pennsylvania,1914,0,,
4049986.jpg,Town Hall Menu,,n%2Fa,1914,0,,
4049991.jpg,Hotel Oakland Dining Menu,Oakland%2C%20CA,California,1914,0,,
4049997.jpg,The Lawrence Menu,,n%2Fa,1914,0,,
4050028.jpg,The Adolphus Menu,,n%2Fa,1914,0,,
4050034.jpg,Thwaite's Shore House Menu,,n%2Fa,1914,1,,
4050056.jpg,Friars' Club Menu,,n%2Fa,1914,2,,
4050063.jpg,Creve Coeur Club Menu,,n%2Fa,1914,2,,
4050070.jpg,Florence Villa Menu,Florence%20Villa%2C%20FL,Florida,1914,0,,
4050071.jpg,Isaac Lodge No. 43 Menu,,n%2Fa,1914,2,,
4050073.jpg,Magdalene College Dining Menu,,n%2Fa,1914,0,,
4050100.jpg,Broadway Auditorium Menu,,n%2Fa,1914,0,,
4050111.jpg,Elk's Hall Menu,,n%2Fa,1914,0,,
4050114.jpg,U.S.S. Florida Menu,,n%2Fa,1914,1,,
4050117.jpg,Hotel Baltimore Dining Menu,Baltimore%2C%20MD,Maryland,1914,0,,
4050122.jpg,Union League Club Menu,,n%2Fa,1914,2,,
4050139.jpg,Grocers' Hall Menu,,n%2Fa,1914,0,,
4050157.jpg,Hotel Victoria Menu,,n%2Fa,1914,0,,
4050160.jpg,Auditorium Hotel Menu,,n%2Fa,1914,0,,
4050167.jpg,The Buffalo Club Menu,,n%2Fa,1914,0,,
4050170.jpg,School Auditorium Menu,,n%2Fa,1914,0,,
4050172.jpg,Deagons' Den Menu,,n%2Fa,1914,0,,
4050193.jpg,Maryland Club Menu,Maryland%20Club,Maryland,1914,0,,
4066372.jpg,Adams' Restaurant Menu,,n%2Fa,1914,0,,
4066391.jpg,Copley-Plaza Menu,Copley-Plaza,n%2Fa,1914,0,,
4066400.jpg,Grocers Hall Menu,,n%2Fa,1914,0,,
4066412.jpg,Flower Garden Shelter Menu,,n%2Fa,1914,1,,
4066416.jpg,Hollenden Hotel Dining Menu,Cleveland%2C%20OH,Ohio,1914,0,,
4066435.jpg,Hotel Chamberlin Menu,,n%2Fa,1914,0,,
4066459.jpg,Oyster and Chop House Menu,,n%2Fa,1914,0,,
4066463.jpg,Elks' Club House Menu,,n%2Fa,1914,2,,
4066474.jpg,Castle Stevens Menu,,n%2Fa,1914,0,,
4066485.jpg,Huether and Steffens Menu,,n%2Fa,1914,0,,
4066486.jpg,Wiehl & Widman Menu,,n%2Fa,1914,0,,
4066489.jpg,Gibson's Menu,,n%2Fa,1914,0,,
4066492.jpg,Menu aboard R.M.S. 'Noordam',,n%2Fa,1914,1,,
4066500.jpg,Riggs' Twentieth Street Restaurant Menu,,n%2Fa,1914,0,,
4066503.jpg,Viemeister's Café and Restaurant Menu,,n%2Fa,1914,0,,
4066513.jpg,A.H.Meyer Rathskeller Menu,,n%2Fa,1914,0,,
4066521.jpg,Meridian Club Menu,,n%2Fa,1914,1,,
4066524.jpg,The Merchant's Club Menu,,n%2Fa,1914,2,,
4066528.jpg,Smith's Restaurant and Lunch Room Menu,,n%2Fa,1914,0,,
4066539.jpg,Westchester Restaurant Menu,Westchester%2C%20New%20York,New%20York,1914,0,,
4066542.jpg,Little Roma Restaurant Menu,,n%2Fa,1914,0,,
4066544.jpg,Richmond Restaurant Menu,Richmond%2C%20Virginia,Virginia,1914,0,,
4066551.jpg,Spilker's Restaurant and Grill Room Menu,,n%2Fa,1914,0,,
4066556.jpg,Bakery and Restaurant Menu,,n%2Fa,1914,0,,
4066601.jpg,Hotel Cape May Menu,Cape%20May%2C%20New%20Jersey,New%20Jersey,1914,0,,
4066609.jpg,Masonic Temple Menu,,n%2Fa,1914,0,,
4066618.jpg,Banquet Hotel Statler Menu,Banquet%20Hotel%20Statler,n%2Fa,1914,0,,
4066632.jpg,Mansion House Menu,,n%2Fa,1914,0,,
4066639.jpg,Met-Life Building Menu,,n%2Fa,1914,0,,
4066641.jpg,Employee Dining Menu,,n%2Fa,1914,0,,
4066650.jpg,Hotel Sacramento Dining Menu,Sacramento%2C%20CA,California,1914,0,,
4066654.jpg,Greenhut's Menu,,n%2Fa,1914,0,,
4066671.jpg,Traditional German Cuisine Menu,,n%2Fa,1914,0,,
4066673.jpg,Forest Grill Menu,,n%2Fa,1914,0,,
4066684.jpg,The Grunewald Menu,,n%2Fa,1914,0,,
4066695.jpg,Historic Tavern Menu,,n%2Fa,1914,0,,
4066701.jpg,Rathskeller Menu,,n%2Fa,1914,0,,
4066715.jpg,Eastern Hotel Menu,,n%2Fa,1914,0,,
4066716.jpg,Nadal's Café and Restaurant Menu,,n%2Fa,1914,0,,
4066718.jpg,Pabst Sponsored Menu,,n%2Fa,1914,0,,
4066724.jpg,William Ross Café and Restaurant Menu,,n%2Fa,1914,0,,
4066739.jpg,Pontin's Restaurant Menu,,n%2Fa,1914,0,,
4066743.jpg,Childs Menu,,n%2Fa,1914,1,,
4066767.jpg,Hathaway Inn Menu,,n%2Fa,1914,0,,
4066774.jpg,Lane Bros. Café and Restaurant Menu,,n%2Fa,1914,0,,
4066792.jpg,The Merchants' Club Menu,,n%2Fa,1914,2,,
4066807.jpg,Greehut-Siegel Cooper Co. Menu,,n%2Fa,1914,0,,
4066824.jpg,Drake's Restaurant Menu,,n%2Fa,1914,0,,
4066832.jpg,Hazeltine's Inc. Menu,,n%2Fa,1914,0,,
4066854.jpg,"A. Wollenhaupt, Jr. Menu",,n%2Fa,1914,0,,
4066858.jpg,Barnay's Menu,,n%2Fa,1914,0,,
4066879.jpg,Steamer Rosedale Menu,,n%2Fa,1914,1,,
4066888.jpg,The Mansion House Menu,,n%2Fa,1914,0,,
4066902.jpg,Menu at The Lafayette Baths and Hotel,,n%2Fa,1914,1,,
4066904.jpg,Henderson's Restaurant Menu,,n%2Fa,1914,0,,
4066918.jpg,John Wanamaker Menu,,n%2Fa,1914,0,,
4066922.jpg,South Ferry Hotel Menu,,n%2Fa,1914,1,,
4066927.jpg,Childs Menu,Brooklyn%2C%20NY,New%20York,1914,0,,
4066944.jpg,J.B. Greenhut Co. Menu,,n%2Fa,1914,0,,
4066958.jpg,Je Chante Clair Menu,,n%2Fa,1914,0,,
4066960.jpg,The Brown Palace Hotel Menu,,n%2Fa,1914,0,,
4066982.jpg,Oneco Hotel Menu,,n%2Fa,1914,0,,
4067000.jpg,Hotel Vendig Menu,,n%2Fa,1914,0,,
4067007.jpg,Friars' Club House Menu,,n%2Fa,1914,0,,
4067013.jpg,West End Shore Club Menu,,n%2Fa,1914,1,,
4067022.jpg,Pine Terrace Inn Menu,Pine%20Terrace%20Inn,n%2Fa,1914,0,,
4067056.jpg,"The Restaurants, De Luxe Menu",,n%2Fa,1914,0,,
4067071.jpg,Hotel Pontchartrain Menu,,n%2Fa,1914,0,,
4067078.jpg,Boylston Café Menu,,n%2Fa,1914,0,,
4067090.jpg,Silvermere Inn Menu,,n%2Fa,1914,0,,
4067100.jpg,The Homestead Menu,,n%2Fa,1914,0,,
4067117.jpg,Piedmont Hotel Menu,,n%2Fa,1914,0,,
4067160.jpg,Copley Plaza Menu,Copley%20Plaza,n%2Fa,1914,0,,
4067166.jpg,Lord & Taylor Restaurant and Tea Rooms Menu,,n%2Fa,1914,0,,
4067175.jpg,Lord & Taylor Tea Rooms Menu,,n%2Fa,1914,0,,
4067180.jpg,Cliff House Menu,,n%2Fa,1914,0,,
4067204.jpg,Ye Olde Cheshire Cheese Menu,,n%2Fa,1914,0,,
4067288.jpg,Reiss's Restaurant Menu,,n%2Fa,1914,0,,
4067297.jpg,The Cortlandt Menu,,n%2Fa,1914,0,,
4067314.jpg,Rigg's Menu,,n%2Fa,1914,0,,
4067322.jpg,M. Lorenzo Café Menu,,n%2Fa,1914,0,,
4067328.jpg,Hotel Princesa Café and Restaurant Menu,,n%2Fa,1914,0,,
4067370.jpg,United States Hotel Menu,,n%2Fa,1914,0,,
4067371.jpg,S.S. 'Bruce' Menu,,n%2Fa,1914,1,,
4067385.jpg,Hotel Champlain Menu,,n%2Fa,1914,0,,
4067397.jpg,Fifth Regiment Armory Menu,,n%2Fa,1914,0,,
4067405.jpg,S. S. 'Kyle' Menu,,n%2Fa,1914,1,,
4067439.jpg,Intercolonial Railway Menu,,n%2Fa,1914,1,,
4067456.jpg,The Hollenden Menu,,n%2Fa,1914,0,,
4067492.jpg,Hotel Seneca Menu,,n%2Fa,1914,0,,
4067500.jpg,Jonathan Club Menu,,n%2Fa,1914,2,,
4067521.jpg,Marlborough Blenheim Menu,Marlborough%2C%20Blenheim,n%2Fa,1914,0,,
4067529.jpg,Hotel Albemarle Hoffman Menu,,n%2Fa,1914,0,,
4067539.jpg,Hotel Somerset Menu,,n%2Fa,1914,0,,
4067546.jpg,Coffee House Menu,,n%2Fa,1914,0,,
4067552.jpg,Seelbach Hotel Dining Menu,Louisville%2C%20KY,Kentucky,1914,0,,
4067568.jpg,Cafre Club Menu,,n%2Fa,1914,0,,
4067576.jpg,Carlton Terrace Menu,Carlton%20Terrace,n%2Fa,1914,0,,
4067587.jpg,Hotel Statler Menu,,n%2Fa,1914,0,,
4067601.jpg,Ebling's Casino Menu,,n%2Fa,1914,0,,
4067645.jpg,Hotel Deming Menu,,n%2Fa,1914,0,,
4067683.jpg,Bismark Garden Menu,,n%2Fa,1914,0,,
4067689.jpg,Hotel St. Andrew Menu,,n%2Fa,1914,0,,
4067698.jpg,The Adolphus Hotel Dining Menu,Dallas%2C%20TX,Texas,1914,0,,
4067715.jpg,St. Anthony Hotel Menu,,n%2Fa,1914,0,,
4067722.jpg,Emil Kuehn Menu,,n%2Fa,1914,0,,
4067726.jpg,Great Northern Menu,,n%2Fa,1914,0,,
4067735.jpg,Metropolitan Club Menu,,n%2Fa,1914,0,,
4067736.jpg,Ellicott Club Menu,Ellicott%20Club,n%2Fa,1914,0,,
4067759.jpg,The Pioneer Limited Menu,,n%2Fa,1914,1,,
4067762.jpg,Guildhall Menu,,n%2Fa,1914,0,,
4067769.jpg,Hotel Westminster Menu,,n%2Fa,1914,0,,
4067775.jpg,Val. Schmitt's Hofbrau Haus Menu,,n%2Fa,1914,0,,
4067789.jpg,The Toltec Club Menu,,n%2Fa,1914,2,,
4067792.jpg,Ritz-Carlton Menu,,n%2Fa,1914,0,,
4067803.jpg,Bohemian Club Menu,,n%2Fa,1914,2,,
4067804.jpg,Athletic Club Dining Menu,New%20York%2C%20NY,New%20York,1914,0,,
4068345.jpg,Child's Menu,,n%2Fa,1914,0,,
4068377.jpg,Congress Hotel Dining Menu,Chicago%2C%20IL,Illinois,1914,0,,
4068390.jpg,The Merchants Club Menu,,n%2Fa,1914,2,,
4068397.jpg,Hotel duPont Menu,,n%2Fa,1914,0,,
4068407.jpg,The Bancroft Hotel Menu,,n%2Fa,1914,0,,
4068450.jpg,Club House Menu,Brooklyn%2C%20NY,New%20York,1914,0,,
4068459.jpg,First Class Chop Sooey and American Restaurant Menu,,n%2Fa,1914,0,,
4068463.jpg,The Copley-Plaza Menu,Boston%2C%20MA,Massachusetts,1914,0,,
4068465.jpg,The New Morrison Hotel Menu,,n%2Fa,1914,0,,
4068475.jpg,Franklin Hall Menu,Franklin%20Hall%2C%20Washington%2C%20D.C.,Washington%2C%20D.C.,1914,0,,
4068479.jpg,The Vanderbilt Hotel Menu,,n%2Fa,1914,0,,
4068485.jpg,The Buffalo Orpheus Menu,,n%2Fa,1914,0,,
4068486.jpg,The West End Menu,,n%2Fa,1914,0,,
4068487.jpg,The Cathedral Club Menu,,n%2Fa,1914,2,,
4068488.jpg,Harmony Club of Brooklyn Menu,Brooklyn%2C%20NY,New%20York,1914,2,,
4068491.jpg,Narragansett Hotel Menu,Narragansett%2C%20Rhode%20Island,Rhode%20Island,1914,0,,
4068492.jpg,The St. Charles Menu,,n%2Fa,1914,0,,
4068503.jpg,Hotel Montclair Menu,,n%2Fa,1914,0,,
4068504.jpg,Palace Hotel Menu,,n%2Fa,1914,0,,
4068508.jpg,Steamer Berksire Menu,,n%2Fa,1914,0,,
4068509.jpg,New Grand Central Palace Menu,,n%2Fa,1914,0,,
4068543.jpg,The Valencia Menu,,n%2Fa,1913,0,,
4068548.jpg,Hotel Casey Dining Menu,Scranton%2C%20PA,Pennsylvania,1913,0,,
4068551.jpg,The Crown Hotel Menu,,n%2Fa,1913,0,,
4068552.jpg,Phoenix Hotel Menu,Phoenix%2C%20Arizona,Arizona,1913,0,,
4068553.jpg,Table D'Hote Menu,,n%2Fa,1913,0,,
4068555.jpg,Hotel Belleclaire Menu,,n%2Fa,1913,0,,
4068556.jpg,Waldorf Astoria Menu,,n%2Fa,1913,0,waldorf,
4068564.jpg,Holland House Menu,Holland%20House%2C%20Holland,n%2Fa,1913,0,,
4068566.jpg,Hotel Knickerbocker Menu,,n%2Fa,1913,0,,
4068571.jpg,Palace Hotel Menu,,n%2Fa,1913,0,,
4068576.jpg,Great Northern Hotel Menu,,n%2Fa,1913,0,,
4068579.jpg,Traditional Russian Cuisine Menu,,n%2Fa,1913,0,,
4068591.jpg,Café des Beaux-Arts Menu,,n%2Fa,1913,0,,
4068593.jpg,Aurora Grata Cathedral Menu,,n%2Fa,1913,0,,
4068597.jpg,Copley Plaza Menu,Copley%20Plaza,n%2Fa,1913,0,,
4068599.jpg,University Club Menu,,n%2Fa,1913,2,,
4068602.jpg,Café Boulevard Menu,,n%2Fa,1913,0,,
4068618.jpg,Albany Hotel Menu,Albany%2C%20New%20York,New%20York,1913,0,,
4068621.jpg,The Blackstone Menu,,n%2Fa,1913,0,,
4068639.jpg,Hotel St. Regis Menu,,n%2Fa,1913,0,,
4068650.jpg,The Pabst Menu,,n%2Fa,1913,0,,
4068661.jpg,Hotel Sherman Dining Menu,Chicago%2C%20IL,Illinois,1913,0,,
4068673.jpg,The Plaza Menu,,n%2Fa,1913,0,plaza,
4068674.jpg,The St. Charles Menu,,n%2Fa,1913,0,,
4068684.jpg,Lyceum Club Menu,,n%2Fa,1913,2,,
4068716.jpg,The New Willard Menu,,n%2Fa,1913,0,,
4068719.jpg,Hotel McAlpin Dining Menu,New%20York%2C%20NY,New%20York,1913,0,,
4068723.jpg,Hotel Plaza Menu,,n%2Fa,1913,0,,
4068731.jpg,Hotel Astor Menu,,n%2Fa,1913,0,,
4068746.jpg,Astor House Menu,,n%2Fa,1913,0,,
4068765.jpg,Hammonds Popular Price Restaurant Menu,,n%2Fa,1913,0,,
4068770.jpg,The Guaranty Club Menu,,n%2Fa,1913,2,,
4068773.jpg,The Washington Menu,,n%2Fa,1913,0,,
4068789.jpg,Broadway Central Hotel New York Menu,New%20York%2C%20NY,New%20York,1913,0,,
4068812.jpg,Hotel Pfister Menu,,n%2Fa,1913,0,,
4068817.jpg,Delmonico's Menu,,n%2Fa,1913,0,delmonicos,
4068825.jpg,The Cortlandt Menu,,n%2Fa,1913,0,,
4068831.jpg,Jefferson Hotel Menu,,n%2Fa,1913,0,,
4068835.jpg,Hotel Sterling Menu,,n%2Fa,1913,0,,
4068849.jpg,New Willard Hotel Menu,,n%2Fa,1913,0,,
4068868.jpg,The Ten Eyck Menu,,n%2Fa,1913,0,,
4068890.jpg,Hotel La Salle Dining Menu,Chicago%2C%20IL,Illinois,1913,0,,
4068916.jpg,Marie Antoinette Hotel Menu,,n%2Fa,1913,0,,
4068920.jpg,MetLife Building Menu,,n%2Fa,1913,0,,
4068923.jpg,Yipsali Club Menu,,n%2Fa,1913,1,,
4068942.jpg,American Houe Menu,,n%2Fa,1913,0,,
4068945.jpg,Hotel Manhattan Menu,,n%2Fa,1913,0,,
4068949.jpg,Brooklyn Club Menu,Brooklyn%2C%20NY,New%20York,1913,0,,
4068951.jpg,Liederkranz Club Menu,,n%2Fa,1913,2,,
4068983.jpg,Mohican Hotel Menu,,n%2Fa,1913,0,,
4068988.jpg,League Building Menu,,n%2Fa,1913,0,,
4068999.jpg,Fleischmann's Menu,,n%2Fa,1913,0,,
4069032.jpg,Leathersellers' Hall Menu,,n%2Fa,1913,0,,
4069048.jpg,Club House Menu,,n%2Fa,1913,0,,
4069068.jpg,St. Charles Hotel Menu,St.%20Charles,Illinois,1913,0,,
4069075.jpg,Madison Square Garden Menu,New%20York%2C%20NY,New%20York,1913,0,,
4069090.jpg,Hobby Club Menu,,n%2Fa,1913,2,,
4069095.jpg,Copley Plaza Hotel Dining Menu,Boston%2C%20MA,Massachusetts,1913,0,,
4069098.jpg,Aldine Club Menu,,n%2Fa,1913,0,,
448140.jpg,Harvard University Class Of 1863 25th Anniversary Menu,Boston%2C%20MA,Massachusetts,1888,2,,
459457.jpg,Seventh Annual Dinner at Delmonico's,New%20York%2C%20NY,New%20York,1888,2,delmonicos,
459461.jpg,"Dinner honoring Hon. Chas. F. Fairchild, Secretary of the Treasury",Brooklyn%2C%20NY,New%20York,1888,2,,
459473.jpg,BANQUET OF THE BRITISH FISHERIES COMMISSION,New%20York%2C%20NY,New%20York,1888,2,,
466395.jpg,Lunch Menu on SS AUGUSTE VICTORIA,Hamburg%2C%20Germany,n%2Fa,1900,0,,
466399.jpg,DINNER MENU at SS SOUTHWAREZ,Red%20Star%20Line,n%2Fa,1900,1,,
466402.jpg,Dinner Menu at Marie Antoinette Hotel,New%20York%2C%20NY,New%20York,1900,0,,
466407.jpg,Dinner Menu at Union Hotel & Restaurant,,n%2Fa,1900,0,,
466408.jpg,Dinner Menu on R.M.S. 'CAMPANIA',,n%2Fa,1900,1,,
466411.jpg,Luncheon Menu at Marie Antoinette Hotel,New%20York%2C%20NY,New%20York,1900,0,,
466413.jpg,Breakfast Menu on S.S. 'WESTERNLAND',,n%2Fa,1900,1,,
466417.jpg,Dinner Menu on S.S. 'WESTERNLAND' by RED STAR LINE,Red%20Star%20Line,n%2Fa,1900,1,,
466419.jpg,Lunch menu on S.S. 'SOUTHWARK' by RED STAR LINE,,n%2Fa,1900,1,,
466420.jpg,Dinner Menu on S.S. 'SOUTHWARK' by RED STAR LINE,,n%2Fa,1900,1,,
466422.jpg,Dinner at Bristol Hotel,Naples%2C%20Italy,n%2Fa,1900,0,,
466432.jpg,Breakfast Menu on R.M.S. Oceanic,,n%2Fa,1900,1,,
466433.jpg,Lunch Menu on R.M.S. Oceanic,,n%2Fa,1900,1,,
466435.jpg,Dinner Menu on R.M.S. Oceanic,,n%2Fa,1900,1,,
466436.jpg,Cunard Line Luncheon Menu,,n%2Fa,1900,1,,
466437.jpg,Dinner Menu on Cunard Line's R.M.S. Campania,,n%2Fa,1900,1,,
466438.jpg,Breakfast Menu on Cunard Line's R.M.S. Campania,,n%2Fa,1900,1,,
466440.jpg,Dinner Menu on R.M.S. Campania by Cunard Line,,n%2Fa,1900,1,,
466441.jpg,DINNER MENU ABOARD S.S. WESTERNLAND,,n%2Fa,1900,1,,
466443.jpg,LUNCH MENU ABOARD S.S. WESTERNLAND,,n%2Fa,1900,1,,
466447.jpg,LUNCH MENU ABOARD S.S. SOUTHWARK,,n%2Fa,1900,1,,
466449.jpg,DINNER MENU ABOARD S.S. SOUTHWARK,,n%2Fa,1900,1,,
466450.jpg,BREAKFAST MENU ABOARD S.S. SOUTHWARK,,n%2Fa,1900,1,,
466452.jpg,Dinner Menu at Parker's Hotel (Late Tram0ntano),Naples%2C%20Italy,n%2Fa,1900,0,,
466454.jpg,Hotel Marie Antoinette Luncheon Menu,New%20York%2C%20NY,New%20York,1900,0,,
466460.jpg,Manhattan Hotel Dinner Menu,New%20York%2C%20NY,New%20York,1900,0,,
466462.jpg,Breakfast Menu on S.S. Westernland,,n%2Fa,1900,1,,
466463.jpg,Lunch Menu on S.S. Westernland,,n%2Fa,1900,1,,
466464.jpg,TIMEO HOTEL LUNCH OR DINNER MENU,Taormina%2C%20Sicily,n%2Fa,1900,0,,
466466.jpg,Luncheon Menu at Manhattan Hotel,New%20York%2C%20NY,New%20York,1900,0,,
466467.jpg,Hotel Marlborough Dinner Menu,New%20York%2C%20NY,New%20York,1900,0,,
466471.jpg,Breakfast Menu on SS WESTERNLAND,Red%20Star%20Line,n%2Fa,1900,1,,
466472.jpg,Supper Menu at Hotel Marlborough,New%20York%2C%20NY,New%20York,1900,0,,
466473.jpg,Breakfast Menu at Hotel Marlborough,New%20York%2C%20NY,New%20York,1900,0,,
466477.jpg,DAILY CARTE DU JOUR at Hotel Marlborough,New%20York%2C%20NY,New%20York,1900,0,,
466484.jpg,Dinner Menu on Cunard Line's RMS CAMPANIA,,n%2Fa,1900,1,,
466486.jpg,Cafe Breakfast at Hotel Marlborough,New%20York%2C%20NY,New%20York,1900,0,,
466487.jpg,Hotel Marie Antoinette Lunch Menu,New%20York%2C%20NY,New%20York,1900,0,,
466489.jpg,Breakfast Menu on SS Trinidad,Quebec%2C%20Canada,n%2Fa,1900,1,,
466490.jpg,Dinner Menu on SS Trinidad,Quebec%2C%20Canada,n%2Fa,1900,1,,
466491.jpg,RED STAR LINE DINNER MENU,,n%2Fa,1900,1,,
466495.jpg,Breakfast at Park Avenue Hotel,New%20York%2C%20NY,New%20York,1900,0,,
466497.jpg,Breakfast Menu on S.S. COPTIC,,n%2Fa,1900,1,,
466498.jpg,Lunch Menu on S.S. COPTIC,,n%2Fa,1900,1,,
466502.jpg,Breakfast Menu on S.S. WESTERNLAND,,n%2Fa,1900,1,,
466503.jpg,LUNCH menu on S.S. WESTERNLAND by RED STAR LINE,,n%2Fa,1900,1,,
466505.jpg,R.M.S. ETRURIA Menu,,n%2Fa,1900,1,,
466506.jpg,Breakfast Menu on S.S. 'TRINIDAD' by Quebec Steamship Company,Quebec%2C%20Canada,n%2Fa,1900,1,,
466513.jpg,TIMEO HOTEL MENU,Taormina%2C%20Sicily,n%2Fa,1900,0,,
466514.jpg,Breakfast at Princess Hotel,Bermuda,n%2Fa,1900,0,,
466516.jpg,Cunard Line Luncheon Menu,,n%2Fa,1900,1,,
466519.jpg,Dinner at Legation Des Etat Unis D'amerique,Petropolis%2C%20BRAZIL,n%2Fa,1900,0,,
466520.jpg,Lunch Menu at Sherman Square Hotel,New%20York%2C%20NY,New%20York,1900,0,,
466524.jpg,Lunch Menu at Princess Hotel,Hamilton%2C%20BERMUDA,n%2Fa,1900,0,,
466529.jpg,LUNCH MENU - Occidental & Oriental Steamship Co.,,n%2Fa,1900,1,,
466537.jpg,Breakfast Menu on Cunard Line's R.M.S. Etruria,,n%2Fa,1900,1,,
466538.jpg,Cunard Line Luncheon Menu,,n%2Fa,1900,1,,
466539.jpg,"Dinner Menu on R.M.S. ETRURIA, Cunard Line",,n%2Fa,1900,1,,
466540.jpg,Dinner Menu on S.S. Trinidad,Quebec%20City%2C%20Quebec,n%2Fa,1900,1,,
466541.jpg,Farewell Banquet to the S.A. Bushmen's Corps,Adelaide%2C%20Australia,n%2Fa,1900,2,,
466542.jpg,Breakfast Menu at Sherman Square Hotel,New%20York%2C%20NY,New%20York,1900,0,,
466544.jpg,Daily Menu at Hotel Colombo,New%20York%2C%20NY,New%20York,1900,0,,
466545.jpg,Table d'hote dinner at Hotel Colombo,New%20York%2C%20NY,New%20York,1900,0,,
466550.jpg,Wedding Dinner at Delmonico's NY,New%20York%2C%20NY,New%20York,1900,2,delmonicos,
466551.jpg,Breakfast Menu on SS Trinidad,,n%2Fa,0190,1,,
466552.jpg,Dinner Menu on SS Trinidad,Quebec%2C%20Canada,n%2Fa,1900,1,,
466553.jpg,Dinner Menu at Tampa Bay Hotel,Tampa%2C%20FL,Florida,1900,0,,
466554.jpg,Breakfast Menu on SS Trinidad,,n%2Fa,1900,1,,
466555.jpg,Luncheon Menu on SS Trinidad,,n%2Fa,1900,1,,
466556.jpg,Castle Garden Hotel Daily Bill of Fare,New%20York%2C%20NY,New%20York,1900,0,,
466557.jpg,Blottner's Cafe & Restaurant Daily Bill of Fare,New%20York%2C%20NY,New%20York,1900,0,,
466559.jpg,Dinner at Pratt Institute Graduates Association Library School,New%20York%2C%20NY,New%20York,1900,0,,
466564.jpg,Dinner Menu on Cunard Line's R. M. S. ETRURIA,,n%2Fa,1900,1,,
466571.jpg,Daily Menus at Hospital,,n%2Fa,1900,0,,
466575.jpg,FRUHSTUCK/LUNCH menu on SCHNELLDAMPFER AUGUST VICTORIA,Hamburg%2C%20Germany,n%2Fa,1900,1,,
466577.jpg,"Breakfast Menu on R. M. S. ETRURIA, Cunard Line",,n%2Fa,1900,1,,
466583.jpg,Lunch Menu on SS COPTIC,,n%2Fa,1900,1,,
466586.jpg,PABST BLUE RIBBON DINNER,,n%2Fa,1900,0,,
466588.jpg,Maxwell House Dinner Menu,NASHVILLE%2C%20TN,Tennessee,1900,0,,
466589.jpg,Maxwell House Luncheon Menu,Nashville%2C%20TN,Tennessee,1900,0,,
466596.jpg,Breakfast at Maxwell House,NASHVILLE%2C%20TN,Tennessee,1900,0,,
466597.jpg,Maxwell House Supper Menu,NASHVILLE%2C%20TN,Tennessee,1900,0,,
466602.jpg,184th Regular Dinner at XIII Club,New%20York%2C%20NY,New%20York,1900,2,,
466614.jpg,Breakfast Menu on S.S. 'COPTIC',,n%2Fa,1900,1,,
466615.jpg,Lunch Menu on S.S. 'COPTIC',,n%2Fa,1900,1,,
466621.jpg,SAVOY HOTEL MENU,New%20York%2C%20NY,New%20York,1900,0,,
466631.jpg,LUNCH MENU ABOARD SCHNELLDAMPMER AUGUSTE VICTORIA,Hamburg%2C%20Germany,n%2Fa,1900,1,,
466633.jpg,Breakfast at Hotel Jermyn,Scranton%2C%20PA,Pennsylvania,1900,0,,
466634.jpg,Hotel Jermyn Luncheon Menu,Scranton%2C%20PA,Pennsylvania,1900,0,,
466635.jpg,Hotel Jermyn Dinner Menu,Scranton%2C%20PA,Pennsylvania,1900,0,,
466636.jpg,Supper Menu at Hotel Jermyn,Scranton%2C%20PA,Pennsylvania,1900,0,,
466637.jpg,P.R.R. (PENNSYLVANIA RR) DINNER at RR STATION,,n%2Fa,1900,0,,
466638.jpg,Daily Menu at Ewing's New Restaurant,Jersey%20City%2C%20NJ,New%20Jersey,1900,0,,
466640.jpg,Daily Menu at New York Athletic Club,New%20York%2C%20NY,New%20York,1900,0,,
466641.jpg,Daily Menu at Union League Club,New%20York%2C%20NY,New%20York,1900,0,,
466642.jpg,Lunch or Early Dinner Menu at Sturtevant House,,n%2Fa,1900,0,,
466643.jpg,Luncheon Menu at Broadway Central Hotel,Broadway%2C%20NY,New%20York,1900,0,,
466645.jpg,Breakfast at Pennsylvania R.R. Station,Jersey%20City%2C%20NJ,New%20Jersey,1900,0,,
466646.jpg,Dinner Menu at Hotel Savoy,New%20York%2C%20NY,New%20York,1900,0,,
466647.jpg,Hotel Savoy Luncheon Menu,New%20York%2C%20NY,New%20York,1900,0,,
466651.jpg,Club Dinner at New York Athletic Club,New%20York%2C%20NY,New%20York,1900,0,,
466652.jpg,Westminster Hotel Luncheon Menu,New%20York%2C%20NY,New%20York,1900,0,,
466653.jpg,Daily Menu at Colonial Club Of New York,New%20York%2C%20NY,New%20York,1900,2,,
466654.jpg,Daily Menu at Calumet Club Of New York,New%20York%2C%20NY,New%20York,1900,0,,
466655.jpg,Dinner Menu at Sherman Square Hotel,New%20York%2C%20NY,New%20York,1900,0,,
466656.jpg,TABLE d'HOTE DINNER at Savoy Hotel,New%20York%2C%20NY,New%20York,1900,0,,
466657.jpg,Luncheon Bill of Fare at Park Ave. Hotel,New%20York%2C%20NY,New%20York,1900,0,,
466658.jpg,Park Avenue Hotel Luncheon Menu,New%20York%2C%20NY,New%20York,1900,0,,
466659.jpg,Table d'hote dinner at Park Avenue Hotel,New%20York%2C%20NY,New%20York,1900,0,,
466660.jpg,Dinner Menu at Park Avenue Hotel,New%20York%2C%20NY,New%20York,1900,0,,
466661.jpg,Dinner A La Carte at Park Avenue Hotel,New%20York%2C%20NY,New%20York,1900,0,,
466663.jpg,Luncheon Menu at Marie Antoinette Hotel,New%20York%2C%20NY,New%20York,1900,0,,
466664.jpg,Dinner Menu at Marie Antoinette Hotel,New%20York%2C%20NY,New%20York,1900,0,,
466665.jpg,Lunch Menu at Sherman Square Hotel,New%20York%2C%20NY,New%20York,1900,0,,
466671.jpg,Evening Dinner at Bert Hough & Tony Franker Pabst Blue Ribbon,Chicago%2C%20IL,Illinois,1900,0,,
466672.jpg,Luncheon Menu at Tampa Bay Hotel,Tampa%2C%20FL,Florida,1900,0,,
466673.jpg,Breakfast Menu at Arlington Hotel,Toronto%2C%20ON%2C%20CANADA,n%2Fa,1900,0,,
466674.jpg,Arlington Hotel Luncheon Menu,Toronto%2C%20ON%2C%20CANADA,n%2Fa,1900,0,,
466679.jpg,Lunch Menu on SS Louisiana,,n%2Fa,1900,1,,
466680.jpg,Daily Luncheon Menu at Wm. Mangler Catering Co.,Chicago%2C%20IL,Illinois,1900,0,,
466684.jpg,Vogelsang's Luncheon Menu,New%20York%2C%20NY,New%20York,1900,0,,
466686.jpg,Dinner Menu at Arlington Hotel,Toronto%2C%20ON%2C%20CANADA,n%2Fa,1900,0,,
466695.jpg,Dinner Menu at Cromwell Steamship Company,,n%2Fa,1900,1,,
466699.jpg,Childs' Lunch Rooms Menu,New%20York%2C%20NY,New%20York,1900,0,,
466704.jpg,Evening Dinner at Pabst Blue Ribbon,Chicago%2C%20IL,Illinois,1900,0,,
466710.jpg,Hotel Majestic Luncheon Menu,New%20York%2C%20NY,New%20York,1900,0,,
466714.jpg,Breakfast at Hotel Majestic,New%20York%2C%20NY,New%20York,1900,0,,
466715.jpg,CARTE DU JOUR/DINNER at Hotel Manhattan,New%20York%2C%20NY,New%20York,1900,0,,
466716.jpg,Lunch Menu at Hotel Grenoble,New%20York%2C%20NY,New%20York,1900,0,,
466717.jpg,Dinner at Hotel Majestic,New%20York%2C%20NY,New%20York,1900,0,,
466719.jpg,Carte du Jour at Hotel Grenoble,New%20York%2C%20NY,New%20York,1900,0,,
466724.jpg,Special Lenten Dishes Menu,,n%2Fa,1900,0,,
466725.jpg,Cromwell Steamship Company Menu,,n%2Fa,1900,1,,
466726.jpg,Dinner Menu at Cromwell Steamship Company,,n%2Fa,1900,1,,
466728.jpg,Lunch Menu on HAMBURG-AMERIKA LINIE's SCHNELLDAMPFER 'AUGUSTE VICTORIA',Hamburg%2C%20Germany,n%2Fa,1900,1,,
466735.jpg,Bill of Fare,New%20York%2C%20NY,New%20York,1900,0,,
466736.jpg,Bill of Fare,New%20York%2C%20NY,New%20York,1900,0,,
466742.jpg,Dinner at Hotel Des Temples,Girgenti%2C%20Sicily,n%2Fa,1900,0,,
466743.jpg,Daily Menu at Mills Hotel,New%20York%2C%20NY,New%20York,1900,0,,
466749.jpg,Hotel Des Temples Menu,,n%2Fa,1900,0,,
466750.jpg,Lunch Menu on Hamburg-Amerika Linie's Express Steamer,Hamburg%2C%20Germany,n%2Fa,1900,1,,
466764.jpg,Dinner at Haddon Hall,Atlantic%20City%2C%20NJ,New%20Jersey,1900,0,,
466780.jpg,Daily Soup Menu at Grenoble Hotel,New%20York%2C%20NY,New%20York,1900,0,,
466781.jpg,U.S. ARMY - SUBSISTENCE DEPT. LUNCHEON,,n%2Fa,1900,0,,
466782.jpg,US ARMY - SUBSISTENCE DEPT. DINNER at TRANSPORT,,n%2Fa,1900,1,,
466783.jpg,Supper Menu at Haddon Hall,Philadelphia%2C%20PA,Pennsylvania,1900,0,,
466785.jpg,11th Annual Banquet Menu,St.%20Louis%2C%20MO,Missouri,1900,0,,
466788.jpg,Daily Menu at Pioneer Dining Car Line,,n%2Fa,1900,1,,
466792.jpg,Breakfast at Vendome Hotel,Boston%2C%20MASS.,Massachusetts,1900,0,,
466794.jpg,Dinner Menu at Mills Hotel,New%20York%2C%20NY,New%20York,1900,0,,
466796.jpg,Breakfast Menu on Cromwell Steamship Company,,n%2Fa,1900,1,,
466797.jpg,Hotel De France Menu,,n%2Fa,1900,0,,
466801.jpg,Breakfast Menu at Cromwell Steamship Company,,n%2Fa,1900,1,,
466803.jpg,Willard's Hotel Breakfast Menu,Washington%2C%20DC,Washington%2C%20D.C.,1900,0,,
466804.jpg,Hotel Alms Dinner Menu,Cincinnati%2C%20OH,Ohio,1900,0,,
466808.jpg,Daily Lunch Menu at Grand Hotel,Naples%2C%20Italy,n%2Fa,1900,0,,
466810.jpg,Dinner Menu at Mills Hotel Restaurant,New%20York%2C%20NY,New%20York,1900,0,,
466811.jpg,Grand Hotel Dinner Menu,Naples%2C%20Italy,n%2Fa,1900,0,,
466813.jpg,Dinner Menu at Round Table Club,,n%2Fa,1900,2,,
466814.jpg,MILLS HOTEL RESTAURANT - BILL OF FARE/BREAKFAST/DINNER,New%20York%2C%20NY,New%20York,1900,0,,
466817.jpg,CARTE DU JOUR,New%20York%2C%20NY,New%20York,1900,2,,
466818.jpg,Table d'hote dinner at Union League Club,New%20York%2C%20NY,New%20York,1900,2,,
466819.jpg,Dinner Menu at Sheridan Square Hotel,New%20York%2C%20NY,New%20York,1900,0,,
466820.jpg,BILL OF FARE/DINNER at Mills Hotel Restaurant,New%20York%2C%20NY,New%20York,1900,0,,
466824.jpg,Dinner Menu on R.M.S. LUCANIA by CUNARD LINE,,n%2Fa,1900,1,,
466825.jpg,Luncheon Table d'Hote at Hotel Savoy,New%20York%2C%20NY,New%20York,1900,0,,
466826.jpg,Luncheon A La Carte at Hotel Savoy,New%20York%2C%20NY,New%20York,1900,0,,
466827.jpg,Dinner Table D'Hote at Hotel Savoy,New%20York%2C%20NY,New%20York,1900,0,,
466828.jpg,Cafe Dinner Table D'Hote at Hotel Savoy,New%20York%2C%20NY,New%20York,1900,0,,
466829.jpg,CARTE DU JOUR,New%20York%2C%20NY,New%20York,1900,0,,
466831.jpg,Calumet Club Dining Menu,New%20York%2C%20NY,New%20York,1900,2,,
466832.jpg,CARTE DU JOUR,New%20York%2C%20NY,New%20York,1900,0,,
466835.jpg,Table d'hote dinner at Park Avenue Hotel,New%20York%2C%20NY,New%20York,1900,0,,
466839.jpg,Elegant Dining Menu,,n%2Fa,1900,0,,
466842.jpg,Regular Menu,New%20York%2C%20NY,New%20York,1900,0,,
466843.jpg,SHERMAN SQUARE HOTEL MENU,New%20York%2C%20NY,New%20York,1900,0,,
466846.jpg,Dinner Menu on R.M.S. 'LUCANIA' by CUNARD LINE,,n%2Fa,1900,1,,
466847.jpg,Hotel Dining Menu,Eastman%2C%20Georgia,Georgia,1900,0,,
466848.jpg,Manhattan Club Menu,New%20York%2C%20NY,New%20York,1900,0,,
466849.jpg,Menu for Master Printers' Association Event at Narragansett Hotel,,n%2Fa,1900,0,,
466854.jpg,CLAREMONT HOTEL MENU,Claremont%2C%20California,California,1900,0,,
466857.jpg,Breakfast Menu on R.M.S. 'LUCANIA',,n%2Fa,1900,1,,
466870.jpg,Lunch Menu on Kaiser Wilhelm der Grosse,,n%2Fa,1900,1,,
466876.jpg,CUNARD LINE LUNCHEON MENU,,n%2Fa,1900,1,,
466877.jpg,DINNER MENU - CUNARD LINE,,n%2Fa,1900,1,,
466878.jpg,Breakfast Menu on R.M.S. Empress of China,,n%2Fa,1900,1,,
466883.jpg,Breakfast Menu on Kaiser Wilhelm der Grosse,,n%2Fa,1900,1,,
466886.jpg,LUNCHEON MENU ABOARD R.M.S. EMPRESS OF CHINA,,n%2Fa,1900,1,,
466891.jpg,Dinner at Royal Hotel Gibralter,Gibraltar,n%2Fa,1900,0,,
466902.jpg,Alpha Kappa Phi Anniversary Dinner at Hotel Manhattan,New%20York%2C%20NY,New%20York,1900,2,,
466905.jpg,Easter Breakfast at Murray Hill Hotel,New%20York%2C%20NY,New%20York,1900,2,,
466911.jpg,Norddeutsch Lloyd Bremen Menu,Bremen%2C%20Germany,n%2Fa,1900,1,,
466917.jpg,Easter Dinner at Cafe Boulevard,New%20York%2C%20NY,New%20York,1900,2,,
466922.jpg,Easter Breakfast at Hotel Dennis,Atlantic%20City%2C%20NJ,New%20Jersey,1900,2,,
466926.jpg,Easter Luncheon at Hotel Eastman,Hot%20Springs%2C%20AR,Arkansas,1900,2,,
466928.jpg,Easter Breakfast at Hotel Eastman,Hot%20Springs%2C%20AR,Arkansas,1900,2,,
466930.jpg,Easter Dinner at Republican House,Milwaukee%2C%20WI,Wisconsin,1900,2,,
466932.jpg,Lunch Menu on Dampfer Kaiser Wilhelm der Grosse,,n%2Fa,1900,1,,
466935.jpg,Dinner Menu on R.M.S. Empress of China,,n%2Fa,1900,1,,
466939.jpg,Supper at Hotel Netherland,New%20York%2C%20NY,New%20York,1900,0,,
466944.jpg,Cafe Luncheon at Hotel Marlborough,New%20York%2C%20NY,New%20York,1900,0,,
466946.jpg,Dinner at Manhattan Hotel,New%20York%2C%20NY,New%20York,1900,0,,
466948.jpg,Breakfast menu on S.S. 'Doric' by Occidental & Oriental,,n%2Fa,1900,1,,
466949.jpg,Lunch Menu on S.S. 'DORIC' by Occidental & Oriental Steamship Company,,n%2Fa,1900,1,,
466951.jpg,Breakfast Menu on R.M.S. 'Empress of China',,n%2Fa,1900,1,,
466952.jpg,Luncheon Menu on R.M.S. Empress of China,,n%2Fa,1900,1,,
466953.jpg,Dinner at Freemasons' Tavern,London%2C%20England,n%2Fa,1900,2,,
466954.jpg,Carte du Jour at Manhattan Hotel,New%20York%2C%20NY,New%20York,1900,0,,
466957.jpg,Breakfast Menu Aboard R.M.S. Empress of China,,n%2Fa,1900,1,,
466958.jpg,Steamship Dining Menu,,n%2Fa,1900,1,,
466960.jpg,Dinner at Hotel Savoy,New%20York%2C%20NY,New%20York,1900,0,,
466963.jpg,Lunch Menu aboard Panama Line Steamship City of Para,,n%2Fa,1900,1,,
466967.jpg,Lunch Menu aboard S.S. Doric,,n%2Fa,1900,1,,
466968.jpg,Breakfast Menu aboard S.S. Doric,,n%2Fa,1900,1,,
466969.jpg,Dinner at Hotel Imperial,Vienna%2C%20AUSTRIA,n%2Fa,1900,0,,
466973.jpg,LUNCH MENU ON S.S. DORIC,,n%2Fa,1900,1,,
466975.jpg,SHAKEPEARE COMMEMORATION MENU,London%2C%20England,n%2Fa,1900,2,,
466977.jpg,Lunch Menu aboard R.M.S. Empress of China,,n%2Fa,1900,1,,
466985.jpg,Dinner Menu on Cunard Line's R.M.S. Lucania,,n%2Fa,1900,1,,
466986.jpg,LUNCHEON MENU - CANADIAN PACIFIC RAILWAY,,n%2Fa,1900,1,,
466987.jpg,Sunday Dinner at Cafe Boulevard,New%20York%2C%20NY,New%20York,1900,0,,
466993.jpg,Lunch Menu Aboard Panama Line Steamship City of Para,,n%2Fa,1900,1,,
466995.jpg,SECOND ANNUAL DINNER at MOUQUIN'S,,n%2Fa,1900,2,,
466996.jpg,Dinner Menu on RMS Empress of China,,n%2Fa,1900,1,,
467001.jpg,Breakfast Menu on RMS Lucania,,n%2Fa,1900,1,,
467002.jpg,Luncheon Menu on RMS Lucania,,n%2Fa,1900,1,,
467003.jpg,Dinner Menu on RMS Lucania,,n%2Fa,1900,1,,
467006.jpg,Dinner Menu on RMS EMPRESS OF CHINA,Vancouver%2C%20British%20Columbia,n%2Fa,1900,1,,
467017.jpg,Breakfast Menu on Pacific Mail Steamship Co.,CITY%20OF%20PARA,n%2Fa,1900,1,,
467019.jpg,Annual Banquet Menu,St.%20Louis%2C%20MO,Missouri,1900,2,,
467026.jpg,Dinner Menu on R.M.S. 'EMPRESS OF CHINA' by CANADIAN PACIFIC RAILWAY COMPANY,,n%2Fa,1900,1,,
467031.jpg,Cunard Line Luncheon Menu,,n%2Fa,1900,1,,
467034.jpg,Breakfast Menu on S.S. 'CITY OF PARA',,n%2Fa,1900,1,,
467043.jpg,Farewell Dinner at SHERRY'S,New%20York%2C%20NY,New%20York,1900,2,,
467044.jpg,Business Men's Lunch at Central Restaurant & Roof Garden,New%20York%2C%20NY,New%20York,1900,0,,
467045.jpg,Table d'hote dinner at Central Restaurant & Roof Garden,New%20York%2C%20NY,New%20York,1900,0,,
467050.jpg,BREALFAST menu aboard CUNARD LINE's R.M.S. LUCANIA,,n%2Fa,1900,1,,
467060.jpg,Breakfast at Riggs House,Washington%2C%20D.C.,Washington%2C%20D.C.,1900,0,,
467061.jpg,Daily Dinner Menu at Riggs House,Washington%2C%20D.C.,Washington%2C%20D.C.,1900,0,,
467062.jpg,Dinner Menu at Gridiron National Convention,Washington%2C%20D.C.,Washington%2C%20D.C.,1900,2,,
467064.jpg,35th Anniversary Dinner,Brooklyn%2C%20NY,New%20York,1900,0,,
467065.jpg,Gunther's Luncheon Menu,Chicago%2C%20IL,Illinois,1900,0,,
467069.jpg,BREAKFAST at SS KAISER WILHELM DER GROSSE,Norddeutscher%20Lloyd%20Bremen,n%2Fa,1900,1,,
467070.jpg,LUNCH at SS KAISER WILHELM DER GROSSE,Norddeutscher%20Lloyd%20Bremen,n%2Fa,1900,1,,
467083.jpg,Dinner for the Admiral of the Navy at University Club,Chicago%2C%20IL,Illinois,1900,2,,
467085.jpg,Cafe Service Meals at Car Astoria,Baltimore%2C%20Maryland,Maryland,1900,0,,
467086.jpg,Cafe Service Meals at Car Savoy,Baltimore%2C%20MD,Maryland,1900,1,,
467087.jpg,Dining Car Service Meals at Car Savoy,Baltimore%2C%20MD,Maryland,1900,1,,
467088.jpg,Dining Car Service Meals at Baltimore And Ohio RR Royal Blue Line,Baltimore%2C%20MD,Maryland,1900,1,,
467089.jpg,Dining Car Service Meals at Car Astoria,Baltimore%2C%20MD,Maryland,1900,1,,
467090.jpg,Dining Car Service Meals at Car Manhattan,Baltimore%2C%20Maryland,Maryland,1900,1,,
467091.jpg,Dining Car Service Meals at CAR LIVIUS,Baltimore%2C%20Maryland,Maryland,1900,1,,
467092.jpg,Breakfast Menu on the Baltimore and Ohio RR Royal Blue Line,Baltimore%2C%20Maryland,Maryland,1900,1,,
467093.jpg,Breakfast Menu on the Baltimore and Ohio RR Royal Blue Line,Baltimore%2C%20MD,Maryland,1900,0,,
467095.jpg,Breakfast Menu on Baltimore and Ohio RR Royal Blue Line,Baltimore%2C%20Maryland,Maryland,1900,1,,
467096.jpg,SUPPER Menu at CAR WALTON,Baltimore%2C%20MD,Maryland,1900,1,,
467097.jpg,Supper Menu on the Baltimore and Ohio RR Royal Blue Line,Baltimore%2C%20MD,Maryland,1900,1,,
467098.jpg,LUNCHEON MENU at BALTIMORE AND OHIO RR ROYAL BLUE LINE,Baltimore%2C%20Maryland,Maryland,1900,0,,
467099.jpg,DINNER MENU - BALTIMORE AND OHIO RR ROYAL BLUE LINE,Baltimore%2C%20MD,Maryland,1900,1,,
467104.jpg,Lunch Menu on SS Doric,,n%2Fa,1900,1,,
467113.jpg,SPECIAL LUNCHEON at Mandel's Tea Rooms,,n%2Fa,1900,2,,
467121.jpg,Lunch Menu on SS DORIC,,n%2Fa,1900,1,,
467124.jpg,Dinner at Hotel Manhattan,New%20York%2C%20NY,New%20York,1900,0,,
467128.jpg,Dinner Menu at Hotel Manhattan,New%20York%2C%20NY,New%20York,1900,0,,
467129.jpg,Cafe/Half Portion Breakfast at Hotel Savoy,,n%2Fa,1900,0,,
467130.jpg,Breakfast at Hotel Savoy,New%20York%2C%20NY,New%20York,1900,0,,
467146.jpg,Statler's Menu,,n%2Fa,1900,0,,
467148.jpg,Luncheon Menu in Cafe Car,,n%2Fa,1900,1,,
467149.jpg,Wine List at Cafe Car,,n%2Fa,1900,0,,
467150.jpg,Supper Menu in Cafe Car,,n%2Fa,1900,1,,
467151.jpg,Luncheon Menu on the Dining Car,,n%2Fa,1900,1,,
467152.jpg,Dinner Menu on Southern Railway Dining Car,,n%2Fa,1900,1,,
467153.jpg,Chesapeake & Ohio Railway Luncheon Menu,,n%2Fa,1900,1,,
467155.jpg,"LUNCHEON, A LA CARTE at DINING CAR 'PALMER'",,n%2Fa,1900,1,,
467156.jpg,"SUPPER, A LA CARTE at DINING CAR 'PALMER' on B&O BLUE LINE",,n%2Fa,1900,1,,
467157.jpg,Howard House Dinner Menu,Malone%2C%20NJ,New%20Jersey,1900,0,,
467158.jpg,Buffet Lunch at The Club,New%20York%2C%20NY,New%20York,1900,0,,
467171.jpg,Breakfast Menu aboard Pennsylvania Railroad Dining Cars,,n%2Fa,1900,1,,
467172.jpg,Dinner aboard Pennsylvania Railroad Dining Cars,,n%2Fa,1900,1,,
467189.jpg,Dewey Hotel Luncheon Menu,Washington%2C%20D.C.,Washington%2C%20D.C.,1900,0,,
467191.jpg,Breakfast at Gordon Hotel,Washington%2C%20D.C.,Washington%2C%20D.C.,1900,0,,
467192.jpg,Daily Luncheon Menu at Gordon Hotel,Washington%2C%20D.C.,Washington%2C%20D.C.,1900,0,,
467194.jpg,Savings Banks Association Menu,,n%2Fa,1900,0,,
467199.jpg,TIFFIN menu aboard SS CITY OF RIO DE JANEIRO,,n%2Fa,1900,1,,
467203.jpg,Carte du Jour,New%20York%2C%20NY,New%20York,1900,0,,
467204.jpg,Breakfast Menu on SS City of Para,,n%2Fa,1900,1,,
467205.jpg,Lunch Menu on SS CITY OF PARA,,n%2Fa,1900,1,,
467219.jpg,Statler's Dinner Menu,Buffalo%2C%20NY,New%20York,1900,0,,
467221.jpg,Lunch Menu at John Wanamaker,New%20York%2C%20NY,New%20York,1900,0,,
467222.jpg,Breakfast at John Wanamaker,New%20York%2C%20NY,New%20York,1900,0,,
467235.jpg,Breakfast Menu on SS Rio de Janeiro,,n%2Fa,1900,1,,
467236.jpg,TIFFIN menu on SS RIO DE JANEIRO,,n%2Fa,1900,1,,
467243.jpg,Lunch Menu on SS CITY OF PARA by PACIFIC MAIL STEAMSHIP COMPANY,,n%2Fa,1900,1,,
467245.jpg,SUPPER at UNION PACIFIC DINING CAR SERVICE,,n%2Fa,1900,1,,
467246.jpg,Breakfast Menu at New Falmouth Hotel,Portland%2C%20ME,Maine,1900,0,,
467247.jpg,Dinner Menu at New Falmouth Hotel,Portland%2C%20ME,Maine,1900,0,,
467254.jpg,TIFFIN menu on SS CITY OF RIO DE JANEIRO,,n%2Fa,1900,1,,
467256.jpg,Breakfast Menu at Union Pacific Dining Car Service,,n%2Fa,1900,1,,
467264.jpg,Breakfast Menu on Pennsylvania Railroad Dining Cars,,n%2Fa,1900,1,,
467267.jpg,Dinner to Brown University Debating Teams,Providence%2C%20R.I.,Rhode%20Island,1900,2,,
467268.jpg,Union Pacific Dining Car Service Luncheon Menu,,n%2Fa,1900,1,,
467270.jpg,TIFFIN menu on S.S. CITY OF RIO DE JANEIRO,,n%2Fa,1900,1,,
467276.jpg,Illinois Central Railroad Luncheon Menu,,n%2Fa,1900,1,,
467277.jpg,Supper Menu on Central Mississippi Valley Route,,n%2Fa,1900,1,,
467278.jpg,Dinner Menu for Northern Pacific Railway on Yellowstone Park Line,Yellowstone%20Park%20Line,Wyoming,1900,1,,
467281.jpg,Breakfast Menu on FFV Limited Dining Cars,,n%2Fa,1900,1,,
467282.jpg,Dining Car Service Menu on B.& O. Blue Line,,n%2Fa,1900,1,,
467285.jpg,Lunch Menu at York Hotel,Adelaide%2C%20AUSTRALIA,n%2Fa,1900,0,,
467287.jpg,Breakfast Menu on Northern Pacific Railway Dining Car,,n%2Fa,1900,1,,
467291.jpg,Dinner Menu at Central Restaurant,New%20York%2C%20NY,New%20York,1900,0,,
467292.jpg,Central Restaurant Dinner Menu,New%20York%2C%20NY,New%20York,1900,0,,
467293.jpg,Business Men's Lunch at Central Restaurant,New%20York%2C%20NY,New%20York,1900,0,,
467297.jpg,Annual Dinner Menu at Transportation Club Of New York,New%20York%2C%20NY,New%20York,1900,2,,
467300.jpg,Complimentary Testimonial Menu at Bohemian Club,San%20Francisco%2C%20CA,California,1900,2,,
467305.jpg,Mangler's Dinner Menu,Chicago%2C%20IL,Illinois,1900,0,,
467307.jpg,A LA CARTE MENU,Pure%20Food%20Cafe%2C%20New%20York%2C%20NY,New%20York,1900,0,,
467308.jpg,Table d'hote menu at Pure Food Cafes Annex No. 1,Chicago%2C%20IL,Illinois,1900,0,,
467310.jpg,Breakfast Menu at Burnet House,Cincinnati%2C%20OH,Ohio,1898,0,,
467312.jpg,Supper Menu,Cincinnati%2C%20OH,Ohio,1898,0,,
467322.jpg,1st Annual Re-Union Banquet at The Argyle,Brooklyn%2C%20NY,New%20York,1898,2,,
467323.jpg,Breakfast on Pullman Dining Car Service for Launching of Steam Yacht 'Niagara',Wilmington%2C%20Delaware,Delaware,1898,2,,
467324.jpg,Luncheon on Pullman Dining Car Service for Launching of Steam Yacht 'Niagara',Wilmington%2C%20Delaware,Delaware,1898,2,,
467333.jpg,Patriotic Holiday Dinner at Ebbitt House,Wash.D.C.,n%2Fa,1898,2,,
467337.jpg,Anniversary of George Washington's Birthday Celebration Menu,,n%2Fa,1898,2,,
467338.jpg,Inaugural Banquet at Merchants & Manufacturers Board of Trade of New York,New%20York%2C%20NY,New%20York,1898,2,waldorf,
467348.jpg,Farmers' Club Dinner at Grand Hotel,London%2C%20ENGLAND,n%2Fa,1898,0,,
467350.jpg,Launching of U.S. Battleships Kearsarge and Kentucky,FT%20MONROE%2C%20KY,n%2Fa,1898,2,,
467362.jpg,Easter Sunday Dinner at Princess Anne Hotel,Virginia%20Beach%2C%20VA,Virginia,1898,2,,
467366.jpg,BROOKLYN DEMOCRATIC CLUB ANNUAL DINNER at THE ARGYLE,Brooklyn%2C%20NY,New%20York,1898,2,,
467368.jpg,W.B. Peat Esq. & Guests Luncheon at Grand Hotel,London%2C%20ENGLAND,n%2Fa,1898,2,,
467369.jpg,Dinner Menu at Planters Hotel,Saint%20Louis%2C%20MO,Missouri,1898,0,,
467372.jpg,Luncheon Menu at Planters Hotel,St.%20Louis%2C%20MO,Missouri,1898,0,,
467373.jpg,9th Annual Banquet in Honor of 76th Birthday of Ulysses S. Grant,New%20York%2C%20NY,New%20York,1898,2,,
467377.jpg,Dinner at King Umberto,Rome%2C%20Italy,n%2Fa,1898,0,,
467379.jpg,Breakfast menu on R.M.S. Empress of India,Not%20provided,n%2Fa,1898,1,,
467380.jpg,Luncheon Menu on R.M.S. Empress of India by Canadian Pacific Railway Company,Empress%20of%20India%2C%20Canadian%20Pacific%20Railway%20Company,n%2Fa,1898,1,,
467383.jpg,9th Annual Banquet at St. Nicholas Hotel,St.%20Louis%2C%20MO,Missouri,1898,0,,
467384.jpg,Banquet Honoring Right Rev. W.N. McVickar,,n%2Fa,1898,2,,
467388.jpg,Windsor Hotel Luncheon Menu,New%20York,New%20York,1898,0,,
467395.jpg,Queen Victoria's Birthday Celebration Menu,Tampa%2C%20FL,Florida,1898,2,,
467403.jpg,Dinner Menu at Grand Hotel,London%2C%20ENGLAND,n%2Fa,1898,0,,
467408.jpg,Lunch Menu at Grand Hotel,London%2C%20ENGLAND,n%2Fa,1898,0,,
467413.jpg,40th Anniversary Reunion Menu,,n%2Fa,1898,2,,
467415.jpg,Wedding Day Menu,Chicago%2C%20IL,Illinois,1898,2,,
467416.jpg,Breakfast Menu on American Line To Montreal,,n%2Fa,1898,1,,
467417.jpg,Dinner Menu on American Line To Montreal,,n%2Fa,1898,1,,
467419.jpg,"Fourth Anniversary Dinner, July Fourth",,n%2Fa,1898,2,,
467421.jpg,Fourth of July Dinner at Bay State House,Worcester%2C%20MA,Massachusetts,1898,2,,
467429.jpg,Luncheon Menu on Steamship North West,,n%2Fa,1898,1,,
467434.jpg,CONEY ISLAND DINNER at VAN BUREN'S HOTEL,Coney%20Island%2C%20NY,New%20York,1898,0,,
467435.jpg,Dinner at King Umberto And Queen Margherita,Rome%2C%20Italy,n%2Fa,1898,2,,
467438.jpg,Lunch Menu at King Umberto,Rome%2C%20Italy,n%2Fa,1898,0,,
467455.jpg,Luncheon Menu at Vendome Hotel,Boston%2C%20MA,Massachusetts,1898,0,,
467462.jpg,Luncheon for Governor Bushnell and Staff and Ohio Commissioners,Omaha%2C%20NE,Nebraska,1898,2,,
467463.jpg,Mayors' Day Menu at Trans-Mississippi and International Exposition,Omaha%2C%20NE,Nebraska,1898,2,,
467465.jpg,Dinner at New-York Hotel and Restaurant Co. Ltd.,New%20York%2C%20NY,New%20York,1898,0,,
467466.jpg,Governors' Day Menu at Trans-Mississippi and International Exposition,Omaha%2C%20NEBRASKA,Nebraska,1898,2,,
467467.jpg,Dinner at Delmonico's NY,New%20York%2C%20NY,New%20York,1898,1,delmonicos,
467469.jpg,ARMY NAVY DAY DINNER at MARKEL CAFE,Omaha%2C%20NEBRASKA,Nebraska,1898,2,,
467470.jpg,Anniversary Dinner at Sherry's,New%20York%2C%20NY,New%20York,1898,2,,off
467471.jpg,Luncheon for Civil Government Day,Omaha%2C%20NE,Nebraska,1898,2,,
467472.jpg,Banquet in honor of Ferdinand W. Peck at Hotel Continental,Paris%2C%20France,n%2Fa,1898,2,,
467473.jpg,Dinner at The Brunswick,Boston%2C%20MA,Massachusetts,1898,0,,
467476.jpg,Century Club Dinner Menu,New%20York%2C%20NY,New%20York,1898,2,,
467480.jpg,Dinner Menu at Delmonico's NY,New%20York%2C%20NY,New%20York,1898,0,delmonicos,
467482.jpg,EPITAUX'S RESTAURANT DINNER MENU,London%2C%20ENGLAND,n%2Fa,1898,0,,
467484.jpg,Banquet Menu,Copenhagen,n%2Fa,1898,0,,
467485.jpg,Lunch Menu at Place Viger Hotel,Montreal%2C%20Canada,n%2Fa,1898,0,,
467488.jpg,Breakfast at Place Viger Hotel,Montreal%2C%20Canada,n%2Fa,1898,0,,
467489.jpg,Luncheon at Palazzo del Quirinale,Rome%2C%20Italy,n%2Fa,1898,0,,
467490.jpg,Union League Club Dinner Menu,New%20York%2C%20NY,New%20York,1898,0,,
467493.jpg,Dinner at Palazzo del Quirinale,Rome%2C%20Italy,n%2Fa,1898,0,,
467499.jpg,DINNER at AUBERGE LAFAYETTE,Philadelphia%2C%20PA,Pennsylvania,1898,0,,
467503.jpg,Holland-American Line Luncheon Menu,Rotterdam%2C%20Netherlands,n%2Fa,1898,1,,
467508.jpg,Thanksgiving Day Luncheon at Burnet House,Cincinnati%2C%20OHIO,Ohio,1898,2,,
467509.jpg,Thanksgiving Day Breakfast at Grand Hotel,Indianapolis%2C%20IN,Indiana,1898,2,,
467511.jpg,Breakfast at Bates Hotel,Indianapolis%2C%20IN,Indiana,1898,0,,
467512.jpg,Luncheon Menu at Bates Hotel,Indianapolis%2C%20IN,Indiana,1898,0,,
467520.jpg,Daily Dinner Menu at Unnamed Hotel,,n%2Fa,1898,0,,
467522.jpg,Luncheon Menu on R.M.S. Rotterdam,Rotterdam%2C%20Netherlands,n%2Fa,1898,1,,
467525.jpg,Dinner for Frank C. Bone at Chrysanthemum Club,New%20York%2C%20NY,New%20York,1898,2,,
467528.jpg,Dinner Menu on RMS-Rotterdam,Rotterdam%2C%20Holland,n%2Fa,1898,1,,
467530.jpg,SAINT NICHOLAS SOCIETY DINNER MENU,New%20York%2C%20NY,New%20York,1898,2,delmonicos,
467531.jpg,"DINNER TO M. JEAN CH. GUERLAIN, DE PARIS",CINCINNATI%2C%20OH,Ohio,1898,0,,
467534.jpg,Luncheon Menu on R.M.S. Rotterdam,Rotterdam%2C%20Netherlands,n%2Fa,1898,1,,
467537.jpg,Annual Dinner Menu for Pain's Fireworks Co. Employees,Brooklyn%2C%20NY,New%20York,1898,2,,
467541.jpg,Delmonico's Dinner Menu,New%20York%2C%20NY,New%20York,1898,0,delmonicos,
467544.jpg,Dinner for Salesmen at Transportation Club,New%20York%2C%20NY,New%20York,1898,2,,
467547.jpg,Christmas Dinner at Bingham House,Philadelphia%2C%20PA,Pennsylvania,1898,2,,
467558.jpg,Reception Menu at Union Club Of Cleveland,Cleveland%2C%20OH,Ohio,1898,2,,
467563.jpg,New Year's Dinner at Magyar Paraszt Lakoma,New%20York%2C%20NY,New%20York,1899,2,,
467564.jpg,New Year's Day Dinner at Bingham House,Philadelphia%2C%20PA,Pennsylvania,1899,2,,
467565.jpg,English Embassy Dinner Menu,St.%20Petersburg%2C%20RUSSIA,n%2Fa,1899,0,,
467567.jpg,Luncheon Menu on Holland America Line R.M.S. Rotterdam,,n%2Fa,1899,1,,
467569.jpg,Schweinessen at Casino Union,Manila%2C%20Philippines,n%2Fa,1899,0,,
467574.jpg,Sunday Dinner on R.M.S. Rotterdam,Rotterdam%2C%20Netherlands,n%2Fa,1899,1,,
467576.jpg,Banquet Menu,St.%20Louis%2C%20MO,Missouri,1899,0,,
467579.jpg,Banquet for Foreign Missionary Boards,New%20York%2C%20NY,New%20York,1899,2,,
467581.jpg,"171st Annual Dinner & Meeting at Benjamin Trier Rest., Roof Garden",New%20York%2C%20NY,New%20York,1899,2,,
467583.jpg,Breakfast Menu at New York Central Dining Car Service,New%20York%2C%20NY,New%20York,1899,1,,
467584.jpg,New York Central Supper Menu,New%20York%2C%20New%20York,New%20York,1899,1,,
467592.jpg,American-Irish Historical Society Dinner at Sherry's,New%20York%2C%20NY,New%20York,1899,2,,
467595.jpg,Dinner Dance at Mrs. W.D. Sloane,New%20York%2C%20NY,New%20York,1899,2,,
467596.jpg,Luncheon Menu on R.M.S. Rotterdam,Rotterdam%2C%20Netherlands,n%2Fa,1899,1,,
467598.jpg,Lunch at Waldorf-Astoria,New%20York%2C%20NY,New%20York,1899,0,waldorf,
467599.jpg,Breakfast Menu at Waldorf Astoria,New%20York%2C%20NY,New%20York,1899,0,waldorf,
467603.jpg,Anniversary Celebration Menu at Casino Union,Manila,n%2Fa,1899,2,,
467615.jpg,Annual Dinner Menu by Brooklyn College Of Pharmacy Alumni Association,Brooklyn%2C%20NY,New%20York,1899,2,,
467620.jpg,Birthday Dinner for Mr. All. Meritt,R.%20Braguglia,n%2Fa,1899,2,,
467621.jpg,Picnic Menu at Grand Hotel Hungaria,Budapest%2C%20Hungary,n%2Fa,1899,0,,
467625.jpg,Tenth Wedding Anniversary Menu,Bedford%20Park%2C%20NY,New%20York,1899,2,,
467632.jpg,Supper in honor of James A. Herne at American Dramatists Club,New%20York%2C%20NY,New%20York,1899,2,,
467633.jpg,Annual Dinner Menu at NY Alumni Association of Colgate University,Manhattan%2C%20NY,New%20York,1899,2,,
467643.jpg,Patriotic Holiday Dinner at Ebbitt House,Washington%2C%20D.C.,Washington%2C%20D.C.,1899,2,,
467658.jpg,LUNCH MENU ON DAMPFER 'KONIGEN LUISE',Norddeutscher%20Lloyd%20Bremen,n%2Fa,1899,1,,
467663.jpg,Daily Lunch at Konigin Luise,Bremen%2C%20Germany,n%2Fa,1899,1,,
467677.jpg,Presidential Special Dinner Menu,Thomasville%2C%20GA,Georgia,1899,2,,
467681.jpg,Lunch at Konigin Luise,Bremen%2C%20Germany,n%2Fa,1899,1,,
467685.jpg,Daily Lunch at Konigin Luise,Bremen%2C%20Germany,n%2Fa,1899,1,,
467686.jpg,Daily Breakfast at Konigin Luise,Bremen%2C%20Germany,n%2Fa,1899,1,,
467687.jpg,Silver Wedding Anniversary Celebration Menu,Hamburg%2C%20GERMANY,n%2Fa,1899,2,,
467689.jpg,Delmonicos Dinner Menu,New%20York%2C%20NY,New%20York,1899,0,delmonicos,
467702.jpg,Sunday Dinner at Hotel Metropole,Fargo%2C%20ND,North%20Dakota,1899,0,,
467703.jpg,Dinner at Boa Vista Hotel,Macao,n%2Fa,1899,0,,
467707.jpg,Easter Sunday Dinner at Hotel Savoy,New%20York%2C%20NY,New%20York,1899,2,,
467710.jpg,Easter Sunday Dinner at Luray Hotel,Atlantic%20City%2C%20NJ,New%20Jersey,1899,2,,
467711.jpg,Easter Sunday Breakfast at Haddon Hall,Atlantic%20City%2C%20NJ,New%20Jersey,1899,2,,
467715.jpg,Easter Sunday Dinner at Republic House,Milwaukee%2C%20WI,Wisconsin,1899,2,,
467716.jpg,Easter Sunday Dinner at Spokane Hotel,Spokane%2C%20WA,Washington,1899,2,,
467718.jpg,Easter Sunday Dinner at Chamberlin Hotel,Old%20Point%20Comfort%2C%20VA,Virginia,1899,2,,
467722.jpg,Delmonicos Menu,Delmonicos%2C%20New%20York%2C%20NY,New%20York,1899,0,delmonicos,
467723.jpg,SAINT NICHOLAS SOCIETY PAAS FESTIVAL MENU,New%20York%2C%20NY,New%20York,1899,2,delmonicos,
467725.jpg,MANHATTAN HOTEL MENU,New%20York%2C%20NY,New%20York,1899,0,,
467726.jpg,Delmonico's Dinner Menu,New%20York%2C%20NY,New%20York,1899,0,delmonicos,
467750.jpg,Luncheon Menu at Ponce De Leon Hotel,Ponce%20De%20Leon%20Hotel,n%2Fa,1899,0,,
467751.jpg,NORGE HOTEL MENU,Bergen%2C%20NORWAY,n%2Fa,1899,0,,
467761.jpg,Eleventh Annual Dinner in Commemoration of Birth of Thomas Jefferson,New%20York%2C%20NY,New%20York,1899,2,,
467768.jpg,Josephine Luncheon Menu,Philadelphia%2C%20PA,Pennsylvania,1899,0,,
467781.jpg,Arrival of the Raleigh from Manila - Patriotic Holiday Menu,Hotel%20Claremont,n%2Fa,1899,2,,
467783.jpg,Delmonico's Dinner Menu,New%20York%2C%20NY,New%20York,1899,0,delmonicos,
467785.jpg,Lunch Menu at The Argyle,Brooklyn%2C%20NY,New%20York,1899,0,,
467787.jpg,Luncheon Menu on R.M.S. Rotterdam,Rotterdam%2C%20Netherlands,n%2Fa,1899,1,,
467798.jpg,First Annual Dinner Menu,New%20Rochelle%2C%20NY,New%20York,1899,2,,
467804.jpg,Home Dinner at Palazzo del Quirinale,Rome%2C%20Italy,n%2Fa,1899,0,,
467807.jpg,Louis Sherry Cafe' Lunch or Dinner Menu,Louis%20Sherry%2C%20New%20York,New%20York,1899,0,,
467814.jpg,Closing Reception for 1898-99 Season,,n%2Fa,1899,2,,
467821.jpg,10th Annual Banquet at St. Nicholas Hotel,St.%20Louis%2C%20MO,Missouri,1899,0,,
467832.jpg,TWENTIETH ANNUAL BANQUET,Chicago%2C%20IL,Illinois,1899,2,,
467833.jpg,General Menu at Raimondo Braguglia's Cafe And Restaurant,New%20York%2C%20NY,New%20York,1899,0,,
467839.jpg,Dinner in Honor of F. Hopkinson Smith,Providence%2C%20Rhode%20Island,Rhode%20Island,1899,2,,
467853.jpg,Metropole Hotel Dinner Menu,Fargo%2C%20NORTH%20DAKOTA,North%20Dakota,1899,0,,
467858.jpg,Daily Dinner Menu at Roanoke Hotel,Roanoke%2C%20VA,Virginia,1899,0,,
467863.jpg,Hope High School Graduation Dinner,Providence%2C%20R.I.,Rhode%20Island,1899,2,,
467865.jpg,Imperial Council Luncheon at Ismalia Temple,Niagara%20Falls%2C%20NY,New%20York,1899,2,,
467876.jpg,Dinner Menu at R.M.S.Majestic,,n%2Fa,1899,1,,
467877.jpg,Breakfast Menu on R.M.S.Majestic,,n%2Fa,1899,1,,
467886.jpg,Fourth of July Dinner at Deer Park Hotel,Deer%20Park%2C%20MD,Maryland,1899,2,,
467887.jpg,Fourth of July Dinner at Battery Park Hotel,Asheville%2C%20NC,North%20Carolina,1899,2,,
467888.jpg,Fourth of July Dinner at Hygeia Hotel,Old%20Point%20Comfort%2C%20VA,Virginia,1899,2,,
467891.jpg,Banquet at The Bates,Indianapolis%2C%20IN,Indiana,1899,2,,
467892.jpg,Lunch Menu on R.M.S.Majestic,,n%2Fa,1899,1,,
467893.jpg,Lunch Menu at Grand Union,Saratoga%20Springs%2C%20NY,New%20York,1899,0,,
467895.jpg,Dinner Menu at Steamers New York and Albany,New%20York%2C%20NY,New%20York,1899,1,,
467899.jpg,Breakfast at Hotel Baltimore,Baltimore%2C%20MD,Maryland,1899,0,,
467900.jpg,Lunch Menu at Hotel Baltimore,Baltimore%2C%20Maryland,Maryland,1899,0,,
467901.jpg,Hotel Baltimore Dinner Menu,Baltimore%2C%20Maryland,Maryland,1899,0,,
467905.jpg,Dinner at New Gladstone (Hotel),Naragansett%20Pier%2C%20RI,Rhode%20Island,1899,0,,
467908.jpg,Breakfast at Imperial Hotel,Petoskey%2C%20MI,Michigan,1899,0,,
467909.jpg,Imperial Hotel Dinner Menu,Petoskey%2C%20MI,Michigan,1899,0,,
467910.jpg,Imperial Hotel Supper Menu,Petoskey%2C%20MI,Michigan,1899,0,,
467911.jpg,Arkwright Club Of New York Dinner Menu,New%20York%2C%20NY,New%20York,1899,2,,
467912.jpg,Grand Union Dinner Menu,Saratoga%20Springs%2C%20NY,New%20York,1899,0,,
467915.jpg,Breakfast Menu on Pennsylvania Railroad Dining Cars,New%20York%2C%20NY,New%20York,1899,1,,
467916.jpg,Arion Society Luncheon Menu on Pennsylvania Railroad Dining Cars,New%20York%2C%20NY,New%20York,1899,1,,
467917.jpg,Dinner Menu on Pennsylvania Railroad Dining Cars,New%20York%2C%20NY,New%20York,1899,1,,
467919.jpg,Dinner at Ambassade De France,St.%20Petersburg%2C%20RUSSIA,n%2Fa,1899,0,,
467924.jpg,Emperor Nicholas II Luncheon Menu,St.%20Petersburg%2C%20RUSSIA,n%2Fa,1899,2,,
467926.jpg,Daily Dinner Menu at New Gladstone,Narragansett%20Pier%2C%20R.I.,Rhode%20Island,1899,0,,
467935.jpg,Breakfast at New Gladstone,Narragansett%20Pier%2C%20R.I.,Rhode%20Island,1899,0,,
467939.jpg,New Gladstone Luncheon Menu,Narragansett%20Pier%2C%20R.I.,Rhode%20Island,1899,0,,
467942.jpg,Hotel Roanoke Dinner Menu,Roanoke%2C%20VA,Virginia,1899,0,,
467945.jpg,Dinner Menu at Menzies' Hotel,Melbourne%2C%20AUSTRALIA,n%2Fa,1899,0,,
467946.jpg,Dinner Menu at Mount Pleasant House,Mount%20Pleasant,n%2Fa,1899,0,,
467947.jpg,177th Regular Dinner at Van Buren's Hotel,Coney%20Island%2C%20NY,New%20York,1899,2,,
467953.jpg,Dinner Menu at Keystone Restaurant,Jersey%20City%2C%20NJ,New%20Jersey,1899,0,,
467956.jpg,Special Dewey Lunch at Union League Club,New%20York%2C%20NY,New%20York,1899,2,,
467958.jpg,Table d'Hote de Bon Vivant,New%20York,New%20York,1899,0,,
467961.jpg,Daily Lunch Luncheon at Vendome Hotel,Boston%2C%20MA,Massachusetts,1899,0,,
467966.jpg,Daily Breakfast Menu at Martinique Apartments,New%20York%2C%20NY,New%20York,1899,0,,
467967.jpg,Daily Luncheon Menu at Martinique Apartments,New%20York%2C%20NY,New%20York,1899,0,,
467968.jpg,Haan's Lunch Menu,New%20York%2C%20NY,New%20York,1899,0,,
467971.jpg,Breakfast on the Tour of the President to Chicago & the Northwest,,n%2Fa,1899,1,,
467972.jpg,Luncheon on the President's Tour to Chicago & the Northwest,,n%2Fa,1899,1,,
467973.jpg,Dinner on the Penn. RR - Pullman Dining Car Service,,n%2Fa,1899,1,,
467976.jpg,Anniversary Dinner at Sherry's NY,New%20York%2C%20NY,New%20York,1899,2,,
467979.jpg,"Dinner in Honor of Alexander Cassatt, President of Penn. RR",Cincinnati%2C%20OH,Ohio,1899,0,,
467984.jpg,Breakfast Menu at PROVIDENCE LINE,Providence%2C%20RI,Rhode%20Island,1899,1,,
467985.jpg,Dinner Menu at Steamer Rhode Island,Providence%2C%20Rhode%20Island,Rhode%20Island,1899,1,,
467991.jpg,Sherman Square Hotel Menu,New%20York%2C%20NY,New%20York,1899,0,,
467993.jpg,Opera Supper at Union Club,Cleveland%2C%20OH,Ohio,1899,2,,
467995.jpg,Lunch Menu,Berlin%2C%20GERMANY,n%2Fa,1899,0,,
467996.jpg,Dinner to Sir Henry Irving at Lotos Club,New%20York%2C%20NY,New%20York,1899,2,,
467997.jpg,Sunday Dinner Menu,,n%2Fa,1899,0,,
468000.jpg,"Breakfast Menu for Trip of Pres. McKinley, His Cabinet & Guests",,n%2Fa,1899,2,,
468001.jpg,"Dinner Menu for Trip of Pres. McKinley, His Cabinet & Guests",,n%2Fa,1899,2,,
468002.jpg,Dinner at Loving Cup Club,Orange%2C%20NJ,New%20Jersey,1899,0,,
468009.jpg,DINNER MENU at SHERRY'S,New%20York%2C%20NY,New%20York,1899,0,,
468022.jpg,Luncheon Menu for Santa Fe Route Dining Car Service,,n%2Fa,1899,1,,
468023.jpg,Dinner Menu for Santa Fe Route Dining Car Service,,n%2Fa,1899,1,,
468024.jpg,Nineteenth Annual Dinner at Queen City Club,Cincinnati%2C%20OH,Ohio,1899,2,,
468026.jpg,Supper at Hotel Vendome,Boston%2C%20MA,Massachusetts,1899,0,,
468028.jpg,Breakfast Menu - Santa Fe Route Dining Car Service,,n%2Fa,1899,1,,
468039.jpg,Sunday Dinner at Cafe Boulevard,New%20York%2C%20NY,New%20York,1899,0,,
468043.jpg,BREAKFAST menu on STEAMSHIP KAISER WILHELM DER GROSSE,Norddeutscher%20Lloyd%20Bremen,n%2Fa,1899,1,,
468048.jpg,LUNCH menu on Steamship Kaiser Wilhelm der Grosse,Norddeutscher%20Lloyd%20Bremen,n%2Fa,1899,1,,
468057.jpg,"Dinner for the Dedication of the Statue of Ferdinand de Jessips, 30 Years After the Opening of the Suez Canal",Port%20Said%2C%20Egypt,n%2Fa,1899,2,,
468060.jpg,Table d'hote meal,,n%2Fa,1899,0,,
468061.jpg,BREAKFAST menu on STEAMSHIP KAISER WILHELM DER GROSSER,Norddeutscher%20Lloyd%20Bremen,n%2Fa,1899,1,,
468070.jpg,Vaudeville Entertainment Menu,Cleveland%2C%20OH,Ohio,1899,2,,
468073.jpg,Luncheon Menu at Hotel Vendome,Boston%2C%20MA,Massachusetts,1899,0,,
468074.jpg,Dinner for President McKinley's trip to Paterson for Vice President Hobart's funeral,,n%2Fa,1899,2,,hist
468075.jpg,Luncheon Menu at Broadway Central Hotel,New%20York%2C%20NY,New%20York,1899,0,,
468076.jpg,Dinner Menu at Castleton Hotel,New%20Brighton%2C%20S.I.,New%20York,1899,0,,
468096.jpg,Thanksgiving Dinner at C. & N. W. Passenger Station,Chicago%2C%20IL,Illinois,1899,2,,
468100.jpg,Thanksgiving Dinner at Battery Park Hotel,Asheville%2C%20NC,North%20Carolina,1899,2,,
468102.jpg,Thanksgiving Dinner at Plaza Hotel,New%20York%2C%20NY,New%20York,1899,2,plaza,
468106.jpg,Anniversary Celebration Menu,Lakewood%2C%20NJ,New%20Jersey,1899,2,,
468107.jpg,"Luncheon on Special Train for Sec'y of War, Elihu Root and Party",Philadelphia%2C%20PA,Pennsylvania,1899,2,,
468108.jpg,Dinner on Special Train for Sec'y of War Elihu Root and Party,Philadelphia%2C%20PA,Pennsylvania,1899,2,,
468110.jpg,DINNER at SHERRY'S NY,New%20York%2C%20NY,New%20York,1899,0,,
468111.jpg,SAINT NICHOLAS SOCIETY DINNER at DELMONICO'S NY,New%20York%2C%20NY,New%20York,1899,2,delmonicos,
468115.jpg,Breakfast at Chamberlin Hotel,Old%20Point%20Comfort%2C%20VA,Virginia,1899,0,,
468117.jpg,Daily Lunch Menu on Enroute Steamer 'Furst Bismarck',Hamburg%2C%20Germany,n%2Fa,1899,1,,
468121.jpg,Lunch Menu on SS FURST BISMARCK,Hamburg%2C%20Germany,n%2Fa,1899,1,,
468127.jpg,Luncheon Menu at Hotel Chamberlin,Old%20Point%20Comfort%2C%20VA,Virginia,1899,0,,
468128.jpg,LUNCH at U.S.Flagship New York,NORTH%20ATLANTIC%20STATION%20NAVY%20YARD%2C%20NY,New%20York,1899,1,,
468129.jpg,St. Paul School Alumni Dinner at Hotel Manhattan,Manhattan%2C%20New%20York,New%20York,1899,0,,
468130.jpg,Dinner Menu for Phi Chapter Association Of Zeta Psi Event,,n%2Fa,1899,2,,
468134.jpg,Lunch Menu on SS FURST BISMARCK,Hamburg%2C%20Germany,n%2Fa,1899,1,,
468141.jpg,Breakfast at British Schools And Universities Club Of New York,New%20York%2C%20NY,New%20York,1899,0,,
468143.jpg,LUNCHEON MENU ABOARD HAMBURG-AMERIKA LINIE,Hamburg%2C%20Germany,n%2Fa,1899,1,,
468148.jpg,Hotel Manhattan Dinner Menu,New%20York%2C%20NY,New%20York,1899,0,,
468150.jpg,Hotel Marlborough Dinner Menu,Marlborough%2C%20MA,Massachusetts,1899,0,,
468159.jpg,Christmas Dinner at Westminster Hotel,Westminster,n%2Fa,1899,2,,
468163.jpg,Religious Holiday Dinner at Balmoral Hotel,New%20York%2C%20NY,New%20York,1899,2,,
468176.jpg,Daily Tiffin Menu on SS City of Rio de Janeiro,,n%2Fa,1900,1,,
468184.jpg,Banquet Menu at Los Angeles Consistory No.3,Los%20Angeles%2C%20CA,California,1900,2,,
468185.jpg,Daily Dinner Menu at Masonic Temple Restaurant,,n%2Fa,1900,0,,
468186.jpg,Dinner Menu at Grand Trunk Railway System,London%2C%20ENGLAND,n%2Fa,1900,0,,
468187.jpg,"Dinner in honor of Louis Sloss Jr. prior to his departure for Cape Nome, Alaska",San%20Francisco%2C%20CA,California,1900,0,,
468195.jpg,D&H Dining Car Service Dinner Menu,,n%2Fa,1900,1,,
468197.jpg,Lunch Menu on SS Kaiser Wilhelm der Grosse,Bremen%2C%20Germany,n%2Fa,1900,1,,
468199.jpg,Southern Railway Breakfast Menu,,n%2Fa,1900,1,,
468200.jpg,Southern Railway Lunch Menu,,n%2Fa,1900,1,,
468202.jpg,Dinner Menu on the Washington and Southwestern Limited,,n%2Fa,1900,1,,
468205.jpg,English Hotel Restaurant Menu,Manila%2C%20Luzon%2C%20P.I.,n%2Fa,1900,0,,
468206.jpg,Childs' Lunch Rooms Menu,New%20York%2C%20NY,New%20York,1900,0,,
468209.jpg,Breakfast at Metropole Hotel,Fargo%2C%20ND,North%20Dakota,1900,0,,
468210.jpg,Metropole Hotel Luncheon Menu,Fargo%2C%20NK,North%20Dakota,1900,0,,
468222.jpg,Russell House Luncheon Menu,Detroit%2C%20MI,Michigan,1900,0,,
468224.jpg,Colonial Hotel Luncheon Menu,Cleveland%2C%20OH,Ohio,1900,0,,
468230.jpg,Special Pullman Train Menu,Chicago%2C%20IL,Illinois,1900,0,,
468231.jpg,Breakfast on Special Pullman Vestibuled Train,Chicago%2C%20IL,Illinois,1900,1,,
468232.jpg,Dinner on Special Pullman Vestibuled Train,Chicago%2C%20IL,Illinois,1900,2,,
468234.jpg,Santa Fe' Route Luncheon Menu,,n%2Fa,1900,0,,
468235.jpg,Southern Railway Dining Car Service Dinner Menu,,n%2Fa,1900,1,,
468237.jpg,Dinner Menu at Russell House,Detroit%2C%20MI,Michigan,1900,0,,
468238.jpg,Dinner Menu at Cafe' Boulevard - Chateau Henri IV,New%20York%2C%20NY,New%20York,1900,0,,
468239.jpg,AMERICAN MEDICAL EDITOR'S ASSOCIATION Annual Dinner at Hotel Dennis,Atlantic%20City%2C%20NJ,New%20Jersey,1900,2,,
468264.jpg,Breakfast Menu on SS CITY OF RIO DE JANEIRO,Rio%20de%20Janeiro%2C%20Brazil,n%2Fa,1900,1,,
468268.jpg,TIFFIN menu on SS RIO DE JANEIRO,,n%2Fa,1900,1,,
468286.jpg,Lunch Menu on SS Gaelic,,n%2Fa,1900,1,,
468288.jpg,Dinner Menu at Hygeia Hotel,Old%20Point%20Comfort%2C%20VA,Virginia,1900,0,,
468299.jpg,TIFFIN menu on SS CITY OF RIO DE JANEIRO,,n%2Fa,1900,1,,
468305.jpg,Annual Banquet Menu at Mechanics Hall,Boston%2C%20MA,Massachusetts,1900,2,,
468306.jpg,Club Luncheon Menu at Baltimore Hotel,Baltimore%2C%20Maryland,Maryland,1900,2,,
468307.jpg,Luncheon Menu at Baltimore Hotel,Baltimore%2C%20Maryland,Maryland,1900,0,,
468308.jpg,Dinner Menu at Baltimore Hotel,Baltimore%2C%20Maryland,Maryland,1900,0,,
468309.jpg,Cafe Luncheon at Baltimore Hotel,Baltimore%2C%20Maryland,Maryland,1900,0,,
468310.jpg,Cafe Dinner at Baltimore Hotel,Baltimore%2C%20Maryland,Maryland,1900,0,,
468311.jpg,LE PETIT SOUPER,Baltimore%2C%20Maryland,Maryland,1900,0,,
468314.jpg,54th Annual Regatta Menu,New%20York%2C%20NY,New%20York,1900,2,,
468319.jpg,Dinner at Chateau Frontenac,Quebec%2C%20CANADA,n%2Fa,1900,0,,
468323.jpg,School Cafeteria Menu,,n%2Fa,1900,0,,
468325.jpg,U.S. ARMY TRANSPORT BREAKFAST,Warren,n%2Fa,1900,1,,
468334.jpg,Canadian Pacific Railway Luncheon Menu,,n%2Fa,1900,1,,
468335.jpg,Dinner Menu on Canadian Pacific Railway Dining Car Service,,n%2Fa,1900,1,,
468336.jpg,SUPPER MENU - DINING CAR SERVICE,,n%2Fa,1900,1,,
468338.jpg,Campus Dining Menu,Providence%2C%20RI,Rhode%20Island,1900,0,,
468339.jpg,Breakfast Menu aboard U.S.A.(Army) Transport Warren,,n%2Fa,1900,1,,
468340.jpg,Lunch Menu aboard U.S.A.(Army) Transport Warren,,n%2Fa,1900,1,,
468341.jpg,Military Transport Warren Menu,,n%2Fa,1900,1,,
468345.jpg,Planters Hotel Luncheon Menu,St.%20Louis%2C%20MO,Missouri,1900,0,,
468348.jpg,Meal Service Aboard U.S. Army Transport Warren,,n%2Fa,1900,1,,
468350.jpg,Dinner at Grand Union Hotel,Montreal%2C%20CANADA,n%2Fa,1900,0,,
468352.jpg,U.S. ARMY TRANSPORT Dinner Menu,,n%2Fa,1900,1,,
468361.jpg,Diner Menu at Hotel Ritz,Paris%2C%20France,n%2Fa,1900,0,,
468363.jpg,Santa Fe Route Dining Car Supper Menu,,n%2Fa,1900,1,,
468367.jpg,Complimentary Dinner for Non-Commissioned Officers at Hotel Manhattan,New%20York%2C%20NY,New%20York,1900,2,,
468370.jpg,Breakfast Menu on Santa Fe Route Dining Car Service,,n%2Fa,1900,1,,
468371.jpg,Supper Menu at Chesapeake Steamship Co.,,n%2Fa,1900,1,,
468372.jpg,Breakfast at Hotel St. Andrew,New%20York%2C%20NY,New%20York,1900,0,,
468373.jpg,DEJEUNER/LUNCHEON at Imperial Hotel Limited,Tokyo%2C%20Japan,n%2Fa,1900,0,,
468374.jpg,Dinner at Imperial Hotel Limited,Tokyo%2C%20Japan,n%2Fa,1900,0,,
468376.jpg,Complimentary Dinner at Merion Cricket Club,Haverford%2C%20PA,Pennsylvania,1900,2,,
468388.jpg,DEJEUNER,Tokyo%2C%20JAPAN,n%2Fa,1900,0,,
468391.jpg,Breakfast Menu at Russell House,Detroit%2C%20MI,Michigan,1900,0,,
468395.jpg,Diner at Imperial Hotel Limited,Tokyo%2C%20JAPAN,n%2Fa,1900,0,,
468396.jpg,Breakfast Menu at Alta Vista Hotel,Alta%20Vista,n%2Fa,1900,0,,
468400.jpg,Fourth of July Celebration Menu at Claremont Hotel,Gibraltar%2C%20Spain,n%2Fa,1900,2,,
468405.jpg,Luncheon Menu at Alta Vista Hotel,Colorado%20Springs%2C%20CO,Colorado,1900,0,,
468410.jpg,July Fourth Dinner at Hotel North,Augusta%2C%20ME,Maine,1900,2,,
468412.jpg,Luncheon at Imperial Hotel Limited,Tokyo%2C%20Japan,n%2Fa,1900,0,,
468416.jpg,July Fourth Dinner at Alamo Hotel,Colorado%20Springs%2C%20CO,Colorado,1900,2,,
468417.jpg,Breakfast Menu at Alamo The,Colorado%20Springs%2C%20CO,Colorado,1900,0,,
468418.jpg,Luncheon Menu at Alamo The,Colorado%20Springs%2C%20CO,Colorado,1900,0,,
468419.jpg,Dinner Menu at Imperial Hotel Limited,Tokyo%2C%20Japan,n%2Fa,1900,0,,
468424.jpg,Daily Lunch Menu at Imperial Hotel Limited,Tokyo%2C%20Japan,n%2Fa,1900,0,,
468433.jpg,New Rockingham Luncheon Menu,Narragansett%20Pier%2C%20RI,Rhode%20Island,1900,0,,
468434.jpg,LARCHMONT TROLLEY PARTY LUNCH,Nyack%2C%20NY,New%20York,1900,2,,
468435.jpg,Daily Breakfast Menu on SS City of Rio de Janeiro,Rio%20de%20Janeiro%2C%20Brazil,n%2Fa,1900,1,,
468441.jpg,Breakfast at Planters Hotel,St.%20Louis%2C%20MO,Missouri,1900,0,,
468442.jpg,Breakfast Menu - Niagara to the Sea,,n%2Fa,1900,1,,
468443.jpg,DINNER MENU - NIAGARA TO THE SEA,,n%2Fa,1900,1,,
468444.jpg,SUPPER MENU,,n%2Fa,1900,1,,
468446.jpg,New Gladstone Luncheon Menu,Narragansett%20Pier%2C%20RI,Rhode%20Island,1900,0,,
468447.jpg,New Gladstone Dinner Menu,Narragansett%20Pier%2C%20RI,Rhode%20Island,1900,0,,
468451.jpg,Sunday Supper at Catskill Mountain House,Catskill%20Mountain%20House%2C%20New%20York,New%20York,1900,0,,
468452.jpg,Breakfast at Hotel Victory,Put%20in%20Bay%2C%20Ohio,Ohio,1900,0,,
468458.jpg,Hotel Colorado Luncheon Menu,Glenwood%20Springs%2C%20CO,Colorado,1900,0,,
468459.jpg,Breakfast Menu at Catskill Mountain House,Catskill%20Mountain%20House%2C%20New%20York,New%20York,1900,0,,
468460.jpg,Breakfast at Hotel Colorado,Glenwood%20Springs%2C%20CO,Colorado,1900,0,,
468463.jpg,Table d'hote at Russell House,Detroit%2C%20MI,Michigan,1900,0,,
468464.jpg,Dinner Menu on SS North Land,,n%2Fa,1900,1,,
468467.jpg,Luncheon Menu on SS North Land,,n%2Fa,1900,1,,
468471.jpg,Supper Menu at Catskill Mountain House,Catskill%20Mountain%20House%2C%20New%20York,New%20York,1900,0,,
468472.jpg,Steamer Chateaugay Menu,,n%2Fa,1900,1,,
468477.jpg,Dinner Menu aboard SS Chateaugay,Lake%20Champlain%2C%20NY,New%20York,1900,1,,
468478.jpg,189th Regular Dinner at Central Restaurant,New%20York%2C%20NY,New%20York,1900,0,,
468480.jpg,LUNCHEON MENU ON BOARD SS NORTH WEST,,n%2Fa,1900,1,,
468481.jpg,Dinner Menu on SS North West,,n%2Fa,1900,1,,
468483.jpg,Dinner Menu on SS Chateaugay,Lake%20Champlain%2C%20NY,New%20York,1900,1,,
468487.jpg,Hotel Velvet Breakfast Menu,Old%20Orchard%2C%20ME,Maine,1900,0,,
468488.jpg,Hotel Velvet Dinner Menu,Old%20Orchard%2C%20ME,Maine,1900,0,,
468489.jpg,Dinner at Gran Hotel Europa,Curazao,n%2Fa,1900,0,,
468495.jpg,Dinner Menu on Steamer Horicon,Lake%20George%2C%20NY,New%20York,1900,1,,
468496.jpg,Dinner at Elysee Palace Hotel,Paris%2C%20FRANCE,n%2Fa,1900,2,,
468497.jpg,Dinner Menu on Steamer Horicon,Lake%20George%2C%20NY,New%20York,1900,1,,
468500.jpg,Special Breakfast at Hotel Velvet,Old%20Orchard%2C%20ME,Maine,1900,0,,
468505.jpg,Velvet Hotel Menu,,n%2Fa,1900,0,,
468507.jpg,Hotel Dining Menu,Del%20Prado%20Hotel,n%2Fa,1900,0,,
468508.jpg,Luncheon Menu at Del Prado Hotel,Chicago%2C%20IL,Illinois,1900,0,,
468510.jpg,Dinner at Haddon Hotel,Atlantic%20City%2C%20NJ,New%20Jersey,1900,0,,
468511.jpg,Supper at Haddon Hotel,Atlantic%20City%2C%20NJ,New%20Jersey,1900,0,,
468515.jpg,Statler's Dinner Menu,Buffalo%2C%20NY,New%20York,1900,0,,
468516.jpg,Diner at Imperial Hotel,Tokyo%2C%20JAPAN,n%2Fa,1900,0,,
468517.jpg,Luncheon at United States Hotel,Saratoga%2C%20NY,New%20York,1900,0,,
468518.jpg,Dinner at United States Hotel,Saratoga%2C%20NY,New%20York,1900,0,,
468519.jpg,Victory Hotel Dinner Menu,Put-in-Bay%2C%20OH,Ohio,1900,0,,
468524.jpg,Lackawanna Railroad Luncheon Menu,,n%2Fa,1900,1,,
468527.jpg,LACKAWANNA RAILROAD SUPPER MENU,,n%2Fa,1900,1,,
468528.jpg,Daily Luncheon Menu,Detroit%2C%20MI,Michigan,1900,0,,
468531.jpg,Evening Meal at New State House,Waco%2C%20TX,Texas,1900,0,,
468532.jpg,Morning Meal at New State House,Waco%2C%20TX,Texas,1900,0,,
468533.jpg,Dinner at Waldhaus Arosa,Arosa%2C%20Switzerland,n%2Fa,1900,0,,
468536.jpg,Noonday Meal at New State House,Waco%2C%20TX,Texas,1900,0,,
468537.jpg,Breakfast Menu at Hotel Columbia,Belmar%2C%20NJ,New%20Jersey,1900,0,,
468538.jpg,LUNCHEON at Long Beach Hotel,Long%20Beach%2C%20NY,New%20York,1900,0,,
468539.jpg,Dinner for H.E. Sir George White at Mediterranean Club,Gibraltar%2C%20Spain,n%2Fa,1900,2,,
468540.jpg,Princess Anne Supper Menu,Virginia%20Beach%2C%20VA,Virginia,1900,0,,
468546.jpg,Princess Anne Dinner Event Menu,Virginia%20Beach%2C%20VA,Virginia,1900,2,,
468549.jpg,Dinner at Hotel Del Coronado,Coronado%20Beach%2C%20CA,California,1900,0,,
468555.jpg,Dinner Menu at Del Coronado Hotel,Coronado%20Beach%2C%20CA,California,1900,0,,
468556.jpg,Daily Breakfast Menu at Columbia Hotel,Belmar%2C%20NJ,New%20Jersey,1900,0,,
468557.jpg,Dinner at Columbia Hotel,Belmar%2C%20NJ,New%20Jersey,1900,0,,
468560.jpg,Congress Hall Luncheon Menu,Saratoga%20Springs%2C%20NY,New%20York,1900,0,,
468563.jpg,Congress Hall Dinner Menu,Saratoga%20Springs%2C%20NY,New%20York,1900,0,,
468564.jpg,Dinner Menu on SS HGAIRGA,,n%2Fa,1900,1,,
468565.jpg,Hoffman House Luncheon Menu,Hoffman%20House%2C%20IL,n%2Fa,1900,0,,
468566.jpg,Hoffman House Dinner Menu,,n%2Fa,1900,0,,
468568.jpg,Breakfast at Grand Hotel,Mackinac%20Island%2C%20MI,Michigan,1900,0,,
468571.jpg,Breakfast Menu on SS KAIRGA,,n%2Fa,1900,1,,
468581.jpg,Souper at Quellenhof,Ragatz%2C%20Austria,n%2Fa,1900,0,,
468582.jpg,Grand Hotel Hof Ragatz Diner,Ragatz%2C%20AUSTRIA,n%2Fa,1900,0,,
468583.jpg,Dinner at Steamer Ticonderoga,Lake%20George%2C%20NY,New%20York,1900,1,,
468589.jpg,"Lunch Menu on R.M.S. Majestic, 2nd Saloon",,n%2Fa,1900,1,,
468590.jpg,"Dinner Menu on R.M.S. Majestic, 2nd Saloon",,n%2Fa,1900,1,,
468595.jpg,Breakfast Menu at Victory Hotel,Put-in-Bay-Island%2C%20OH,Ohio,1900,0,,
468596.jpg,Evening Dinner at Victory Hotel,Put-in-Bay%2C%20OH,Ohio,1900,0,,
468603.jpg,Dinner Menu at West Coast Dining Saloon,,n%2Fa,1900,0,,
468604.jpg,Congress Hall Dinner Menu,Saratoga%20Springs%2C%20NY,New%20York,1900,0,,
468605.jpg,Menu for SS Kamkura Maru onboard Nippon Yusen Kaisha,,n%2Fa,1900,1,,
468611.jpg,Breakfast Menu Aboard SS. Kamakura Maru,,n%2Fa,1900,1,,
468613.jpg,Hotel North Dinner Menu,Augusta%2C%20ME,Maine,1900,0,,
468618.jpg,Supper at Congress Hall,Saratoga%20Springs%2C%20NY,New%20York,1900,0,,
468635.jpg,Ninth Annual Lawn Party Menu,Saratoga%2C%20NY,New%20York,1900,2,,
468638.jpg,Daily Dinner Menu at Long Beach Hotel,Long%20Beach%2C%20NY,New%20York,1900,0,,
468642.jpg,Transportation Company Menu,,n%2Fa,1900,1,,
468643.jpg,Planters Hotel Co. Menu,St.%20Louis%2C%20Missouri,Missouri,1900,0,,
468644.jpg,Bill of Fare,London%2C%20England,n%2Fa,1900,0,,
468647.jpg,DINNER MENU ABOARD SS. KAMAKURA MARU,,n%2Fa,1900,1,,
468649.jpg,Breakfast Menu on SS Kairga,,n%2Fa,1900,1,,
468650.jpg,TIFFIN menu aboard SS KAIRGA,,n%2Fa,1900,1,,
468651.jpg,TIFFIN menu aboard SS KAIRGA,,n%2Fa,1900,1,,
468652.jpg,Daily Supper Menu at Long Beach Hotel,Long%20Beach%2C%20NY,New%20York,1900,0,,
468654.jpg,Breakfast Menu on SS Kamakura Maru,,n%2Fa,1900,1,,
468655.jpg,TIFFIN at Nippon Yusen Kaisha,,n%2Fa,1900,1,,
468660.jpg,Dinner Menu on SS Kasuga,,n%2Fa,1900,1,,
468661.jpg,Dinner Menu aboard SS Kamakura Maru,,n%2Fa,1900,1,,
468663.jpg,Hotel Victory Breakfast Menu,Put-in-Bay%2C%20OH,Ohio,1900,0,,
468664.jpg,Lunch Menu at Grand Hotel Mont Cervin,Zermatt%2C%20SWITZERLAND,n%2Fa,1900,0,,
468665.jpg,Diner at Grand Hotel Mont-Cervin,Zermatt%2C%20SWITZERLAND,n%2Fa,1900,0,,
468668.jpg,Breakfast Menu on SS Kamakura Maru,,n%2Fa,1900,1,,
468669.jpg,Breakfast Menu on SS Kasuga,,n%2Fa,1900,1,,
468671.jpg,TIFFIN at NIPPON YUSEN KAISHA,,n%2Fa,1900,1,,
468673.jpg,Hotel Del Coronado Luncheon Menu,Coronado%20Beach%2C%20CA,California,1900,0,,
468674.jpg,Dinner Menu aboard SS Kamakura Maru by Nippon Yusen Kaisha,,n%2Fa,1900,1,,
468675.jpg,Breakfast Menu at Hotel Victory,Put-in-Bay%2C%20OH,Ohio,1900,0,,
468676.jpg,Annual Outing Menu for Edward Thompson Co.,Long%20Beach%2C%20NY,New%20York,1900,2,,
468685.jpg,Hotel Victory Dinner Menu,Put-in-Bay%2C%20OH,Ohio,1900,0,,
468686.jpg,Breakfast Menu Aboard SS Nippon Yusen Kaisha,,n%2Fa,1900,1,,
468688.jpg,TIFFIN menu aboard SS Nippon Yusen Kaisha,,n%2Fa,1900,1,,
468690.jpg,Dinner Menu aboard SS Kobe Maru,,n%2Fa,1900,1,,
468692.jpg,TIFFIN at NIPPON YUSEN KAISHA's Event,,n%2Fa,1900,2,,
468694.jpg,TIFFIN at NIPPON YUSEN KAISHA,,n%2Fa,1900,1,,
468698.jpg,Noon Dinner Menu at Hotel Victory,Put-in-Bay%2C%20OH,Ohio,1900,0,,
468699.jpg,Noon Dinner Menu at Hotel Victory,Put-in-Bay%2C%20OH,Ohio,1900,0,,
468700.jpg,Dinner Menu Aboard SS Kobe,,n%2Fa,1900,1,,
468703.jpg,Evening Dinner at Hotel Victory,Put-in-Bay-Island%2C%20Lake%20Erie%2C%20OH,Ohio,1900,0,,
468705.jpg,Breakfast Menu at Hotel North,Augusta%2C%20ME,Maine,1900,0,,
468706.jpg,Hotel North Breakfast Menu,Augusta%2C%20ME,Maine,1900,0,,
468714.jpg,Japanese Cuisine Menu,,n%2Fa,1900,1,,
468724.jpg,TIFFIN at NIPPON YUSEN KAISHA,,n%2Fa,1900,1,,
468726.jpg,Menu for DES INDES HOTEL event,LA%20HAYE%2C%20HOLLAND,n%2Fa,1900,2,,
468727.jpg,Breakfast Menu at Long Beach Hotel,Long%20Beach%2C%20NY,New%20York,1900,0,,
468730.jpg,Menu for NIPPON YUSEN KAISHA event on SS: KASUGA,,n%2Fa,1900,2,,
468733.jpg,TIFFIN at NIPPON YUSEN KAISHA,Kamakura%2C%20Japan,n%2Fa,1900,1,,
468757.jpg,TIFFIN at NIPPON YUSEN KAISHA,,n%2Fa,1900,1,,
468761.jpg,Supper Menu at Hotel National,Neustadt%2C%20Germany,n%2Fa,1900,0,,
468767.jpg,Breakfast Menu on the Southern Pacific Company Dining Car Service,,n%2Fa,1900,1,,
468768.jpg,Dinner Menu on Sunset Ogden & Shasta Route,,n%2Fa,1900,1,,
468769.jpg,Breakfast Menu on Canadian Pacific Railway Co. S.S.Athabasca,,n%2Fa,1900,1,,
468770.jpg,Luncheon Menu on Canadian Pacific Railway Co. S.S.Athabasca,,n%2Fa,1900,1,,
468771.jpg,Dinner Menu on Canadian Pacific Railway Co. S.S. Athabasca,,n%2Fa,1900,1,,
468774.jpg,Breakfast Menu on Canadian Pacific Railway Co. S.S. Alberta,,n%2Fa,1900,1,,
468775.jpg,Luncheon Menu on Canadian Pacific Railway Co. S.S. Alberta,,n%2Fa,1900,1,,
468778.jpg,Dinner Menu on Canadian Pacific Railway Co. S.S. Alberta,,n%2Fa,1900,1,,
468779.jpg,Dinner Menu on CANDIAN PACIFIC RAILWAY CO. - S.S.MANITOBA,,n%2Fa,1900,1,,
468780.jpg,Breakfast at Brown Palace Hotel,Denver%2C%20CO,Colorado,1900,0,,
468781.jpg,Breakfast - A La Carte at Brown Palace Hotel,Denver%2C%20CO,Colorado,1900,0,,
468783.jpg,Daily Supper Menu at Essex Hotel,Essex%20Hotel%2C%20Essex,n%2Fa,1900,0,,
468784.jpg,Aerated Bread Company Menu,,n%2Fa,1900,0,,
468786.jpg,DINNER BILL OF FARE at VICTORIAN RESTAURANT,London%2C%20ENGLAND,n%2Fa,1900,0,,
468790.jpg,Daily Menu at W.Zahn & Sohn,Goeschenen,n%2Fa,1900,0,,
468795.jpg,Gd Restaurant Vazelle Menu,,n%2Fa,1900,0,,
468796.jpg,Gourmet Dining Experience Menu,,n%2Fa,1900,0,,
468797.jpg,Gd Restaurant Senselme Menu,,n%2Fa,1900,0,,
468798.jpg,French Cuisine Menu,,n%2Fa,1900,0,,
468799.jpg,Steamship Company Menu,Boston%2C%20MA,Massachusetts,1900,1,,
468801.jpg,TIFFIN menu aboard SS Hong Kong Maru,Hong%20Kong,n%2Fa,1900,1,,
468802.jpg,TOYO KISEN KAISHA DINNER MENU,,n%2Fa,1900,1,,
468803.jpg,Dinner Menu on SS KOBE MARU,,n%2Fa,1900,1,,
468805.jpg,Breakfast Menu on SS KASUGA,,n%2Fa,1900,1,,
468806.jpg,TIFFIN menu aboard SS KASUGA,,n%2Fa,1900,1,,
468807.jpg,BREAKFAST menu on SS HONG KONG MARU,Toyo%20Kisen%20Kaisha,n%2Fa,1900,1,,
468808.jpg,TIFFIN,Toyo%20Kisen%20Kaisha,n%2Fa,1900,1,,
468809.jpg,DINNER at SS KOBE MARU,,n%2Fa,1900,1,,
468810.jpg,Breakfast Menu on SS Mount Desert,Boston%2C%20MA,Massachusetts,1900,1,,
468811.jpg,Daily Menu at Kaiser-Restaurant,Charlottenburg%2C%20Berlin,n%2Fa,1900,0,,
468812.jpg,Daily Menu at Frankfurter Hof,Frankfurt%2C%20GERMANY,n%2Fa,1900,0,,
468813.jpg,Daily Menu at Restaurant Friedrichshof,Charlottenburg%2C%20Berlin,n%2Fa,1900,0,,
468820.jpg,Dinner Menu aboard SS Kobe Maru,,n%2Fa,1900,1,,
468837.jpg,Dinner Menu aboard SS Kasuga by Nippon Yusen Kaisha,,n%2Fa,1900,1,,
468841.jpg,Breakfast Menu Aboard Herzogin Sophie Charlotte,,n%2Fa,1900,1,,
468842.jpg,Engineers Club Dinner Menu,New%20York%2C%20NY,New%20York,1900,0,,
468843.jpg,Daily Menu at Brown Palace,Denver%2C%20CO,Colorado,1900,0,,
468844.jpg,Luncheon Menu at Brown Palace Hotel,Denver%2C%20CO,Colorado,1900,0,,
468845.jpg,Daily Menu at Engineers Club,New%20York%2C%20NY,New%20York,1900,0,,
468854.jpg,Dinner at Roissealmont,Adirondacks%2C%20NY,New%20York,1900,0,,
468855.jpg,Daily Menu at Aschinger's Bier Quelle,Berlin%2C%20GERMANY,n%2Fa,1900,0,,
468865.jpg,Dinner at Oriental Hotel,Manhattan%20Beach%2C%20NY,New%20York,1900,0,,
468866.jpg,Luncheon Menu at Oriental Hotel,Manhattan%20Beach%2C%20NY,New%20York,1900,0,,
468870.jpg,Grand Hotel Du Louvre & Paix Menu,Paris%2C%20France,n%2Fa,1900,0,,
468871.jpg,Japanese Cuisine Menu on S.S.Kasuga,,n%2Fa,1900,1,,
468872.jpg,Breakfast Menu on S.S.Kasuga,,n%2Fa,1900,1,,
468878.jpg,Dinner at St. George Hotel,Nyack%2C%20NY,New%20York,1900,0,,
468879.jpg,Dinner Menu on TOYO KISEN KAISHA - SS HONG KONG MARU,,n%2Fa,1900,1,,
468884.jpg,Dinner Menu on Nippon Yusen Kaisha -SS Kasuga,,n%2Fa,1900,1,,
468885.jpg,TIFFIN,,n%2Fa,1900,1,,
468888.jpg,Breakfast Menu on Nippon Yusen Kaisha S.S. Kobe Fiaru,,n%2Fa,1900,1,,
468889.jpg,Daily Luncheon Menu on S.S.Kobe Liaru,,n%2Fa,1900,1,,
468890.jpg,TIFFIN at SS KASUPA on Nippon Yusen Kaisha,,n%2Fa,1900,1,,
468905.jpg,Daily Breakfast Menu aboard SS Hong Kong Maru,,n%2Fa,1900,1,,
468908.jpg,DINNER MENU - NIPPON YUSEN KAISHA,,n%2Fa,1900,1,,
468909.jpg,Breakfast Menu aboard SS.KOBE MARU,,n%2Fa,1900,1,,
468910.jpg,Daily Dinner Menu at Menzie's Hotel,Melbourne%2C%20AUSTRALIA,n%2Fa,1900,0,,
468926.jpg,DAILY MENU at TIFFIN event sponsored by TOYO KISEN KAISHA,,n%2Fa,1900,2,,
468927.jpg,DAILY MENU at TOYO KISEN KAISHA,,n%2Fa,1900,1,,
468928.jpg,Daily Breakfast Menu aboard SS Hong Kong Maru,,n%2Fa,1900,1,,
468932.jpg,Daily Breakfast Menu aboard SS Kobe Maru,,n%2Fa,1900,1,,
468933.jpg,TIFFIN menu aboard SS KOBE MARU,,n%2Fa,1900,1,,
468934.jpg,DINNER MENU ONBOARD SS KOBE MARU,,n%2Fa,1900,1,,
468938.jpg,Fine Dining Menu,London%2C%20England,n%2Fa,1900,0,,
468939.jpg,Lunch Menu at Oriente Hotel,Manila%2C%20PI,n%2Fa,1900,0,,
468943.jpg,Breakfast Menu aboard SS Kasuga,,n%2Fa,1900,1,,
468944.jpg,TIFFIN,,n%2Fa,1900,1,,
468945.jpg,DAILY MENU aboard SS KASUGA,,n%2Fa,1900,1,,
468956.jpg,DINNER MENU - SS KASUGA MARU,,n%2Fa,1900,1,,
468966.jpg,Grand Hotel De Madrid Menu,Madrid%2C%20Spain,n%2Fa,1900,0,,
468975.jpg,TIFFIN at NIPPON YUSEN KAISHA,,n%2Fa,1900,1,,
468977.jpg,SUIZO HOTEL MENU,CORDOBA%2C%20SPAIN,n%2Fa,1900,0,,
468978.jpg,Breakfast Menu at Haddon Hall,Atlantic%20City%2C%20NJ,New%20Jersey,1900,0,,
468980.jpg,TIFFIN at S.S. KASUGA,,n%2Fa,1900,1,,
468985.jpg,Breakfast Menu on S.S. 'KOBE WARU',,n%2Fa,1900,1,,
468986.jpg,TIFFIN at S.S. 'KOBE WARU',,n%2Fa,1900,1,,
468989.jpg,TIFFIN at S.S. KASUGA,,n%2Fa,1900,1,,
468993.jpg,Breakfast Menu Aboard SS. Kobe Maru,,n%2Fa,1900,1,,
468996.jpg,TIFFIN at NIPPON YUSEN KAISHA,,n%2Fa,1900,1,,
468997.jpg,TIFFIN at NIPPON YUSEN KAISHA,,n%2Fa,1900,1,,
469002.jpg,Informal Dinner at Grand Pacific Hotel,Chicago%2C%20IL,Illinois,1900,0,,
469003.jpg,Grand Hotel Central Dinner Menu,Lisbonne%2C%20Portugal,n%2Fa,1900,0,,
469004.jpg,Luncheon Menu at Grand Hotel Hungaria,Budapest%2C%20HUNGARY,n%2Fa,1900,0,,
469011.jpg,Midday Meal at Griswold House,Detroit%2C%20MI,Michigan,1900,0,,
469014.jpg,Royal Engineers Dinner,Gibraltar%2C%20Spain,n%2Fa,1900,0,,
469015.jpg,TIFFIN,,n%2Fa,1900,1,,
469016.jpg,Dinner Menu on S.S.Nasuga,,n%2Fa,1900,1,,
469017.jpg,Dinner Menu on S.S. Kobi Maru,,n%2Fa,1900,1,,
469021.jpg,Dinner Menu on Nippon Yusen Kaisha S.S. Nasuga,,n%2Fa,1900,1,,
469024.jpg,Century Club Dinner Menu,Cleveland%2C%20OHIO,Ohio,1900,0,,
469027.jpg,Daily Menu at Louis Sherry,New%20York%2C%20NY,New%20York,1900,0,,
469028.jpg,Breakfast Menu on Nippon Yusen Kaisha S.S.Nasuga,,n%2Fa,1900,1,,
469032.jpg,Breakfast Menu on Lehigh Valley Railroad Dining Car Service,,n%2Fa,1900,1,,
469033.jpg,Lehigh Valley Railroad Dining Car Luncheon Menu,,n%2Fa,1900,1,,
469049.jpg,Lehigh Valley Railroad Luncheon Menu,,n%2Fa,1900,1,,
469051.jpg,TIFFIN menu aboard SS.K0BE MARU,,n%2Fa,1900,1,,
469065.jpg,French Cafe Menu,,n%2Fa,1900,0,,
469067.jpg,Daily Menu aboard Hong Kong Maru,Hong%20Kong,n%2Fa,1900,1,,
469069.jpg,Daily Lunch Menu at Hotel Schweizerhof Lucerne,Lucerne%2C%20SWITZERLAND,n%2Fa,1900,0,,
469070.jpg,Club Menu,New%20York%2C%20NY,New%20York,1900,0,,
469077.jpg,DAILY MENU at NIPPON YUSEN KAISHA,,n%2Fa,1900,1,,
469079.jpg,DAILY MENU at TIFFIN event sponsored by TOYO KISEN KAISHA,,n%2Fa,1900,2,,
469080.jpg,Daily Dinner Menu Aboard Hong Kong Maru,,n%2Fa,1900,1,,
469081.jpg,Luncheon Menu at Palace Hotel Restaurant,San%20Francisco%2C%20CA,California,1900,0,,
469082.jpg,Lunch at Palace Hotel,San%20Francisco%2C%20CA,California,1900,0,,
469084.jpg,DINNER MENU ABOARD SS. KOBE MARU,,n%2Fa,1900,1,,
469086.jpg,TIFFIN at NIPPON YUSEN KAISHA,,n%2Fa,1900,1,,
469096.jpg,Daily Menu aboard SS.K0BE MARU,,n%2Fa,1900,1,,
469104.jpg,Dinner at Grandon Hotel,Helena%2C%20MONTANA,Montana,1900,0,,
469105.jpg,Delmonico's Dinner Menu,,n%2Fa,1900,0,delmonicos,
469106.jpg,Palace Hotel Restaurant Dinner Menu,San%20Francisco%2C%20CA,California,1900,0,,
469114.jpg,Breakfast menu on Toyo Kisen Kaisha - Hing Kong Maru,,n%2Fa,1900,1,,
469116.jpg,Dinner Menu on TOYO KISEN KAISHA - HONG KONG MARU,Hong%20Kong,n%2Fa,1900,1,,
469118.jpg,Breakfast Menu on S.S. Kobe Maru,,n%2Fa,1900,1,,
469119.jpg,Luncheon Menu on SS Sonoma,,n%2Fa,1901,1,,
469129.jpg,Lunch Menu on Hamburg-Amerika Linie's Furst Bismarck,Hamburg%2C%20Germany,n%2Fa,1901,1,,
469157.jpg,Breakfast Menu - Second Cabin on SS SONOMA,,n%2Fa,1901,1,,
469158.jpg,LUNCHEON - SECOND CABIN,,n%2Fa,1901,1,,
469160.jpg,LUNCH MENU aboard FURST BISMARCK,Hamburg%2C%20Germany,n%2Fa,1901,1,,
469183.jpg,"Breakfast Menu on SS SONOMA, Second Cabin",,n%2Fa,1901,1,,
469199.jpg,LUNCH menu on SS FURST BISMARCK,Hamburg%2C%20Germany,n%2Fa,1901,1,,
469207.jpg,Lunch Second Cabin on SS SONOMA,,n%2Fa,1901,1,,
469235.jpg,Patten Line Menu,,n%2Fa,1901,1,,
469240.jpg,Statler's Hotel And Restaurant Menu,Buffalo%2C%20NY,New%20York,1901,0,,
469241.jpg,LUNCHEON at STATLER'S HOTEL AND RESTAURANT,Buffalo%2C%20NY,New%20York,1901,0,,
469242.jpg,Dinner Menu at Statler's Hotel And Restaurant,Buffalo%2C%20NY,New%20York,1901,0,,
469245.jpg,Hotel Del Coronado Menu,,n%2Fa,1901,0,,
469247.jpg,Hotel Seiler Dinner Menu,Zermatt%2C%20SWITZERLAND,n%2Fa,1901,0,,
469248.jpg,Dinner Menu at Statler's Hotel And Restaurant,Buffalo%2C%20NY,New%20York,1901,0,,
469249.jpg,Luncheon Menu at Statler's Hotel And Restaurant,Buffalo%2C%20NY,New%20York,1901,0,,
469250.jpg,Breakfast Menu at Statler's Hotel And Restaurant,Buffalo%2C%20NY,New%20York,1901,0,,
469264.jpg,John Eliot's Descendants Anniversary Menu,South%20Natick%2C%20MA,Massachusetts,1901,2,,
469267.jpg,Breakfast Menu at Statler's Hotel And Restaurant,Buffalo%2C%20NY,New%20York,1901,0,,
469282.jpg,Lunch Menu on Hamburg Amerika Linie,Hamburg%2C%20Germany,n%2Fa,1901,0,,
469290.jpg,Daily Dinner Menu at Bull's Head Restaurant,,n%2Fa,1901,0,,
469293.jpg,Patriotic Holiday Dinner on S.S. City Of Rome,,n%2Fa,1901,2,,
469296.jpg,Campus Dining Menu,Columbia%2C%20SC,South%20Carolina,1901,0,,
469297.jpg,Breakfast Menu on Great Northern System Dining Cars,,n%2Fa,1901,1,,
469298.jpg,Buffet Breakfast Service on Great Northern System Dining Cars,,n%2Fa,1901,1,,
469303.jpg,Statler's Hotel Breakfast Menu,Buffalo%2C%20NY,New%20York,1901,0,,
469304.jpg,Statler's Hotel Luncheon Menu,Buffalo%2C%20NY,New%20York,1901,0,,
469305.jpg,Statler's Hotel Dinner Menu,Buffalo%2C%20NY,New%20York,1901,0,,
469308.jpg,SUPPER menu on SS FURST BISMARCK,Hamburg%2C%20Germany,n%2Fa,1901,1,,
469310.jpg,BREAKFAST menu on SS FRIEDRICH DER GROSSE,Norddeutscher%20Lloyd%20Bremen,n%2Fa,1901,1,,
469315.jpg,Statler's Hotel Dining Menu,Buffalo%2C%20NY,New%20York,1901,0,,
469316.jpg,Lunch Menu at Statler's Hotel,Buffalo%2C%20NY,New%20York,1901,0,,
469317.jpg,Daily Dinner Menu at Grand Hotel De Ste Maxime,Ste-Maxime%2C%20Switzerland,n%2Fa,1901,0,,
469325.jpg,LUNCH at SS FRIEDRICH DER GROSSE,Norddeutscher%20Lloyd%20Bremen,n%2Fa,1901,1,,
469328.jpg,Breakfast Menu at Statler's Hotel And Restaurant,Buffalo%2C%20NY,New%20York,1901,0,,
469329.jpg,Tatler's Hotel Luncheon Menu,Buffalo%2C%20NY,New%20York,1901,0,,
469330.jpg,Tatler's Hotel Dinner Menu,Buffalo%2C%20NY,New%20York,1901,0,,
469350.jpg,Breakfast Menu in Dining Car,,n%2Fa,1901,1,,
469351.jpg,Diner Menu at Hotels Seiler,Basel%2C%20SWITZERLAND,n%2Fa,1901,0,,
469415.jpg,Daily Lunch Menu at Raleigh Hotel And Restaurant Co.,Raleigh%2C%20North%20Carolina,North%20Carolina,1901,0,,
469417.jpg,Breakfast Menu in Dining Car on Canadian Pacific Railway,,n%2Fa,1901,1,,
469418.jpg,Dinner Menu at Hotels De Zermatt,Zermatt%2C%20SWITZERLAND,n%2Fa,1901,0,,
469422.jpg,Hamburg Amerika Linie Menu,Hamburg%2C%20Germany,n%2Fa,1901,1,,
469423.jpg,Breakfast at Hotel Cadillac,Detroit%2C%20MI,Michigan,1901,0,,
469424.jpg,Hotel Cadillac Dinner Menu,Detroit%2C%20MI,Michigan,1901,0,,
469428.jpg,Breakfast Menu aboard SS Friedrich Der Grosse,,n%2Fa,1901,1,,
469431.jpg,Dinner Menu at O.D.,,n%2Fa,1901,0,,
469449.jpg,Luncheon at Chateau Frontenac,Quebec%2C%20CANADA,n%2Fa,1901,0,,
469456.jpg,DINNER MENU at EN ROUTE,,n%2Fa,1901,1,,
469457.jpg,Breakfast Menu - Oceanic Steamship Company Sierra,,n%2Fa,1901,1,,
469458.jpg,Lunch Menu on Oceanic Steamship Company Sierra,,n%2Fa,1901,1,,
469459.jpg,Dinner Menu on Oceanic Sreamship Company - Sierra,,n%2Fa,1901,1,,
469460.jpg,Dinner Menu on Oceanic Steamship Company Sierra,,n%2Fa,1901,1,,
469463.jpg,Dinner Menu on Nippon Yusen Kaisha S.S. Rosetta Mam,,n%2Fa,1901,1,,
469464.jpg,Breakfast Menu on Great Northern System Dining Car,,n%2Fa,1901,1,,
469465.jpg,Daily Menu at Raleigh Hotel & Restaurant,New%20York%2C%20NY,New%20York,1901,0,,
469466.jpg,Dinner at Chateau Frontenac Hotel,Quebec%2C%20CANADA,n%2Fa,1901,0,,
469467.jpg,Breakfast at Haddon Hall,Atlantic%20City%2C%20NJ,New%20Jersey,1901,0,,
469468.jpg,Dinner Menu on Nippon Yusen Kaisha S.S. Rosetta Maru,,n%2Fa,1901,1,,
469469.jpg,Breakfast Menu on Oceanic Steamship Company Sierra,,n%2Fa,1901,1,,
469471.jpg,Dinner Menu on Oceanic Steamship Company Sierra,,n%2Fa,1901,1,,
469472.jpg,Breakfast Menu on S.S. Zealandia,,n%2Fa,1901,1,,
469473.jpg,Luncheon Menu on S.S. Zealander,,n%2Fa,1901,1,,
469477.jpg,Cooley's Breakfast Menu,Springfield%2C%20MA,Massachusetts,1901,0,,
469478.jpg,Cooley's Daily Supper Menu,Springfield%2C%20MA,Massachusetts,1901,0,,
469482.jpg,Dinner at Chateau Frontenac,Quebec%2C%20CANADA,n%2Fa,1901,0,,
469484.jpg,Lunch Menu on Oceanic Steamship Company Sierra,,n%2Fa,1901,1,,
469485.jpg,Breakfast Menu on S.S.Zealander,,n%2Fa,1901,1,,
469489.jpg,LUNCH MENU ON HAMBURG-AMERIKA LINIE STEAMER FURST BISMARCK,Hamburg%2C%20Germany,n%2Fa,1901,1,,
469495.jpg,Breakfast Menu on Hamburg-Amerika Linie's Express Steamer Furst Bismarck,Hamburg%2C%20Germany,n%2Fa,1901,1,,
469499.jpg,Breakfast at Chateau Frontenac,Quebec%20City%2C%20QC,n%2Fa,1901,0,,
469500.jpg,Lunch at Chateau Frontenac,Quebec%20City%2C%20QC,n%2Fa,1901,0,,
469504.jpg,Breakfast Menu aboard S.S. Zealandia,,n%2Fa,1901,1,,
469505.jpg,LUNCH MENU ONBOARD S.S.ZEALANDIA,,n%2Fa,1901,1,,
469507.jpg,Hotel Dining Menus,,n%2Fa,1901,0,,
469510.jpg,Dinner Menu at Squantumet,,n%2Fa,1901,0,,off
469512.jpg,Hotel Colonial Menu,,n%2Fa,1901,0,,
469526.jpg,FRUHSTUCK-LUNCH at SCHNELLDAMPFER FURST BISMARCK,Hamburg%2C%20Germany,n%2Fa,1901,1,,
469527.jpg,ERBSENSUPPE at SCHNELLDAMPFER FURST BISMARCK,Hamburg%2C%20Germany,n%2Fa,1901,1,,
469529.jpg,Grand Union Dinner Menu,Saratoga%20Springs%2C%20NY,New%20York,1901,0,,
469530.jpg,LUNCHEON MENU ON BOARD TRAIN,Erie%2C%20PA,Pennsylvania,1901,1,,
469531.jpg,DINNER MENU ON BOARD,,n%2Fa,1901,1,,
469532.jpg,Breakfast Menu on S.S. Zealandia Sonoma,,n%2Fa,1901,1,,
469533.jpg,Oceanic Steamship Luncheon Menu,,n%2Fa,1901,1,,
469539.jpg,Dinner Menu at Del Coronado Hotel,Coronado%20Beach%2C%20CA,California,1901,0,,
469542.jpg,Breakfast at Del Coronado Hotel,Coronado%20Beach%2C%20CA,California,1901,0,,
469543.jpg,Dinner Menu at Royal Palace Hotel,Atlantic%20City%2C%20NJ,New%20Jersey,1901,0,,
469544.jpg,Breakfast Menu on Board,Erie%2C%20PA,Pennsylvania,1901,1,,
469546.jpg,Breakfast at Chamberlin Hotel,Old%20Point%20Comfort%2C%20VA,Virginia,1901,0,,
469548.jpg,Breakfast at Grand Union,Saratoga%20Springs%2C%20NY,New%20York,1901,0,,
469549.jpg,Grand Union Luncheon Menu,Saratoga%20Springs%2C%20NY,New%20York,1901,0,,
469550.jpg,BERG EN DAL HOTEL MENU,Berg%20En%20Dal%2C%20Netherlands,n%2Fa,1901,0,,
469551.jpg,Dinner Menu on Oceanic Steamship Company's Sonoma,,n%2Fa,1901,1,,
469552.jpg,Supper at Dutcher House,Pawling%2C%20NY,New%20York,1901,0,,
469553.jpg,Supper at Romerbad Hotel,Badenweiler%2C%20Baden,n%2Fa,1901,0,,
469554.jpg,GRILL ROOM Menu,,n%2Fa,1901,0,,
469555.jpg,Rathskeller Menu,Rathskeller%2C%20Rathskeller,n%2Fa,1901,0,,
469556.jpg,Dinner Menu at Revelstoke Hotel,Revelstoke%2C%20BC,n%2Fa,1901,0,,
469559.jpg,Dinner Menu on S.S. ZEALANDIA,,n%2Fa,1901,1,,
469561.jpg,Hotel Revelstoke Dinner Menu,Revelstoke%2C%20BC,n%2Fa,1901,0,,
469562.jpg,Masonic Society Anniversary Banquet,Dawson%20City%2C%20Canada,n%2Fa,1901,2,,
469564.jpg,Luncheon Menu Aboard S.S. Zealandia,,n%2Fa,1901,1,,
469566.jpg,Breakfast menu at Lambs' Club Special,,n%2Fa,1901,0,,
469567.jpg,Breakfast Menu at Pullman Dining Car Service,Philadelphia%2C%20PA,Pennsylvania,1901,1,,
469571.jpg,Luncheon Menu at Hotel Del Coronado,Coronado%20Beach%2C%20CA,California,1901,0,,
469575.jpg,Dinner at Appledore House,Portsmouth%2C%20NH,New%20Hampshire,1901,0,,
469581.jpg,Breakfast at Hotel Champlain,Hotel%20Champlain%2C%20Clinton%20Co.%2C%20NY,New%20York,1901,0,,
469584.jpg,Breakfast Menu on S.S. Zealandia,,n%2Fa,1901,1,,
469585.jpg,Dinner Menu at Hotel Champlain,Hotel%20Champlain%2C%20Clinton%20Co.%2C%20NY,New%20York,1901,0,,
469586.jpg,Dinner Menu at Logan House,Altoona%2C%20PA,Pennsylvania,1901,0,,
469587.jpg,Breakfast Menu at Logan House,Altoona%2C%20PA,Pennsylvania,1901,0,,
469588.jpg,Supper at Logan House,Altoona%2C%20PA,Pennsylvania,1901,0,,
469589.jpg,Dinner Menu,BROOKLYN%2C%20NY,New%20York,1901,0,,
469590.jpg,Daily Menu at Hotel Du Musee,Waterloo%2C%20Belgium,n%2Fa,1901,0,,
469591.jpg,Dinner at Hotel Chamberlin,Old%20Point%20Comfort%2C%20VA,Virginia,1901,0,,
469596.jpg,LUNCH MENU ABOARD S.S. ZEALANDIA,,n%2Fa,1901,1,,
469602.jpg,Daily Menu at Electric Tower Restaurant,Buffalo%2C%20NY,New%20York,1901,0,,
469603.jpg,Breakfast Menu at Revelstoke Hotel,Revelstoke%2C%20BC,n%2Fa,1901,0,,
469608.jpg,Dinner at Del Coronada Hotel,Coronada%20Beach%2C%20CA,California,1901,0,,
469609.jpg,Breakfast Menu on Oceanic Steamship Co. S.S.Zealandia,,n%2Fa,1901,1,,
469610.jpg,Luncheon Menu on S.S.Zealandia,,n%2Fa,1891,1,,
469612.jpg,Dinner Menu at Engel Hotel,Lucerne,n%2Fa,1901,0,,
469613.jpg,Breakfast at Del Coronada Hotel,Coronado%20Beach%2C%20CA,California,1901,0,,
469615.jpg,Luncheon Menu on Oceanic Steamship Co. S.S.Zealandia,,n%2Fa,1901,1,,
469617.jpg,Sunday Dinner at Cafe Boulard,New%20York,New%20York,1901,0,,
469619.jpg,Dinner at Vierwaldstatter-See,Zurich,n%2Fa,1901,1,,
469625.jpg,Breakfast Menu at Champlain Hotel,Champlain%2C%20NY,New%20York,1901,0,,
469626.jpg,Luncheon Menu at Champlain Hotel,Clinton%20County%2C%20NY,New%20York,1901,0,,
469628.jpg,Dinner Menu at Champlain Hotel,Clinton%20County%2C%20NY,New%20York,1901,0,,
469632.jpg,Dinner Menu on S.S. Mesaba,,n%2Fa,1901,1,,
469636.jpg,DINNER MENU at Hotel De L'ange,Luzern%2C%20SWITZERLAND,n%2Fa,1901,0,,
469637.jpg,DINNER at KURHAUS,RIGI-KALTBAD,n%2Fa,1901,0,,
469642.jpg,Hotel Champlain Luncheon Menu,Clinton%2C%20NY,New%20York,1901,0,,
469653.jpg,DINNER at BEDELL HOUSE,Grand%20Island%2C%20NY,New%20York,1901,0,,
469655.jpg,Dinner Menu on SS MESABA,,n%2Fa,1901,1,,
469656.jpg,Lunch-Dinner Menu at Armstrongs Depot Restaurant,Portsmouth%2C%20NH,New%20Hampshire,1901,0,,
469657.jpg,Summit House Supper Menu,Mount%20Washington%2C%20NH,New%20Hampshire,1901,0,,
469658.jpg,Luncheon Menu at Siegel Cooper Co.,New%20York%2C%20NY,New%20York,1901,0,,
469660.jpg,"Dinner Menu at Electric Tower Restaurant, Pan American Exposition",Buffalo%2C%20NY,New%20York,1901,2,,
469670.jpg,Dinner Menu at Summit House,Mount%20Washington%2C%20NH,New%20Hampshire,1901,0,,
469671.jpg,Luncheon Menu at Siegel Cooper Co.,,n%2Fa,1901,0,,
469688.jpg,Hotel Dining Menu,Del%20Coronado%2C%20California,California,1901,0,,
469693.jpg,SPEISE-KARTE at SS 'FRIEDRICH DER GROSSE',Bremen%2C%20Germany,n%2Fa,1901,1,,
469716.jpg,Breakfast Menu on Sunset Ogden and Shasta Routes Dining Car,,n%2Fa,1901,1,,
469717.jpg,Luncheon Menu on Sunset Ogden and Shasta Routes - Dining Car,,n%2Fa,1901,1,,
469718.jpg,Limited Pennsylvania Cuisine Menu,,n%2Fa,1901,0,,
469719.jpg,Dinner Menu at The Pullman Company - En Route,,n%2Fa,1901,1,,
469721.jpg,Breakfast Menu on the Pennsylvania Limited,,n%2Fa,1901,1,,
469722.jpg,LUNCHEON MENU at THE PULLMAN COMPANY,,n%2Fa,1901,1,,
469723.jpg,Dinner Menu on The Overland Limited - Pullman Company Dining Car,,n%2Fa,1901,1,,
469729.jpg,Dutcher House Dinner Menu,,n%2Fa,1901,0,,
469731.jpg,Breakfast Menu at Summit House,Mount%20Washington%2C%20NH,New%20Hampshire,1901,0,,
469732.jpg,Tour to Buffalo - Dinner,,n%2Fa,1901,2,,
469735.jpg,PAN AMERICAN EXPOSITION Menu,Buffalo%2C%20NY,New%20York,1901,2,,
469737.jpg,DINNER MENU at THE PULLMAN COMPANY - EN ROUTE,,n%2Fa,1901,1,,
469739.jpg,Tour to Buffalo Luncheon,,n%2Fa,1901,2,,
469747.jpg,Luncheon Menu on Louisville & Nashville Railroaad - The Pullman Co.,,n%2Fa,1901,1,,
469748.jpg,Luncheon Menu at Claremont Hotel,,n%2Fa,1901,0,,
469749.jpg,Dinner Menu on Pennsylvania Limited - The Pullman Co.,,n%2Fa,1901,1,,
469750.jpg,Luncheon Menu at International Hotel,Niagara%20Falls%2C%20NY,New%20York,1901,0,,
469751.jpg,Dinner Menu at De L'ange Hotel,Lucerne%2C%20SWITZERLAND,n%2Fa,1901,0,,
469752.jpg,Dinner Menu on Louisville & Nashville Railroad - The Pullmana Co.,,n%2Fa,1901,1,,
469759.jpg,LUNCH menu at SCHULSCHIFF 'HERZOGIN SOPHIE CHARLOTTE',Bremen%2C%20Germany,n%2Fa,1901,1,,
469760.jpg,TABLE D'HOTE DINNER at STEAMER NEW YORK,New%20York%2C%20NY,New%20York,1901,1,,
469761.jpg,SUPPER at UNION PACIFIC DINING CAR SERVICE,,n%2Fa,1901,1,,
469763.jpg,MITTAGESSEN at SS 'FRIEDRICH DER GROSSE',Bremen%2C%20Germany,n%2Fa,1901,1,,
469768.jpg,Union Pacific Luncheon Dining Car Service Menu,,n%2Fa,1901,1,,
469779.jpg,Union Pacific Breakfast Dining Car Service,,n%2Fa,1901,1,,
469780.jpg,WINKELRIED-AUFFUHRUNGEN Menu at Hotel Zum Hirsch,HOCHDORF%2C%20Luzern%2C%20SWITZERLAND,n%2Fa,1901,0,,
469782.jpg,Union Pacific Dining Car Supper Menu,,n%2Fa,1901,1,,
469805.jpg,Dinner at Grand Hotel Royal,Budapest,n%2Fa,1901,0,,
469806.jpg,Dinner Menu at Mills Hotel Restaurant,New%20York%2C%20NY,New%20York,1901,0,,
469817.jpg,Luncheon Menu at Maplewood Hotel,White%20Mountains%2C%20N.H.,New%20Hampshire,1901,0,,
469818.jpg,Breakfast Menu at Union Pacific Dining Car Service,,n%2Fa,1901,1,,
469824.jpg,Breakfast Menu in Dining Car,,n%2Fa,1901,1,,
469826.jpg,Union Pacific R.R. Co. Et Al LUNCHEON MENU,,n%2Fa,1901,1,,
469827.jpg,Union Pacific R.R. Co. Et Al Luncheon Menu,,n%2Fa,1901,1,,
469828.jpg,Dinner Menu on Union Pacific R.R. Co. Et Al Dining Car,,n%2Fa,1901,1,,
469829.jpg,Daily Supper Menu in Dining Car,,n%2Fa,1901,1,,
469836.jpg,Dinner on Funeral Train of President McKinley,,n%2Fa,1901,2,,
469842.jpg,LUNCH menu on SS DEUTSCHLAND,Hamburg%2C%20Germany,n%2Fa,1901,1,,
469844.jpg,Breakfast on Funeral Train of President McKinley,,n%2Fa,1901,2,,
469845.jpg,Luncheon on Funeral Train of President McKinley,,n%2Fa,1901,2,,
469854.jpg,Hugot's Menu,St.%20George%2C%20S.I.,New%20York,1901,0,,
469855.jpg,FRUHSTUCK-LUNCH at HAMBURG-AMERIKA LINIE,Hamburg%2C%20Germany,n%2Fa,1901,1,,
469860.jpg,HAMBURG-AMERIKA LINIE Dinner Menu,Hamburg%2C%20Germany,n%2Fa,1901,1,,
469873.jpg,Menu of the Dinner,Greenfield%2C%20MA,Massachusetts,1901,0,,
469874.jpg,Menu of the Supper,Greenfield%2C%20MA,Massachusetts,1901,0,,
469877.jpg,Breakfast Menu at Mansion House,Greenfield%2C%20MA,Massachusetts,1901,0,,
469879.jpg,Breakfast Menu for Oregon Short Line Dining Car Service,,n%2Fa,1901,1,,
469880.jpg,Luncheon Menu for Oregon Short Line Dining Car Service,,n%2Fa,1901,1,,
469881.jpg,Oregon Short Line Dining Car Service SUPPER Menu,,n%2Fa,1901,1,,
469882.jpg,Breakfast Menu on Oregon Railroad & Navigation Co.,,n%2Fa,1901,1,,
469883.jpg,Oregon Railroad & Navigation Co. Luncheon Menu,,n%2Fa,1901,1,,
469884.jpg,SUPPER at OREGON RAILROAD & NAVIGATION CO.,,n%2Fa,1901,1,,
469885.jpg,Official Visit of Inspection of Illustrious Potentate Charles A. Benedict,Newark%2C%20NJ,New%20Jersey,1901,0,,
469917.jpg,LUNCHEON MENU at STEAMER PURITAN,Fall%20River%2C%20MA,Massachusetts,1901,1,,
469923.jpg,Dinner to Sir Thomas Lipton at Lotus Club,,n%2Fa,1901,2,,
469928.jpg,Breakfast Menu for State Department Special to the Pan-American Congress at the City of Mexico,City%20of%20Mexico%2C%20Mexico,n%2Fa,1901,2,,
469929.jpg,Luncheon for State Department Special to the Pan-American Congress,City%20of%20Mexico%2C%20MEXICO,n%2Fa,1901,2,,
469930.jpg,State Department Special Dinner for Pan-American Congress,City%20of%20Mexico%2C%20Mexico,n%2Fa,1901,2,,
469932.jpg,Breakfast Menu for State Department Special at Pan-American Congress,City%20of%20Mexico%2C%20Mexico,n%2Fa,1901,1,,
469934.jpg,Dinner Menu for State Department Special to the Pan-American Congress at the City of Mexico,City%20of%20Mexico%2C%20Mexico,n%2Fa,1901,2,,
469956.jpg,Luncheon Menu for State Department Special To The Pan-American Congress,City%20of%20Mexico%2C%20Mexico,n%2Fa,1901,2,,
469975.jpg,Dinner Menu for State Department Special To The Pand-American Congress,City%20of%20Mexico%2C%20Mexico,n%2Fa,1901,2,,
469979.jpg,Breakfast Menu on U.S.M.S.Philadelphia,,n%2Fa,1901,1,,
469980.jpg,Breakfast Menu on U.S.M.S.Philadelphia,Philadelphia%2C%20PA,Pennsylvania,1901,1,,
469987.jpg,Southern Railway Luncheon Menu,Cincinnati%2C%20OH,Ohio,1901,1,,
469988.jpg,Breakfast Menu on the Queen & Crescent Route Dining Car,Cincinnati%2C%20OH,Ohio,1901,1,,
469989.jpg,Southern Railway Dinner Menu,Cincinnati%2C%20OH,Ohio,1901,0,,
469990.jpg,Breakfast Menu on Southern Railway Company,,n%2Fa,1901,1,,
469992.jpg,LUNCH at SS KRONPRINZ WILHELM,Norddeutscher%20Lloyd%20Bremen,n%2Fa,1901,1,,
469993.jpg,Breakfast Menu on SS KRONPRINZ WILHELM,,n%2Fa,1901,1,,
469994.jpg,Southern Railway Company Lunch Menu,,n%2Fa,1901,1,,
469995.jpg,Breakfast Menu for State Department Special To The Pan American Congress,City%20of%20Mexico,n%2Fa,1901,2,,
470002.jpg,BREAKFAST menu on SS KRONPRINZ WILHELM,Norddeutscher%20Lloyd%20Bremen,n%2Fa,1901,1,,
470004.jpg,Daily Supper Menu on SS Kronprinz Wilhelm,Bremen%2C%20Germany,n%2Fa,1901,1,,
470020.jpg,Dinner at Champagne Duc De Montebello,Bergen%2C%20NORWAY,n%2Fa,1901,0,,
470025.jpg,CENTENNIAL CELEBRATION at NEW WILLARD,Washington%2C%20DC,Washington%2C%20D.C.,1901,0,,
470032.jpg,DINNER MENU - RED STAR LINE,,n%2Fa,1901,1,,
470033.jpg,LUNCH MENU ABOARD S.S. ZEELAND,,n%2Fa,1901,1,,
470037.jpg,New Year Dinner at Hotel St. George,Nyack%2C%20NY,New%20York,1894,2,,
470041.jpg,Colonial Club Dinner,,n%2Fa,1894,0,,
470042.jpg,Lunch menu on Paqueboat La Gascogne,,n%2Fa,1894,1,,
470047.jpg,DINNER at THE COLUMBIA,New%20York%2C%20NY,New%20York,1894,0,,
470049.jpg,Italian Cuisine at Hotel D'italie & Bauer,Venice%2C%20Italy,n%2Fa,1894,0,,
470050.jpg,Dinner at Colonial Club,New%20York%2C%20NY,New%20York,1894,0,,
470057.jpg,162nd Anniversary of Washington's Birthday at Delmonicos,New%20York%2C%20N.Y.,New%20York,1894,2,delmonicos,
470059.jpg,Dinner Menu on U.S.S. San Francisco,RIO%20DE%20JANEIRO%2C%20BRAZIL,n%2Fa,1894,1,,
470063.jpg,Annual Banquet and Reception Menu,New%20York%2C%20N.Y.,New%20York,1894,2,,
470066.jpg,Daily Menu at Louisville Hotel,Louisville%2C%20KY,Kentucky,1894,0,,
470073.jpg,U.S. Grant's Birthday Celebration Menu,,n%2Fa,1894,0,waldorf,
470076.jpg,Daily Bill of Fare at A.W. Dennett,New%20York%2C%20NY,New%20York,1894,0,,
470081.jpg,Pullman Dining Car Luncheon,Denver%2C%20CO,Colorado,1894,1,,
470087.jpg,BANQUET AUX MEMBRES DU JURY A L'OCCASION DES CONCOURS INTERNATIONAUX D'HORTICULTURE,ANVERS,n%2Fa,1894,0,,
470090.jpg,Dinner hosted by King Leopold II of Belgium and Queen Marie-Henriette,BRUXELLES,n%2Fa,1894,2,,
470091.jpg,Dinner on the Eve of the Wedding of Princess Josephine of Belgium and Prince Carl von Hohenzollern,Bruxelles,n%2Fa,1894,2,,
470095.jpg,Daily Dinner at J. Tijssen,Rotterdam%2C%20HOLLAND,n%2Fa,1894,0,,
470099.jpg,Menu at Deutsches Bundesschielen Mainz,Mainz%2C%20GERMANY,n%2Fa,1894,0,,
470103.jpg,Lunch Menu at Restaurant Buerose,Frankfurt%20am%20Main%2C%20GERMANY,n%2Fa,1894,0,,
470105.jpg,Breakfast Menu at Woodstock Inn,Woodstock%2C%20VT,Vermont,1894,0,,
470106.jpg,Dinner Menu,Woodstock%2C%20VT,Vermont,1894,0,,
470107.jpg,Supper Menu at Woodstock Inn,Woodstock%2C%20VT,Vermont,1894,0,,
470108.jpg,Bill of Fare,New%20York%2C%20NY,New%20York,1894,0,,
470111.jpg,"Complimentary Dinner Honoring Hon. William E.S. Fales, Vice Consul to Amoy",New%20York%2C%20NY,New%20York,1894,2,,
470117.jpg,Dinner at Hafnia Life Insurance,Copenhagen,n%2Fa,1896,0,,
470123.jpg,French Dinner Menu,,n%2Fa,1894,0,,
470124.jpg,Dinner to the Crowned Heads at Czar Nikolas,,n%2Fa,1894,2,,
470148.jpg,Hotel Savoy Dinner Menu,New%20York%2C%20NY,New%20York,1894,0,,
470151.jpg,New Year's Dinner at The Portland,Portland%2C%20OR,Oregon,1895,2,,
470156.jpg,Delmonico's Menu at Patriarch's Event,New%20York%2C%20NY,New%20York,1895,2,delmonicos,
470157.jpg,Luncheon Menu at Hotel Ponce De Leon,St.%20Augustine%2C%20FL,Florida,1895,0,,
470181.jpg,Diner de la Literature Fin de Siecle,Providence%2C%20RI,Rhode%20Island,1895,2,,
470185.jpg,Washington's Birthday Dinner at Squantum Association,Squantum%20Association%2C%20Rhode%20Island,Rhode%20Island,1895,2,,
470199.jpg,Daily Menu at Monopol Hotel,Berlin%2C%20GERMANY,n%2Fa,1895,0,,
470202.jpg,Easter Dinner at Chicago Beach Hotel,Chicago%2C%20IL,Illinois,1895,2,,
470205.jpg,5th Annual Dinner Menu,Providence%2C%20R.I.,Rhode%20Island,1895,2,,
470208.jpg,Daily Dinner at Steamer Mary Powell,,n%2Fa,1895,1,,
470212.jpg,Dinner Menu at Nelson House,Poughkeepsie%2C%20NY,New%20York,1895,0,,
470219.jpg,THIRD ANNUAL BANQUET at MORELLO'S,New%20York%2C%20NY,New%20York,1895,2,,
470222.jpg,SIXTEENTH ANNUAL CONVENTION-LUNCHEON at STEAMER SAM SLOAN,,n%2Fa,1895,0,,
470223.jpg,ROUNDABOUT DINING CLUB MENU,Nyack%2C%20NY,New%20York,1895,0,,
470224.jpg,Roundabout Dining Club Menu,Nyack%2C%20NY,New%20York,1895,0,,
470227.jpg,CLIO Menu,New%20York%2C%20NY,New%20York,1895,0,,
470230.jpg,Dinner for Rt. Rev. Bishop James Augustin Mc Paul,Perth%20Amboy%2C%20NJ,New%20Jersey,1895,2,,
470234.jpg,Breakfast Menu at The Oriental,Manhattan%20Beach%2C%20Long%20Island%2C%20NY,New%20York,1895,0,,
470235.jpg,Dinner in Honor of George McGown at Masonic Hall,Palmyra%2C%20NY,New%20York,1895,2,,
470241.jpg,Consecration Dinner at Hotel St. George,Nyack%2C%20NY,New%20York,1895,2,,
470242.jpg,Dinner Menu at Hotel De Sun,,n%2Fa,1895,0,,
470244.jpg,Luncheon Menu on Cunard Line R.M.S. Pavonia,,n%2Fa,1895,1,,
470245.jpg,Dinner at The Oriental,Manhattan%20Beach%2C%20Long%20Island%2C%20NY,New%20York,1895,0,,
470248.jpg,Dennett's Breakfast Menu,New%20York%2C%20NY,New%20York,1895,0,,
470249.jpg,Dinner Menu at North Western Hotel,Liverpool%2C%20England,n%2Fa,1895,0,,
470251.jpg,Fourth of July Dinner Menu,Chicago%2C%20IL,Illinois,1895,2,,
470253.jpg,Fourth of July Dinner at Hotel Roanoke,Roanoke%2C%20VA,Virginia,1895,2,,
470254.jpg,First Anniversary Banquet Tendered to the Saddlery Buyers of New York,New%20York%2C%20NY,New%20York,1895,2,,
470255.jpg,Funeral Luncheon Menu,Bern%2C%20SWITZERLAND,n%2Fa,1895,2,,
470256.jpg,Daily Menu at The Rockingham,Narragansett%2C%20RI,Rhode%20Island,1895,0,,
470258.jpg,Supper Menu at The Rockingham,Narragansett%20Pier%2C%20RI,Rhode%20Island,1895,0,,
470259.jpg,Dinner Menu,Narragansett%20Pier%2C%20RI,Rhode%20Island,1895,0,,
470260.jpg,Supper Menu,Narragansett%20Pier%2C%20RI,Rhode%20Island,1895,0,,
470261.jpg,Breakfast Menu,Narragansett%20Pier%2C%20RI,Rhode%20Island,1895,0,,
470263.jpg,OTTER SWIMMING CLUB MENU at THE GRAND HOTEL,Brighton%2C%20England,n%2Fa,1895,0,,
470266.jpg,Breakfast Menu at The Rockingham,Narragansett%20Pier%2C%20RI,Rhode%20Island,1895,0,,
470268.jpg,Dinner Menu at Profile House,Franconia%20Notch%2C%20NH,New%20Hampshire,1895,0,,
470278.jpg,Dinner at St. Nicholas Hotel,CINCINNATI%2C%20OH,Ohio,1895,0,,
470284.jpg,Annual Banquet Menu at The Biclorama,Cleveland%2C%20OH,Ohio,1895,2,,
470290.jpg,Lunch Menu at Hotel S'George,Nyack%2C%20NY,New%20York,1895,0,,
470292.jpg,Fifth Annual Banquet at Windsor Hotel,WINDSOR%20HOTEL%2C%20NY,n%2Fa,1895,2,,
470301.jpg,Delmonico's Dinner Menu,New%20York%2C%20NY,New%20York,1895,0,delmonicos,
470326.jpg,Dinner Menu at Shepheard's Hotel,Cairo%2C%20EGYPT,n%2Fa,1895,0,,
470342.jpg,Luncheon hosted by Emperor Nicholas II,,n%2Fa,1896,2,,
470348.jpg,Dinner to Officers of U.S.S. 'Minneapolis' at U.S.S. San Francisco,Smyrna%2C%20TURKEY,n%2Fa,1896,1,,
470366.jpg,BUFFET [DINNER] at PALAIS D'ABDINE,Cairo%2C%20EGYPT,n%2Fa,1896,0,,
470389.jpg,"Dinner in Honor of H.H. Koop, Jr.'s 33rd Birthday",Nassau%2C%20N.%20P.,n%2Fa,1896,2,,
470397.jpg,Easter Dinner at The Boscobel,,n%2Fa,1896,2,,
470398.jpg,Easter Sunday Menu at Cincinnati's Grand Hotel,Cincinnati%2C%20OH,Ohio,1896,2,,
470401.jpg,SAINT NICHOLAS SOCIETY PAAS FESTIVAL at DELMONICO'S,New%20York%2C%20NY,New%20York,1896,2,delmonicos,
470402.jpg,Supper Menu at The Waldorf,New%20York%2C%20NY,New%20York,1896,0,waldorf,
470406.jpg,Dinner Menu at Hotel Chamberlin,Old%20Point%20Comfort%2C%20VA,Virginia,1896,0,,
470410.jpg,Breakfast at The Waldorf,New%20York%2C%20NY,New%20York,1896,0,waldorf,
470413.jpg,Dinner at The Waldorf,New%20York%2C%20NY,New%20York,1896,0,waldorf,
470418.jpg,Dinner Menu at The Arlington,Washington%2C%20DC,Washington%2C%20D.C.,1896,0,,
470419.jpg,7th Annual Banquet at Mercantile Club,St.%20Louis%2C%20MO,Missouri,1896,2,,
470421.jpg,Dinner Menu at Restaurant Im Landes Ausstellungspark,Berlin%2C%20GERMANY,n%2Fa,1896,0,,
470422.jpg,Hotel Walton Dinner Menu,Philadelphia%2C%20PA,Pennsylvania,1896,0,,
470423.jpg,Hotel Walton Luncheon Menu,Philadelphia%2C%20PA,Pennsylvania,1896,0,,
470424.jpg,Breakfast at Hotel Walton,Philadelphia%2C%20PA,Pennsylvania,1896,0,,
470425.jpg,Supper at Hotel Walton,Philadelphia%2C%20PA,Pennsylvania,1896,0,,
470426.jpg,HOFFMAN HOUSE DINNER MENU,,n%2Fa,1896,2,,
470428.jpg,Lunch Menu at Hotel Quisisana,Capri%2C%20Italy,n%2Fa,1896,0,,
470432.jpg,Bank Clerks' Mutual Benefit Association Dinner Menu,,n%2Fa,1896,2,,
470433.jpg,Dinner at The Universalist Club,NY,New%20York,1896,2,,
470438.jpg,Lunch Menu on Pullman Vestibuled Train,St.%20James%2C%20Minnesota,Minnesota,1896,1,,
470439.jpg,Dinner on Pullman Vestibuled Train,St.%20James%2C%20Minnesota,Minnesota,1896,1,,
470440.jpg,Wedding Lunch at Hoffman House,Hoffman%20House%2C%20Hoffman%20House,n%2Fa,1896,2,,
470441.jpg,Dinner for California Delegation at Republican National Convention,St.%20Louis%2C%20MO,Missouri,1896,2,,
470447.jpg,Dinner Menu at Wagner Palace Car Co.,,n%2Fa,1896,1,,
470449.jpg,Dinner Menu at Brooklyn Baptist Social Union,Brooklyn%2C%20NY,New%20York,1896,2,,
470450.jpg,Dinner Menu at Chicago Beach Hotel,Chicago%2C%20IL,Illinois,1896,0,,
470451.jpg,Private Lunch Event at Hotel Claremont,Claremont%2C%20California,California,1896,2,,
470453.jpg,Dinner at Hotel Majestic,New%20Haven%2C%20CT,Connecticut,1896,0,,
470461.jpg,Dennett's Daily Menu,New%20York%2C%20NY,New%20York,1901,0,,
470466.jpg,Waumbek Supper Menu,Jefferson%2C%20NH,New%20Hampshire,1896,0,,
470467.jpg,Dinner Menu at Waumbek,Jefferson%2C%20NH,New%20Hampshire,1896,0,,
470479.jpg,"Delmonico's Breakfast, Lunch, and Dinner Menu",,n%2Fa,1896,0,delmonicos,
470480.jpg,Breakfast menu on Cunard Line R.M.S. Pavonia,,n%2Fa,1896,1,,
470481.jpg,Luncheon menu on Cunard Line R.M.S. Pavonia,,n%2Fa,1896,1,,
470482.jpg,Dinner Menu on Cunard Line R.M.S. Pavonia,,n%2Fa,1896,1,,
470485.jpg,Commercial Travelers' Day Dinner,Binghamton%2C%20NY,New%20York,1896,2,,
470488.jpg,DEJEUNER at SCHLOSS LAXENBURG,VIENNA,n%2Fa,1896,0,,
470489.jpg,Club Menu,,n%2Fa,1896,0,,
470490.jpg,Savarin's Cafe Lunch or Dinner Menu,New%20York%2C%20NY,New%20York,1896,0,,
470491.jpg,Universalist Club Dinner Menu,NY,New%20York,1896,2,,
470494.jpg,Dinner at Adolphe Grand Duc De Luxembourg,,n%2Fa,1896,0,,
470495.jpg,Luncheon Menu on CANADIAN-AUSTRALIAN STEAMSHIP CO'S R.M.S. MIOWERA,,n%2Fa,1896,1,,
470500.jpg,Dinner at Hotel Marie Antoinette,New%20York,New%20York,1896,0,,
470501.jpg,Dinner at Hotel Netherland,New%20York%2C%20NY,New%20York,1896,0,,
470504.jpg,DINNER MENU at HOFFMAN HOUSE,New%20York%2C%20NY,New%20York,1896,0,,
470505.jpg,ANNIVERSARY BANQUET at SCOVILLE HOUSE,Mt.%20Morris,n%2Fa,1896,2,,
470513.jpg,Thanksgiving Day Dinner at Butterfield,Utica%2C%20NY,New%20York,1896,2,,
470514.jpg,Thanksgiving Day Dinner at Windsor,Windsor%2C%20NY,New%20York,1896,2,,
470521.jpg,50th Anniversary Dinner at Gesang Vereins,Newark%2C%20NJ,New%20Jersey,1896,2,,
470523.jpg,Dinner Menu at Round Table Club,,n%2Fa,1896,2,,
470524.jpg,Hotel Cadillac Dinner Menu,Detroit%2C%20MI,Michigan,1896,0,,
470526.jpg,Lunch Menu at Hoffman House,Hoffman%20House%2C%20IL,n%2Fa,1896,0,,
470527.jpg,Austrian Dinner at Cafe Boulevard,New%20York%2C%20NY,New%20York,1896,0,,
470529.jpg,Hotel Dennis Lunch Menu,Atlantic%20City%2C%20NJ,New%20Jersey,1896,0,,
470530.jpg,Hotel Dennis Dinner Menu,Atlantic%20City%2C%20NJ,New%20Jersey,1896,0,,
470538.jpg,Reception Menu at Union Club Of Cleveland,Cleveland%2C%20OH,Ohio,1896,2,,
470542.jpg,New Year's Day Dinner at Fifth Avenue Hotel,New%20York%2C%20NY,New%20York,1897,2,,
470543.jpg,New Year's Day Dinner at Union Club,Cleveland%2C%20OH,Ohio,1897,2,,
470548.jpg,Dinner Menu,New%20York%2C%20NY,New%20York,1897,0,,
470560.jpg,Universalist Club Dinner Menu,New%20York%2C%20NY,New%20York,1897,2,,
470565.jpg,Dinner at Maharaja Of Baroda,Baroda%2C%20India,n%2Fa,1897,2,,
470566.jpg,Dinner at Maharaja Of Baroda,Gawalior%2C%20India,n%2Fa,1897,0,,
470568.jpg,Dinner for Maharaja Scindiya at Maharaja Of Baroda,Baroda%2C%20INDIA,n%2Fa,1897,2,,
470571.jpg,Anniversary Dinner at St. George Hotel,Queen%20City,n%2Fa,1898,0,,
470573.jpg,Dinner honoring Isaac H. Terrell at Hoffman House,New%20York%2C%20NY,New%20York,1897,2,,
470577.jpg,NEW YORK MEDICAL UNION MENU at HOTEL MANHATTAN,New%20York%2C%20NY,New%20York,1897,0,,
470578.jpg,Delmonico's Menu,New%20York%2C%20NY,New%20York,1897,0,delmonicos,
470581.jpg,ANNUAL BANQUET at HOFFMAN HOUSE,New%20York%2C%20NY,New%20York,1897,2,,
470586.jpg,ST. VALENTINE'S DINNER at HOTEL WINDSOR,New%20York%2C%20NY,New%20York,1897,2,,
470605.jpg,Banquet of Naval Officers,Copenhagen%2C%20DENMARK,n%2Fa,1897,2,,
470609.jpg,First Meeting Luncheon at Hotel Manhattan,New%20York%2C%20NY,New%20York,1897,2,,
470610.jpg,DAILY BILL OF FARE at ? CLUB,,n%2Fa,1897,0,,
470617.jpg,Dinner Menu at Fifth Avenue Hotel,New%20York%2C%20NY,New%20York,1897,0,,
470625.jpg,Daily Menu at Princess Anne,Virginia%20Beach%2C%20VA,Virginia,1897,0,,
470628.jpg,Hoffman House Menu,Hoffman%20House%2C%20Hoffman%20House,n%2Fa,1897,0,,
470631.jpg,Easter Sunday Dinner at Mansion House,Morristown%2C%20NJ,New%20Jersey,1897,2,,
470632.jpg,Easter Sunday Dinner at Bay State House,Worcester%2C%20MA,Massachusetts,1897,2,,
470640.jpg,Sunday Lunch at Hotel Chamberlin,Fort%20Monroe%2C%20VIRGINIA,Virginia,1897,0,,
470641.jpg,Anniversary Lunch Menu at Hotel Claremont,Claremont%2C%20California,California,1897,2,,
470648.jpg,Dinner hosted by the Secretary of the Treasury,,n%2Fa,1897,2,,
470651.jpg,Haddon Hall Lunch or Dinner Menu,Atlantic%20City%2C%20NJ,New%20Jersey,1897,0,,
470652.jpg,Dinner Menu at Fifth Ave. Hotel,New%20York%2C%20NY,New%20York,1897,0,,
470658.jpg,Chamber Of Commerce Dinner at Delmonico's,New%20York%2C%20NY,New%20York,1897,2,delmonicos,
470661.jpg,8th Annual Banquet at Mercantile Club,St.%20Louis%2C%20MO,Missouri,1897,0,,
470664.jpg,Complimentary Dinner at Lawyers Club,New%20York%2C%20NY,New%20York,1897,0,,
470665.jpg,"Luncheon for Commercial Clubs of Boston, Chicago, and St. Louis",Cincinnati%2C%20OH,Ohio,1897,0,,
470670.jpg,Luncheon for the Universal Postal Congress,Philadelphia%2C%20PA,Pennsylvania,1897,2,,
470671.jpg,Dinner at Tennessee Centennial Exposition,Nashville%2C%20TN,Tennessee,1897,0,,
470672.jpg,Breakfast at Tennessee Centennial Exposition,Nashville%2C%20TN,Tennessee,1897,0,,
470673.jpg,Tennessee Centennial Exposition Luncheon,Washington%2C%20DC,Washington%2C%20D.C.,1897,2,,
470674.jpg,Dinner at Tennessee Centennial Exposition,Washington%2C%20DC,Washington%2C%20D.C.,1897,0,,
470677.jpg,Breakfast at Tennessee Centennial Exposition,Washington%2C%20DC,Washington%2C%20D.C.,1897,0,,
470678.jpg,Dinner at Hoffman House for Comrades And Friends Of General Michael Kirwin,,n%2Fa,1897,2,,
470681.jpg,Dinner Menu at Fifth Ave. Hotel,New%20York%2C%20NY,New%20York,1897,0,,
470695.jpg,Dinner for Guests of Minnesota Iron Company on Pullman Car,,n%2Fa,1897,2,,
470697.jpg,Breakfast for Guests of Minnesota Iron Company on Pullman Car,,n%2Fa,1897,1,,
470700.jpg,Luncheon for Guests of Minnesota Iron Company on Pullman Car,,n%2Fa,1897,1,,
470701.jpg,Dinner Menu at Menzies Hotel,Melbourne%2C%20AUSTRALIA,n%2Fa,1897,0,,
470703.jpg,Dinner at American Art Association of Paris,Paris%2C%20FRANCE,n%2Fa,1897,0,,
470708.jpg,3rd Annual Banquet Menu,,n%2Fa,1897,2,,
470711.jpg,SUPPER at Grand Duc Vladimir Alexandrovitch & Gr.Duchesse Marie Pavlowna,ST.%20PETERSBURG%2C%20RUSSIA,n%2Fa,1897,2,,
470712.jpg,DEJEUNER at ROYAL YACHT-'MAHA-CHAKRI',,n%2Fa,1897,1,,
470715.jpg,Annual Commemorative Dinner at Ocean House,Newport%2C%20R.I.,Rhode%20Island,1897,0,,
470726.jpg,King Of Siam Dinner at Taplow Court,London%2C%20ENGLAND,n%2Fa,1897,2,,
470738.jpg,Supper at Fabyan House,White%20Mountains%2C%20NH,New%20Hampshire,1897,0,,
470739.jpg,Dinner at Fabyan House,White%20Mountains%2C%20NH,New%20Hampshire,1897,0,,
470740.jpg,Breakfast at Fabyan House,White%20Mountains%2C%20NH,New%20Hampshire,1897,0,,
470741.jpg,Diner-Gala at Queen Wilhelmina,Queen%20Wilhelmina%2C%20AR,Arkansas,1897,2,,
470742.jpg,Dinner in Honor of Foreign Officers at Grand Hotel Bad Homburg,Hamburg%2C%20GERMANY,n%2Fa,1897,2,,
470744.jpg,Dinner for Dr. G.C. Weber and Friends at Union Club,Cleveland%2C%20OH,Ohio,1897,2,,
470748.jpg,Dinner at Lamb's Club,San%20Francisco%2C%20CA,California,1897,0,,
470755.jpg,RECEPTION TO MISS COSSIO Y. CISNEROS ON THE OCCASION OF HER RESTORATION TO FREEDOM,New%20York%2C%20NY,New%20York,1897,2,delmonicos,
470758.jpg,Breakfast at The Braganza,Lisbon%2C%20PORTUGAL,n%2Fa,1897,0,,
470759.jpg,DINNER at GRAND HOTEL,London%2C%20ENGLAND,n%2Fa,1897,0,,
470762.jpg,Buffet Car Breakfast Service,,n%2Fa,1897,1,,
470768.jpg,"DINNER MENU at NEW HAMPSHIRE CLUB, YOUNG'S HOTEL",Boston%2C%20MA,Massachusetts,1897,0,,
470771.jpg,Round Table Luncheon at Century Club,Cleveland%2C%20OHIO,Ohio,1897,0,,
470773.jpg,Farewell to Old Delmonico's,New%20York%2C%20NY,New%20York,1897,2,delmonicos,
470775.jpg,Annual Dinner of the 3rd Battalion,London%2C%20ENGLAND,n%2Fa,1897,0,,
470777.jpg,Camp Fireclub Dinner at Hotel Vendome,New%20York%2C%20NY,New%20York,1897,0,,
470797.jpg,Daily Menu at Marguery,Paris%2C%20France,n%2Fa,1897,0,,
470799.jpg,SAINT NICHOLAS SOCIETY DINNER at DELMONICO'S,New%20York%2C%20NY,New%20York,1897,2,delmonicos,
470803.jpg,25th Annual Dinner at Savoy Hotel,New%20York%2C%20NY,New%20York,1897,2,,
470822.jpg,Delmonico's Dinner Menu,New%20York%2C%20NY,New%20York,1897,0,delmonicos,
470826.jpg,New Year's Day Dinner at Union Club,Cleveland%2C%20OH,Ohio,1898,2,,
470827.jpg,Breakfast at Chateau Frontenac,Quebec%2C%20Canada,n%2Fa,1898,0,,
470832.jpg,Dinner honoring George C. Clark at Colonial Club of NY,New%20York%2C%20NY,New%20York,1898,0,,
470835.jpg,4th Annual Dinner at Bonvalet Rest.,Paris,n%2Fa,1898,2,,
470840.jpg,Annual Mess Dinner at Delmonico's NY,New%20York%2C%20NY,New%20York,1898,2,delmonicos,
470842.jpg,Banquet honoring H.M. Flagler at Royal Victoria Hotel,Nassau%2C%20Bahamas,n%2Fa,1898,2,,
470844.jpg,Dinner Menu on R.M.S. 'EMPRESS OF INDIA' by Canadian Pacific Railway Company,,n%2Fa,1898,1,,
470846.jpg,Dinner at Radnor Hunt,Philadelphia%2C%20PA,Pennsylvania,1898,0,,
470854.jpg,Alumni Reunion Menu at Delmonico's NY,New%20York%2C%20NY,New%20York,1898,2,delmonicos,
470862.jpg,Alcazar Hotel Luncheon Menu,St.%20Augustine%2C%20FL,Florida,1901,0,,
470865.jpg,Zweites Fruhstuck at Hamburg-Amerika Linie,Hamburg%2C%20Germany,n%2Fa,1901,1,,
470870.jpg,Royal Poinciana Breakfast Menu,Palm%20Beach%2C%20FL,Florida,1901,0,,
470894.jpg,SEMI-ANNUAL DINNER at NEW YORK ATHLETIC CLUB,New%20York%2C%20NY,New%20York,1901,2,,
470897.jpg,Dinner at Hotel Royal Palm,Miami%2C%20FL,Florida,1901,0,,
470902.jpg,BREAKFAST at LAUREL-IN-THE-PINES,LAKEWOOD%2C%20NJ,New%20Jersey,1901,0,,
470903.jpg,LUNCH MENU at LAUREL-IN-THE-PINES,LAKEWOOD%2C%20NJ,New%20Jersey,1901,0,,
470904.jpg,LAUREL-IN-THE-PINES DINNER MENU,Lakewood%2C%20NJ,New%20Jersey,1901,0,,
470911.jpg,Lunch Menu at Tampa Bay Hotel,Tampa%2C%20FL,Florida,1901,0,,
470916.jpg,Pullman Company Lunch or Dinner Menu,,n%2Fa,1901,1,,
470922.jpg,Dinner at Alcazar Hotel,St.%20Augustine%2C%20FL,Florida,1901,0,,
470923.jpg,Daily Bill of Fare at Childs' Lunch Rooms,New%20York%2C%20NY,New%20York,1901,0,,
470928.jpg,Luncheon at Siegel Cooper Co.,New%20York%2C%20NY,New%20York,1901,0,,
470929.jpg,Dinner at Old Coleman House,New%20York%2C%20NY,New%20York,1901,0,,
470930.jpg,Russian Embassy Dinner,Copenhagen%2C%20DENMARK,n%2Fa,1901,2,,
470942.jpg,"Cafe Service on Royal Blue Line, Waldorf",Baltimore%2C%20MD,Maryland,1901,1,,
470943.jpg,"Dinner Menu on the Royal Blue Line, Waldorf",Baltimore%2C%20Maryland,Maryland,1901,0,,
470950.jpg,BREAKFAST menu on SS HOHENZOLLERN,Norddeutscher%20Lloyd%20Bremen,n%2Fa,1901,1,,
470952.jpg,LUNCH menu on SS AUGUSTE VICTORIA,Hamburg%2C%20Germany,n%2Fa,1901,1,,
470954.jpg,Luncheon Menu at Hotel Royal Palm,Miami%2C%20FL,Florida,1901,0,,
470961.jpg,LUNCH menu at TAMPA BAY HOTEL,Tampa%2C%20FL,Florida,1901,0,,
470963.jpg,Hotel Alcazar Luncheon Menu,St.%20Augustine%2C%20FL,Florida,1901,0,,
470977.jpg,Dinner at Hotel Alcazar,St.%20Augustine%2C%20FL,Florida,1901,0,,
470986.jpg,Royal Poinciana Luncheon Menu,Palm%20Beach%2C%20FL,Florida,1901,0,,
470995.jpg,Breakfast at Windsor Hotel,Jacksonville%2C%20FL,Florida,1901,0,,
471028.jpg,Lunch Menu on SCHNELLDAMPFER 'AUGUSTE VICTORIA',Hamburg%2C%20Germany,n%2Fa,1901,1,,
471031.jpg,Easter Dinner at Hotel Del Coronado,Coronado%20Beach%2C%20CA,California,1901,2,,
471032.jpg,Easter Dinner at Chicago Beach Hotel,Chicago%2C%20IL,Illinois,1901,2,,
471037.jpg,St. Nicholas Society's Paas Festival Menu,New%20York%2C%20NY,New%20York,1901,2,delmonicos,
471041.jpg,Lunch Menu at U.S.Flagship Kearsarge,Culebra%2C%20Puerto%20Rico,n%2Fa,1901,1,,
471042.jpg,Breakfast Menu on SS BARBAROSSA,,n%2Fa,1901,1,,
471048.jpg,Dinner Menu at Roger's Restaurant,Roger's%20Restaurant%2C%20City,n%2Fa,1901,0,,
471050.jpg,Daily Menu at Smith's Dining Room,New%20York%2C%20NY,New%20York,1901,0,,
471067.jpg,Annual Banquet Menu at Waldorf-Astoria,New%20York%2C%20NY,New%20York,1901,2,waldorf,
471112.jpg,Lunch for National Academy of Sciences at Museum Cafe,Washington%2C%20D.C.,Washington%2C%20D.C.,1901,2,,
471121.jpg,37th Annual Dinner at Cooper Hall,,n%2Fa,1901,2,,
471128.jpg,Knickerbocker Cottage Dinner Menu,New%20York%2C%20NY,New%20York,1901,0,,
471132.jpg,Haan's Luncheon Menu,New%20York%2C%20NY,New%20York,1901,0,,
471145.jpg,MAGNETIC CLUB MENU,ST.%20DENIS%2C%20CITY,n%2Fa,1901,2,,
471146.jpg,JEWELERS' LEAGUE OF NEW YORK DINNER at MOUQIN'S DOWN-TOWN,New%20York%2C%20NY,New%20York,1901,2,,
471155.jpg,Special Bill of Fare,New%20York%2C%20NY,New%20York,1901,0,,
471160.jpg,Astor House Dinner Menu,New%20York%2C%20NY,New%20York,1901,0,,
471163.jpg,Dinner Menu at Herald Square Hotel,New%20York%2C%20NY,New%20York,1901,0,,
471166.jpg,Table d'hote dinner at Rogers'restaurant,New%20York%2C%20NY,New%20York,1901,0,,
471168.jpg,Daily Menu,New%20York%2C%20NY,New%20York,1901,0,,
471169.jpg,Lunch Menu at Proctor's Cafe,New%20York%2C%20NY,New%20York,1901,0,,
471170.jpg,Dinner Menu at Proctor's Cafe,New%20York%2C%20NY,New%20York,1901,0,,
471174.jpg,IN HONOR OF OUR VETERANS - COMPLIMENTARY/TESTIMONIAL,Baltimore%2C%20MD,Maryland,1901,2,,
471175.jpg,Luncheon Menu at Herald Square Hotel,New%20York%2C%20NY,New%20York,1901,0,,
471199.jpg,Bill of Fare at Curry & Burlingame,New%20York%2C%20NY,New%20York,1901,0,,
471200.jpg,Hotel Hungaria Menu,,n%2Fa,1901,0,,
471203.jpg,Lunch Menu at Cafe St. Denis,New%20York%2C%20NY,New%20York,1901,0,,
471205.jpg,Dinner Menu at David Cafe And Restaurant,New%20York%2C%20NY,New%20York,1901,0,,
471207.jpg,Hotel Margaret Lunch Menu,Columbia%20Heights,n%2Fa,1901,0,,
471221.jpg,Pullman Dining Car Menu,,n%2Fa,1901,1,,
471224.jpg,Norddeutcher Lloyd Menu,Bremen,n%2Fa,1901,1,,
471231.jpg,MITTAGESSEN[DINNER] at EN ROUTE 'H.H.MEIER',Bremen,n%2Fa,1901,1,,
471232.jpg,Daily Menu at Aschenbroedel Verein,New%20York%2C%20NY,New%20York,1901,0,,
471233.jpg,Ladies Day Dinner at Drug Trade Club,,n%2Fa,1901,2,,
471241.jpg,Dinner on S.S. 'H.H. Meier' by Norddeutscher Lloyd,Bremen,n%2Fa,1901,1,,
471257.jpg,Dinner on the Eve of Departure at MOUQUIN'S UP-TOWN,New%20York%2C%20NY,New%20York,1901,2,,
471258.jpg,BREAKFAST at SS BARBAROSSA,Norddeutscher%20Lloyd%20Bremen,n%2Fa,1901,1,,
471261.jpg,LUNCH at SS BARBAROSSA,Norddeutscher%20Lloyd%20Bremen,n%2Fa,1901,1,,
471267.jpg,Breakfast Menu at New York And Cuba Mail Steamship Co.,New%20York%2C%20NY,New%20York,1901,1,,
471276.jpg,TOUR OF THE PRESIDENT TO THE PACIFIC COAST-BREAKFAST,,n%2Fa,1901,1,,
471277.jpg,TOUR OF THE PRESIDENT TO THE PACIFIC COAST-DINNER,,n%2Fa,1901,2,,
471304.jpg,Luncheon Menu at Fifth Avenue Hotel,New%20York%2C%20NY,New%20York,1901,0,,
471305.jpg,Supper at Fifth Avenue Hotel,New%20York%2C%20NY,New%20York,1901,0,,
471318.jpg,"Presidential Tour to the Pacific Coast, April 29-June 15, 1901",,n%2Fa,1901,2,,
471319.jpg,Childs' Lunch Room Daily Menu,New%20York%2C%20NY,New%20York,1901,0,,
471326.jpg,Banquet in Honor of the Third Annual Convention of Cigar Leaf Tobacco Board Of Trade Of The United States,New%20York%2C%20NY,New%20York,1901,0,waldorf,
471327.jpg,Banquet in Honor of the Third Annual Convention of Above,New%20York%2C%20NY,New%20York,1901,0,waldorf,
471328.jpg,Table d'hote luncheon at Macy's,New%20York%2C%20NY,New%20York,1901,0,,
471329.jpg,Fortieth Anniversary Dinner at Sphinx Club,,n%2Fa,1901,2,waldorf,
471330.jpg,Dinner Menu on U.S.M.S St. Paul,,n%2Fa,1901,1,,
471342.jpg,Luncheon Menu on U.S.M.S St. Paul,,n%2Fa,1901,1,,
471361.jpg,Breakfast Menu on SS LAHN,Bremen,n%2Fa,1901,0,,
471362.jpg,Lunch on SS LAHN,Bremen,n%2Fa,1901,0,,
471368.jpg,Dinner Event on Tour of the President to the Pacific Coast,,n%2Fa,1901,2,,
471371.jpg,Lunch Menu on SS 'LAHN',Bremen,n%2Fa,1901,0,,
471372.jpg,Evening Dinner Menu on SS 'LAHN',Bremen,n%2Fa,1901,0,,
471373.jpg,Breakfast Menu on SS 'LAHN',Bremen,n%2Fa,1901,1,,
471376.jpg,Lunch Menu on SS NECTAR,Bremen,n%2Fa,1901,0,,
471377.jpg,Presidential Tour Menu Aboard Railroad,,n%2Fa,1901,2,,
471380.jpg,DINNER - SECOND CABIN,,n%2Fa,1901,1,,
471381.jpg,Dinner Menu on Oceanic Steamship Company's Sonoma,,n%2Fa,1901,1,,
471402.jpg,Dinner Menu at Metropolitan Club,Washington%2C%20DC,Washington%2C%20D.C.,1901,0,,
471407.jpg,Dinner at Sherry's hosted by New York Society Of The Order Of The Founders And Patriots Of America,New%20York%2C%20NY,New%20York,1901,2,,
471421.jpg,Lunch Menu - Presidential Tour to the Pacific Coast,,n%2Fa,1901,2,,
471422.jpg,Complimentary Dinner to the Press of Toledo,Toledo%2C%20OH,Ohio,1901,0,,
471433.jpg,Lunch on Tour of the President to the Pacific Coast,,n%2Fa,1901,1,,
471434.jpg,Breakfast Menu at SS ST PAUL,,n%2Fa,1901,1,,
471435.jpg,LUNCH menu at SS ST PAUL,St.%20Paul%2C%20U.S.M.S%20St.%20Paul,Minnesota,1901,1,,
471436.jpg,DINNER ON LAST DAY at SS ST PAUL,Usms,n%2Fa,1901,2,,
471439.jpg,Lunch Second Cabin on SS Sonoma,,n%2Fa,1901,1,,
471440.jpg,Dinner Second Cabin Menu on SS Sonoma,,n%2Fa,1901,1,,
471461.jpg,Daily Lunch Menu at SS ST PAUL,Claremont%2C%20California,California,1901,1,,
471462.jpg,Daily Dinner Menu at SS ST PAUL,,n%2Fa,1901,1,,
471466.jpg,Dinner on SS ST PAUL,,n%2Fa,1901,1,,
471470.jpg,Dinner Second Cabin on SS SONOMA,,n%2Fa,1901,1,,
471472.jpg,Breakfast at Hotel Westminster,Los%20Angeles%2C%20CA,California,1901,0,,
471473.jpg,Hotel Westminster Lunch Menu,Los%20Angeles%2C%20CA,California,1901,0,,
471474.jpg,Daily Lunch Menu at SS ST PAUL,,n%2Fa,1901,1,,
471476.jpg,Oceanic Steamship Company Luncheon Menu,,n%2Fa,1901,1,,
471477.jpg,Luncheon - Second Cabin on Oceanic Steamship Company Sonoma,,n%2Fa,1901,1,,
471478.jpg,Dinner - Second Cabin on Oceanic Steamship Company,,n%2Fa,1901,1,,
471483.jpg,Breakfast at Westminister Hotel,Los%20Angeles%2C%20CAL,California,1901,0,,
471484.jpg,Dinner Menu at Westminister Hotel,Los%20Angeles%2C%20CA,California,1901,0,,
471485.jpg,Westminister Hotel Luncheon Menu,Los%20Angeles%2C%20CA,California,1901,0,,
471486.jpg,Bailey Catering Co. Daily Lunch and/or Dinner Menu at Pan-American Exposition,,n%2Fa,1901,0,,
471490.jpg,Breakfast Menu on Pullman Dining Car Service The President,,n%2Fa,1901,1,,
471491.jpg,Lunch Menu on Pullman Dining Car Serfvice The President,,n%2Fa,1901,1,,
471492.jpg,Dinner Menu on Pullman Dining Car Service The President,,n%2Fa,1901,1,,
471496.jpg,Dinner Menu on Oceanic Steamship Company Sonoma,,n%2Fa,1901,1,,
471498.jpg,Oceanic Steamship Company Dinner Menu,Ventura%2C%20California,California,1901,1,,
471502.jpg,Breakfast Menu at Westminster Hotel,Westminster,n%2Fa,1901,0,,
471503.jpg,Luncheon Menu at Westminster Hotel,Westminster,n%2Fa,1901,0,,
471504.jpg,Dinner Menu at Westminster Hotel,Westminster,n%2Fa,1901,0,,
471505.jpg,Breakfast Menu at Oceanic Steamship Company,Sonoma,California,1901,1,,
471508.jpg,Luncheon in Second Cabin on Oceanic Steamship Company,Sonoma,California,1901,1,,
471537.jpg,Hotel Westminster Luncheon Menu,Los%20Angeles%2C%20CA,California,1901,0,,
471538.jpg,Hotel Westminster Dinner Menu,Los%20Angeles%2C%20CA,California,1901,0,,
471539.jpg,Government Cafeteria Menu,,n%2Fa,1901,0,,
471540.jpg,Dinner Menu Aboard Ventura,,n%2Fa,1901,1,,
471547.jpg,Lunch Menu at U.S.M.S.St. Paul,St.%20Paul%2C%20Minnesota,Minnesota,1901,1,,
471564.jpg,Dinner Menu at Prince Of Wales Hotel,Southport%2C%20England,n%2Fa,1901,0,,
471567.jpg,"Luncheon Menu - Second Cabin, Oceanic Steamship Co.",,n%2Fa,1901,1,,
471568.jpg,Breakfast - Second Cabin Menu Aboard Ventura,,n%2Fa,1901,1,,
471584.jpg,"Dinner Menu - Second Cabin, Oceanic Steamship Co.",,n%2Fa,1901,1,,
471585.jpg,Breakfast Menu - Second Cabin on Ventura,,n%2Fa,1901,1,,
471594.jpg,75th Anniversary & 4th Ladies Reception,New%20York%2C%20NY,New%20York,1901,2,,
471598.jpg,Oceanic Steamship Co. Luncheon Menu,Ventura%2C%20California,California,1901,1,,
471601.jpg,Breakfast Menu on Oceanic Steamship Co. Sonoma,,n%2Fa,1901,1,,
471602.jpg,Oceanic Steamship Co. Luncheon Menu,,n%2Fa,1901,1,,
471608.jpg,Dinner Menu on Oceanic Steamship Co. Sonoma,,n%2Fa,1901,1,,
471610.jpg,Breakfast Menu on Oceanic Steamship Co. - Ventura,Ventura%2C%20California,California,1901,1,,
471616.jpg,Breakfast Menu on Oceanic Steamship Co. Ventura,,n%2Fa,1901,1,,
471617.jpg,Oceanic Steamship Co. Luncheon Menu,,n%2Fa,1901,1,,
471622.jpg,Hotel Du Musee' Lunch & Dinner Menu,Waterloo%2C%20Belgium,n%2Fa,1901,0,,
471626.jpg,Dinner Menu on Oceanic Steamship Co. - Ventura,Ventura%2C%20California,California,1901,1,,
471632.jpg,Lunch Menu at White House Hotel,Staten%20Island%2C%20NY,New%20York,1901,0,,
471634.jpg,Daily Menu at Columbia Restaurant,New%20York%2C%20NY,New%20York,1901,0,,
471639.jpg,Daily Lunch Menu on SS Ventura,,n%2Fa,1901,1,,
471647.jpg,"Daily Lunch Menu on SS Ventura, 2nd Cabin",,n%2Fa,1901,1,,
471656.jpg,Lunch Menu on SS Ventura,,n%2Fa,1901,1,,
471657.jpg,Dinner Menu on SS Ventura,,n%2Fa,1901,1,,
471668.jpg,Anniversary Dinner at Rhode Island Medical Society,Providence%2C%20RI,Rhode%20Island,1901,2,,
471670.jpg,Breakfast - Second Cabin aboard SS Ventura,,n%2Fa,1901,1,,
471672.jpg,Breakfast menu aboard SS Sierra,,n%2Fa,1901,1,,
471682.jpg,Luncheon Menu at Salter's Hall,London%2C%20England,n%2Fa,1901,0,,
471684.jpg,Banquet in Honor of the National Association of Railroad Commissioners of the United States,San%20Francisco%2C%20CA,California,1901,2,,
471685.jpg,Maison Drienne Dinner Menu,New%20York%2C%20NY,New%20York,1901,0,,
471693.jpg,Lunch Menu on Oceanic Steamship Co.,Ventura%2C%20CA,California,1901,1,,
471695.jpg,Breakfast Menu on Oceanic Steamship Co. Sierra,,n%2Fa,1901,1,,
471703.jpg,Breakfast Menu on Oceanic Steamship Co. Sierra,,n%2Fa,1901,1,,
471704.jpg,Lunch Menu on Oceanic Steamship Co. Sierra,,n%2Fa,1901,1,,
471705.jpg,Dinner Menu on Oceanic Steamship Co. Sierra,,n%2Fa,1901,1,,
471720.jpg,LUNCH menu on SS KONIGIN LUISE,Norddeutscher%20Lloyd%20Bremen,n%2Fa,1901,1,,
471736.jpg,SUPPER at SS FRIEDRICH DER GROSSE,Norddeutscher%20Lloyd%20Bremen,n%2Fa,1901,1,,
471741.jpg,Railway Dining Menu,Denver%2C%20Colorado,Colorado,1901,0,,
471752.jpg,Daily Supper Menu on SS Friedrich Der Grosse,Bremen%2C%20Germany,n%2Fa,1901,1,,
471757.jpg,Classic Pub Fare Menu,Falmouth%2C%20Massachusetts,Massachusetts,1901,0,,
471762.jpg,Breakfast Menu on SS 'FRIEDRICH DER GROSSE',Bremen%2C%20Germany,n%2Fa,1901,1,,
471773.jpg,Breakfast Menu on SS Friedrich der Grosse,Bremen%2C%20Germany,n%2Fa,1901,1,,
471774.jpg,Lunch Menu on SS Friedrich der Grosse,Bremen,n%2Fa,1901,0,,
471778.jpg,41st Anniversary Celebration Menu,WIEN%2C%20AUSTRIA,n%2Fa,1901,0,,
471787.jpg,LUNCHEON menu on SS SONOMA,,n%2Fa,1901,1,,
471788.jpg,Anniversary Dinner at Mills Hotel,New%20York%2C%20NY,New%20York,1901,2,,
471789.jpg,Dinner at Round Table Club,,n%2Fa,1901,0,,
471798.jpg,Luncheon menu on S.S. Zeeland,,n%2Fa,1901,1,,
471803.jpg,Turkey Dinner at Mills Hotel on Election Day,New%20York%2C%20NY,New%20York,1901,2,,
471804.jpg,Breakfast Menu on S.S. Zeeland,Antwerpen%2C%20Belgium,n%2Fa,1901,1,,
471808.jpg,Breakfast Menu on S.S Zeeland,Antwerpen%2C%20NY,New%20York,1901,1,,
471812.jpg,Breakfast Menu on S.S. Zeeland,Antwerpen%2C%20NY,New%20York,1901,1,,
471813.jpg,Luncheon Menu on S.S. Zeeland,Antwerpen%2C%20NY,New%20York,1901,1,,
471817.jpg,Breakfast at En Route S.S. Zeeland,Antwerpen%2C%20NY,New%20York,1901,1,,
471818.jpg,Luncheon Menu on S.S. Zeeland,Antwerpen%2C%20NY,New%20York,1901,1,,
471821.jpg,Breakfast Menu on S.S. ZEELAND by RED STAR LINE,,n%2Fa,1901,1,,
471822.jpg,Sixth Annual Dinner at Delmonico's,New%20York%2C%20NY,New%20York,1901,2,delmonicos,
471829.jpg,Dinner to the National Academy of Sciences at Bellevue Hotel,Philadelphia%2C%20PA,Pennsylvania,1901,2,,
471832.jpg,Dinner Menu on S.S. ZEELAND by RED STAR LINE,,n%2Fa,1901,1,,
471836.jpg,Luncheon Menu on S.S. Zeeland,,n%2Fa,1901,1,,
471847.jpg,DINNER MENU ABOARD S.S.ZEELAND,,n%2Fa,1901,1,,
471848.jpg,Breakfast Menu aboard S.S.ZEELAND,,n%2Fa,1901,1,,
471849.jpg,LUNCHEON MENU ABOARD S.S.ZEELAND,,n%2Fa,1901,1,,
471853.jpg,DINNER MENU - RED STAR LINE,,n%2Fa,1901,1,,
471854.jpg,LUNCHEON MENU ABOARD S.S.VADERLAND,,n%2Fa,1901,1,,
471855.jpg,Dinner at the Palace of Above,,n%2Fa,1901,2,,
471858.jpg,Dinner at St. Denis Hotel by Magnetic Club,,n%2Fa,1901,0,,
471862.jpg,DINNER MENU - RED STAR LINE,,n%2Fa,1901,1,,
471863.jpg,Dinner at King Christian IX of Denmark's Palace,Copenhagen%2C%20Denmark,n%2Fa,1901,2,,
471865.jpg,Breakfast Menu - En Route S.S. Zeeland,Antwerpen%2C%20NY,New%20York,1901,1,,
471867.jpg,Dinner Menu on S.S.ZEELAND by Red Star Line,,n%2Fa,1901,1,,
471869.jpg,Luncheon Menu on S.S. Vaderland,Antwerpen%2C%20NY,n%2Fa,1901,1,,
471870.jpg,Dinner Menu on S.S Vaderland,,n%2Fa,1901,1,,
471871.jpg,Lunch Menu at Phonix Hotel,Kobenhavn,n%2Fa,1901,0,,
471872.jpg,Founders Day Lunch or Dinner Menu,Philadelphia%2C%20PA,Pennsylvania,1901,2,,
471874.jpg,Luncheon Menu on S.S. Zeeland,Antwerpen%2C%20NY,New%20York,1901,1,,
471875.jpg,Dinner at Red Star Line - Antwerpen NY,Antwerpen%2C%20NY,New%20York,1901,1,,
471876.jpg,Breakfast Menu on S.S. Vaderland,Antwerpen%2C%20NY,New%20York,1901,1,,
471877.jpg,Luncheon Menu on S.S. Vaderland,Antwerpen%2C%20NY,New%20York,1901,1,,
471878.jpg,Dinner Menu on S.S.VADERLAND,,n%2Fa,1901,1,,
471879.jpg,Breakfast Menu on S.S. Zeeland,Antwerpen%2C%20NY,New%20York,1901,1,,
471881.jpg,Dinner Menu on S.S. Zeeland by Red Star Line,,n%2Fa,1901,1,,
471883.jpg,Luncheon Menu on S.S. Vaderland,Antwerp%2C%20NY,New%20York,1901,1,,
471885.jpg,Luncheon Menu - Southern Railway Dining Car Service,,n%2Fa,1901,1,,
471893.jpg,Dinner on Tour via Southern Railway,Pittsburgh%2C%20PA,Pennsylvania,1905,0,,
471897.jpg,Luncheon on Tour via Southern Railway,Pittsburgh%2C%20PA,Pennsylvania,1905,0,,
471900.jpg,Breakfast at Haddon Hall,Atlantic%20City%2C%20NJ,New%20Jersey,1905,0,,
471907.jpg,"Daily Menu, Dinner Specialities",New%20York%2C%20NY,New%20York,1905,0,,
471908.jpg,Dinner in Honor of Mr. Frank Pollock at Reisenweber's,New%20York%2C%20NY,New%20York,1905,2,,off
471916.jpg,Easter Breakfast at Haddon Hall,Atlantic%20City%2C%20NJ,New%20Jersey,1905,2,,
471917.jpg,Easter Dinner at Hotel Chamberlin,Fortress%20Monroe%2C%20VA,Virginia,1905,2,,
471919.jpg,Anniversary Dinner,New%20Orleans%2C%20LA,Louisiana,1905,2,,
471925.jpg,Dinner at Rector's,New%20York%2C%20NY,New%20York,1905,2,,
471930.jpg,Dinner on Board 'La Lorraine',,n%2Fa,1905,0,,
471932.jpg,3rd Annual Luncheon to the Presbrey Girls at Harry M.Stevens,New%20York%2C%20NY,New%20York,1905,2,,
471940.jpg,137th Annual Meeting Luncheon at Delmonico's,New%20York%2C%20NY,New%20York,1905,2,delmonicos,
471943.jpg,Commemorative Dinner in Honor of General Wallace,Indianapolis%2C%20IN,Indiana,1905,2,,
471950.jpg,Luncheon for American Colleagues hosted by Directors of the Railways in Great Britain and Ireland,Washington%2C%20DC,Washington%2C%20D.C.,1905,0,,
471951.jpg,Luncheon in Honor of the President of the United States,Chicago%2C%20IL,Illinois,1905,0,,
471955.jpg,Railway Congress Menu,,n%2Fa,1905,1,,
471961.jpg,Breakfast for Delegates to International Railway Congress at Logan House,Altoona%2C%20PA,Pennsylvania,1905,2,,
471962.jpg,Luncheon for Delegates to International Railway Congress at Logan House,Altoona%2C%20PA,Pennsylvania,1905,2,,
471981.jpg,Dinner in Honor of the Vice President and Visiting Congressional Committee,Lewis%20And%20Clark%20Centennial%20Exposition%2C%20Portland%2C%20OR,Oregon,1905,2,,
471984.jpg,Dinner at Eagle Hotel,Gettysburg%2C%20PA,Pennsylvania,1905,0,,
471988.jpg,Men's Mutual Benefit Association Menu,,n%2Fa,1905,2,,
471990.jpg,Daily Breakfast Menu at Hotel St. Regis,New%20York%2C%20NY,New%20York,1905,0,,
471996.jpg,Daily Dinner Menu at Cafe Des Ambassadeurs,New%20York%2C%20NY,New%20York,1905,0,,
471998.jpg,Daily Menu at New Grand Hotel,New%20York%2C%20NY,New%20York,1905,0,,
472002.jpg,Daily Luncheon Menu at Hotel Imperial,New%20York%2C%20NY,New%20York,1905,0,,
472003.jpg,Daily Luncheon Menu at Hotel St. Regis,New%20York%2C%20NY,New%20York,1905,0,,
472005.jpg,Daily Breakfast Menu at New Grand Hotel,New%20York%2C%20NY,New%20York,1905,0,,
472006.jpg,Daily Luncheon Menu at New Grand Hotel,New%20York%2C%20NY,New%20York,1905,0,,
472008.jpg,Daily Luncheon Menu at Shanley's,New%20York%2C%20NY,New%20York,1905,0,,
472009.jpg,Daily Business Lunch Menu,New%20York%2C%20NY,New%20York,1905,0,,
472017.jpg,Luncheon at St. Regis Hotel,New%20York%2C%20NY,New%20York,1905,0,,
472025.jpg,Evening Dinner at Victory Hotel,Put-in-Bay%2C%20OH,Ohio,1905,0,,
472027.jpg,Breakfast Menu at Victory Hotel,Put-in-Bay%2C%20OH,Ohio,1905,0,,
472028.jpg,Noon Dinner Menu at Victory Hotel,Put-in-Bay%2C%20OH,Ohio,1905,0,,
472029.jpg,Dejeuner Fourchette/ Luncheon at St. Regis Hotel,New%20York%2C%20NY,New%20York,1905,0,,
472031.jpg,DEJEUNER FOURCHETTE/LUNCHEON at St. Regis Hotel,New%20York%2C%20NY,New%20York,1905,0,,
472032.jpg,Diner/Dinner at St. Regis Hotel,New%20York%2C%20NY,New%20York,1905,0,,
472034.jpg,Twenty-Fifth Anniversary Celebration Menu,Larchmont%2C%20New%20York,New%20York,1905,2,,
472035.jpg,Fortieth Anniversary Celebration Menu,Boston%2C%20MA,Massachusetts,1905,2,,
472037.jpg,Dinner Menu at 238 Eighth Avenue,New%20York%2C%20NY,New%20York,1905,0,,
472046.jpg,Luncheon at Briarcliff Lodge,Briarcliffe%20Manor%2C%20NY,New%20York,1905,0,,
472050.jpg,LUNCHEON at N.Y.&P.R.S.S.CO. - U.S.M.S. COAMO,,n%2Fa,1905,1,,
472057.jpg,Dinner at Cercle National Des Armees De Terre & De Mer,Paris%2C%20FRANCE,n%2Fa,1905,2,,
472063.jpg,Breakfast Menu on S.S.ZEELAND,,n%2Fa,1905,1,,
472064.jpg,Dinner Menu on S.S. Zeeland,,n%2Fa,1905,1,,
472067.jpg,Dinner Menu at Quisisana Hotel,Quisisana%20Hotel%2C%20Switzerland,n%2Fa,1905,0,,
472069.jpg,Dinner honoring Gov. Myron T. Herrick of Ohio & Gov. B.B. Brook of Wyoming,,n%2Fa,1905,2,,
472071.jpg,Daily Dinner Menu on Holland-America Line,,n%2Fa,1905,1,,
472075.jpg,Breakfast Menu - En Route,,n%2Fa,1905,1,,
472076.jpg,Luncheon Menu on N.Y.&P.R.S.S.Co. - U.S.M.S. Coamo,,n%2Fa,1905,1,,
472081.jpg,Breakfast Menu - New York And Porto Rico Steamship Company,,n%2Fa,1905,1,,
472083.jpg,Dinner Menu - N.Y.&P.R.S.S.CO. - U.S.M.S. COAMO,,n%2Fa,1905,1,,
472085.jpg,Lunch Room Menu at Rocking Stone Restaurant,New%20York%2C%20NY,New%20York,1905,0,,
472086.jpg,Dining Room Menu at Rocking Stone Restaurant,New%20York%2C%20NY,New%20York,1905,0,,
472091.jpg,Dinner Menu on Holland-America Line's Statendam,,n%2Fa,1905,1,,
472092.jpg,Dinner Menu - Second Cabin,,n%2Fa,1905,1,,
472093.jpg,Breakfast Menu on Holland-America Line's Statendam,,n%2Fa,1905,1,,
472094.jpg,Luncheon at Imperial Palace,Tokyo%2C%20Japan,n%2Fa,1905,0,,hist
472095.jpg,Dinner Menu at Hotel Bristol,Carlsbad%2C%20GERMANY,n%2Fa,1905,0,,
472098.jpg,St. Saveur Lunch Menu at Bar Harbor,Bar%20Harbor%2C%20ME,Maine,1905,0,,
472100.jpg,Dinner at American Inn,Portland%2C%20OR,Oregon,1905,0,,
472105.jpg,Employee Appreciation Dinner at Manhattan Beach Hotel,Manhattan%20Beach%2C%20New%20York,New%20York,1905,0,,
472108.jpg,Daily Luncheon Menu on London & North Western Railway Co.,London,n%2Fa,1905,1,,
472109.jpg,Daily Dinner Menu at St. Sauveur,Bar%20Harbor%2C%20ME,Maine,1905,0,,
472113.jpg,Daily Breakfast Menu,Bar%20Harbor%2C%20MAINE,Maine,1905,0,,
472116.jpg,Anniversary Dinner Menu,Long%20Beach%2C%20NY,New%20York,1905,2,,
472118.jpg,Dinner at Farragut House,Farragut%20House,n%2Fa,1905,0,,
472119.jpg,Daily Dinner Menu at Abenaqui Club House,Rye%20Beach%2C%20NH,New%20Hampshire,1905,0,,
472120.jpg,Dinner for 150 Guests at Rosecliff,Newport%2C%20RI,Rhode%20Island,1905,2,,
472126.jpg,Dinner to Prince Charles & Princess Maud of Denmark at Palace of King George,Copenhagen%2C%20DENMARK,n%2Fa,1905,2,,
472139.jpg,Daily Luncheon Menu at Hotel Vendome,Boston%2C%20MA,Massachusetts,1905,0,,
472144.jpg,Dinner at Home Market Club,Boston%2C%20MA,Massachusetts,1905,0,,
472146.jpg,Daily Luncheon Menu at Chateau Frontenac,Quebec%2C%20CANADA,n%2Fa,1905,0,,
472148.jpg,DAILY MENU,Frankfurt%2C%20GERMANY,n%2Fa,1905,0,,
472154.jpg,ANNIVERSARY DINNER,Chicago%2C%20IL,Illinois,1905,2,,
472155.jpg,Opening Collation at Brooklyn Germania,Brooklyn%2C%20NY,New%20York,1905,2,,
472157.jpg,Dinner in Commemoration of 10 of October,Havana%2C%20CUBA,n%2Fa,1905,0,,
472159.jpg,Breakfast at Waldorf Astoria,New%20York%2C%20NY,New%20York,1905,0,waldorf,
472160.jpg,Supper at Waldorf Astoria,New%20York%2C%20NY,New%20York,1905,0,waldorf,
472164.jpg,Luncheon for State Hotel Association of Pennsylvania at New Bingham Hotel,New%20Bingham%20Hotel%2C%20Pennsylvania,Pennsylvania,1905,0,,
472166.jpg,Dinner at Royal Army Medical College Event,London%2C%20ENGLAND,n%2Fa,1905,2,,
472168.jpg,Daily Luncheon Menu at Fifth Avenue Hotel,New%20York%2C%20NY,New%20York,1905,0,,
472169.jpg,Daily Dinner Menu at Fifth Avenue Hotel,New%20York%2C%20NY,New%20York,1905,0,,
472172.jpg,Daily Supper Menu at Hotel St. Regis,New%20York%2C%20NY,New%20York,1905,0,,
472177.jpg,Daily Dinner Menu at Hotel St. Regis,New%20York%2C%20NY,New%20York,1905,0,,
472178.jpg,Dinner to Members of the Boston Army Club at Somerset Club,Boston%2C%20MA,Massachusetts,1905,2,,
472179.jpg,Dinner at St. Regis Hotel,New%20York%2C%20NY,New%20York,1905,0,,
472186.jpg,Dinner at St. Regis Hotel,New%20York%2C%20NY,New%20York,1905,0,,
472187.jpg,DEJEUNER/FOURCHETTE at ST. REGIS HOTEL,New%20York%2C%20NY,New%20York,1905,0,,
472188.jpg,Dinner at St. Regis Hotel,New%20York%2C%20NY,New%20York,1905,0,,
472189.jpg,Government House Luncheon Menu,Agana%2C%20Guam,n%2Fa,1905,0,,
472197.jpg,Dinner in Honor of George Hector Clemes,New%20York%2C%20NY,New%20York,1905,2,,
472200.jpg,Dinner to H.R.H. Prince Louis of Battenberg,Annapolis%2C%20MD,Maryland,1905,2,,
472202.jpg,Dinner at Grand Hotel De Londres,Naples%2C%20Italy,n%2Fa,1905,0,,
472203.jpg,Dinner to Admiral Prince Louis of Battenberg at Waldorf-Astoria,New%20York%2C%20NY,New%20York,1905,0,waldorf,
472206.jpg,Birthday Dinner at King Edward VII,Sandringham%2C%20ENGLAND,n%2Fa,1905,2,,
472208.jpg,Fifteenth Annual Banquet at Hotel Manhattan,New%20York%2C%20NY,New%20York,1905,2,,
472214.jpg,Dinner in Honor of Prince and Princess of Wales,Bombay%2C%20India,n%2Fa,1905,2,,
472216.jpg,Annual Dinner Menu at Richmond Club,New%20Orleans%2C%20LA,Louisiana,1905,2,,
472218.jpg,Dinner at Palazzo della Consulta,Rome%2C%20Italy,n%2Fa,1905,0,,
472221.jpg,Dinner at Hotel Touraine,Chicago%2C%20IL,Illinois,1905,0,,
472224.jpg,Breakfast at Planters Hotel,St.%20Louis%2C%20MO,Missouri,1905,0,,
472228.jpg,Inspection Trip Luncheon Menu,,n%2Fa,1905,1,,
472230.jpg,Dinner at Planters Hotel,St.%20Louis%2C%20MO,Missouri,1905,0,,
472237.jpg,Inspection Trip Luncheon Menu,,n%2Fa,1905,1,,
472238.jpg,Southern Railway Inspection Trip Dinner Menu,Birmingham,n%2Fa,1905,0,,
472239.jpg,Boston Jeweler's Club Dinner at Hotel Somerset,Boston%2C%20MA,Massachusetts,1905,0,,
472240.jpg,Breakfast Menu for Southern Railway Inspection Trip,Birmingham%2C%20AL,Alabama,1905,1,,
472241.jpg,THE SPHINX CLUB DINNER at WALDORF-ASTORIA,NEW%20YORK%2C%20NY,New%20York,1905,2,waldorf,
472243.jpg,Southern Railway Inspection Trip Dinner Menu,Chattanooga%2C%20TN,Tennessee,1905,0,,
472244.jpg,REGULAR CALL DINNER at NEW WILLARD,Washington%2C%20DC,Washington%2C%20D.C.,1905,0,,
472245.jpg,CARTE DU JOUR,Chicago%2C%20IL,Illinois,1905,0,,
472249.jpg,Dinner for Officers and Representatives of Ames Iron Works,New%20York%2C%20NY,New%20York,1905,2,,
472250.jpg,Southern Railway Inspection Trip Luncheon,Knoxville%2C%20TN,Tennessee,1905,2,,
472251.jpg,Dinner on Southern Railway Inspection Trip,Knoxville%2C%20TN,Tennessee,1905,1,,
472252.jpg,Inspection Trip Breakfast at Southern Railway,Salisbury%2C%20NC,North%20Carolina,1905,0,,
472253.jpg,Inspection Trip Luncheon,Greensboro%2C%20NC,North%20Carolina,1905,1,,
472254.jpg,Inspection Trip Diner Menu,Greensboro%2C%20NC,North%20Carolina,1905,1,,
472256.jpg,Inspection Trip Luncheon by Southern Railway,Washington%2C%20D.C.,Washington%2C%20D.C.,1905,2,,
472259.jpg,Dinner at Windsor Castle,Windsor%2C%20England,n%2Fa,1905,2,,
472274.jpg,Thanksgiving Dinner at Hotel Rodman,Philadelphia%2C%20PA,Pennsylvania,1905,2,,
472286.jpg,Thanksgiving Dinner at Hotel Normandie,Detroit%2C%20MI,Michigan,1905,2,,
472287.jpg,Thanksgiving Dinner at National Arts Club,New%20York%2C%20NY,New%20York,1905,2,,
472288.jpg,Dinner Menu at Fifth Avenue Hotel,New%20York%2C%20NY,New%20York,1905,0,,
472300.jpg,Dinner Menu at Kochkunst-Ausstellung,Frankfort%2C%20GERMANY,n%2Fa,1905,0,,
472304.jpg,Banquet at Grand Officers' Mess,London%2C%20ENGLAND,n%2Fa,1905,2,,
472309.jpg,Daily Breakfast Menu at R.H. Macy & Co.,New%20York%2C%20NY,New%20York,1905,0,,
472310.jpg,"Daily Menu, Five O'Clock Tea",New%20York%2C%20NY,New%20York,1905,0,,
472313.jpg,Daily Menu,Siena%2C%20Italy,n%2Fa,1905,0,,
472314.jpg,William K. Eckert Menu,,n%2Fa,1905,0,,
472325.jpg,Auditorium Dinner Menu,New%20York%2C%20NY,New%20York,1905,0,,
472328.jpg,Auditorium Luncheon Menu,New%20York%2C%20NY,New%20York,1905,0,,
472329.jpg,Anniversary Dinner at Hotel Astor,New%20York%2C%20NY,New%20York,1905,2,,
472341.jpg,The Strathcona Hotel Menu,Victoria%2C%20BC,n%2Fa,1905,0,,
472346.jpg,The Otsego Menu,,n%2Fa,1905,0,,
472361.jpg,Elegant Dining Menu,,n%2Fa,1905,0,,
472362.jpg,Bachelors Ball Menu,,n%2Fa,1905,2,,
472363.jpg,Classic American Cuisine Menu,Murray%2C%20Utah,Utah,1905,0,,
472364.jpg,Daily Menu at St. Mark's Cafe,Venice%2C%20CA,California,1905,0,,
472372.jpg,Fraternity Of Delta Psi Menu,,n%2Fa,1905,0,,
472373.jpg,Daily Dinner Menu at Park Avenue Hotel,New%20York%2C%20NY,New%20York,1905,0,,
472377.jpg,New Year's Dinner at Park Avenue Hotel,New%20York%2C%20NY,New%20York,1906,2,,
472382.jpg,New Year's Day Dinner at The New St. Charles,New%20Orleans%2C%20LA,Louisiana,1906,2,,
472383.jpg,New Year's Day Supper,New%20York%2C%20NY,New%20York,1906,2,waldorf,
472384.jpg,Dolan's Restaurant Daily Menu,New%20York%2C%20NY,New%20York,1906,0,,
472386.jpg,Dinner to Prince and Princess of Wales at Government House,Calcutta%2C%20India,n%2Fa,1906,2,,
472392.jpg,ASSEMBLY DANCE at HOTEL SOMERSET,Boston%2C%20MA,Massachusetts,1906,2,,
472393.jpg,Dinner for Prince and Princess of Wales at Government House,Calcutta%2C%20India,n%2Fa,1906,2,,
472397.jpg,Earl Of Minto Dinner at Government House Calcutta,Calcutta%2C%20India,n%2Fa,1906,2,,
472399.jpg,Dinner at The Corinthian Yacht Club,Philadelphia%2C%20PA,Pennsylvania,1906,1,,
472400.jpg,Dinner at The New Willard,Washington%2C%20DC,Washington%2C%20D.C.,1906,0,,
472401.jpg,Dinner to President Theodore Roosevelt,Washington%2C%20DC,Washington%2C%20D.C.,1906,2,,
472403.jpg,Annual Dinner at The Pomham Club,Providence%2C%20RI,Rhode%20Island,1906,2,,
472405.jpg,Boost Club Anniversary Banquet at Savoy,New%20York%2C%20NY,New%20York,1906,2,,
472408.jpg,Dinner in Honor of Dr. Robert Fletcher,Washington%2C%20DC,Washington%2C%20D.C.,1906,2,,
472412.jpg,SANDRINGHAM DINNER at King Edward Vll,King%20Edward%20Vll%2C%20ENGLAND,n%2Fa,1906,2,,
472416.jpg,Daily Dinner Menu at Waldorf Astoria,New%20York%2C%20NY,New%20York,1906,0,waldorf,
472433.jpg,Dinner at King Edward VII,Sandringham%2C%20ENGLAND,n%2Fa,1906,0,,
472434.jpg,Daily Breakfast Menu at Waldorf Astoria,New%20York%2C%20NY,New%20York,1906,0,waldorf,
472435.jpg,Princeton Alumni Association Annual Dinner at RAUSCHER'S,Washington%2C%20D.C.,Washington%2C%20D.C.,1906,0,,
472441.jpg,ANNUAL DINNER at THE BELLEVUE-STRATFORD,Philadelphia%2C%20PA,Pennsylvania,1906,2,,
472461.jpg,Secretary Of State MENU,Washington%2C%20DC,Washington%2C%20D.C.,1906,0,,
472462.jpg,Thirteenth Annual Reunion and Dinner at Artic Club,New%20York%2C%20NY,New%20York,1906,2,,
472463.jpg,Dinner at Windsor Castle,Windsor%2C%20England,n%2Fa,1906,2,,
472475.jpg,White Dinner at Chicago Automobile Show,Chicago%2C%20IL,Illinois,1906,0,,
472478.jpg,Luncheon Menu at Hotel St. Regis,,n%2Fa,1906,0,,
472480.jpg,Dinner Menu at Hotel St.Regis,,n%2Fa,1906,0,,
472482.jpg,Complete Daily Menu at Victor Baracca Rest,New%20York%2C%20NY,New%20York,1906,0,,
472487.jpg,Hotel St. Regis Luncheon Menu,,n%2Fa,1906,0,,
472497.jpg,Breakfast at Hotel St. Regis,,n%2Fa,1906,0,,
472498.jpg,Hotel St. Regis Supper Menu,Detroit%2C%20MI,Michigan,1906,0,,
472505.jpg,Westminster Kennel Club Luncheon at Madison Square Garden,New%20York%2C%20NY,New%20York,1906,2,,
472528.jpg,Banquet and Ball Menu at Teutonia Lodge 617 F. & A.M.,New%20York%2C%20NY,New%20York,1906,2,,
472531.jpg,Dinner at St. Regis Hotel,New%20York%2C%20NY,New%20York,1906,0,,
472532.jpg,THIRD ANNUAL DINNER at ST. DENIS HOTEL,Flushing%2C%20NY,New%20York,1906,2,,
472536.jpg,Dinner Tendered to Brooklyn Lodge No. 22 at Stanwix Hotel,Albany%2C%20NY,New%20York,1906,2,,
472541.jpg,70th Anniversary Banquet and Ball Menu,,n%2Fa,1906,2,,
472547.jpg,Dinner at Hotel St. Regis,New%20York,New%20York,1906,0,,
472558.jpg,Friday Night Club Dinner at Palace Hotel,San%20Francisco%2C%20CA,California,1906,0,,
472559.jpg,54th Annual Reunion Menu,Cincinnati%2C%20OH,Ohio,1906,2,,
472560.jpg,Anniversary Dinner at Fraunces Tavern,New%20York%2C%20NY,New%20York,1906,2,,
472561.jpg,Dinner to Above - Complimentary/Testimonial,Miramar,n%2Fa,1906,2,,
472563.jpg,Second Annual Dinner at Hotel Astor,New%20York%2C%20NY,New%20York,1906,2,,
472570.jpg,Annual Dinner Menu,,n%2Fa,1906,2,,
472575.jpg,DINNER TO THE PENNSYLVANIA DELEGATION IN CONGRESS,Washington%2C%20D.C.,Washington%2C%20D.C.,1906,2,,
472594.jpg,Luncheon at St. Regis Hotel,New%20York%2C%20NY,New%20York,1906,0,,
472605.jpg,Luncheon at St. Regis Hotel,New%20York%2C%20NY,New%20York,1906,0,,
472606.jpg,Dinner at St. Regis Hotel,New%20York%2C%20NY,New%20York,1906,0,,
472613.jpg,Banquet at Miramar Hotel,Havana,n%2Fa,1906,0,,
472618.jpg,Kalil's Restaurant Sunday Lunch Menu,New%20York%2C%20NY,New%20York,1906,0,,
472620.jpg,Second Annual Banquet Menu,Washington%2C%20DC,Washington%2C%20D.C.,1907,2,,
472631.jpg,Dinner at Crusader Commandery No. 56 Knights Templar,Brewster%2C%20NY,New%20York,1907,2,,
472634.jpg,Longfellow Centenary Dinner,New%20York%2C%20NY,New%20York,1907,2,,
472637.jpg,"Dinner Farewell to Hon. Henry White, U.S. Minister to Italy",Roma%2C%20ITALIA,n%2Fa,1907,2,,
472638.jpg,Dinner at U.S. National Lawn Tennis Association Event,New%20York%2C%20NY,New%20York,1907,2,waldorf,
472649.jpg,U.S. Flagship Charleston Menu,SAN%20DIEGO%2C%20CA,California,1907,1,,
472653.jpg,Birthday Celebration Menu at King Frederik VIII,Copenhagen%2C%20DENMARK,n%2Fa,1907,2,,
472654.jpg,Sons Of American Revolution Menu,Baltimore%2C%20MD,Maryland,1907,0,,
472656.jpg,Dinner Menu on Compagnie General Transatlantique's Paquebot La Touraine,,n%2Fa,1907,1,,
472657.jpg,FIFTH ANNUAL BANQUET at ST. DENIS HOTEL,New%20York%2C%20NY,New%20York,1907,2,,
472661.jpg,Dinner Event for Governor and Lt. Governor,Boston%2C%20MA,Massachusetts,1907,0,,
472662.jpg,Dinner at Swedish Legation,Copenhagen%2C%20DENMARK,n%2Fa,1907,0,,
472666.jpg,Dinner Menu at The Lotos Club,New%20York%2C%20NY,New%20York,1907,0,,
472669.jpg,Dinner honoring the English Minister to Cuba,Havana%2C%20Cuba,n%2Fa,1907,2,,
472680.jpg,Banquet Menu at S.S.B. Counsel Of Spelling Simplification,New%20York%2C%20NY,New%20York,1907,2,waldorf,
472720.jpg,Dinner to Above - Complimentary/Testimonial Event,New%20York%2C%20NY,New%20York,1907,2,,
472738.jpg,Table d'Hote Dinner Menu,New%20York%2C%20NY,New%20York,1907,0,,
472746.jpg,Dinner at La Muette in Paris,Paris%2C%20France,n%2Fa,1907,0,,
472762.jpg,Anniversary Luncheon at The Inside Inn,Jamestown%2C%20VA,Virginia,1907,2,,
472772.jpg,SUPPER IN HONOR OF KING FREDERIK VIII OF DENMARK at KING HAAKON VII,Oslo%2C%20NORWAY,n%2Fa,1907,2,,
472779.jpg,Fourth Annual White Breakfast at Rubinstein Club,New%20York%2C%20NY,New%20York,1907,2,waldorf,
472780.jpg,Dinner for the Congress of the White Ribbon at King Haakon VII,Oslo%2C%20Norway,n%2Fa,1907,2,,
472783.jpg,DINNER at ROYAL ACADEMY OF ARTS,London%2C%20ENGLAND,n%2Fa,1907,0,,
472790.jpg,Annual Banquet Menu at Murray Hill Hotel,New%20York%2C%20NY,New%20York,1907,2,,
472793.jpg,Dinner at American Legation,Copenhagen%2C%20DENMARK,n%2Fa,1907,0,,
472795.jpg,Dinner on board 'La Touraine' by Cie. Gle. Transatlantique,,n%2Fa,1907,1,,
472797.jpg,COACHING CLUB Menu,Claremont,n%2Fa,1907,0,,
472799.jpg,General Kuroki Luncheon Menu,Washington%2C%20DC,Washington%2C%20D.C.,1907,0,,
472800.jpg,Complimentary Ball Event at King Haakon VII,CHRISTIANA,n%2Fa,1907,2,,
472805.jpg,Lowell Lunch Menu,New%20York%2C%20NY,New%20York,1907,0,,
472807.jpg,Annual Meeting Menu at Delmonico's,New%20York%2C%20NY,New%20York,1907,2,delmonicos,
472808.jpg,Planked Shad Dinner at American Cotton Manufacturers' Association,Washington%2C%20DC,Washington%2C%20D.C.,1907,0,,
472814.jpg,Dinner Menu at Cafe Lafayette,New%20York%2C%20NY,New%20York,1907,0,,
472816.jpg,STATE DINNER at PALAIS ROYAL,SOPHIA,n%2Fa,1907,2,,
472839.jpg,Childs' Daily Menu,New%20York%2C%20NY,New%20York,1907,0,,
472840.jpg,Daily Menu at Childs',New%20York%2C%20NY,New%20York,1907,0,,
472843.jpg,Daily Breakfast Menu at Childs',New%20York%2C%20NY,New%20York,1907,0,,
472844.jpg,Daily Lunch Menu at Childs',New%20York%2C%20NY,New%20York,1907,0,,
472848.jpg,Dinner at La Vicomtesse Parker,London%2C%20ENGLAND,n%2Fa,1907,0,,
472849.jpg,Annual Dinner of the Section on Nervous and Mental Diseases,Atlantic%20City%2C%20NJ,New%20Jersey,1907,2,,
472853.jpg,Dinner Menu at The Clarendon,Quebec%2C%20Canada,n%2Fa,1907,0,,
472857.jpg,DINNER at KING EDARD VII,London%2C%20ENGLAND,n%2Fa,1907,2,,
472858.jpg,King Edward VII Dinner at Windsor Castle,London%2C%20ENGLAND,n%2Fa,1907,2,,
472860.jpg,Daily Menu at North Western Hotel,Dublin%2C%20IRELAND,n%2Fa,1907,0,,
472861.jpg,Daily Luncheon Menu,Chicago%2C%20IL,Illinois,1907,0,,
472862.jpg,Dinner Menu at Congress Hotel Company,Chicago%2C%20IL,Illinois,1907,0,,
472869.jpg,Congress Hotel Company Luncheon Menu,Chicago%2C%20IL,Illinois,1907,0,,
472872.jpg,Congress Hotel Company Dinner Menu,Chicago%2C%20IL,Illinois,1907,0,,
472874.jpg,Dinner for 50 Guests at King Edward VII,Windsor%2C%20England,n%2Fa,1907,2,,
472875.jpg,Dinner to Friends at Belle Erre Club,Port%20Jefferson%2C%20NY,New%20York,1907,2,,
472881.jpg,Daily Menu at Congress Hotel Company,Chicago%2C%20IL,Illinois,1907,0,,
472883.jpg,Luncheon for 120 guests at Edward VII,Ascot%2C%20ENGLAND,n%2Fa,1907,2,,
472893.jpg,Farewell Dinner at Garden City Hotel,Garden%20City%2C%20NY,New%20York,1907,0,,
472895.jpg,Luncheon Menu,Chicago%2C%20IL,Illinois,1907,0,,
472898.jpg,Table d'hote dinner at Congress Hotel Company,Chicago%2C%20IL,Illinois,1907,0,,
472901.jpg,Special Luncheon at Congress Hotel Company,Chicago%2C%20IL,Illinois,1907,0,,
472904.jpg,CARTE DU JOUR,Chicago%2C%20IL,Illinois,1907,0,,
472906.jpg,ROYAL SUPPER IN HONNOR OF A SPECIAL SHOW,CHRISTIANA%2C%20NORWAY,n%2Fa,1907,2,,
472910.jpg,Twelfth Annual Meeting Menu,Ocean%20City%2C%20MD,Maryland,1907,2,,
472911.jpg,Royal Reception Menu,London%2C%20ENGLAND,n%2Fa,1907,2,,
472913.jpg,Luncheon Menu,New%20York%2C%20NY,New%20York,1907,0,,
472914.jpg,SUPPER OFFERED IN HONOR OF THE EXPOSITION OF AGRICULTURE,Christiania%2C%20NORWAY,n%2Fa,1907,2,,
472918.jpg,DINNER at S.S. KROONLAND by RED STAR LINE,,n%2Fa,1907,1,,
472919.jpg,LUNCHEON MENU on S.S. KROONLAND by RED STAR LINE,,n%2Fa,1907,1,,
472922.jpg,Breakfast Menu on S.S. KROONLAND,,n%2Fa,1907,1,,
472925.jpg,LUNCHEON MENU ON BOARD S.S. KROONLAND,,n%2Fa,1907,1,,
472926.jpg,Breakfast Menu on S.S. Kroonland,Antwerpen%2C%20Belgium,n%2Fa,1907,1,,
472969.jpg,Dinner to Queen Alexandre & Princess Victoria of Russia at Palais Royal,Christiania%2C%20NORWAY,n%2Fa,1907,2,,
472970.jpg,Breakfast Menu on board S.S. Kronprinzessin Cecile,Bremen,n%2Fa,1907,1,,
472972.jpg,Lunch Menu on board S.S. Kronprinzessin Cecile,Bremen,n%2Fa,1907,1,,
472979.jpg,The Washington Luncheon Menu,St.%20Louis%2C%20MO,Missouri,1907,0,,
472992.jpg,Fifty-Fifth Annual Meeting Shore Dinner at Dreamland,Coney%20Island%2C%20NY,New%20York,1907,2,,
473006.jpg,MURRAY'S DINNER MENU,Murray's%2C%20in%20Murray's,n%2Fa,1907,0,,
473008.jpg,Luncheon to Gentlemen Accompanying August Belmont on First Train Through Belmont Tunnel,New%20York%2C%20NY,New%20York,1907,2,,
473009.jpg,Breakfast at The Clarendon,Queben%2C%20Canada,n%2Fa,1907,0,,
473012.jpg,Daily Menu at McDonald's Oyster House,New%20York%2C%20NY,New%20York,1907,0,,
473015.jpg,Anniversary Dinner at Medinah Temple,Chicago%2C%20IL,Illinois,1907,2,,
473017.jpg,Supper at The Plaza,New%20York%2C%20NY,New%20York,1907,0,plaza,
473024.jpg,Dinner for 2500 Delegates at Convention Hall,Memphis%2C%20TN,Tennessee,1907,2,,
473029.jpg,Dinner Menu at Gallatin Hotel,New%20York%2C%20NY,New%20York,1907,0,,
473030.jpg,Dinner at Rider Hotel,Cambridge%20Springs%2C%20PA,Pennsylvania,1907,0,,
473038.jpg,Dinner in Honor of the Lord Bishop of London,New%20York%2C%20NY,New%20York,1907,2,plaza,
473040.jpg,Fraunces' Tavern Luncheon Menu,New%20York%20City,New%20York,1907,0,,
473041.jpg,Dinner at Fraunces' Tavern,New%20York%20City,New%20York,1907,0,,
473044.jpg,Breakfast Menu at Waldorf Astoria,New%20York%2C%20NY,New%20York,1907,0,waldorf,
473054.jpg,Anniversary Dinner at Marlborough-Blenheim,Atlantic%20City%2C%20NJ,New%20Jersey,1907,2,,
473071.jpg,SOCIETY OF COLONIAL WARS IN THE STATE OF NEW JERSEY Menu at WALDORF-ASTORIA,New%20York%2C%20NY,New%20York,1907,2,waldorf,
473072.jpg,Luncheon at Broadway Central Hotel,New%20York%2C%20NY,New%20York,1907,0,,
473077.jpg,Twenty-Sixth Annual Dinner at Waldorf-Astoria,New%20York%2C%20NY,New%20York,1907,2,waldorf,
473081.jpg,Dinner at Broadway Central Hotel,New%20York%2C%20NY,New%20York,1907,0,,
473092.jpg,Dinner in Honor of Central American Peace Delegates,Washington%2C%20DC,Washington%2C%20D.C.,1907,2,,
473095.jpg,Dinner to Kaiser Wilhelm and Kaiserin Auguste Victoria of Germany at Windsor Castle,Windsor%2C%20England,n%2Fa,1907,2,,
473096.jpg,DINNER TO PRIZE WINNERS at HOTEL WOODSTOCK,Minneapolis%2C%20MN,Minnesota,1907,2,,
473097.jpg,Dinner Menu on United States Ship Vermont,,n%2Fa,1907,1,,
473099.jpg,Dinner at Crescent Athletic Club,Brooklyn%2C%20NY,New%20York,1907,0,,
473104.jpg,Dinner Menu at Com. Of Mexico Railroad Tariff,Chapultepec%2C%20Mexico,n%2Fa,1907,0,,
473105.jpg,50th Anniversary Dinner,Union%20Square%2C%20NY,New%20York,1907,2,,
473107.jpg,Lunch to Mr. William H. Taft & Mrs. Taft at Asamblea Filipina,Manila%2C%20P.I.,n%2Fa,1907,2,,
473111.jpg,139th Annual Meeting Luncheon at Delmonico's,New%20York%2C%20NY,New%20York,1907,2,delmonicos,
473114.jpg,Daily Dinner Menu at Mills Hotel,New%20York%2C%20NY,New%20York,1907,0,,
473118.jpg,Complimentary Dinner for West Point Military Academy Officers and Cadets,New%20York%2C%20NY,New%20York,1907,2,,
473124.jpg,Daily Luncheon Menu at Mills Hotel,New%20York%2C%20NY,New%20York,1907,0,,
473125.jpg,Daily Luncheon Menu on R.M.S. 'Mauretania',,n%2Fa,1907,1,,
473126.jpg,Daily Menu at The New Falmouth Hotel,Portland%2C%20ME,Maine,1907,0,,
473131.jpg,Annual Dinner Menu at Hotel Stenton,Philadelphia%2C%20PA,Pennsylvania,1907,2,,
473132.jpg,Hotel Dining Menu,New%20York%2C%20NY,New%20York,1907,0,,
473136.jpg,Waldorf Astoria Luncheon Menu,New%20York%2C%20NY,New%20York,1907,0,waldorf,
473137.jpg,Dinner at Waldorf Astoria,New%20York%2C%20NY,New%20York,1907,0,waldorf,
473139.jpg,Dinner Menu at Grand Hotel Hungaria,Budapest%2C%20Hungary,n%2Fa,1907,0,,
473151.jpg,Hotel Dining Menu,Columbus%2C%20Ohio,Ohio,1907,0,,
473153.jpg,APRE LE THEATRE SUPPER,Cincinnati%2C%20OH,Ohio,1907,0,,
473160.jpg,Ohio State Hotel Association Luncheon at St. Nicholas Hotel,Cincinnati%2C%20OH,Ohio,1907,2,,
473164.jpg,Daily Dinner Menu at Hotel Langwell,Elmira%2C%20NY,New%20York,1907,0,,
473174.jpg,Daily Luncheon Menu at Hotel Thorndike,Boston%2C%20MA,Massachusetts,1907,0,,
473175.jpg,Hotel Thorndike Daily Dinner Menu,Boston%2C%20MA,Massachusetts,1907,0,,
473181.jpg,Dinner in honor of Mr. William T. Evans,New%20York%2C%20NY,New%20York,1907,2,,
473186.jpg,DINNER at THE NEW WILLARD,Washington%2C%20DC,Washington%2C%20D.C.,1907,0,,
473188.jpg,Dinner at The Ideala Club,New%20York%2C%20NY,New%20York,1907,0,waldorf,
473189.jpg,Christmas Breakfast at Park Hotel,Franklin%2C%20PA,Pennsylvania,1907,2,,
473194.jpg,Christmas Dinner at Empire Hotel,Bath%2C%20England,n%2Fa,1907,2,,
473212.jpg,Charity Ball Menu,City%20of%20Mexico,n%2Fa,1907,0,,
473214.jpg,Annual Banquet Menu at Touro Club,Hartford%2C%20CT,Connecticut,1907,2,,
473241.jpg,Dinner at Hotel Continental,Oslo%2C%20Norway,n%2Fa,1908,0,,
473249.jpg,MENU DU SOUPER DU BALL,Newcastle-upon-Tyne%2C%20ENGLAND,n%2Fa,1908,0,,
473265.jpg,Dinner at Delmonico's,New%20York%2C%20NY,New%20York,1908,0,delmonicos,
473268.jpg,GEORGETOWN UNIVERSITY ALUMNI BANQUET (FOUNDERS'DAY),Washington%2C%20DC,Washington%2C%20D.C.,1908,2,,
473269.jpg,Ulster Club Dinner Menu,Belfast%2C%20IRELAND,n%2Fa,1908,0,,
473284.jpg,DINNER TO ABOVE at THE ST. NICHOLAS,Cincinnati%2C%20OH,Ohio,1908,0,,
473287.jpg,Dinner in Honor of Professor Cesare Vivante,Rome%2C%20Italy,n%2Fa,1908,0,,
473288.jpg,Dinner to Chilian Officials on Board Flagship 'Connecticut',,n%2Fa,1908,0,,
473293.jpg,Dinner Menu at British Schools And Universities Club,New%20York%2C%20NY,New%20York,1908,0,,
473297.jpg,Dinner at Bellevue-Stratford,Philadelphia%2C%20PA,Pennsylvania,1908,0,,
473300.jpg,DINNER TO THE GRIDIRON CLUB at THE NEW WILLARD,Washington%2C%20DC,Washington%2C%20D.C.,1908,2,,
473305.jpg,Dinner honoring J.F. Burke and H.M. Gerrans at Hotel Iroquois,Buffalo%2C%20NY,New%20York,1908,2,,
473339.jpg,Banquet to the Phoenix & Maricopa County Board of Trade,Phoenix%2C%20ARIZONA,Arizona,1906,2,,
473343.jpg,St. Regis Hotel Luncheon Menu,New%20York%2C%20NY,New%20York,1906,0,,
473345.jpg,Dinner Menu at St. Regis Hotel,,n%2Fa,1906,0,,
473364.jpg,"Cold Tiffin served on cricket grounds at Bristol Hotel, Cinnamon Gardens",Bristol%2C%20England,n%2Fa,1906,0,,
473379.jpg,U.S.S. Raleigh Luncheon Menu,Shanghai%2C%20China,n%2Fa,1906,1,,
473381.jpg,U.S.S. Raleigh Dinner Menu,Shanghai%2C%20China,n%2Fa,1906,1,,
473384.jpg,Breakfast at Bristol Hotel,Colombo,n%2Fa,1906,0,,
473385.jpg,Luncheon Menu at Bristol Hotel,Colombo,n%2Fa,1906,0,,
473386.jpg,Dinner at Bristol Hotel,Colombo,n%2Fa,1906,0,,
473393.jpg,Shrine Banquet at Oriental Hotel,Dallas%2C%20TX,Texas,1906,2,,
473394.jpg,Sixteenth Annual Dinner at St. Lawrence Club,New%20York%2C%20NY,New%20York,1906,2,,
473398.jpg,Dinner to the Rector and Professors of the University of Christiania at King Haakon VII,CHRISTIANIA%2C%20NORWAY,n%2Fa,1906,2,,
473401.jpg,"Dinner by Burgesses Corps, Eastertide at Manhattan Club",New%20York%2C%20NY,New%20York,1906,0,,
473414.jpg,Daily Price List at Clover Club,New%20York%2C%20NY,New%20York,1906,0,,
473415.jpg,Diner on Compagnie General Transatlantique's Paquebot La Provence,,n%2Fa,1906,1,,
473422.jpg,Daily Price List at Clover Club,New%20York%2C%20NY,New%20York,1906,0,,
473423.jpg,"Dinner Menu on U.S.S. Raleigh en route to Shanghai, China",Shanghai%2C%20China,n%2Fa,1906,1,,
473428.jpg,"Dinner to Frank Hurd Robinson, Grand Master at Masonic Club",NY,New%20York,1906,2,,
473434.jpg,Dinner at Rector's hosted by Mr.T.N.Jarvis,New%20York%2C%20NY,New%20York,1906,2,,
473444.jpg,Anniversary Dinner at THE NEW WILLARD,Washington%2C%20DC,Washington%2C%20D.C.,1906,2,,
473446.jpg,ANNIVERSARY DINNER at THE NEW WILLARD,Washington%2C%20DC,Washington%2C%20D.C.,1906,2,,
473447.jpg,Ninth Annual Dinner at Hotel Savoy,New%20York%2C%20NY,New%20York,1906,2,,
473462.jpg,"DAILY MENU, DINNER at COMPAGNIE GENERALE TRANSATLANTIQUE",,n%2Fa,1906,1,,
473463.jpg,Ancient Accepted Scottish Rite Festival Reunion Menu,New%20York%2C%20NY,New%20York,1906,2,,
473469.jpg,"Dinner to Jockey Club, Derby Day at Buckingham Palace",London%2C%20ENGLAND,n%2Fa,1906,0,,
473472.jpg,Anniversary Dinner Menu at The Monico,London%2C%20ENGLAND,n%2Fa,1906,2,,
473476.jpg,Supper at The Maplewood,Pittsfield%2C%20MA,Massachusetts,1906,0,,
473478.jpg,DINNER TO AMERICAN PRESS HUMORISTS,Philadelphia%2C%20PA,Pennsylvania,1906,2,,
473488.jpg,Dinner on board USS Raleigh,Yokohama%2C%20Japan,n%2Fa,1906,1,,
473489.jpg,Luncheon on board USS Raleigh,Yokohama%2C%20Japan,n%2Fa,1906,1,,
473491.jpg,Dinner on board H.M.Y. Victoria & Albert for the Coronation of King Haakon & Queen Maud,,n%2Fa,1906,2,,hist
473493.jpg,Box at Ascot Races Menu,Ascot%2C%20ENGLAND,n%2Fa,1906,0,,
473505.jpg,Coronation Supper for 800 at King Haakon VII,Trondhjem%2C%20Norway,n%2Fa,1906,2,,
473506.jpg,Hotel Columbian Dinner Menu,Thousand%20Island%20Park%2C%20New%20York,New%20York,1906,0,,
473507.jpg,Coronation Ball Menu at King Haakon VII,Trondhjem%2C%20Norway,n%2Fa,1906,2,,
473508.jpg,Yale College 1900s Sexennial Anniversary Menu,New%20Haven%2C%20CT,Connecticut,1906,2,,
473509.jpg,Yale College '96S Decennial Anniversary Menu,New%20Haven%2C%20CT,Connecticut,1906,2,,
473510.jpg,Luncheon Menu at U.S.S.S.Raleigh,Yokohama%2C%20JAPAN,n%2Fa,1906,1,,
473513.jpg,Daily Menu on R.M.S. Etruria by Cunard Steam Ship Company Limited,,n%2Fa,1906,1,,
473515.jpg,Daily Dinner Menu at Chateau Frontenac,Quebec%2C%20Canada,n%2Fa,1906,0,,
473516.jpg,Daily Breakfast Menu at Chateau Frontenac,Quebec%20City%2C%20QC,n%2Fa,1906,0,,
473519.jpg,Daily Dinner Menu on S.S. 'Caledonia',,n%2Fa,1906,1,,
473521.jpg,Daily Luncheon Menu aboard R.M.S. 'Etruria',,n%2Fa,1906,1,,
473525.jpg,Daily Dinner Menu at Kenwood and Imperial Hotels,Bermuda,n%2Fa,1906,0,,
473530.jpg,Luncheon at Prince and Princess of Wales,London%2C%20England,n%2Fa,1906,2,,
473535.jpg,"DAILY MENU, DINNER on Hamburg Amerika Linie's 'KAISERIN AUGUSTE VICTORIA'",Hamburg%2C%20Germany,n%2Fa,1906,1,,
473536.jpg,15th Annual Banquet at Deutsches Bundesschiessen Mainz,Munich%2C%20GERMANY,n%2Fa,1906,2,,
473542.jpg,DAILY MENU on board the 'AMERIKA',Hamburg%2C%20Germany,n%2Fa,1906,1,,
473545.jpg,FRUHSTUCK-LUNCHEON on HAMBURG-AMERIKA LINIE,Hamburg%2C%20Germany,n%2Fa,1906,1,,
473555.jpg,CARTE DU JOUR at RITZ CARLTON RESTAURANT AN BORD DER 'AMERIKA',Hamburg%2C%20Germany,n%2Fa,1906,1,,
473560.jpg,Lunch Menu at Locanda Maggiore,Bagni%20di%20Montecatini%2C%20Tuscany%2C%20Italy,n%2Fa,1906,0,,
473561.jpg,Diner at Locanda Maggiore,Bagni%20di%20Montecatini%2C%20Tuscany%2C%20Italy,n%2Fa,1906,0,,
473572.jpg,ABEND-ESSEN at HAMBURG-AMERIKA LINIE,Hamburg%2C%20Germany,n%2Fa,1906,1,,
473575.jpg,CARTE DU JOUR-DEJEUNER at RITZ CARLTON RESTAURANT AN BORD DER 'AMERIKA',Hamburg%2C%20Germany,n%2Fa,1906,1,,
473576.jpg,CARTE DU JOUR-DINER at RITZ CARLTON RESTAURANT AN BORD DER 'AMERIKA',Hamburg%2C%20Germany,n%2Fa,1906,1,,
473577.jpg,FRUHSTUCK A LA CARTE at HAMBURG-AMERIKA LINIE,Hamburg%2C%20Germany,n%2Fa,1906,1,,
473578.jpg,MITTAG-ESSEN at HAMBURG-AMERIKA LINIE,Hamburg%2C%20Germany,n%2Fa,1906,1,,
473579.jpg,ABEND-ESSEN at HAMBURG-AMERIKA LINIE,Hamburg%2C%20Germany,n%2Fa,1906,1,,
473583.jpg,CARTE DU JOUR-DINER at RITZ CARLTON RESTAURANT AN BORD DER 'AMERIKA',Hamburg%2C%20Germany,n%2Fa,1906,1,,
473584.jpg,SOUPER at MARLBOROUGH HOUSE,London%2C%20ENGLAND,n%2Fa,1906,0,,
473606.jpg,LUNCHEON MENU ON BOARD S.S.AMERIKA,Hamburg%2C%20Germany,n%2Fa,1906,1,,
473610.jpg,Daily Dinner Menu at Bible Hotel,Amsterdam%2C%20HOLLAND,n%2Fa,1906,0,,
473611.jpg,Dinner to Secretary of State & Mrs. Root at American Embassy,Rio%20de%20Janeiro,n%2Fa,1906,2,,
473613.jpg,Daily Menu at Supper's Hotel & Restaurant,BROOKLYN%2C%20NY,New%20York,1906,0,,
473615.jpg,Maxim's Dinner Menu,Paris%2C%20FRANCE,n%2Fa,1906,0,,
473616.jpg,Dinner on Board 'La Bretagne',,n%2Fa,1906,1,,
473617.jpg,Dinner Menu at Burgundy Hotel,Paris%2C%20FRANCE,n%2Fa,1906,0,,
473618.jpg,DEJEUNER,Paris%2C%20FRANCE,n%2Fa,1906,0,,
473621.jpg,Duval's Dejeuner & Diner Menu,Paris%2C%20FR,n%2Fa,1906,0,,
473622.jpg,DINNER MENU at HOTEL DE BELLEVUE,LA%20HAYE%2C%20FRANCE,n%2Fa,1906,0,,
473625.jpg,Dinner at Manhasset House,Shelter%20Island%2C%20NY,New%20York,1906,0,,
473626.jpg,Breakfast Menu at Pocono Mountain House,Mt.%20Pocono%2C%20PA,Pennsylvania,1906,0,,
473627.jpg,DINNER MENU at Pocono Mountain House,MT.%20POCANO%2C%20PA,Pennsylvania,1906,0,,
473628.jpg,SUPPER at POCANO MOUNTAIN HOUSE,MT.%20POCANO%2C%20PA,Pennsylvania,1906,0,,
473629.jpg,Luncheon Menu on H.M.S. Euryalus,,n%2Fa,1906,1,,
473630.jpg,Dinner Menu aboard Paquebot La Savoie,,n%2Fa,1906,1,,
473634.jpg,Dinner Menu on Paquebot La Provence,,n%2Fa,1906,1,,
473636.jpg,Dinner Menu at Adelphi Hotel,Liverpool%2C%20ENGLAND,n%2Fa,1906,0,,
473640.jpg,Dinner at Legacion de los Estados Unidos,Santiago%2C%20Chile,n%2Fa,1906,0,,
473645.jpg,Daily Dinner Menu on Compagnie General Transatlantique's Paquebot 'La Touraine',,n%2Fa,1906,1,,
473658.jpg,Daily Dinner Menu at The Clarendon,Quebec%2C%20Canada,n%2Fa,1906,0,,
473665.jpg,Dinner at Congress Of Italian Engineers And Architects,Milan%2C%20Italy,n%2Fa,1906,2,,
473667.jpg,Daily Dinner Menu on Paquebot 'La Provence',,n%2Fa,1906,1,,
473671.jpg,Dinner at Buffet-Restaurant De La Gare,Brigue%2C%20Switzerland,n%2Fa,1906,0,,
473684.jpg,Supper to Mrs. Langtry at Keen's,New%20York%2C%20NY,New%20York,1906,2,,
473693.jpg,Daily Menu at The Worthy,Springfield%2C%20MA,Massachusetts,1906,0,,
473705.jpg,Dinner Menu at American Railway Guild Auditorium,,n%2Fa,1906,0,,
473707.jpg,Dinner Menu on Aboard 'La Provence',,n%2Fa,1906,1,,
473718.jpg,Dinner Menu at Round Table Club,,n%2Fa,1906,2,,
473722.jpg,Daily Menu at The Navy Yard,Brooklyn%2C%20NY,New%20York,1906,0,,
473723.jpg,Sunday Dinner at The Navy Yard Ladies And Gents Restaurant,Brooklyn%2C%20NY,New%20York,1906,0,,
473724.jpg,"Banquet in Honor of S.E. Il Prof. Luigi Rava, Minister of Instruction",Catania%2C%20Italy,n%2Fa,1906,2,,
473726.jpg,Anniversary Dinner at Auditorium Hotel,Chicago%2C%20IL,Illinois,1906,2,,
473730.jpg,DAILY MENU at U.S.S. LOUISIANA,,n%2Fa,1906,1,,
473734.jpg,Dinner Menu on Compagnie Generale Transatlantique's Paquebot La Touraine,,n%2Fa,1906,1,,
473735.jpg,Athelstan Club Annual Banquet Menu,Mobile%2C%20AL,Alabama,1906,2,,
473740.jpg,Dinner in Honor of Haakon VII at King Edward VII,Windsor%2C%20ENGLAND,n%2Fa,1906,2,,
473744.jpg,Daily Menu at Ye Tea Cup Inne,San%20Francisco%2C%20CA,California,1906,0,,
473749.jpg,Daily Dinner Menu on Paquebot 'La Savoie',,n%2Fa,1906,1,,
473750.jpg,Daily Menu at U.S.S. Louisiana,Colon%2C%20Panama,n%2Fa,1906,1,,
473763.jpg,Daily Menu at The Wanamaker Store Tea Room,New%20York%2C%20NY,New%20York,1906,0,,
473764.jpg,"Dinner hosted by Alexander Agassiz, President of the National Academy of Sciences",Boston%2C%20MA,Massachusetts,1906,2,,
473779.jpg,Dinner Menu by Bermuda Catering Coy.,Hamilton%2C%20Bermuda,n%2Fa,1906,0,,
473785.jpg,Dinner at Manhattan Hotel,Manhattan%2C%20NY,New%20York,1906,0,,
473795.jpg,LUNCH at Old Poodle Dog Restaurant,SAN%20FRANCISCO%2C%20CA,California,1906,0,,
473798.jpg,Tasting Dinner of Stewards & Officers at Delmonico's,New%20York%2C%20NY,New%20York,1906,2,delmonicos,
473806.jpg,Annual Dinner at Charleston Club,Charleston%2C%20SC,South%20Carolina,1906,2,,
473809.jpg,Dinner at Rector's,Rector's,n%2Fa,1906,0,,
473831.jpg,Luncheon Aboard S.S. CITY OF TAMPICO,Vera-Cruz%2C%20Mexico,n%2Fa,1906,1,,
473836.jpg,Annual Dinner at Minneapolis Club,Minneapolis%2C%20MN,Minnesota,1906,2,,
473860.jpg,BREAKFAST MENU at FLATIRON RESAURANT AND CAFE,New%20York%2C%20NY,New%20York,1906,0,,
473864.jpg,LUNCH MENU at FLATIRON RESAURANT AND CAFE,New%20York%2C%20NY,New%20York,1906,0,,
473866.jpg,BREAKFAST at Hotel Havlin,CINCINNATI%2C%20OH,Ohio,1906,0,,
473869.jpg,Daily Luncheon Menu at Hotel Knickerbocker,New%20York,New%20York,1906,0,,
473871.jpg,Christmas Dinner at Mount Nelson Hotel,Cape%20Town%2C%20South%20Africa,n%2Fa,1906,2,,
473876.jpg,Christmas Supper at The Rockafellow,Hot%20Springs%2C%20AR,Arkansas,1906,2,,
473880.jpg,Hotel Rodman Menu,,n%2Fa,1906,0,,
473882.jpg,Christmas Dinner at Hotel Metropole,Las%20Palmas%2C%20Canary%20Islands,n%2Fa,1906,2,,
473889.jpg,Daily Supper Menu at Hotel Knickerbocker,New%20York%2C%20NY,New%20York,1906,0,,
473895.jpg,Anniversary Dinner at The Chemists,New%20York%2C%20NY,New%20York,1906,2,waldorf,
473903.jpg,Lunch at Hotel St. Regis,New%20York%2C%20NY,New%20York,1906,0,,
473904.jpg,M.F.LYONS Lunch and Dinner Menu,New%20York%2C%20NY,New%20York,1906,0,,
473905.jpg,M.F.LYONS Supper and Breakfast Menu,New%20York%2C%20NY,New%20York,1906,0,,
473906.jpg,Specials of the Day at Bristol's Dining Rooms,New%20York%2C%20NY,New%20York,1906,0,,
473909.jpg,Daily Menu at Siegel Cooper Co.,New%20York%2C%20NY,New%20York,1906,0,,
473911.jpg,Dinner Menu at Fleischmann's Vienna Model Bakery,New%20York%2C%20NY,New%20York,1906,0,,
473912.jpg,Daily Menu at Haim's Quick Lunch Restaurant,New%20York%2C%20NY,New%20York,1906,0,,
473914.jpg,Daily Dinner Menu at Hotel St. Regis,New%20York%2C%20NY,New%20York,1906,0,,
473916.jpg,New Year's Dinner at Flat Iron Restaurant,New%20York%2C%20NY,New%20York,1907,2,,
473918.jpg,Daily Supper Menu at Hotel St. Regis,New%20York%2C%20NY,New%20York,1907,0,,
473928.jpg,Daily Menu at Lafayette Place Restaurant and Cafe,New%20York%2C%20NY,New%20York,1907,0,,
473929.jpg,New Year's Dinner to the Diplomatic Corps and their Ladies at King Frederik VIII,Copenhagen%2C%20DENMARK,n%2Fa,1907,2,,
473930.jpg,Daily Luncheon Menu at Hotel St. Regis,New%20York%20City,New%20York,1907,0,,
473931.jpg,Hotel St. Regis Daily Dinner Menu,New%20York%2C%20NY,New%20York,1907,0,,
473933.jpg,Dinner to Judge Norman S. Dike - Complimentary/Testimonial,Brooklyn%2C%20NY,New%20York,1907,2,,
473934.jpg,Childs Restaurant Daily Menu,New%20York%2C%20NY,New%20York,1907,0,,
473938.jpg,Dinner to Commodore (Alfred) Marshall,Larchmont%2C%20NY,New%20York,1907,2,,
473941.jpg,Breakfast Menu at Hotel Knickerbocker,New%20York%2C%20NY,New%20York,1907,0,,
473946.jpg,Lunch Menu at Hotel Knickerbocker,New%20York%2C%20NY,New%20York,1907,0,,
473949.jpg,DINNER at THE TEMPLE by NEW PALESTINE COMMANDERY 11918,New%20York%2C%20NY,New%20York,1907,2,,
473950.jpg,Lunch Menu at Flat Iron Restaurant & Cafe,New%20York%2C%20NY,New%20York,1907,0,,
473951.jpg,Breakfast Menu at Flat Iron Restaurant and Cafe,New%20York%2C%20NY,New%20York,1907,0,,
473952.jpg,Dinner Menu at Flat Iron Restaurant and Cafe,New%20York%2C%20NY,New%20York,1907,0,,
473959.jpg,Supper at Fifth Avenue Hotel,New%20York%2C%20NY,New%20York,1907,0,,
473964.jpg,Daily Cafe Breakfast Menu,New%20York%2C%20NY,New%20York,1907,0,,
473966.jpg,The Ansonia Luncheon Menu,New%20York%2C%20NY,New%20York,1907,0,,
473967.jpg,SUPPER at THE ANSONIA,New%20York%2C%20NY,New%20York,1907,0,,
473968.jpg,Breakfast at The Ansonia,New%20York%2C%20NY,New%20York,1907,0,,
473969.jpg,Eighteenth Annual Ball Menu,Buffalo%2C%20NY,New%20York,1907,2,,
473970.jpg,DINNER MENU at FLATIRON RESAURANT AND CAFE,New%20York%2C%20NY,New%20York,1906,0,,
473982.jpg,Supper at Hotel Knickerbocker,New%20York%2C%20NY,New%20York,1907,0,,
473985.jpg,LUNCHEON at THE ANSONIA,New%20York%2C%20NY,New%20York,1907,0,,
473986.jpg,Dinner at The Ansonia,New%20York%2C%20NY,New%20York,1907,0,,
473987.jpg,Hotel Knickerbocker Luncheon Menu,New%20York%2C%20NY,New%20York,1907,0,,
473991.jpg,Tenth Wedding Anniversary Menu,New%20York%2C%20NY,New%20York,1907,2,,
473992.jpg,American Embassy Dinner Menu,Rome%2C%20Italy,n%2Fa,1907,0,,
473995.jpg,30th Annual Dinner at Governors Of The Queen City Club,CINCINNATI%2C%20OH,Ohio,1907,0,,
473999.jpg,Daily Menu at Stagshaw House,Corbridge%2C%20England,n%2Fa,1907,0,,
474002.jpg,Daily Lunch Menu at Hotel Knickerbocker,New%20York%20City,New%20York,1907,0,,
474008.jpg,Daily Supper Menu at Hotel D'angeleterre,Copenhagen%2C%20DENMARK,n%2Fa,1907,0,,
474015.jpg,Borough Hall Dinner Menu,Stockton-on-Tees%2C%20England,n%2Fa,1907,0,,
474016.jpg,Hunting Menu at Chateau de Rambouillet,Rambouillet%2C%20France,n%2Fa,1907,0,,
474025.jpg,Dinner Menu on Compagnie General Transatlantique's Paquebot La Gascogne,,n%2Fa,1907,1,,
474034.jpg,Ninth Annual Dinner at New York Athletic Club,New%20York%2C%20NY,New%20York,1907,2,,
474035.jpg,Annual Dinner Menu at Piccadilly Club,CINCINNATI%2C%20OH,Ohio,1907,0,,
474037.jpg,St. George Hotel Luncheon Menu,Brooklyn%2C%20NY,New%20York,1907,0,,
474039.jpg,Lunch Ready,New%20York%2C%20NY,New%20York,1907,0,,
474040.jpg,Dinner Specials,New%20York%2C%20NY,New%20York,1907,0,,
474043.jpg,Dinner to Secretaries of State at King Haakon VII,Christiania%2C%20NORWAY,n%2Fa,1907,2,,
474045.jpg,SUPPER BALL at THE BENEDICT'S,Washington%2C%20D.C.,Washington%2C%20D.C.,1907,2,,
474054.jpg,Daily Menu at Ye Olde Dutch Tavern,New%20York%2C%20NY,New%20York,1907,0,,
474061.jpg,Dinner in Honor of Civil and Military Officials of the First Three Ranks,Copenhagen%2C%20DENMARK,n%2Fa,1907,2,,
474064.jpg,Dinner at Grand Hotel Du Quirinal,Rome%2C%20Italy,n%2Fa,1907,0,,
474074.jpg,Daily Luncheon Menu at Hotel Gallatin,New%20York%2C%20NY,New%20York,1907,0,,
474083.jpg,KING VICTOR EMMANUEL III BALL MENU,Rome%2C%20Italy,n%2Fa,1907,2,,
474089.jpg,31ST ANNUAL DOG SHOW LUNCHEON at Westminster Kennel Club,New%20York%2C%20NY,New%20York,1907,2,,
474101.jpg,Dinner at the Dining Room of Fairy Tales,Holmenkollen%2C%20Norway,n%2Fa,1907,0,,
474105.jpg,Valentine Breakfast at Hotel Astor,New%20York%2C%20NY,New%20York,1907,0,,
474106.jpg,Dinner at the Dining Room of Fairy Tales,Holmenkollen%2C%20Norway,n%2Fa,1907,0,,
474107.jpg,Sunday Dinner for the Royal Family and Guests at King Frederik VIII,Copenhagen%2C%20DENMARK,n%2Fa,1907,2,,
474110.jpg,American Legation Diner,Copenhagen%2C%20DENMARK,n%2Fa,1907,0,,
474115.jpg,Daily Dinner Menu on Compagnie General Transatlantique's Paquebot 'La Provence',,n%2Fa,1907,1,,
474116.jpg,Luncheon for Ohio Council of Deliberation Members,CINCINNATI%2C%20OH,Ohio,1907,2,,
474117.jpg,FOURTH DINNER-DISCUSSION at THE ECONOMIC CLUB OF NEW HAVEN,New%20Haven%2C%20CT,Connecticut,1907,2,,
474119.jpg,FOURTH ANNUAL DINNER at COLLEGE ALUMNI,New%20York%2C%20NY,New%20York,1907,2,,
474122.jpg,55th Annual Reunion Menu,Cincinnati%2C%20OH,Ohio,1907,2,,
474132.jpg,Daily Dinner Menu,Havana%2C%20CUBA,n%2Fa,1882,0,,
474146.jpg,Commemoration of Evacuation of NYC by the British,New%20York%2C%20NY,New%20York,1883,2,,
474148.jpg,Dinner at Palais du Quirinal,Rome%2C%20Italy,n%2Fa,1883,0,,
474153.jpg,LAUREL HOUSE DINNER MENU,LAKEWOOD%2C%20NJ,New%20Jersey,1883,0,,
474157.jpg,Annual Dinner Menu by New England Society,New%20York%2C%20NY,New%20York,1883,2,,
474170.jpg,Breakfast at Delmonico,New%20York%2C%20NY,New%20York,1884,0,delmonicos,
474171.jpg,Dinner for Appleton and Slaven at Cafe des Ambassadeurs,Paris,n%2Fa,1884,2,,
474173.jpg,Opening Celebration Menu for Steamer Sam Sloan,New%20York%2C%20NY,New%20York,1884,2,,
474175.jpg,Day's Menu at Government House,Nassau%2C%20N.P.%2C%20Bahamas,n%2Fa,1884,0,,
474186.jpg,Dinner at Willard's Hotel,Washington%2C%20DC,Washington%2C%20D.C.,1884,0,,
474189.jpg,Dinner at Free Trade Club,New%20York%2C%20NY,New%20York,1884,0,delmonicos,
474193.jpg,Daily Menu at Hotel Continental,London%2C%20ENGLAND,n%2Fa,1885,0,,
474198.jpg,Annual Dinner Menu at Delmonico,New%20York%2C%20NY,New%20York,1885,2,delmonicos,
474200.jpg,Dinner Menu at The Antlers,Colorado%20Springs%2C%20CO,Colorado,1885,0,,
474201.jpg,101st Anniversary Dinner at Friendly Sons Of St.Patrick,New%20York%2C%20NY,New%20York,1885,2,delmonicos,
474211.jpg,Dinner Menu for Fifty Million Club Annual Reunion - Commemoration of Death of U.S. Grant,,n%2Fa,1885,2,,
474212.jpg,Frigate La Flore Event Menu,New%20York%2C%20NY,New%20York,1885,2,,
474217.jpg,Sixth Annual Dinner at Ichthyophagous Club,Ichthyophagous%20Club,n%2Fa,1885,0,,
474219.jpg,Beacon Society Event Menu,Boston%2C%20MA,Massachusetts,1885,2,,
474220.jpg,Beckman & Punchard Menu,,n%2Fa,1885,0,,
474222.jpg,Professor John W. Burgess Dinner,New%20York%2C%20N.Y.,New%20York,1885,2,,
474223.jpg,Annual Dinner Menu at Delmonico's,New%20York%2C%20NY,New%20York,1885,2,delmonicos,
474224.jpg,Sunday Menu at Hotel St. George,Brooklyn%2C%20NY,New%20York,1885,0,,
474245.jpg,Dinner for M. Ferdinand de Lesseps and Capt. Nathan Appleton,VILLE%20DE%20SAINT-NAZAIRE,n%2Fa,1886,0,,
474257.jpg,Daily Menu at The Granville,St.%20Lawrence-on-Sea%2C%20Thanet%2C%20England,n%2Fa,1886,0,,
474262.jpg,22nd Grand Masked Ball Menu,New%20York%2C%20NY,New%20York,1887,0,,
474265.jpg,Second Annual Yale Dinner Complimentary to President Dwight,New%20Haven%2C%20CT,Connecticut,1887,2,,
474268.jpg,Dinner at Commonwealth Club,Commonwealth%20Club,n%2Fa,1887,0,,
474269.jpg,Dinner at Commonwealth Club,Commonwealth%20Club,n%2Fa,1887,0,,
474272.jpg,Private Dinner Menu,Washington,Washington,1887,2,,
474274.jpg,Reunion of Class of '86 Menu,Wellesley%2C%20MA,Massachusetts,1887,2,,
474278.jpg,Decennial Celebration Menu,West%20New%20Brighton%2C%20Staten%20Island%2C%20NY,New%20York,1887,2,,
474283.jpg,"Farewell Dinner for the Japanese Minister, W. Kuki",,n%2Fa,1887,0,,
474284.jpg,Commonwealth Club Menu,,n%2Fa,1887,2,,
474287.jpg,Dinner for W. Chamberlain and Sir Charles Tupper of the Fisheries Commission,,n%2Fa,1887,2,,
474288.jpg,SAINT NICHOLAS DAY DINNER at DELMONICO'S,New%20York%2C%20NY,New%20York,1887,2,delmonicos,
474290.jpg,COMMONWEALTH CLUB Menu at METROPOLITAN HOTEL,Commonwealth%20Club%2C%20San%20Francisco%2C%20CA,California,1887,0,,
474298.jpg,Dinner Reception at Metropolitan Opera House,,n%2Fa,1888,2,,
474302.jpg,Old Guard Ball Menu,,n%2Fa,1888,2,,
474305.jpg,Mrs. Cornelius Vanderbilt Ball Menu,New%20York%2C%20NY,New%20York,1888,0,,
474318.jpg,Annual Dinner Menu by Avon Society,,n%2Fa,1888,2,,
474323.jpg,Fifth Annual Dinner at Delmonico's,New%20York%2C%20NY,New%20York,1888,2,delmonicos,
474329.jpg,Dinner at Delmonico's NY,New%20York%2C%20NY,New%20York,1888,0,delmonicos,
474337.jpg,Complimentary Dinner for Mr. James F. Graham at Morello's,New%20York%2C%20N.Y.,New%20York,1888,2,,
474347.jpg,Dinner in Aid of the Reform of the Tariff at The Reform Club,,n%2Fa,1888,2,,
474363.jpg,Jubilee Banquet at Metropolitan Hotel,New%20York%2C%20NY,New%20York,1888,2,,
474368.jpg,Dinner in Honor of Hon. James T. Stranhan,Brooklyn%2C%20NY,New%20York,1888,2,,
474369.jpg,Grand Duke of Hesse Darmstadt Dinner Menu,Darmstadt,n%2Fa,1888,0,,
474371.jpg,Delmonico's Dinner Menu,New%20York%2C%20NY,New%20York,1888,0,delmonicos,
474372.jpg,Dinner at Secretary Of State (Mr Bayard's?),,n%2Fa,1888,2,,
474373.jpg,Annual Dinner Menu at Delmonico's,New%20York%2C%20NY,New%20York,1888,2,delmonicos,
474376.jpg,Lunch Menu at The Albany,Denver%2C%20CO,Colorado,1888,0,,
474378.jpg,French Dinner at Hoffman House,Hoffman%20House%2C%20New%20York,New%20York,1889,0,,
474379.jpg,Holland Society Dinner at Hotel Brunswick,New%20York%2C%20NY,New%20York,1889,0,,
474395.jpg,Five O'Clock Club Philadelphia Menu,Philadelphia%2C%20PA,Pennsylvania,1889,0,,
474415.jpg,Centennial Celebration Reception Menu,New%20York%2C%20NY,New%20York,1889,0,,
474436.jpg,DAILY MENU at TYN-Y-COED,CAMPOBELLO%20ISLAND%2C,n%2Fa,1889,0,,
474437.jpg,Royal Feast at Chateau de Friedrichshafen,,n%2Fa,1889,2,,
474443.jpg,DAILY MENU,PUEBLO%2C%20COLORADO,Colorado,1889,0,,
474448.jpg,Daily Menu at Metropolitan Club,Washington%2C%20D.C.,Washington%2C%20D.C.,1889,0,,
474449.jpg,Merchants Central Club Menu,New%20York%2C%20NY,New%20York,1889,0,,
474454.jpg,DINNER FOR HON. JOHN REILLY,New%20York%2C%20NY,New%20York,1889,0,,
474457.jpg,Table d'hote dinner at Hotel Duquesne,,n%2Fa,1889,0,,
474463.jpg,Dinner to Hon. Henry W. Grady and Party at Delmonicos,New%20York%2C%20NY,New%20York,1889,2,delmonicos,
474464.jpg,DINNER MENU at LAWYERS' CLUB,,n%2Fa,1889,2,,
474465.jpg,DINNER TO THE DELEGATES OF THE INTERNATIONAL MARINE CONFERENCE,Washington%2C%20D.C.,Washington%2C%20D.C.,1889,2,,
474471.jpg,22nd Regiment Reception Menu,New%20York%2C%20NY,New%20York,1890,2,,
474473.jpg,UNDERWRITERS ANNUAL DINNER at THE ARLINGTON,Washington%2C%20D.C.,Washington%2C%20D.C.,1890,2,,
474474.jpg,Menu at Delmonico's,New%20York%2C%20NY,New%20York,1890,0,delmonicos,
474477.jpg,Annual Dinner at Hotel Brunswick,New%20York%2C%20NY,New%20York,1890,2,,
474481.jpg,Private Dinner Menu at Grand Duke Of Mecklenburg Schwerin Friedrich Franz,,n%2Fa,1890,2,,
474482.jpg,LIBERAL BROTHERHOOD BALL MENU,New%20York%2C%20NY,New%20York,1890,0,,
474496.jpg,Dinner at The Autocrat Club,Providence%2C%20RI,Rhode%20Island,1890,2,,
474497.jpg,Dinner at MILLBROOK,,n%2Fa,1890,0,,
474498.jpg,Anniversary Dinner Menu at National Academy Of Design,New%20York%2C%20NY,New%20York,1890,2,,
474499.jpg,"Dinner for His Excellency Governor Sir Ambrose Shea, KCMG",Nassau%2C%20N.P.,n%2Fa,1890,0,,
474504.jpg,Dinner at The Hygeia Hotel,Old%20Point%20Comfort%2C%20VA,Virginia,1890,0,,
474505.jpg,Dinner Menu at The Arlington,Washington%2C%20D.C.,Washington%2C%20D.C.,1890,0,,
474508.jpg,Hotel Lafayette Dinner Menu,Philadelphia%2C%20PA,Pennsylvania,1890,0,,
474512.jpg,Annual Banquet at Trustees of the Missouri Botanical Garden,St.%20Louis%2C%20MO,Missouri,1890,2,,
474520.jpg,MENU at HOTEL de l'EUROPE,Bremen%2C%20GERMANY,n%2Fa,1890,0,,
474521.jpg,Dinner Menu at The Nobscussett,Dennis%2C%20Cape%20Cod%2C%20MA,Massachusetts,1890,0,,
474526.jpg,Cold Dinner at Oak Bluffs Club,Buffalo%2C%20NY,New%20York,1890,0,,
474527.jpg,Banquet to the Earl of Onslow,Auckland%2C%20New%20Zealand,n%2Fa,1890,2,,
474529.jpg,Dinner at Brooklyn Club,Brooklyn%2C%20NY,New%20York,1890,0,,
474530.jpg,Dinner at Oak Bluffs Club,Buffalo%2C%20NY,New%20York,1890,0,,
474531.jpg,Sunday Dinner at Poland Springs House,Poland%20Springs%2C%20Maine,Maine,1890,0,,
474533.jpg,5th Mass. Battery E. Dinner at Young's Hotel,Boston%2C%20MA,Massachusetts,1890,0,,
474534.jpg,Complimentary Dinner to English Visitors at The Richelieu,Chicago%2C%20IL,Illinois,1890,0,,
474562.jpg,Dinner at Delmonicos,New%20York%2C%20NY,New%20York,1891,0,delmonicos,
474570.jpg,Dinner Menu at 141 Quest 72e Rue,Paris%2C%20FRANCE,n%2Fa,1891,0,,
474575.jpg,Dinner at Adolf Mehrkens Mannerchor,Hamburg%2C%20GERMANY,n%2Fa,1891,0,,
474586.jpg,Private Party Dinner Menu at SHERRY'S,New%20York%2C%20NY,New%20York,1891,0,,
474603.jpg,"DINNER at THE WALNUT ROOMS, THE GRAND HOTEL",London%2C%20ENGLAND,n%2Fa,1891,0,,
474609.jpg,Dinner at Nobody's Friends,London%2C%20England,n%2Fa,1891,0,,
474616.jpg,2nd Annual Banquet at Mercantile Club,St.%20Louis%2C%20Missouri,Missouri,1891,0,,
474618.jpg,Dinner at Auditorium Hotel,Chicago%2C%20IL,Illinois,1891,0,,
474628.jpg,Patriotic Holiday Dinner,Atlantic%20City%2C%20NJ,New%20Jersey,1891,2,,
474631.jpg,DINNER TO GROVER CLEVELAND,SANDWICH%2C%20MA,Massachusetts,1891,2,,
474635.jpg,Breakfast honoring Admiral John Grimes Walker and the White Squadron,New%20York%2C%20NY,New%20York,1891,2,,
474651.jpg,Dinner Menu at Paul Smith's,Paul%20Smith's%2C%20NY,New%20York,1891,0,,
474652.jpg,SUPPER at PAUL SMITH'S,Paul%20Smith's%2C%20NY,New%20York,1891,0,,
474653.jpg,SPISZEDDEL at Alemanisch Club,Luzern%2C%20Switzerland,n%2Fa,1891,2,,
474656.jpg,Dinner Menu at Hotel Ampersand,Hotel%20Ampersand%2C%20Saranac%20Lake%2C%20NY,New%20York,1891,0,,
474662.jpg,Breakfast Menu at The Windsor,Montreal%2C%20Canada,n%2Fa,1891,0,,
474663.jpg,The Windsor Luncheon Menu,Montreal%2C%20Canada,n%2Fa,1891,0,,
474667.jpg,"Dinner for Czar and Czarenna, King and Queen of Greece, Prince and Princess of Wales",,n%2Fa,1891,2,,
474673.jpg,Wedding Celebration Meal at Bremerhof,Bremen%2C%20GERMANY,n%2Fa,1891,0,,
474676.jpg,Evening Meal at Obs Coena Medicorum,Bergen%2C%20NORWAY,n%2Fa,1891,0,,
474682.jpg,Eleventh Annual Dinner at Queen City Club,Cincinnati%2C%20OH,Ohio,1891,2,,
474683.jpg,Celebration of the Evacuation of the City of New York,New%20York%2C%20NY,New%20York,1891,2,delmonicos,
474686.jpg,Thanksgiving Dinner at Murray Hill Hotel,New%20York%2C%20NY,New%20York,1891,2,,
474707.jpg,GRAND HOTEL MEN'S BANQUET at DELMONICO'S NY,New%20York%2C%20NY,New%20York,1892,0,delmonicos,
474712.jpg,Fifteenth Annual Dinner at Governors Of The Queen City Club,Cincinnati%2C%20OH,Ohio,1892,0,,
474713.jpg,Mrs. Bradley Martin Reception and Ball Menu,New%20York%2C%20NY,New%20York,1892,2,,
474714.jpg,Commonwealth Club Dinner at Morello's,New%20York%2C%20NY,New%20York,1892,2,,
474715.jpg,Dinner at Preble House,Portland%2C%20ME,Maine,1892,0,,
474723.jpg,DINNER at MAZZETI,Philadelphia%2C%20PA,Pennsylvania,1892,0,,
474727.jpg,DINNER-DANCE at THE ARLINGTON,Washington%2C%20DC,Washington%2C%20D.C.,1892,0,,
474729.jpg,Daily Menu at Hotel Windsor,Westminster%2C%20England,n%2Fa,1892,0,,
474738.jpg,Table d'hote dinner menu,Washington%2C%20D.C.,Washington%2C%20D.C.,1892,2,,
474743.jpg,Dinner Menu at Mountain Park Hotel,Hot%20Springs%2C%20N.C.,North%20Carolina,1892,0,,
474756.jpg,LUNCHEON TO GEORGE W. CHILDS,Chicago%2C%20IL,Illinois,1892,0,,
474758.jpg,Jaeger's Opening Banquet,New%20York%2C%20NY,New%20York,1892,2,,
474764.jpg,Third Annual Banquet at Mercantile Club,St.%20Louis%2C%20MO,Missouri,1892,0,,
474765.jpg,LUNCHEON at LAUREL-IN-THE-PINES,LAKEWOOD%2C%20NJ,New%20Jersey,1892,0,,
474769.jpg,Breakfast Menu on S.S.WAESLAND by Red Star Line,,n%2Fa,1892,1,,
474775.jpg,Daily Dinner Menu,New%20York%2C%20NY,New%20York,1892,0,,
474776.jpg,Dinner at King Alexander Of Servia,Belgrade,n%2Fa,1892,2,,
474778.jpg,Daily Dinner Menu at Mme.Fannie Berliner,New%20York%2C%20NY,New%20York,1892,0,,
474787.jpg,Breakfast Menu at Maplewood Hotel,White%20Mountains%2C%20NH,New%20Hampshire,1892,0,,
474791.jpg,Planet Mars Gustatory Club Dinner at Hotel Champlain,Hotel%20Champlain%2C%20Clinton%20County%2C%20NY,New%20York,1892,2,,
474800.jpg,Fest-Bankett at Der Liederkranz Halle,,n%2Fa,1892,2,,
474804.jpg,Luncheon Menu on R.M.S. 'CITY OF PARIS',,n%2Fa,1892,1,,
474809.jpg,Wedding Dinner at Mayer,Cincinnati%2C%20OHIO,Ohio,1892,0,,
474810.jpg,Dennett's Daily Bill of Fare,New%20York%2C%20NY,New%20York,1892,0,,
474812.jpg,Daily Dinner Served in Grill Room,London%2C%20ENGLAND,n%2Fa,1892,0,,
474813.jpg,Daily Dinner at Hotel Lyon,,n%2Fa,1892,0,,
474814.jpg,Anniversary Dinner Menu,New%20York%2C%20NY,New%20York,1892,0,,
474819.jpg,Second Anniversary Dinner at Eccentric Club,Criterion%2C%20Eccentric%20Club,n%2Fa,1892,2,,
474820.jpg,Thanksgiving Dinner at Robert Emmet Mac Alarney's Home,Harrisburg%2C%20PA,Pennsylvania,1892,2,,
474828.jpg,BILL OF FARE,,n%2Fa,1892,0,,
474830.jpg,SAINT NICHOLAS DAY Celebration Menu,,n%2Fa,1892,2,,
474831.jpg,Fifth Annual Ball Menu,Coney%20Island%2C%20NY,New%20York,1892,2,,
474833.jpg,Grand Banquet and Social Re-Union Menu,New%20York%2C%20NY,New%20York,1892,2,,
474856.jpg,Musicale & Cotillion at Cordova Tonight,St.%20Augustine%2C%20FL,Florida,1893,2,,
474857.jpg,GERMAN-AFRICAN MENU,Koenigsberg%2C%20GERMANY,n%2Fa,1893,0,,
474859.jpg,Bill of Fare at Hotel Westminster,Nice%2C%20FRANCE,n%2Fa,1893,0,,
474874.jpg,Twilight Club Dinner Menu,,n%2Fa,1893,0,,
474876.jpg,Dinner Menu for Pennsylvania RR Dining Cars,Pennsylvania%20Rr%20Dining%20Cars,Pennsylvania,1893,1,,
474877.jpg,Dinner at United State Legation,Copenhagen%2C%20DENMARK,n%2Fa,1893,0,,
474878.jpg,Lunch Menu at The Lakewood,LAKEWOOD%2C%20NJ,New%20Jersey,1893,0,,
474879.jpg,Dinner Menu at Pennsylvania Railroad Dining Car,Pennsylvania%20Railroad%20Dining%20Car,Pennsylvania,1893,1,,
474881.jpg,DINNER at NARRAGANSETT HOTEL,Providence%2C%20RI,Rhode%20Island,1893,0,,
474884.jpg,DINNER MENU at THE LAKEWOOD,LAKEWOOD%2C%20N.J.,New%20Jersey,1893,0,,
474886.jpg,Easter Dinner at Stanwix Hall,Albany%2C%20N.Y.,New%20York,1893,2,,
474900.jpg,Pennsylvania Railroad Luncheon Menu,Penn%2C%20Pennsylvania,Pennsylvania,1893,1,,
474901.jpg,Pennsylvania Railroad Dinner Menu,Penn%2C%20Pennsylvania,Pennsylvania,1893,1,,
474905.jpg,Testimonial Dinner at Hotel De Logerot,New%20York%2C%20NY,New%20York,1893,2,,
474907.jpg,Dinner Menu for The Admiralty Special,Chicago%2C%20IL,Illinois,1893,1,,
474912.jpg,ALMUERZO at EULALIA SPECIAL,New%20York%2C%20NY,New%20York,1893,0,,
474915.jpg,Dinner Menu on Norddeutscher Lloyd Bremen Ship,Bremen,n%2Fa,1893,1,,
474917.jpg,Dinner for Hon. Anthony Howells at St. David's Society of the State of NY,New%20York%2C%20NY,New%20York,1893,2,,
474922.jpg,Lunch Menu at Chicago Beach Hotel,Chicago%2C%20IL,Illinois,1893,0,,
474923.jpg,Dinner Menu at Columbia Casino Restaurant,Chicago%2C%20IL,Illinois,1893,0,,
474924.jpg,Hotel Claremont Dinner Menu,Claremont%2C%20California,California,1893,0,,
474927.jpg,Dinner hosted by King Alexander Of Servia,Belgrade,n%2Fa,1893,2,,
474929.jpg,Dinner Menu at Ocean House,Ocean%20House%2C%20Rhode%20Island,Rhode%20Island,1893,0,,
474933.jpg,Dinner at The Gerlagh,New%20York%2C%20NY,New%20York,1893,0,,
474934.jpg,Lunch Menu at The Marcaret,Columbia%20Heights%2C%20Washington%2C%20D.C.,Washington%2C%20D.C.,1893,0,,
474941.jpg,Breakfast at Watson House,Babylon%2C%20L.I.%2C%20N.Y.,New%20York,1893,0,,
474942.jpg,Lunch Menu at Watson House,Babylon%2C%20L.I.%2C%20N.Y.,New%20York,1893,0,,
474943.jpg,Sunday Dinner at Watson House,Babylon%2C%20L.I.%20N.Y.,New%20York,1893,0,,
474944.jpg,DAILY MENU,Hamburg%2C%20Germany,n%2Fa,1893,1,,
474948.jpg,Monday Dinner at Columbia Casino,Columbia,n%2Fa,1893,0,,
474966.jpg,Westchester Hunting Club Dinner at Union Club NY,New%20York%2C%20NY,New%20York,1893,2,,
474968.jpg,Holzwarth Hotel Continental Menu,Budapest%2C%20HUNGARY,n%2Fa,1893,0,,
474969.jpg,218th Anniversary of the 'Great Swamp Fight' at The Waldorf,New%20York%2C%20NY,New%20York,1893,2,waldorf,
474974.jpg,Christmas Dinner at Hotel San Remo,New%20York%2C%20NY,New%20York,1893,2,,
474982.jpg,Christmas Dinner at Savoy Hotel,New%20York%2C%20NY,New%20York,1899,2,,
474993.jpg,Christmas Dinner at Van Nuys,Los%20Angeles%2C%20CA,California,1899,2,,
474999.jpg,Feast of Saint John the Evangelist at Masonic Temple,Boston%2C%20MA,Massachusetts,1899,2,,
475004.jpg,New Year's Dinner at Hotel Netherland,New%20York%2C%20NY,New%20York,1900,2,,
475006.jpg,2ND ANNUAL BANQUET at ST. CHARLES HOTEL,Milwaukee%2C%20WI,Wisconsin,1900,2,,
475023.jpg,Dinner Menu at Roanoke Hotel,Roanoke%2C%20VA,Virginia,1900,0,,
475027.jpg,Luncheon Menu at Union Square Hotel,Union%20Square%2C%20New%20York,New%20York,1900,0,,
475028.jpg,Banquet Tendered to Hon. Philip Bloch,New%20York%2C%20NY,New%20York,1900,2,,
475043.jpg,Fourth Annual Dinner at Penataquit Corinthian Yacht Club,Manhattan%2C%20NY,New%20York,1900,2,,
475047.jpg,Breakfast Menu at St. Denis Hotel,St.%20Denis%2C%20City,n%2Fa,1900,0,,
475048.jpg,Dinner Menu at Frohner's Hotel Imperial,Frohner's%20Hotel%20Imperial%2C%20Vienna%2C%20Austria,n%2Fa,1900,0,,
475059.jpg,LUNCH MENU ABOARD SS FRIESLAND,,n%2Fa,1900,1,,
475067.jpg,Imperial Restaurant Dinner Menu,New%20York%2C%20NY,New%20York,1900,0,,
475072.jpg,Siegel Cooper Luncheon Menu,New%20York%2C%20NY,New%20York,1900,0,,
475073.jpg,DINNER MENU ABOARD SS FRIESLAND,,n%2Fa,1900,1,,
475074.jpg,Cafeteria Lunch Menu for All Meals,New%20York%2C%20NY,New%20York,1900,0,,
475076.jpg,Dinner Menu at Schulz Restaurant And Summer Garden,New%20York%2C%20NY,New%20York,1900,0,,
475084.jpg,Sunday Breakfast at Presbyterian Church,Waco%2C%20TEXAS,Texas,1900,0,,
475086.jpg,Breakfast Menu on Red Star Line SS Friesland,,n%2Fa,1900,1,,
475087.jpg,Lunch Menu on S.S. Friesland,,n%2Fa,1900,1,,
475088.jpg,Dinner Menu on Red Star Line S.S. Friesland,,n%2Fa,1900,1,,
475090.jpg,Carte du Jour at Grand Hotel,New%20York%2C%20NY,New%20York,1900,0,,
475091.jpg,Dinner at Waldorf-Astoria Hotel,New%20York%2C%20NY,New%20York,1900,0,waldorf,
475092.jpg,DAILY MENU at Burke's Hotel & Restaurant,New%20York%2C%20NY,New%20York,1900,0,,
475096.jpg,Haan's Dinner Menu,New%20York%2C%20NY,New%20York,1900,0,,
475099.jpg,"Daily Breakfast at St, Denis Hotel",New%20York%2C%20NY,New%20York,1900,0,,
475102.jpg,Supper at Union Square Hotel,New%20York%2C%20NY,New%20York,1900,0,,
475112.jpg,Lunch Menu at Restaurant Brevoort,New%20York%2C%20NY,New%20York,1900,0,,
475114.jpg,Dinner Menu at Restaurant Martin,New%20York%2C%20NY,New%20York,1900,0,,
475119.jpg,Dinner Menu,Holland%20House%2C%20Holland,n%2Fa,1900,0,,
475120.jpg,Breakfast Menu on S.S. FRIESLAND,Red%20Star%20Line,n%2Fa,1900,1,,
475121.jpg,Lunch Menu on S.S. FRIESLAND by RED STAR LINE,Red%20Star%20Line,n%2Fa,1900,1,,
475122.jpg,Dinner Menu on S.S. FRIESLAND by RED STAR LINE,,n%2Fa,1900,1,,
475123.jpg,Breakfast Menu at Brevoort House,New%20York%2C%20NY,New%20York,1900,0,,
475125.jpg,Luncheon Menu at Netherland Hotel,New%20York%2C%20NY,New%20York,1900,0,,
475129.jpg,Bill of Fare,New%20York%2C%20NY,New%20York,1900,0,,
475130.jpg,Bill of Fare,New%20York%2C%20NY,New%20York,1900,0,,
475137.jpg,Breakfast & Luncheon Menu at Leon Flouret Cafe & Hotel,New%20York%2C%20NY,New%20York,1900,0,,
475141.jpg,Breakfast Menu on S.S. Friesland,,n%2Fa,1900,1,,
475144.jpg,Hotel Chamberlin Luncheon Menu,Old%20Point%20Comfort%2C%20VA,Virginia,1900,0,,
475146.jpg,Breakfast at Hotel Nethrland,New%20York%2C%20NY,New%20York,1900,0,,
475149.jpg,Breakfast at Hotel Savoy,New%20York%2C%20NY,New%20York,1900,0,,
475150.jpg,Hotel Savoy Luncheon Menu,New%20York%2C%20NY,New%20York,1900,0,,
475151.jpg,Hotel Savoy Dinner Menu,New%20York%2C%20NY,New%20York,1900,0,,
475153.jpg,Healy's Oyster House Dinner or Lunch Menu,,n%2Fa,1900,0,,
475199.jpg,Luncheon Menu at Westminister Hotel,New%20York%2C%20NY,New%20York,1900,0,,
475200.jpg,Supper Menu at Murray Hill Hotel,New%20York%2C%20NY,New%20York,1900,0,,
475201.jpg,Dinner at Murray Hill Hotel,New%20York%2C%20NY,New%20York,1900,0,,
475205.jpg,Daily Specials at Murray Hill Hotel,New%20York%2C%20NY,New%20York,1900,0,,
475218.jpg,Dinner from 6 to 8 at Park Avenue Hotel,New%20York%2C%20NY,New%20York,1900,0,,
475237.jpg,Luncheon at Broadway Central Hotel,New%20York%2C%20NY,New%20York,1900,0,,
475239.jpg,Luncheon Menu at Gerard Hotel,Gerard%20Hotel,n%2Fa,1900,0,,
475241.jpg,Daily Lunch Menu at Ideal Dining And Lunch Room,New%20York%2C%20NY,New%20York,1900,0,,
475242.jpg,Daily Menu at Casino Central Park,Casino%20Central%20Park%2C%20Las%20Vegas%2C%20NV,Nevada,1900,0,,
475244.jpg,Daily Menu,Shanley's%2C%20NY,New%20York,1900,0,,
475247.jpg,Breakfast Menu at Stuart House,New%20York%2C%20NY,New%20York,1900,0,,
475248.jpg,Lunch Menu at Au Lion D'or,New%20York%2C%20NY,New%20York,1900,0,,
475249.jpg,PLAZA LUNCH AND DINNER,Plaza,n%2Fa,1900,0,plaza,
475253.jpg,Daily Lunch Menu at Plaza Hotel,New%20York%2C%20NY,New%20York,1900,0,plaza,
475255.jpg,Hotel Vendome Lunch Menu,New%20York%2C%20NY,New%20York,1900,0,,
475258.jpg,Dinner Menu at Muro Hotel,New%20York%2C%20NY,New%20York,1900,0,,
475259.jpg,Lunch Menu at Muro Hotel,New%20York%2C%20NY,New%20York,1900,0,,
475260.jpg,Child's Lunch Rooms Daily Menu,New%20York%2C%20NY,New%20York,1900,0,,
475266.jpg,Empire Hotel Luncheon Menu,New%20York%2C%20NY,New%20York,1900,0,,
475268.jpg,Annual Supper at Queen City Club,Cincinnati%2C%20OHIO,Ohio,1900,2,,
475270.jpg,Annual Dinner at Sherry's,New%20York%2C%20NY,New%20York,1900,2,,
475272.jpg,Breakfast Menu at Kensington Hotel,New%20York%2C%20NY,New%20York,1900,0,,
475274.jpg,CARTE DU JOUR,New%20York%2C%20NY,New%20York,1900,0,,
475276.jpg,Lunch Menu at O. L. Cushman & Co.,New%20York%2C%20NY,New%20York,1900,0,,
475284.jpg,Extras for Today Menu,New%20York%2C%20NY,New%20York,1900,0,,
475286.jpg,Belvedere House Luncheon Menu,New%20York%2C%20NY,New%20York,1900,0,,
475291.jpg,Daily Menu at Au Lion D'or Hotel And Restaurant,New%20York%2C%20NY,New%20York,1900,0,,
475292.jpg,HAAN'S DINNER at PARK ROW BUILDING,New%20York%2C%20NY,New%20York,1900,0,,
475296.jpg,Daily Menu at Childs',New%20York%2C%20NY,New%20York,1900,0,,
475298.jpg,Haan's Lunch Menu,New%20York%2C%20NY,New%20York,1900,0,,
475303.jpg,Wedding Menu at Grand Pacific Hotel,Chicago%2C%20IL,Illinois,1900,2,,
475304.jpg,Irving's Restaurant Dinner Menu,New%20York%2C%20NY,New%20York,1900,0,,
475306.jpg,SECOND ANNUAL BANQUET at HOTEL COLOMBO,New%20York%2C%20NY,New%20York,1900,2,,
475307.jpg,Dinner at HE,,n%2Fa,1900,0,,
475311.jpg,Standard Restaurant Daily Menu,New%20York%2C%20NY,New%20York,1900,0,,
475315.jpg,Dennett's Daily Menu,New%20York%2C%20NY,New%20York,1900,0,,
475316.jpg,Putney's Daily Menu,New%20York%2C%20NY,New%20York,1900,0,,
475320.jpg,LUNCH menu at STEAMER PILGRIM,Fall%20River%2C%20Massachusetts,Massachusetts,1900,1,,
475321.jpg,LUNCH Menu at STEAMER PLYMOUTH,Fall%20River%2C%20Massachusetts,Massachusetts,1900,1,,
475328.jpg,Dinner Menu at Virginia Hotel,New%20York%2C%20NY,New%20York,1900,0,,
475329.jpg,Table d'hote menu at Virginia Hotel,New%20York%2C%20NY,New%20York,1900,0,,
475332.jpg,Special Single Breakfasts at Hotel Manhattan,New%20York%2C%20NY,New%20York,1900,0,,
475333.jpg,Table d'hote dinner at J.C. Hartmann's Restaurnt And Cafe,New%20York%2C%20NY,New%20York,1900,0,,
475337.jpg,Daily Menu at Riggs' Dining Rooms,New%20York%2C%20NY,New%20York,1900,0,,
475339.jpg,Table d'hote lunch at Hotel Vendome,New%20York%2C%20NY,New%20York,1900,0,,
475340.jpg,Breakfast at Hotel Vendome,New%20York%2C%20NY,New%20York,1900,0,,
475341.jpg,Carte du Jour at Hotel Vendome,New%20York%2C%20NY,New%20York,1900,0,,
475342.jpg,Daily Menu at Shanleys,New%20York%2C%20NY,New%20York,1900,0,,
475343.jpg,Breakfast Menu at Hotel Manhattan,New%20York%2C%20NY,New%20York,1900,0,,
475344.jpg,Hotel Empire Breakfast Menu,New%20York%2C%20NY,New%20York,1900,0,,
475345.jpg,Hotel Lincoln Luncheon Menu,New%20York%2C%20NY,New%20York,1900,0,,
475354.jpg,DINNER MENU ABOARD S.S. FRIESLAND,,n%2Fa,1900,1,,
475355.jpg,LUNCH MENU ABOARD S.S. FRIESLAND,,n%2Fa,1900,1,,
475359.jpg,Haan's Lunch Menu,New%20York%2C%20NY,New%20York,1900,0,,
475362.jpg,Breakfast Menu at Holland House,Holland%20House%2C%20Holland,n%2Fa,1900,0,,
475363.jpg,Luncheon Menu,Holland%20House%2C%20Holland,n%2Fa,1900,0,,
475364.jpg,SUPPER at Holland House,Holland%20House%2C%20Holland,n%2Fa,1900,0,,
475372.jpg,DAILY DINNER MENU on SS FRIESLAND,Hamburg%2C%20Germany,n%2Fa,1900,1,,
475383.jpg,LUNCH MENU at SHNELLDAMPFER 'AUGUSTE VICTORIA',Hamburg%2C%20Germany,n%2Fa,1900,1,,
475385.jpg,Breakfast Menu on S.S. 'FRIESLAND',,n%2Fa,1900,1,,
475386.jpg,Lunch Menu on S.S. 'FRIESLAND' by RED STAR LINE,,n%2Fa,1900,1,,
475391.jpg,Wedding Menu at Waldorf-Astoria Hotel,New%20York%2C%20NY,New%20York,1900,2,waldorf,
475396.jpg,Lunch Menu on SS FRIESLAND,Red%20Star%20Line,n%2Fa,1900,1,,
475397.jpg,DINNER MENU on SS FRIESLAND,Red%20Star%20Line,n%2Fa,1900,1,,
475398.jpg,Hotel Empire Luncheon Menu,New%20York%2C%20NY,New%20York,1900,0,,
475400.jpg,Sunday Table d'Hote Dinner at Hotel Empire,New%20York%2C%20NY,New%20York,1900,0,,
475402.jpg,Sunday Menu at Smith & McNell,,n%2Fa,1900,0,,
475410.jpg,Dinner Menu at Hotel Marie Antoinette,New%20York%2C%20NY,New%20York,1900,0,,
475421.jpg,Special Breakfast at The New York Quick Lunch Restaurant,New%20York%2C%20NY,New%20York,1900,0,,
475422.jpg,Dinner Menu at The New York Quick Lunch Restaurant And Bakery,New%20York%2C%20NY,New%20York,1900,0,,
475423.jpg,Dinner at Hotel Majestic,New%20York%2C%20NY,New%20York,1900,0,,
475425.jpg,Dinner at Hotel Savoy,New%20York%2C%20NY,New%20York,1900,0,,
475427.jpg,Special Dishes of To-Day at Hotel St. Andrew,New%20York%2C%20NY,New%20York,1900,0,,
475428.jpg,Breakfast Menu at Hotel Marie Antoinette,New%20York%2C%20NY,New%20York,1900,0,,
475432.jpg,Table d'hote dinner at Putnam House,New%20York%2C%20NY,New%20York,1900,0,,
475434.jpg,Breakfast Menu at Hotel Marie Antoinette,New%20York%2C%20NY,New%20York,1900,0,,
475435.jpg,Breakfast Menu on SS. FIRESTONE,,n%2Fa,1900,1,,
475438.jpg,Supper at Hotel Majestic,New%20York%2C%20NY,New%20York,1900,0,,
475449.jpg,Breakfast Menu on SS. FRIESLAND by Red Star Line,,n%2Fa,1900,1,,
475451.jpg,Dinner Menu on SS. FRIESLAND by RED STAR LINE,,n%2Fa,1900,1,,
475452.jpg,Lunch Menu on SS. FRIESLAND by Red Star Line,,n%2Fa,1900,1,,
475457.jpg,Dinner Menu on S.S. FRIESLAND,,n%2Fa,1900,1,,
475462.jpg,Supper Menu at Waldorf-Astoria Hotel,New%20York%2C%20NY,New%20York,1900,0,waldorf,
475463.jpg,Bill of Fare - Daily Menu,New%20York%2C%20NY,New%20York,1900,0,,
475466.jpg,Carte du Jour at Down Town Club,New%20York%2C%20NY,New%20York,1900,0,,
475468.jpg,4th Annual Banquet at Windsor Hotel,Jacksonville%2C%20FL,Florida,1900,2,,
475470.jpg,Breakfast Menu at Majestic Hotel,Majestic%20Hotel%2C%20Unknown,n%2Fa,1900,0,,
475471.jpg,CARTE DU JOUR - DAILY HOTEL MENU,Majestic%20Hotel,n%2Fa,1900,0,,
475473.jpg,Breakfast & Supper Menu,New%20York%2C%20NY,New%20York,1900,0,,
475478.jpg,Daily Menu at Cafe Savarin,,n%2Fa,1900,0,,
475479.jpg,Daily Menu at Plaza,Plaza,n%2Fa,1900,0,plaza,
475480.jpg,Breakfast Menu on Steamer Richard Peck,,n%2Fa,1900,1,,
475481.jpg,Breakfast Menu on Canadian Pacific Railway Company's SS Manitoba,,n%2Fa,1900,1,,
475482.jpg,Breakfast Menu on Canadian Pacific Railway's SS Manitoba,,n%2Fa,1900,1,,
475485.jpg,Luncheon Menu on Canadian Pacific Railway Company's SS Manitoba,,n%2Fa,1900,1,,
475487.jpg,Dinner Menu on Canadian Pacific Railway Company's SS Manitoba,,n%2Fa,1900,1,,
475489.jpg,Breakfast Menu on S.S. Friesland,,n%2Fa,1900,1,,
475492.jpg,Dinner Menu on S.S. Friesland by Red Star Line,,n%2Fa,1900,1,,
475498.jpg,Lunch Menu on S.S. Friesland by Red Star Line,,n%2Fa,1900,1,,
475506.jpg,Lunch Menu on Hamburg-Amerika Linie's Espress Steamer Auguste Victoria,Hamburg%2C%20Germany,n%2Fa,1900,1,,
475507.jpg,Lunch Menu on Hamburg-Amerika Linie's Express Steamer Auguste Victoria,Hamburg%2C%20Germany,n%2Fa,1900,1,,
475517.jpg,Breakfast at Hotel Manhattan,New%20York%2C%20NY,New%20York,1900,0,,
475522.jpg,BILL OF FARE,NY%20CITY,New%20York,1900,0,,
475531.jpg,Dinner Menu at Colombo Hotel,New%20York%2C%20NY,New%20York,1900,0,,
475536.jpg,Home Made Lunch Room Daily Menu,New%20York%2C%20NY,New%20York,1900,0,,
475539.jpg,Carleton Restaurant Breakfast Menu,New%20York%2C%20NY,New%20York,1900,0,,
475549.jpg,DAILY MENU at THE GREEK RESTAURANT,New%20York%2C%20NY,New%20York,1900,0,,
475550.jpg,Louis Sherry Dinner Menu,New%20York%2C%20NY,New%20York,1900,0,,
475551.jpg,DEJEUNER/LUNCHEON,New%20York%2C%20NY,New%20York,1900,0,,
475552.jpg,Dinner Menu at Hotel Marie Antoinette,New%20York%2C%20NY,New%20York,1900,0,,
475553.jpg,Table d'Hote Menu at Hotel Empire,New%20York%2C%20NY,New%20York,1900,0,,
475555.jpg,FRUHSTUCK/LUNCH at SCHNELIDAMFER AUGUSTE VICTORIA,Hamburg%2C%20Germany,n%2Fa,1900,1,,
475570.jpg,Breakfast Menu on SS FRIESLAND,,n%2Fa,1900,1,,
475571.jpg,SUPPER menu on SS NACOOCHEE,,n%2Fa,1900,1,,
475572.jpg,Breakfast Menu on S.S. MANITOBA by Canadian Pacific Railway Company,,n%2Fa,1900,1,,
475581.jpg,Daily Menu,Lakewood%2C%20NJ,New%20Jersey,1900,0,,
475587.jpg,Bill of Fare at Colombo Hotel,New%20York%2C%20NY,New%20York,1900,0,,
475593.jpg,Mrs. Geo. Boldt Luncheon Menu,New%20York%2C%20NY,New%20York,1900,0,,
475598.jpg,Daily Menu at Columbia Dairy Kitchen,New%20York%2C%20NY,New%20York,1900,0,,
475600.jpg,Daily Menu at Adams Hotel And Restaurant,New%20York%2C%20NY,New%20York,1900,0,,
475601.jpg,Daily Menu at Buckley's Home Made Hotel,New%20York%2C%20NY,New%20York,1900,0,,
475602.jpg,Dinner Menu Aboard SS Westernland,,n%2Fa,1900,1,,
475603.jpg,LUNCH MENU ABOARD SS WESTERNLAND,,n%2Fa,1900,1,,
475604.jpg,Lunch Menu on Hamburg-Amerika Linie's Express Steamer,Hamburg%2C%20Germany,n%2Fa,1900,1,,
475611.jpg,LUNCHEON MENU - U.S.M.S. NEW YORK,,n%2Fa,1900,1,,
475612.jpg,Dinner Menu Aboard U.S.M.S. New York,,n%2Fa,1900,1,,
475617.jpg,Breakfast Menu on SS WESTERNLAND,,n%2Fa,1900,1,,
475618.jpg,Lunch Menu on SS WESTERNLAND,,n%2Fa,1900,1,,
475619.jpg,DINNER MENU - SS WESTERNLAND,,n%2Fa,1900,1,,
475620.jpg,Lunch Menu on Steamer 'Auguste Victoria',Hamburg%2C%20Germany,n%2Fa,1900,1,,
475624.jpg,Luncheon Menu at Empire Hotel,New%20York%2C%20NY,New%20York,1900,0,,
475628.jpg,Dinner Menu at Marie Antoinette Hotel,New%20York%2C%20NY,New%20York,1900,0,,
475630.jpg,Daily Menu at Wm.Schwegler's,New%20York%2C%20NY,New%20York,1900,0,,
475631.jpg,DINNER menu on STEAMER GRAF WALDERSEE,Hamburg%2C%20Germany,n%2Fa,1900,1,,
475638.jpg,LUNCH MENU at RMS OCEANIC,,n%2Fa,1900,1,,
475642.jpg,DINNER MENU at RMS OCEANIC,,n%2Fa,1900,1,,
475653.jpg,Dinner Menu on R.M.S. CAMPANIA by CUNARD LINE,,n%2Fa,1900,1,,
475654.jpg,Dinner Menu at RMS OCEANIC,,n%2Fa,1900,1,,
475668.jpg,Table d'hote at Hotel Empire,New%20York%2C%20NY,New%20York,1900,0,,
475671.jpg,Dinner Menu at Holland House,Holland%20House%2C%20Holland,n%2Fa,1900,0,,
475672.jpg,Dinner Menu at Hotel Marie Antoinette,New%20York%2C%20NY,New%20York,1900,0,,
475673.jpg,Hotel Claremont Daily Menu,New%20York%2C%20NY,New%20York,1900,0,,
475678.jpg,Lunch Menu on SS WESTERNLAND by RED STAR LINE,,n%2Fa,1900,1,,
475681.jpg,Luncheon Menu on R.M.S. Oceanic,,n%2Fa,1900,1,,
475683.jpg,FRUHSTUCK/LUNCH menu on SCHNELLDAMPFER 'AUGUSTE VICTORIA',Hamburg%2C%20Germany,n%2Fa,1900,1,,
475685.jpg,Breakfast Menu on SS WESTERNLAND by RED STAR LINE,,n%2Fa,1900,1,,
475689.jpg,Breakfast Menu on R.M.S. CAMPANIA by Cunard Line,,n%2Fa,1900,1,,
475690.jpg,CUNARD LINE LUNCHEON at R.M.S. CAMPANIA,,n%2Fa,1900,1,,
475691.jpg,"Dinner Menu on R.M.S. CAMPANIA, Cunard Line",,n%2Fa,1900,1,,
475693.jpg,Breakfast Menu on RMS OCEANIC,,n%2Fa,1900,1,,
475694.jpg,LUNCHEON MENU at RMS OCEANIC,,n%2Fa,1900,1,,
475702.jpg,Luncheon Menu at Pullman Dining Car Casa Monica,,n%2Fa,1900,1,,
475703.jpg,Dinner Menu at Marie Antoinette Hotel,New%20York%2C%20NY,New%20York,1900,0,,
475704.jpg,Sullivan's Menu,Sullivan's,n%2Fa,1900,0,,
475705.jpg,Bill of Fare at Sullivan's Restaurant,,n%2Fa,1900,0,,
475707.jpg,Breakfast Menu on Personally Conducted Tour Through Mexico and California,,n%2Fa,1900,1,,
475709.jpg,TABLE D'HOTE LUNCH at Evelyn Restaurant,New%20York%2C%20NY,New%20York,1900,0,,
475710.jpg,Luncheon Menu at Marie Antoinette Hotel,New%20York%2C%20NY,New%20York,1900,0,,
475711.jpg,Luncheon Menu at San Remo Hotel,New%20York%2C%20NY,New%20York,1900,0,,
475715.jpg,Breakfast at Empire Hotel,New%20York%2C%20NY,New%20York,1900,0,,
475716.jpg,Empire Hotel Luncheon Menu,New%20York%2C%20NY,New%20York,1900,0,,
475720.jpg,Breakfast Menu on SS Westernland,,n%2Fa,1900,1,,
475722.jpg,Dinner Menu on SS Westernland,,n%2Fa,1900,1,,
475723.jpg,Breakfast Menu on R.M.S. Oceanic,,n%2Fa,1900,1,,
475724.jpg,Dinner Menu for Pennsylvania RR Conducted Tour,,n%2Fa,1900,1,,
475728.jpg,Dinner at Windsor Hotel,Jacksonville%2C%20FLA.,Florida,1900,0,,
475730.jpg,Breakfast Menu on RMS OCEANIC,Red%20Star%20Line,n%2Fa,1900,1,,
475731.jpg,Daily Breakfast Menu on Cunard Line's RMS CAMPANIA,,n%2Fa,1900,1,,
475732.jpg,Lunch Menu on RMS CAMPANIA by CUNARD LINE,,n%2Fa,1900,1,,
475734.jpg,Daily Breakfast Menu at USMS St Louis,St.%20Louis%2C%20MO,Missouri,1900,1,,
475736.jpg,USMS St. Louis Dinner Menu,St.%20Louis%2C%20MO,Missouri,1900,1,,
475737.jpg,USMS New York Dinner Menu,New%20York%2C%20NY,New%20York,1900,1,,
475738.jpg,USMS New York Luncheon Menu,New%20York%2C%20NY,New%20York,1900,1,,
475742.jpg,LUNCH at SS WESTERNLAND,Red%20Star%20Line,n%2Fa,1900,1,,
475743.jpg,DINNER at SS WESTERNLAND,Red%20Star%20Line,n%2Fa,1900,1,,
475748.jpg,Daily Menu at McGown's Pass Tavern,New%20York%2C%20NY,New%20York,1900,0,,
475749.jpg,Personally Conducted Tour Through Mexico & California,,n%2Fa,1900,1,,
475751.jpg,U.S.M.S. Luncheon Menu,New%20York%2C%20NY,New%20York,1900,1,,
475758.jpg,Transportation Club New York Menu,New%20York%2C%20NY,New%20York,1900,2,,
475760.jpg,U.S.M.S MENU,ST.%20LOUIS%2C%20U.S.M.S,n%2Fa,1900,1,,
475762.jpg,U.S.M.S Dinner Event Menu,New%20York%2C%20NY,New%20York,1900,1,,
475766.jpg,Lunch Menu on the SCHNELLDAMPFER 'AUGUSTE VICTORIA' at Hamburg Amerika Linie,Hamburg%2C%20Germany,n%2Fa,1900,0,,
475771.jpg,U.S.M.S BREAKFAST MENU,ST.%20LOUIS%2C%20MO,Missouri,1900,1,,
475773.jpg,Dinner at U.S.M.S.,St.%20Louis%2C%20MO,Missouri,1900,1,,
475775.jpg,Dinner Menu at St. Louis Club,St.%20Louis%2C%20MO,Missouri,1900,0,,
475779.jpg,U.S.M.S. Dinner Menu,New%20York%2C%20NY,New%20York,1900,1,,
475780.jpg,Breakfast Menu on S.S. WESTERNLAND by RED STAR LINE,,n%2Fa,1900,1,,
475790.jpg,Lunch Menu aboard Schnelldampfer Auguste-Victoria,Hamburg%2C%20Germany,n%2Fa,1900,1,,
475793.jpg,Luncheon Menu on R.M.S. 'CAMPANIA' by Cunard Line,,n%2Fa,1900,1,,
475797.jpg,Breakfast Menu on R.M.S. 'CAMPANIA' by Cunard Line,,n%2Fa,1900,1,,
475800.jpg,Lunch Menu aboard Schnelldampfer Columbia,Hamburg%2C%20Germany,n%2Fa,1900,1,,
475801.jpg,U.S.M.S. St. Louis Luncheon Menu,,n%2Fa,1900,1,,
475804.jpg,Dinner Menu at Putnam House,New%20York%2C%20NY,New%20York,1900,0,,
475807.jpg,Breakfast Menu aboard R.M.S. Etruria,,n%2Fa,1900,1,,
475808.jpg,Breakfast Menu on U.S.M.S. New York,,n%2Fa,1900,1,,
475809.jpg,U.S.M.S. New York Luncheon Menu,,n%2Fa,1900,1,,
475810.jpg,Dinner Menu for U.S.M.S. New York,,n%2Fa,1900,1,,
475812.jpg,Breakfast Menu aboard S.S. Westernland,,n%2Fa,1900,1,,
475815.jpg,Breakfast at Bartholdi Hotel,NY,New%20York,1900,0,,
475817.jpg,Haan's Daily Supper Menu,New%20York%2C%20NY,New%20York,1900,0,,
475818.jpg,Luncheon Menu at Marie Antoinette Hotel,New%20York%2C%20NY,New%20York,1900,0,,
475829.jpg,Dinner Menu on Red Star Line S.S. Southwark,,n%2Fa,1900,1,,
475830.jpg,Dinner Menu at Marie Antoinette Hotel,New%20York%2C%20NY,New%20York,1900,0,,
475832.jpg,Haan's Lunch Menu,New%20York%2C%20NY,New%20York,1900,0,,
475833.jpg,Haan's Dinner Menu,New%20York%2C%20NY,New%20York,1900,0,,
475835.jpg,Daily Menu at Cafe Boulevard,New%20York%2C%20NY,New%20York,1900,0,,
475836.jpg,Dinner Menu at Stevens House,New%20York%2C%20NY,New%20York,1900,0,,
475840.jpg,LUNCH at Savoy Hotel,London%2C%20ENGLAND,n%2Fa,1900,0,,
475841.jpg,Breakfast Menu at USMS New York,Usms%20New%20York,New%20York,1900,0,,
475846.jpg,Diverse Cuisine Delights,New%20York%2C%20NY,New%20York,1900,0,,
475848.jpg,Oceanic Delights Menu,,n%2Fa,1900,1,,
475849.jpg,Breakfast at Battery Park Hotel,Asheville%2C%20NC,North%20Carolina,1900,0,,
475852.jpg,Haskin's Restaurant Breakfast Menu,New%20York%2C%20NY,New%20York,1900,0,,
475853.jpg,Oceanic Delights Menu,,n%2Fa,1900,1,,
475855.jpg,Haskin's Restaurant Dinner Menu,New%20York%2C%20NY,New%20York,1900,0,,
475857.jpg,Haskin's Restaurant Daily Menu,New%20York%2C%20NY,New%20York,1900,0,,
475858.jpg,Hotel Marie Antoinette Luncheon Menu,New%20York%2C%20NY,New%20York,1900,0,,
475861.jpg,Hotel Marie Antoinette Dinner Menu,New%20York%2C%20NY,New%20York,1900,0,,
475870.jpg,Dinner Menu at Hotel Marie Antoinette,New%20York%2C%20NY,New%20York,1900,0,,
475871.jpg,Hotel Marie Antoinette Luncheon Menu,New%20York%2C%20NY,New%20York,1900,0,,
475876.jpg,Putnam House Luncheon Menu,New%20York%2C%20NY,New%20York,1900,0,,
475878.jpg,SUPPER menu on S.S. NACOOCHEE,,n%2Fa,1900,1,,
475879.jpg,Dinner Menu on R.M.S. Etruria by Cunard Line,,n%2Fa,1900,1,,
475885.jpg,Ebbitt House Menu,Washington%2C%20D.C.,Washington%2C%20D.C.,1900,0,,
475888.jpg,Luncheon Carte Du Jour at Manhattan Hotel,New%20York%2C%20NY,New%20York,1900,0,,
475894.jpg,ROANOKE HOTEL MENU,Roanoke%2C%20VA,Virginia,1900,0,,
475898.jpg,Washington's Buffet,Nassau%2C%20N.P.,n%2Fa,1900,0,,
475906.jpg,Breakfast Menu on U.S.M.S New York,,n%2Fa,1900,1,,
475909.jpg,Luncheon Menu on R.M.S. Oceanic,,n%2Fa,1900,1,,
475914.jpg,Dinner Menu on R.M.S. Etruria,,n%2Fa,1900,1,,
475915.jpg,Grand Trunk Railway Luncheon Menu,,n%2Fa,1900,1,,
475921.jpg,Daily Menu at Lambert's Restaurant,New%20York%2C%20NY,New%20York,1900,0,,
475924.jpg,Daily Menu at Mills Hotel Restaurant,,n%2Fa,1900,0,,
475925.jpg,Breakfast Menu on S.S. Southwark,,n%2Fa,1900,1,,
475926.jpg,Lunch Menu on Red Star Line S.S. Southwark,,n%2Fa,1900,1,,
475928.jpg,Luncheon Menu at Marie Antoinette Hotel,New%20York%2C%20NY,New%20York,1900,0,,
475929.jpg,Dinner Menu on Red Star Line S.S.Westernland,,n%2Fa,1900,1,,
475930.jpg,Dinner Menu at Tampa Bay Hotel,Tampa%2C%20FLORIDA,Florida,1900,0,,
475933.jpg,Hotel Marie Antoinette Luncheon Menu,New%20York%2C%20NY,New%20York,1900,0,,
475934.jpg,Hotel Colonial Luncheon Menu,Nassau%2C%20NP,n%2Fa,1900,0,,
475935.jpg,Dinner at Hotel Marie Antoinette,New%20York%2C%20NY,New%20York,1900,0,,
475939.jpg,Hotel Marie Antoinette Luncheon Menu,New%20York%2C%20NY,New%20York,1900,0,,
475940.jpg,Daily Lunch Menu at Deutsche Gesandtschaft,Petrolois%2C%20Brazil,n%2Fa,1900,0,,
475944.jpg,Dinner Menu on Nipppon Yusen Kaisha S.S. Kobe Maru,,n%2Fa,1900,1,,
475946.jpg,TIFFIN at Nippon Yusen Kaisha S.S.Kasuga,,n%2Fa,1900,1,,
475947.jpg,Dinner Menu on Nippon Yusen Kaisha S.S. Kasuga,,n%2Fa,1900,1,,
475950.jpg,Breakfast Menu on S.S.Kobe Maru,,n%2Fa,1900,1,,
475951.jpg,TIFFIN at Nippon Yusen Kaisha S.S. Kobe Maru,,n%2Fa,1900,1,,
475952.jpg,Dinner Menu on Nippon Yusen Kaisha S.S. Kobe Maru,,n%2Fa,1900,1,,
475953.jpg,Breakfast menu on TOYO KISEN KAISHA -HONG KONG MARU,Hong%20Kong,n%2Fa,1900,1,,
475954.jpg,TIFFIN at EN ROUTE,Hong%20Kong,n%2Fa,1900,1,,
475957.jpg,TIFFIN at NIPPON YUSEN KAISHA - S.S. KASUGA,,n%2Fa,1900,1,,
475958.jpg,Dinner Menu on S.S.Kasuga by Nippon Yusen Kaisha,,n%2Fa,1900,1,,
475966.jpg,Daily Luncheon Menu at Menzies Hotel,Melbourne%2C%20Australia,n%2Fa,1900,0,,
475982.jpg,DAILY MENU aboard SS.KOHE MARU,,n%2Fa,1900,1,,
475984.jpg,TWO HUNDREDTH BANQUET,New%20York%2C%20NY,New%20York,1900,2,,
475990.jpg,DAILY MENU aboard SS. KOHE MARU,,n%2Fa,1900,1,,
476013.jpg,Complimentary Dinner for Hon. W.J. Bryan at Hoffman House,New%20York%2C%20NY,New%20York,1900,0,,
476016.jpg,TIFFIN at NIPPON YUSEN KAISHA,,n%2Fa,1900,1,,
476022.jpg,Breakfast Menu aboard SS.K0BE MARU,,n%2Fa,1900,1,,
476023.jpg,DAILY MENU at TIFFIN event sponsored by NIPPON YUSEN KAISHA,,n%2Fa,1900,2,,
476027.jpg,Evening Meal at Provident Building,Waco%2C%20TX,Texas,1900,0,,
476028.jpg,Palace Hotel Grill Room Menu,,n%2Fa,1900,0,,
476030.jpg,Breakfast Menu Aboard SS. Kasuga,,n%2Fa,1900,1,,
476060.jpg,Daily Menu,San%20Francisco%2C%20CA,California,1900,0,,
476067.jpg,Daily Luncheon Menu at Griswold House,Detroit%2C%20MI,Michigan,1900,0,,
476075.jpg,Dinner at Hotel Grunewald,New%20Orleans%2C%20LA,Louisiana,1900,0,,
476077.jpg,Daily Menu,Hong%20Kong,n%2Fa,1900,1,,
476089.jpg,Daily Dinner Menu at Mills Hotel Restaurant,New%20York%2C%20NY,New%20York,1900,0,,
476100.jpg,Yacht Club Dining Menu,St.%20Petersburg%2C%20FL,Florida,1900,1,,
476119.jpg,Breakfast Menu on Toyo Kisen Kaisha's Hong Kong Maru,,n%2Fa,1900,1,,
476122.jpg,Daily Menu,San%20Francisco%2C%20CA,California,1900,0,,
476123.jpg,Breakfast Menu at Chicago Beach Hotel,Chicago%2C%20IL,Illinois,1900,0,,
476124.jpg,Luncheon Menu at Chicago Beach Hotel,Chicago%2C%20IL,Illinois,1900,0,,
476127.jpg,Dinner Menu at Palace Hotel Restaurat,San%20Francisco%2C%20CA,California,1900,0,,
476128.jpg,Breakfast Menu at Palace Hotel Cafe,San%20Francisco%2C%20CA,California,1900,0,,
476129.jpg,Palace Hotel Cafe Supper Menu,San%20Francisco%2C%20CA,California,1900,0,,
476130.jpg,Breakfast at Palace Hotel,San%20Francisco%2C%20CA,California,1900,0,,
476132.jpg,Palace Hotel Dinner Menu,San%20Francisco%2C%20CA,California,1900,0,,
476136.jpg,Hotel Grunewald Lunch Menu,New%20Orleans%2C%20LA,Louisiana,1900,0,,
476138.jpg,Breakfast Menu on Sunset Ogden & Shasta Routes,,n%2Fa,1900,1,,
476141.jpg,Luncheon Menu at Southern Pacific Company,,n%2Fa,1900,1,,
476143.jpg,Dinner Menu for Sunset Ogden & Shasta Routes,,n%2Fa,1900,1,,
476146.jpg,Religious Holiday Luncheon,Denver%2C%20Colorado,Colorado,1900,2,,
476148.jpg,Wine List for Composite Car Service,,n%2Fa,1900,0,,
476154.jpg,Dinner in Honor of H.I.M. Mutsu-Hito 47th Birthday,,n%2Fa,1900,2,,
476157.jpg,Lunch Menu at Round Table Club,,n%2Fa,1900,0,,
476159.jpg,Dinner at Grunewald Hotel,New%20Orleans%2C%20LA,Louisiana,1900,0,,
476160.jpg,Evening Meal at New State House,Waco%2C%20TX,Texas,1900,0,,
476166.jpg,C XIII C MENU,CINCINNATI%2C%20OH,Ohio,1900,0,,
476167.jpg,Breakfast at Del Coronado Hotel,Coronado%20Beach%2C%20CA,California,1900,0,,
476168.jpg,Dinner Menu at Del Coronadao Hotel,Coronado%20Beach%2C%20CA,California,1900,0,,
476169.jpg,Colonial Hotel Dinner Menu,Cleveland%2C%20OH,Ohio,1900,0,,
476171.jpg,Colonial Hotel Breakfast Menu,Cleveland%2C%20OH,Ohio,1900,0,,
476176.jpg,TIFFIN at NIPPON PUSEN KAISHA,,n%2Fa,1900,1,,
476181.jpg,TIFFIN at S.S. KINSHIN MARU,,n%2Fa,1900,1,,
476182.jpg,Breakfast Menu on Nippon Yusen Kaisha S.S.Kinshin Maru,,n%2Fa,1900,1,,
476184.jpg,Dinner Menu on Nippon Yusen Kaisha S.S.Kinshin Maru,,n%2Fa,1900,1,,
476194.jpg,TIFFIN at Nippon Yusen Kaisha S.S.Kinshin Maru,,n%2Fa,1900,1,,
476195.jpg,Maritime Dining Experience,,n%2Fa,1900,1,,
476199.jpg,Maritime Dining Experience,,n%2Fa,1900,1,,
476201.jpg,Dinner at Los Angeles Consistory #3,Los%20Angeles%2C%20California,California,1900,0,,
476208.jpg,Daily Breakfast Menu on Pullman Dining Car Enroute Mexico-California,,n%2Fa,1900,1,,
476209.jpg,Pullman Dining Car Enroute Mexico-California Lunch Menu,,n%2Fa,1900,1,,
476210.jpg,Daily Dinner Menu on Pullman Dining Car Enroute Mexico-California,,n%2Fa,1900,1,,
476218.jpg,Wine List at Sunset Ogden & Shasta Route,,n%2Fa,1900,0,,
476229.jpg,Thanksgiving Lunch at Hotel Manhattan,New%20York%2C%20NY,New%20York,1900,2,,
476230.jpg,Thanksgiving Dinner at Hotel Manhattan,New%20York%2C%20NY,New%20York,1900,2,,
476238.jpg,Classic American Fare Menu,Bay%20State%20House%2C%20Boston%2C%20MA,Massachusetts,1900,0,,
476243.jpg,Royal Blue Line Menu,,n%2Fa,1900,1,,
476245.jpg,Thanksgiving Day Dinner at Savoy Hotel,Philadelphia%2C%20PA,Pennsylvania,1900,2,,
476255.jpg,Historical Military Menu,,n%2Fa,1900,2,,
476256.jpg,Saint Nicholas Society Menu,,n%2Fa,1900,2,,
476259.jpg,Friends Of Dwight Kinney Menu,,n%2Fa,1900,0,,
476260.jpg,Press Club Menu,New%20York%2C%20NY,New%20York,1900,0,,
476261.jpg,Military Dining Menu,,n%2Fa,1900,1,,
476266.jpg,Shepheard's Hotel Menu,Cairo%2C%20Egypt,n%2Fa,1900,0,,
476267.jpg,Yacht Club Dining Menu,St.%20Petersburg%2C%20FL,Florida,1900,1,,
476269.jpg,Dinner to Meet Charles Schwab at University Club,New%20York%2C%20NY,New%20York,1900,2,,
476270.jpg,Luncheon Menu at USMS New York,Usms%20New%20York,New%20York,1900,1,,
476271.jpg,Daily Dinner Menu at U.S.M.S. New York,,n%2Fa,1900,1,,
476274.jpg,Half Portion Breakfast at Park Avenue Hotel,New%20York%2C%20NY,New%20York,1900,0,,
476275.jpg,MENU at MANHATTAN HOTEL,New%20York%2C%20NY,New%20York,1900,0,,
476284.jpg,Dinner Menu on Board U.S.M.S. New York,New%20York%2C%20NY,New%20York,1900,1,,
476288.jpg,Dinner Tendered to Delegates at the Savoy Hotel,New%20York%2C%20NY,New%20York,1900,2,,
476290.jpg,Breakfast Menu at Windsor Hotel,Jacksonville%2C%20FL,Florida,1900,0,,
476292.jpg,Supper Menu at Windsor Hotel,Jacksonville%2C%20FL,Florida,1900,0,,
476297.jpg,DINNER MENU ON BOARD 'NEW YORK',,n%2Fa,1900,1,,
476298.jpg,The H.B. Claflin Co. Dinner at Sherry's,New%20York%2C%20NY,New%20York,1900,0,,
476300.jpg,U.S.M.S. BREAKFAST ON BOARD 'NEW YORK',,n%2Fa,1900,1,,
476301.jpg,U.S.M.S. LUNCHEON on board 'NEW YORK',,n%2Fa,1900,1,,
476302.jpg,DINNER MENU ON BOARD 'NEW YORK',New%20York%2C%20NY,New%20York,1900,1,,
476303.jpg,Phi Delta Phi Fraternity Menu,MARLBOROUGH%20HOTEL%2C%20%5B%3F%5D,n%2Fa,1900,0,,
476313.jpg,DINER D'ADIEU at U.S.M.S.,,n%2Fa,1900,2,,
476319.jpg,USMS NEW YORK LUNCHEON,,n%2Fa,1900,1,,
476320.jpg,Dinner Menu for USMS New York Event,,n%2Fa,1900,1,,
476321.jpg,Haan's Dinner Menu,New%20York%2C%20NY,New%20York,1900,0,,
476328.jpg,Christmas Lunch at Colonnade Restaurant,New%20York%2C%20NY,New%20York,1900,2,,
476338.jpg,Dinner Menu on Royal Blue Line-Waldorf Car,Baltimore%2C%20MD,Maryland,1900,1,,
476347.jpg,Christmas Dinner at Ebbitt House,Washington%2C%20DC,Washington%2C%20D.C.,1900,2,,
476352.jpg,LUNCHEON MENU ON BOARD 'NEW YORK',New%20York%2C%20NY,New%20York,1900,1,,
476364.jpg,Christman Dinner at Dakota; The,New%20York%2C%20NY,New%20York,1900,2,,
476365.jpg,Christmas Dinner at Hotel Savoy,New%20York%2C%20NY,New%20York,1900,2,,
476366.jpg,Christmas Dinner at U.S. Military Hospital,Sorsogon%2C%20Luzon%2C%20P.I.,n%2Fa,1900,2,,
476367.jpg,Christmas Dinner at Headquarters Ninth U.S. Cavalry Officer's Mess,Manila%2C%20P.I.,n%2Fa,1900,2,,
476375.jpg,Hospital Graduates' Club Menu,,n%2Fa,1900,0,,
476377.jpg,Stanton House Luncheon Menu,Chattanooga%2C%20TENN.,Tennessee,1900,0,,
476387.jpg,Breakfast Menu on Southern Railway Dining Car Service,,n%2Fa,1900,1,,
476388.jpg,Supper at Neil House,Columbus%2C%20OHIO,Ohio,1900,0,,
476390.jpg,Dinner at Neil House,Columbus%2C%20OHIO,Ohio,1900,0,,
476391.jpg,Breakfast Menu Aboard 'New York' on U.S.M.S.,,n%2Fa,1900,1,,
476397.jpg,Supper Menu at St. Louis Club,St.%20Louis%2C%20MO,Missouri,1900,0,,
476400.jpg,Dinner at Queen City Club,Cincinnati%2C%20OH,Ohio,1900,0,,
476404.jpg,Dinner at Grand Hotel Du Quirinal,Rome%2C%20Italy,n%2Fa,1901,0,,
476409.jpg,Park Avenue Hotel Luncheon Menu,New%20York%2C%20NY,New%20York,1901,0,,
476411.jpg,Dinner at Park Avenue Hotel,New%20York%2C%20NY,New%20York,1901,0,,
476412.jpg,New Year's Day Dinner at Logan House,Altoona%2C%20PA,Pennsylvania,1901,2,,
476414.jpg,New Year's Day Dinner at Grand Hotel,Mackinac%20Island%2C%20MI,Michigan,1901,2,,
476416.jpg,New Year's Day Dinner at Willard's Hotel,Washington%2C%20DC,Washington%2C%20D.C.,1901,2,,
476419.jpg,New Year's Ball Menu,Kansas%20City%2C%20MO,Missouri,1901,2,,
476424.jpg,Colonial Hotel Breakfast Menu,Cleveland%2C%20OH,Ohio,1901,0,,
476425.jpg,Special Supper at Colonial Hotel,Cleveland%2C%20OH,Ohio,1901,0,,
476429.jpg,St. Charles Hotel Breakfast Menu,Milwaukee%2C%20WI,Wisconsin,1901,0,,
476431.jpg,Dinner Menu at New York Club,New%20York%2C%20NY,New%20York,1901,0,,
476438.jpg,DINNER at HOTEL FLANDERS,Philadelphia%2C%20PA,Pennsylvania,1901,0,,
476440.jpg,Luncheon Menu at Stanton House,Chattanooga%2C%20TN,Tennessee,1901,0,,
476451.jpg,St. Charles Hotel Luncheon Menu,Milwaukee%2C%20WI,Wisconsin,1901,0,,
476453.jpg,Supper at St. Charles Hotel,Milwaukee%2C%20WI,Wisconsin,1901,0,,
476455.jpg,Anniversary Dinner at Savoy Hotel,New%20York%2C%20NY,New%20York,1901,2,,
476469.jpg,CARTE DU JOUR,Cleveland%2C%20OH,Ohio,1901,0,,
476470.jpg,Dinner to the Press at the Opening of New Club House,New%20York%2C%20NY,New%20York,1901,2,,
476475.jpg,Dinner & Dance for Daughter,New%20York%2C%20NY,New%20York,1901,2,,
476476.jpg,Twilight Club Dinner Menu,St.%20Denis,n%2Fa,1901,2,,
476483.jpg,Dinner Menu at Holly Inn,Pinehurst%2C%20N.C.,North%20Carolina,1901,0,,
476494.jpg,Supper at Holly Inn,Pinehurst%2C%20N.C.,North%20Carolina,1901,0,,
476497.jpg,Breakfast at Pine Forest Inn,Summerville%2C%20S.C.,South%20Carolina,1901,0,,
476498.jpg,Lunch Menu at Pine Forest Inn,Summerville%2C%20S.C.,South%20Carolina,1901,0,,
476500.jpg,Dinner at Ponce De Leon Hotel,St.%20Augustine%2C%20FL,Florida,1901,0,,
476504.jpg,Breakfast Menu at Holly Inn,Pinehurst%2C%20NC,North%20Carolina,1901,0,,
476505.jpg,Colonial Hotel Luncheon Menu,Nassau%2C%20NP,n%2Fa,1901,0,,
476519.jpg,WEDDING ANNIVERSARY PARTY MENU,,n%2Fa,1901,2,,
476521.jpg,Colonial Hotel Dinner Menu,Nassau%2C%20N.P.%20Bahamas,n%2Fa,1901,0,,
476525.jpg,AMHERST ALUMNI ASSOCIATION REUNION MENU,New%20York%2C%20NY,New%20York,1901,2,,
476526.jpg,Luncheon Menu at Ponce De Leon Hotel,St.%20Augustine%2C%20FL,Florida,1901,0,,
476529.jpg,Colonial Hotel Dinner Menu,Nassau%2C%20N.P.%20Bahamas,n%2Fa,1901,0,,
476535.jpg,Dinner at Hotel Ponce De Leon,St.%20Augustine%2C%20FL,Florida,1901,0,,
476541.jpg,Banquet to Committees at St. Louis Club Board Of Governors,St.%20Louis%2C%20MO,Missouri,1901,2,,
476548.jpg,LUNCHEON at Hotel Colonial,Nassau%2C%20THE%20BAHAMAS,n%2Fa,1901,0,,
476559.jpg,Royal Ponciana Dinner Menu,Palm%20Beach%2C%20FL,Florida,1091,0,,
476561.jpg,Daily Menu,Columbus%2C%20OH,Ohio,1901,0,,
476571.jpg,Luncheon Menu at Tampa Bay Hotel,Tampa%2C%20FL,Florida,1901,0,,
476572.jpg,Dinner Menu at Tampa Bay Hotel,Tampa%2C%20FL,Florida,1901,0,,
476577.jpg,Dinner Menu at St. Louis Club,St.%20Louis%2C%20MO,Missouri,1901,2,,
476579.jpg,Neil House Lunch &/or Dinner Menu,Columbus%2C%20OH,Ohio,1901,0,,
476588.jpg,Stanton House Dinner Menu,Chattanooga%2C%20TENN.,Tennessee,1901,0,,
476595.jpg,Lunch &/or Dinner Menu at Neil House Cafe,Columbus%2C%20OHIO,Ohio,1901,0,,
476596.jpg,Breakfast at Neil House,Columbus%2C%20OHIO,Ohio,1901,0,,
476597.jpg,Luncheon Menu at Royal Victoria Hotel,Nassau%2C%20BAHAMAS,n%2Fa,1901,0,,
476613.jpg,Lunch at Palais du Quirinal,Palais%20du%20Quirinal%2C%20Italy,n%2Fa,1901,2,,
476617.jpg,Breakfast at St. Louis Club,St.%20Louis%2C%20MO,Missouri,1901,0,,
476619.jpg,Daily Supper Menu at St. Louis Club,St.%20Louis%2C%20MO,Missouri,1901,0,,
476622.jpg,Dinner Menu at Royal Poinciana,Palm%20Beach%2C%20FL,Florida,1901,0,,
476625.jpg,Dinner Menu at Royal Victoria Hotel,Nassau%2C%20NP%2C%20Bahamas,n%2Fa,1901,0,,
476630.jpg,Hotel Colonial Dinner Menu,Nassau%2C%20N.P.%20Bahamas,n%2Fa,1901,0,,
476641.jpg,Complimentary/Testimonial Menu for Victor S. Herbert & The Pittsburgh Orchestra,New%20York%2C%20NY,New%20York,1901,2,,off
476642.jpg,Annual Meeting Menu at Hartford Golf Club,Hartford%2C%20CT,Connecticut,1901,2,,
476645.jpg,FRUHSTUCK menu on SCHNELLDAMPFER 'AUGUSTE VICTORIA',Hamburg%2C%20Germany,n%2Fa,1901,1,,
476649.jpg,Royal Palm Hotel Menu,Miami%2C%20FL,Florida,1901,0,,
476650.jpg,FRUHSTUCK at HAMBURG-AMERIKA LINIE,Hamburg%2C%20Germany,n%2Fa,1901,1,,
476656.jpg,TAMPA BAY HOTEL MENU,Tampa%2C%20FL,Florida,1901,0,,
476661.jpg,Annual Dinner at Northport Yacht Club,New%20York%2C%20NY,New%20York,1901,2,,
476663.jpg,Good Fellowship Dinner Menu at Kimball House,Atlanta%2C%20GA,Georgia,1901,2,,
476678.jpg,NO. IV OF FIVE SUBSCRIPTION COTILLIONS at Sherry's,New%20York%2C%20NY,New%20York,1901,2,,
476689.jpg,Dinner Menu at St. Louis Club,St.%20Louis%2C%20MO,Missouri,1901,2,,
476692.jpg,Dinner in Honor of General Nelson A. Miles at Chamberlin's,Washington,Washington,1901,0,,
476694.jpg,LUNCH MENU aboard SCHNELLDAMPFER AUGUSTE VICTORIA,Hamburg%2C%20Germany,n%2Fa,1901,1,,
476700.jpg,2nd Annual Dinner at Hotel Manhattan,Manhattan%2C%20NY,New%20York,1901,2,,
476706.jpg,Founder's Dinner at Catholic Club,,n%2Fa,1901,2,,
476710.jpg,Annual Dinner at Quill Club,Manhattan%2C%20NY,New%20York,1901,2,,
476711.jpg,Mardi Gras Bal Masque at Mark Hopkins Institute Of Art,San%20Francisco%2C%20CA,California,1901,2,,
476722.jpg,Dinner Tendered to Captain John Cooney,New%20York%2C%20NY,New%20York,1901,2,,
476723.jpg,Old Waverley Hotel Menu,Edinburgh%2C%20SCOTLAND,n%2Fa,1901,0,,
476737.jpg,Washington's Birthday Dinner at Colonial Hotel,Nassau%2C%20Bahamas,n%2Fa,1901,2,,
476738.jpg,Washington's Birthday Dinner at Chicago Beach Hotel,Chicago%2C%20IL,Illinois,1901,2,,
476741.jpg,Dinner at Royal Poinciana Hotel,Palm%20Beach%2C%20FL,Florida,1901,0,,
476750.jpg,Royal Palm Hotel Dinner Menu,Miami%2C%20FL,Florida,1901,0,,
476759.jpg,Luncheon Menu at Royal Poinciana Hotel,Palm%20Beach%2C%20FL,Florida,1901,0,,
476764.jpg,Breakfast Menu at Russell House,Detroit%2C%20MI,Michigan,1901,0,,
476774.jpg,Windsor Hotel Menu,Jacksonville%2C%20FL,Florida,1901,0,,
476786.jpg,Breakfast Menu at Royal Palm Hotel,Miami%2C%20FL,Florida,1901,0,,
476789.jpg,U.S.M.S. Luncheon Menu,St.%20Louis%2C%20MO,Missouri,1901,1,,
476790.jpg,U.S.M.S. Dinner Menu at St. Louis,St.%20Louis%2C%20U.S.M.S.,Missouri,1901,1,,
476796.jpg,U.S.M.S. Breakfast Event Menu,St.%20Louis%2C%20MO,Missouri,1901,1,,
476806.jpg,Dinner at University Club,Providence%2C%20RI,Rhode%20Island,1901,0,,
476809.jpg,LUNCHEON MENU ABOARD SCHNELLDAMPFER AUGUSTE VICTORIA,Hamburg%2C%20Germany,n%2Fa,1901,1,,
476825.jpg,Breakfast Menu at Hotel Royal Palm,Miami%2C%20FL,Florida,1901,0,,
476849.jpg,Luncheon at Royal Palm Hotel,Miami%2C%20FL,Florida,1901,0,,
476856.jpg,Dinner at Aalcazar Hotel,St.%20Augustine%2C%20FL,Florida,1901,0,,
476858.jpg,Luncheon Menu at Tampa Bay Hotel,Tampa%2C%20FL,Florida,1901,0,,
476868.jpg,Breakfast at Royal Victoria Hotel,Nassau%2C%20BAHAMAS,n%2Fa,1901,0,,
476876.jpg,38th Dinner at Sphinx Club,New%20York%2C%20NY,New%20York,1901,2,waldorf,
476894.jpg,Daily Menu at American House,,n%2Fa,1851,0,,
476895.jpg,Daily Menu at City Hotel,Hartford%2C%20CT,Connecticut,1851,0,,
476896.jpg,Daily Menu at Revere House,Boston%2C%20MA,Massachusetts,1851,0,,
476897.jpg,Daily Menu at Cozzens' West Point Hotel,West%20Point%2C%20New%20York,New%20York,1852,0,,
476898.jpg,Daily Menu at Irving House,New%20York%2C%20NY,New%20York,1852,0,,
476899.jpg,Breakfast Menu on New York & Liverpool U.S. Mail Steamer Arctic,New%20York%2C%20NY,New%20York,1853,1,,
476900.jpg,Dinner at Astor House,New%20York%2C%20NY,New%20York,1854,0,,
476901.jpg,Daily Menu at Delavan House,Albany,New%20York,1854,0,,
476902.jpg,Dinner Menu at Lake House,Chicago%2C%20IL,Illinois,1854,0,,
476903.jpg,American Hotel Table d'Hote,Buffalo%2C%20NY,New%20York,1855,0,,
476904.jpg,Daily Menu at Troy House,Troy%2C%20NY,New%20York,1856,0,,
476905.jpg,Daily Menu at American House,Boston%2C%20MA,Massachusetts,1856,0,,
476906.jpg,Daily Breakfast at Mansion,Buffalo%2C%20NY,New%20York,1856,0,,
476908.jpg,Daily Menu at Congress Hall,Saratoga%20Springs%2C%20NY,New%20York,1856,0,,
476909.jpg,Daily Menu,Mobile%2C%20AL,Alabama,1857,0,,
476911.jpg,Dinner Menu at Stiftungs Festes Der Harmonia,New%20York%2C%20NY,New%20York,1858,0,,
476912.jpg,Convention Supper at Delta Kappa Epsilon Frat,Brunswick%2C%20ME,Maine,1858,2,,
476914.jpg,Breakfast Menu at Metropolitan Hotel,New%20York%2C%20NY,New%20York,1859,0,,
476915.jpg,Breakfast Menu at New York Hotel,New%20York%2C%20NY,New%20York,1859,0,,
476916.jpg,Breakfast & Dinner Menu,Tremont%20House,n%2Fa,1859,0,,
476918.jpg,Franklin Club Supper at Parker House,Parker%20House%2C%20Boston%2C%20MA,Massachusetts,1861,2,,
476920.jpg,Dinner Menu at Continental Hotel,Philadelphia%2C%20PA,Pennsylvania,1862,0,,
476921.jpg,150th Anniversary Celebration Menu,Abington%2C%20MA,Massachusetts,1862,2,,
476923.jpg,Daily Menu at Ocean House,Ocean%20House%2C%20Rhode%20Island,Rhode%20Island,1864,0,,
476927.jpg,Carte du Jour - Dinner Menu,New%20York%2C%20NY,New%20York,1865,0,,
476928.jpg,Daily Menu at The Queen's Hotel,Manchester%2C%20ENGLAND,n%2Fa,1865,0,,
476932.jpg,Dinner Menu at Queen's Hotel,Manchester%2C%20ENG,n%2Fa,1866,0,,
476933.jpg,Daily Dinner Menu at St. Nicholas Hotel,St.%20Nicholas%20Hotel%2C%20New%20York%2C%20NY,New%20York,1866,0,,
476954.jpg,The De Lesseps Dinner at Delmonico's,New%20York%2C%20NY,New%20York,1880,2,delmonicos,
476960.jpg,FIFTH ANNUAL BANQUET at STURTEVANT HOUSE,New%20York%2C%20NY,New%20York,1880,0,,
476961.jpg,Royal Dinner Menu,,n%2Fa,1880,0,,
476965.jpg,Commencement Dinner at Bowdoin College,Brunswick%2C%20ME,Maine,1880,2,,
476974.jpg,DINNER at NEW HAMPSHIRE CLUB at YOUNG'S HOTEL,New%20Hampshire%20Club,New%20Hampshire,1880,0,,
476976.jpg,Daily Supper Menu at United States Hotel,Saratoga%20Springs%2C%20NY,New%20York,1880,0,,
476977.jpg,Dinner by or for Henry Hilton,New%20York%2C%20NY,New%20York,1880,0,,
476987.jpg,Dinner at Library Association Of The United Kingdom,,n%2Fa,1881,2,,
476988.jpg,Breakfast Menu at Fifth Avenue Hotel,New%20York%2C%20NY,New%20York,1881,0,,
476993.jpg,CRANE RE-UNION DINNER at MARTINELLI'S,New%20York%2C%20NY,New%20York,1881,2,,
477011.jpg,Breakfast at Purcell House,Wilmington%2C%20NC,North%20Carolina,1881,0,,
477012.jpg,SUPPER at THE ARLINGTON,,n%2Fa,1881,0,,
477015.jpg,Supper Menu at Profile House,Profile%20House%2C%20Franconia%2C%20NH,New%20Hampshire,1881,0,,
477016.jpg,LUNCH menu at TYNY COED,Tyn%20Y%20Coed%2C%20CAMPOBELLO%20ISLAND,n%2Fa,1881,0,,
477017.jpg,Breakfast at The Windsor,Elizabethtown%2C%20NY,New%20York,1881,0,,
477024.jpg,Daily Menu at The Holborn Restaurant,London%2C%20ENGLAND,n%2Fa,1881,0,,
477025.jpg,ROYAL LITERARY FUND DINNER at WILLIS'S ROOMS,London%2C%20ENGLAND,n%2Fa,1881,2,,
477033.jpg,Annual Dinner Menu at DELMONICO,New%20York%2C%20NY,New%20York,1882,2,delmonicos,
477034.jpg,Dinner at Spideseddel,Bergen%2C%20Norway,n%2Fa,1882,0,,
477036.jpg,Dinner at Grand Hotel St. James,Paris%2C%20France,n%2Fa,1882,0,,
477042.jpg,Dinner at Amstel Hotel,Amsterdam%2C%20HOLLAND,n%2Fa,1882,0,,
477043.jpg,Dinner at College Of The City Of New York,New%20York%20City,New%20York,1882,0,,
477044.jpg,Dinner on S.S.Amsterdam,,n%2Fa,1882,1,,
477045.jpg,Cyrus Hall Mccormick Menu,,n%2Fa,1882,0,,
5031304.jpg,Bellevue Hotel Dining Menu,Bellevue%2C%20WA,Washington,1912,0,,
5031311.jpg,Hotel Plaza Menu,,n%2Fa,1912,0,,
5031316.jpg,New York Athletic Club Menu,New%20York%2C%20NY,New%20York,1912,0,,
5031340.jpg,Guildhall Menu,,n%2Fa,1912,0,,
5031355.jpg,Brown Palace Hotel Menu,,n%2Fa,1912,0,,
5031359.jpg,Hotel Casey Dining Menu,Scranton%2C%20PA,Pennsylvania,1912,0,,
5031361.jpg,Albany Hotel Menu,Albany%2C%20New%20York,New%20York,1912,0,,
5031376.jpg,Brooklyn Masonic Temple Menu,Brooklyn%2C%20NY,New%20York,1912,0,,
5031385.jpg,Pontchartrain Hotel Menu,,n%2Fa,1912,0,,
5031390.jpg,Yacht Club House Menu,Larchmont%2C%20New%20York,New%20York,1912,1,,
5031396.jpg,El Kalah Temple Menu,,n%2Fa,1912,0,,
5031404.jpg,Cafe Boulevard Menu,,n%2Fa,1912,0,,
5031422.jpg,Statler Hotel Menu,,n%2Fa,1912,0,,
5031426.jpg,Blackstone Hotel Menu,,n%2Fa,1912,0,,
5031431.jpg,St. Regis Menu,,n%2Fa,1912,0,,
5031432.jpg,Navy Yard Sponsor Menu,Navy%20Yard%2C%20Washington%2C%20D.C.,Washington%2C%20D.C.,1912,0,,
5031436.jpg,Narragansett Hotel Dining Menu,Narragansett%2C%20Rhode%20Island,Rhode%20Island,1912,0,,
5031437.jpg,Traditional German Cuisine Menu,,n%2Fa,1912,0,,
5031439.jpg,Waldorf-Astoria Menu,,n%2Fa,0001,0,waldorf,
5031446.jpg,Plaza Menu,,n%2Fa,1912,0,plaza,
5031453.jpg,Delmonico's Menu,,n%2Fa,1912,0,delmonicos,
5031455.jpg,Metropolitan Club Menu,,n%2Fa,1912,0,,
5031457.jpg,Healy's Restaurant Menu,,n%2Fa,1912,0,,
5031464.jpg,Grand Ball Room Menu,,n%2Fa,1912,0,waldorf,
5031477.jpg,Park Avenue Hotel Menu,,n%2Fa,1912,0,,
5033748.jpg,Railway Dining Menu,New%20York%2C%20NY,New%20York,1912,0,,
5033751.jpg,Waldorf-Astoria Menu,,n%2Fa,1912,0,waldorf,
5033775.jpg,Hotel Imperial Menu,,n%2Fa,1912,0,,
5033790.jpg,South Gate Menu,,n%2Fa,1912,0,waldorf,
5033805.jpg,Madison Square Garden Menu,New%20York%2C%20NY,New%20York,1912,0,,
5033844.jpg,New York Press Club Menu,New%20York%2C%20NY,New%20York,1912,0,,
5035991.jpg,Hotel Martinique Menu,,n%2Fa,1912,0,,
5035992.jpg,Hotel Astor Dining Menu,New%20York%2C%20NY,New%20York,1912,0,,
5036005.jpg,Folies Bergères Menu,,n%2Fa,1912,0,,
5036034.jpg,Hutchins Hotel Menu,Hutchins%2C%20Texas,Texas,1912,0,,
5036039.jpg,Healy's Menu,,n%2Fa,1912,0,,
5036068.jpg,Merchants Club Menu,,n%2Fa,1912,2,,
5036087.jpg,Louis Martin's Menu,,n%2Fa,1912,0,,
5036088.jpg,Saengerbund Hall Menu,,n%2Fa,1912,0,,
5036132.jpg,Copley-Plaza Hotel Dining Menu,Boston%2C%20MA,Massachusetts,1912,0,,
5036173.jpg,New Willard Menu,New%20Willard,n%2Fa,1912,0,,
5036207.jpg,Delmonicos Menu,,n%2Fa,1912,0,delmonicos,
5036216.jpg,Terrace Garden Menu,,n%2Fa,1912,0,,
5036228.jpg,Manhattan Casino Menu,Manhattan%2C%20New%20York,New%20York,1912,0,,
5036232.jpg,Queen City Club Menu,,n%2Fa,1912,0,,
5036250.jpg,Kismet Temple Menu,,n%2Fa,1912,0,,
5036252.jpg,Blackstone Menu,,n%2Fa,1912,0,,
5038083.jpg,Arion Hotel Dining Menu,Arion%20Hotel%2C%20Athens%2C%20Greece,n%2Fa,1912,0,,
5038087.jpg,Athletic Club Menu,,n%2Fa,1912,2,,
5038092.jpg,Manhattan Club Menu,Manhattan%2C%20New%20York,New%20York,1912,0,,
5038096.jpg,Fifth Avenue Restaurant Menu,,n%2Fa,1912,0,,
5038110.jpg,St. Denis Hotel Menu,St.%20Denis%2C%20Hotel,n%2Fa,1912,0,,
5038144.jpg,Daylight Luncheon: Third Floor,,n%2Fa,1912,0,,
5038148.jpg,Tea Room Menu,,n%2Fa,1912,0,,
5038173.jpg,Stock Yard Inn Menu,,n%2Fa,1912,0,,
5038175.jpg,Elks' Home Menu,,n%2Fa,1912,0,,
5038181.jpg,Brooklyn Academy of Music Sponsor Menu,Brooklyn%2C%20New%20York,New%20York,1912,0,,
5038193.jpg,Cotillion Club Menu,,n%2Fa,1912,2,,
5038207.jpg,Pennsylvania Lines Dining Menu,,n%2Fa,1912,1,,
5038210.jpg,Joe's Restaurant Menu,,n%2Fa,1912,0,,
5038219.jpg,Hotel Manhattan Dining Menu,Hotel%20Manhattan%2C%20New%20York,New%20York,1912,0,,
5038222.jpg,Kaiser-Hof Restaurant Menu,,n%2Fa,1912,0,,
5038225.jpg,Hotel McAlpin Menu,,n%2Fa,1912,0,,
5038231.jpg,Fairmont Hotel Menu,,n%2Fa,1912,0,,
5038233.jpg,Doyle's Gardens Menu,,n%2Fa,1912,0,,
5038237.jpg,Hotel Sherman Dining Menu,Chicago%2C%20IL,Illinois,1912,0,,
5038244.jpg,Barker's Restaurant and Lunch Room Menu,,n%2Fa,1912,0,,
5038249.jpg,Touro Club Menu,,n%2Fa,1912,1,,
5038255.jpg,Hotel Griswold Menu,,n%2Fa,1912,0,,
5038261.jpg,Hotel Sherman Dining Menu,Chicago%2C%20IL,Illinois,1912,0,,
5038263.jpg,Hotel St. George Dining Menu,Brooklyn%2C%20NY,New%20York,1912,0,,
5038268.jpg,Royal Alexandra Hotel Menu,Royal%20Alexandra%20Hotel%2C%20City,n%2Fa,1912,0,,
5038274.jpg,Building Trades Club Menu,,n%2Fa,1912,2,,
5038286.jpg,Astor House Menu,Astor%20House,New%20York,1912,0,,
5038290.jpg,Taylor's Restaurant Menu,St.%20Denis,n%2Fa,1912,0,,
5038296.jpg,West Side Club Menu,,n%2Fa,1912,0,,
5038310.jpg,American Seamen's Friend Society Menu,,n%2Fa,1912,1,,
5055327.jpg,Waldorf Astoria Menu,,n%2Fa,1912,0,waldorf,
5055331.jpg,Hotel Chamberlin Menu,,n%2Fa,1912,0,,
5055352.jpg,Onondaga Sponsor Menu,,n%2Fa,1912,0,,
5055357.jpg,Union League Club Menu,,n%2Fa,1912,0,,
5055361.jpg,Plankinton House Menu,Plankinton,South%20Dakota,1912,0,,
5055366.jpg,Grand Hotel Hungaria Menu,,n%2Fa,1912,0,,
5055374.jpg,Guilford Point House Menu,Guilford%2C%20Connecticut,Connecticut,1912,0,,
5055375.jpg,Hotel de l'Athénée Menu,,n%2Fa,1912,0,,
5055377.jpg,Yorkville Casino Menu,,n%2Fa,1912,0,,
5055381.jpg,New Park Hotel Menu,,n%2Fa,1912,0,,
5055385.jpg,Hotel Rudolf Menu,,n%2Fa,1912,0,,
5055387.jpg,Bellevue-Stratford Menu,Bellevue-Stratford,n%2Fa,1912,0,,
5055390.jpg,Trenton House Menu,Trenton%2C%20New%20Jersey,New%20Jersey,1912,0,,
5055394.jpg,Hotel St. Andrew Menu,,n%2Fa,1912,0,,
5055395.jpg,Chemists' Club Menu,,n%2Fa,1912,2,,
5055399.jpg,Hotel Chelsea Menu,,n%2Fa,1912,0,,
5055401.jpg,Press Club Menu,,n%2Fa,1912,0,,
5055416.jpg,Olde Shoreham Menu,Olde%20Shoreham,n%2Fa,1912,0,,
5055422.jpg,Lexington Hotel Menu,,n%2Fa,1912,0,,
5055431.jpg,Golf and Country Club Menu,,n%2Fa,1912,0,,
5055434.jpg,Dean House and Cottages Menu,,n%2Fa,1912,0,,
5055438.jpg,Allyn House Menu,,n%2Fa,1912,0,,
5055444.jpg,Crawford House Menu,,n%2Fa,1912,0,,
5055445.jpg,Ulmer Park Menu,Ulmer%20Park%2C%20New%20York,New%20York,1912,0,,
5055455.jpg,Country Club Dining Menu,,n%2Fa,1912,0,,
5055457.jpg,14th Regiment Armory Event Menu,,n%2Fa,1912,2,,
5055459.jpg,Maplewood Hotel Menu,Maplewood%2C%20New%20York,New%20York,1912,0,,
5055464.jpg,Turn Verein Menu,,n%2Fa,1912,0,,
5055485.jpg,U.S. Grant Hotel Dining Menu,San%20Diego%2C%20CA,California,1912,0,,
5055490.jpg,N.C.R. Officers Club Menu,,n%2Fa,1912,2,,
5055499.jpg,Lafayette Hotel Menu,,n%2Fa,1912,0,,
5055513.jpg,Savoy Hotel Menu,,n%2Fa,1912,0,,
5055516.jpg,Hotel Ponchartrain Menu,,n%2Fa,1912,0,,
5055525.jpg,Café de Paris Menu,,n%2Fa,1912,0,,
5055544.jpg,Impérial Hotel Menu,,n%2Fa,1912,0,,
5055546.jpg,Martin's Menu,,n%2Fa,1912,0,,
5069980.jpg,Souper de Luxe Menu,,n%2Fa,1913,0,,
5069988.jpg,New Willard Menu,New%20Willard,n%2Fa,1913,0,,
5069991.jpg,Hotel Iroquois Menu,,n%2Fa,1913,0,,
5069996.jpg,Plaza Menu,,n%2Fa,1913,0,plaza,
5070006.jpg,Park Avenue Hotel Menu,,n%2Fa,1913,0,,
5070013.jpg,Hotel Adlon Dining Menu,Berlin%2C%20Germany,n%2Fa,1913,0,,
5070020.jpg,Ritz Carlton New York Dining Menu,New%20York%2C%20NY,New%20York,1913,0,,
5070024.jpg,Ten Eyck Hotel Menu,,n%2Fa,1913,0,,
5070026.jpg,Buffalo Club Menu,Buffalo%2C%20NY,New%20York,1913,0,,
5070029.jpg,Hotel Savoy Menu,,n%2Fa,1913,0,,
5070061.jpg,Hotel Bossert Dining Menu,Brooklyn%2C%20NY,New%20York,1913,0,,
5070074.jpg,Broadway Auditorium Menu,,n%2Fa,1913,0,,
5070085.jpg,Imperial Hotel Menu,,n%2Fa,1913,0,,
5070090.jpg,Imperial Sponsor Menu,Imperial%2C%20CA,California,1913,0,,
5070102.jpg,Pouch Mansion Menu,,n%2Fa,1913,0,,
5070109.jpg,Hotel Lafayette Dining Menu,Buffalo%2C%20NY,New%20York,1913,0,,
5070111.jpg,Blackstone Sponsor Menu,,n%2Fa,1913,0,,
5070125.jpg,Hotel Walson Menu,,n%2Fa,1913,0,,
5070133.jpg,Broadway Tabernacle Church Menu,,n%2Fa,1913,0,,
5070136.jpg,Hotel Worthy Menu,,n%2Fa,1913,0,,
5070143.jpg,Masonic Temple Dining Menu,Brooklyn%2C%20NY,New%20York,1913,0,,
5070190.jpg,Hotel Pontchartrain Menu,,n%2Fa,1913,0,,
5070282.jpg,Long Island Business College South Menu,Long%20Island%2C%20New%20York,New%20York,1913,0,,
5070300.jpg,City Club Menu,,n%2Fa,1913,0,,
5070306.jpg,Hotel Karldon Menu,,n%2Fa,1913,0,,
5070316.jpg,Roman Catholic Orphan Asylum Menu,,n%2Fa,1913,0,,
5070371.jpg,Hungarian Delights,Little%20Hungary,n%2Fa,1913,0,,
5070375.jpg,Casino Dining Menu,,n%2Fa,1913,0,,
5070384.jpg,Hotel Copley-Plaza Dining Menu,Boston%2C%20MA,Massachusetts,1913,0,,
5070398.jpg,Hotel Schenley Dining Menu,Pittsburgh%2C%20PA,Pennsylvania,1913,0,,
5070413.jpg,Hotel Martinique Menu,,n%2Fa,1913,0,,
5070422.jpg,Bay Shore House Menu,Bay%20Shore%2C%20NY,New%20York,1913,0,,
5104691.jpg,St. Charles Sponsor Menu,St.%20Charles%2C%20MO,Missouri,1913,0,,
5104696.jpg,Seaside House Menu,,n%2Fa,1913,0,,
5104720.jpg,Rauscher's Menu,,n%2Fa,1913,0,,
5104733.jpg,Hotel Baltimore Dining Menu,Baltimore%2C%20Maryland,Maryland,1913,0,,
5104754.jpg,Salle Hotel Dining Menu,,n%2Fa,1913,0,,
5104866.jpg,Crawford's Menu,,n%2Fa,1913,0,,
5106428.jpg,Onondaga Sponsor Menu,,n%2Fa,1913,0,,
5106436.jpg,Eureka Restaurant Menu,,n%2Fa,1913,0,,
5106459.jpg,Hotel Marseilles Menu,,n%2Fa,1913,0,,
5106514.jpg,New York Press Club Menu,New%20York%2C%20NY,New%20York,1913,0,,
5106524.jpg,New York Athletic Club Menu,New%20York%2C%20NY,New%20York,1913,0,,
5106530.jpg,Copley-Plaza Menu,Copley-Plaza,n%2Fa,1913,0,,
5106563.jpg,Sagamore Restaurant and Lunch Room Menu,,n%2Fa,1913,0,,
5106567.jpg,Saint Paul Sponsor Menu,Saint%20Paul%2C%20MN,Minnesota,1913,0,,
5106582.jpg,Revere House Menu,,n%2Fa,1913,0,,
5106584.jpg,Gerdner & Smith Menu,,n%2Fa,1913,0,,
5106588.jpg,Louis Martin's Menu,,n%2Fa,1913,0,,
5106597.jpg,Sherry's Menu,,n%2Fa,1913,0,,
5106605.jpg,Town Hall Menu,Town%20Hall,n%2Fa,1913,0,,
5106607.jpg,Michaud's Menu,,n%2Fa,1913,0,,
5106615.jpg,Café Safran Menu,,n%2Fa,1913,0,,
5106624.jpg,Military Dining Menu,West%20Point%2C%20NY,New%20York,1913,0,,
5106626.jpg,Cortland Sponsor Menu,Cortland%2C%20NY,New%20York,1913,0,,
5106628.jpg,Sprague Restaurant and Café Menu,,n%2Fa,1913,0,,
5106636.jpg,Henry J. Wollenhaupt Menu,,n%2Fa,1913,0,,
5106643.jpg,Beekman Café Co. Menu,,n%2Fa,1913,0,,
5106646.jpg,Regular Menu,,n%2Fa,1913,0,,
5106648.jpg,Gibson's Restaurant Menu,,n%2Fa,1913,0,,
5106651.jpg,Jansen's Restaurant Menu,,n%2Fa,1913,0,,
5106652.jpg,Buffet Menu,,n%2Fa,1913,0,,
5106656.jpg,City Midday Club Menu,,n%2Fa,1913,0,,
5106658.jpg,Merchant's Club Menu,,n%2Fa,1913,0,,
5106666.jpg,Mercantile Lunch Co. Menu,,n%2Fa,1913,0,,
5106668.jpg,Pabst Sponsored Menu,,n%2Fa,1913,0,,
5106673.jpg,Pontin's Restaurant Menu,,n%2Fa,1913,0,,
5106676.jpg,Rigg's Twentieth Street Restaurant Menu,,n%2Fa,1913,0,,
5106680.jpg,Ambrose Restaurant Menu,,n%2Fa,1913,0,,
5106682.jpg,C.F. Wetzel Menu,,n%2Fa,1913,0,,
5106684.jpg,E. Ettinger Café and Restaurant Menu,,n%2Fa,1913,0,,
5106686.jpg,Gardner & Smith Menu,,n%2Fa,1913,0,,
5106690.jpg,Hazeltine's Menu,,n%2Fa,1913,0,,
5106695.jpg,Gregory's Restaurant Menu,,n%2Fa,1913,0,,
5106698.jpg,Café and Restaurant Menu,,n%2Fa,1913,0,,
5106702.jpg,Smith & Post's Restaurant Menu,,n%2Fa,1913,0,,
5106724.jpg,Kirkwood Sponsor Menu,Kirkwood%2C%20MO,Missouri,1913,0,,
5106738.jpg,Washington Sponsor Menu,,Washington,1913,0,,
5120159.jpg,German Liederkranz Menu,,n%2Fa,1913,0,,
5120161.jpg,The Cortland Menu,,n%2Fa,1913,0,,
5120180.jpg,Republican Club of the City of New York Menu,,n%2Fa,1913,2,,
5120185.jpg,Planters Hotel Menu,,n%2Fa,1913,0,,
5120206.jpg,University Club of Brooklyn Menu,Brooklyn%2C%20New%20York,New%20York,1913,2,,
5120218.jpg,German Cuisine Menu,,n%2Fa,1913,0,,
5120231.jpg,Hotel Earlington Menu,,n%2Fa,1913,0,,
5144223.jpg,Whites Menu,,n%2Fa,1913,0,,
5144242.jpg,Club House - St. Marks Square Menu,,n%2Fa,1913,0,,
5144264.jpg,Claremont Sponsor Menu,Claremont%2C%20California,California,1913,0,,
5144283.jpg,Hotel Oakland Dining Menu,Oakland%2C%20CA,California,1913,0,,
5144297.jpg,S. S. Zacapa Menu,,n%2Fa,1913,1,,
5144301.jpg,Hotel Rennert Menu,,n%2Fa,1913,0,,
5144303.jpg,Rotisserie Menu,,n%2Fa,1913,0,,
5144307.jpg,Hotel Washington Dining Menu,Washington%2C%20D.C.,Washington%2C%20D.C.,1913,0,,
5144313.jpg,Kernan's Avon Beach Hall Menu,Avon,n%2Fa,1913,0,,
5144332.jpg,BPOE Racine Lodge 252 Menu,,n%2Fa,1913,0,,
5144340.jpg,Yale University Dining Menu,,n%2Fa,1913,0,,
5144371.jpg,Teutonia Assembly Rooms Menu,,n%2Fa,1913,0,,
5144375.jpg,Ritz Carlton Hotel Menu,,n%2Fa,1913,0,,
5144377.jpg,Republican Club Menu,,n%2Fa,1913,2,,
5144403.jpg,Casino Dining Menu,,n%2Fa,1913,0,,
5144413.jpg,Trenton House Menu,Trenton%2C%20New%20Jersey,New%20Jersey,1913,0,,
5144427.jpg,Hotel Majestic Menu,,n%2Fa,1913,0,,
5144445.jpg,Hanover Lunch Menu,Hanover%2C%20NH,New%20Hampshire,1913,0,,
5144465.jpg,Hotel St. George Menu,,n%2Fa,1913,0,,
5144484.jpg,Dairy Lunch Menu,New%20York%2C%20NY,New%20York,1913,0,,
5144496.jpg,Delmonicos Menu,,n%2Fa,1913,0,delmonicos,
5144550.jpg,Adams' Restaurant Menu,,n%2Fa,1913,0,,
5144571.jpg,Woolworth Building Menu,,n%2Fa,1913,0,,
5144678.jpg,Congress Hotel Dining Menu,Chicago%2C%20IL,Illinois,1913,0,,
5144684.jpg,Model Restaurant Menu,,n%2Fa,1913,0,,
5144733.jpg,Fairmont Hotel Menu,,n%2Fa,1913,0,,
5148911.jpg,Crystal Garden Menu,,n%2Fa,1913,0,,
5148925.jpg,Terrace Garden Menu,,n%2Fa,1913,0,,
5148960.jpg,Yale Club Menu,,n%2Fa,1913,2,,
5148967.jpg,Briarcliff Manor Menu,Briarcliff%20Manor%2C%20NY,New%20York,1913,0,,
5148969.jpg,Detroit Club Menu,Detroit%2C%20MI,Michigan,1913,0,,
5148973.jpg,Elks Club House Menu,,n%2Fa,1913,2,,
5148982.jpg,Stauch's Menu,,n%2Fa,1913,0,,
5149042.jpg,Garret Restaurant Menu,,n%2Fa,1913,0,,
5149053.jpg,Spilker's Restaurant and Café Menu,,n%2Fa,1913,0,,
5149063.jpg,Cortlandt Sponsor Menu,Cortlandt%2C%20New%20York,New%20York,1913,0,,
5149069.jpg,Riggs' Menu,,n%2Fa,1913,0,,
5149073.jpg,Richmond Sponsor Menu,Richmond%2C%20VA,Virginia,1913,0,,
5149093.jpg,Hotel St. Andrew Menu,,n%2Fa,1913,0,,
5149105.jpg,Young Men's Christian Association Menu,,n%2Fa,1913,2,,
5149111.jpg,Hotel Rector Menu,,n%2Fa,1913,0,,
5149135.jpg,Hofbräu Haus Menu,,n%2Fa,1913,0,,
5149142.jpg,Cafeteria Buffet Menu,,n%2Fa,1913,0,,
5149157.jpg,Explorers Club Menu,,n%2Fa,1913,0,,
5149183.jpg,Seelbach Menu,,n%2Fa,1913,0,,
5150058.jpg,Hotel Breevort Dining Menu,,n%2Fa,1913,0,,
5150136.jpg,Cosmopolitan Hotel Menu,,n%2Fa,1913,0,,
5150170.jpg,St. Denis Hotel Menu,St.%20Denis%2C%20City,n%2Fa,1913,0,,
5150221.jpg,Chop House Menu,,n%2Fa,1913,0,,
5150364.jpg,American Line Menu,,n%2Fa,1913,1,,
5150371.jpg,Hotel Statler Menu,,n%2Fa,1913,0,,
5150383.jpg,Columbia University Club Menu,,n%2Fa,1913,2,,
5150385.jpg,Hutchins Hotel Menu,,n%2Fa,1913,0,,
5150398.jpg,Willowick Country Club Menu,,n%2Fa,1913,2,,
5150405.jpg,Castle Stevens Menu,,n%2Fa,1913,0,,
5150408.jpg,Adam's Restaurant Menu,,n%2Fa,1913,0,,
5150411.jpg,Atlantic Yacht Club Menu,,n%2Fa,1913,1,,
5150416.jpg,Jersey City Club Menu,Jersey%20City%2C%20NJ,New%20Jersey,1913,0,,
5150425.jpg,Hotel Chelsea Menu,,n%2Fa,1913,0,,
5150434.jpg,Lunch Menu,,n%2Fa,1913,0,,
5150454.jpg,Travers Island Menu,,n%2Fa,1913,1,,
5150483.jpg,Hampton Institute Dining Menu,,n%2Fa,1913,0,,
5150505.jpg,Hotel Kaaterskill Menu,,n%2Fa,1913,0,,
5150517.jpg,Chamber of Commerce Menu,,n%2Fa,1913,0,,
5150555.jpg,Ritz-Carlton Restaurant Menu,,n%2Fa,1913,0,,
5188327.jpg,Traditional German Cuisine Menu,,n%2Fa,1913,0,,
5188329.jpg,Travers Island Club House Menu,,n%2Fa,1913,2,,
5188336.jpg,Smith's Menu,,n%2Fa,1913,0,,
5188375.jpg,The Homestead Menu,,n%2Fa,1913,0,,
5189168.jpg,Denver Country Club Menu,Denver%2C%20Colorado,Colorado,1913,0,,
5189169.jpg,Meyer's Hotel Menu,,n%2Fa,1913,0,,
5189170.jpg,U. S. S. Wyoming Menu,,n%2Fa,1913,1,,
5189173.jpg,Hotel Kernan Dining Menu,Baltimore%2C%20MD,Maryland,1913,0,,
5189174.jpg,Regular Menu,,n%2Fa,1913,0,,
5189175.jpg,The White Menu,,n%2Fa,1913,0,,
5189183.jpg,Hotel LaSalle Dining Menu,Chicago%2C%20IL,Illinois,1913,0,,
5189186.jpg,Au Chat Noir Menu,,n%2Fa,1913,0,,
5189191.jpg,Drake's Restaurant Menu,,n%2Fa,1913,0,,
5189202.jpg,The Spalding Menu,,n%2Fa,1913,0,,
5189238.jpg,Greenhut-Siegel Cooper Co. Menu,,n%2Fa,1913,0,,
5189309.jpg,Lorber's Menu,,n%2Fa,1913,0,,
5189331.jpg,Windsor Hotel Menu,,n%2Fa,1913,0,,
5189350.jpg,Jardin de Danse Menu,,n%2Fa,1913,0,,
5189369.jpg,Menu from Restaurant Ch. Drouant,,n%2Fa,1913,0,,
5189373.jpg,S.S. 'Mongolia' Menu,,n%2Fa,1913,1,,
5189382.jpg,Menu from R.M.S. 'Lusitania',,n%2Fa,1913,1,,
5189386.jpg,Winthrop Hotel Menu,,n%2Fa,1913,0,,
5189394.jpg,Brasserie Universelle Menu,,n%2Fa,1913,0,,
5189419.jpg,The Shelburne Menu,,n%2Fa,1913,0,,
5189428.jpg,Copley-Plaza Hotel Dining Menu,Boston%2C%20MA,Massachusetts,1913,0,,
5189436.jpg,Ritz Carlton Menu,,n%2Fa,1913,0,,
5189449.jpg,Spilker's Restaurant and Grill Room Menu,,n%2Fa,1913,0,,
5189460.jpg,Meridian Club Menu,,n%2Fa,1913,1,,
5189463.jpg,The Merchant's Club Menu,,n%2Fa,1913,0,,
5189464.jpg,The Richmond Menu,,n%2Fa,1913,0,,
5189466.jpg,Chop House Menu,,n%2Fa,1913,0,,
5189474.jpg,Pabst 14th Street Menu,Pabst%2014th%20Street,New%20York,1913,0,,
5189491.jpg,Woolpack Hotel Menu,,n%2Fa,1913,0,,
5189494.jpg,Dennett's Menu,,n%2Fa,1913,0,,
5189497.jpg,Hotel Schynige Platte und Hotel Bellevue Menu,,n%2Fa,1913,0,,
ps_rbk_637.jpg,Churchill's Menu,,n%2Fa,1917,0,,