filename,title,descriptions,year,city,state,luxury,animal
1687450.jpg,"Diner Restaurant Dinner Menu - Diner - Williamsburg, Brooklyn",,2005,Brooklyn$NY,New?York,,
3883741.jpg,The Musicians Club of San Francisco Dinner at Martinelli's,,1897,San?Francisco$CA,California,,
1687358.jpg,Horn & Hardart Company Dining Rooms Menu,,1914,,,,
1687499.jpg,Greenhut's Lunch Room Menu - Greenhut's Lunch Room at 18th and 19th Streets,,1914,,,,
1687504.jpg,"Dinner Menu at The Modern - The Modern, 9 W 53rd St, New York, NY 10019",,2008,New?York$NY,New?York,,
3884361.jpg,Harvard Club of San Francisco Dinner at Palace Hotel,,1880,San?Francisco$CA,California,,
3884427.jpg,Wester Retail Lumbermen's Association Dinner at San Francisco Commerical Club,,1915,San?Francisco$CA,California,,"birdie, rare"
3884465.jpg,COMPLIMENTARY/TESTIMONIAL Dinner at Tait's 'Pavo Real',,1921,,,,"birdie, rare"
3884444.jpg,Complimentary Testimonial Dinner at The San Francisco Commercial Club - The San Francisco Cabinet National Union,,1915,San?Francisco$CA,California,,
3884423.jpg,"ANNIVERSARY dinner at National Parlor No. 118, Fairmont Hotel",,1910,Fairmont?Hotel$San?Francisco$CA,California,,"birdie, rare"
3884440.jpg,National Event Lunch Menu at San Francisco Commercial Club,,1915,San?Francisco$CA,California,,
3884472.jpg,The Citizens of San Francisco Dinner at Palace Hotel,,1917,San?Francisco$CA,California,,
3886429.jpg,Dinner Menu aboard U.S.M.S. St. Louis,,1910,,,,
3886430.jpg,American Line Luncheon Menu - ABOARD U.S.M.S. ST. LOUIS,,1910,,,,
3886428.jpg,"Breakfast Menu aboard U.S.M.S. St. Louis by American Line - Aboard U.S.M.S. St. Louis, American Line",,1910,,,,
3886679.jpg,Anniversary Dinner at The Kindergarten Club of the Union League - Pennsylvania Railroad,,1930,Philadelphia$PA,Pennsylvania,,
3886482.jpg,"Second Annual Dinner at Council Club, American Banking Association - Hotel Alexandria, Los Angeles, CA",,1910,Los?Angeles$CA,California,,
3886729.jpg,USMS Philadelphia Luncheon - ON BOARD,,1910,Philadelphia$PA,Pennsylvania,,
3886723.jpg,Breakfast Menu on the SS Vaderland - ON BOARD THE SS VADERLAND,,1910,,,,
3886728.jpg,Boston Paper Trade Association Dinner at Algonquin Club,,1910,New?York$NY,New?York,,"birdie, rare"
3886730.jpg,"Complimentary Dinner on Board - ON BOARD, Usms Philadelphia",,1910,Philadelphia$PA,Pennsylvania,,"birdie, rare"
3886722.jpg,DINNER MENU ON BOARD THE SS VADERLAND,,1910,,,,
3886830.jpg,"Dinner at California Building, Panama Pacific International Exposition",,1915,San?Francisco$CA,California,,"birdie, turtle, rare"
3886760.jpg,SUPPER MENU ON BOARD THE SS VADERLAND,,1910,,,,
3886750.jpg,"Breakfast Menu on Board - ON BOARD, Usms Philadelphia",,1910,,,,
3886773.jpg,"Breakfast Menu on S. S. Vaderland, March 18th, 1910",,1910,,,,
3901809.jpg,"U.S.M.S. Philadelphia, Third Class Menu - Usms Philadelphia",,1910,,,,
3886752.jpg,"Daily Dinner Menu on Board - On Board, USMS Philadelphia",,1910,Philadelphia$PA,Pennsylvania,,
3886772.jpg,U.S.M.S. Philadelphia Breakfast - Usms Philadelphia,,1910,Philadelphia$PA,Pennsylvania,,
3903260.jpg,Twenty Third Annual Dinner Of The New York Florist's Club At The Fifth Avenue Restaurant,,1910,New?York$NY,New?York,,"birdie, rare"
3902035.jpg,"Breakfast Menu at Red Star Line - Red Star Line, Anvers, New York",,1910,New?York$NY,New?York,,
3902718.jpg,Third Class Menu - U.S.M.S. Philadelphia,,1910,,,,
3901813.jpg,"Tea Menu at U.S.M.S. Philadelphia - U.S.M.S. Philadelphia, Tea",,1910,,,,
3903285.jpg,Breakfast Menu at Norddeutscher Lloyd Bremen,,1910,,,,
3903292.jpg,Noonday Meal at Hotel Chamberlin,,1910,,,,
3903300.jpg,Daily Menu And Rates - The Mahat Asram,,1910,,,,
3903345.jpg,U.S.M.S. Philadelphia Luncheon Menu - USMS Philadelphia,,1910,Philadelphia$PA,Pennsylvania,,
3903349.jpg,"Breakfast Menu at U.S.M.S. Philadelphia - U.S.M.S. Philadelphia, Breakfast",,1910,,,,
3903308.jpg,Dinner at The Rochester Chamber Of Commerce Convention Hall,,1910,Rochester$New?York,New?York,,
3903304.jpg,Congress Hotel Dinner Menu,,1910,Chicago$IL,Illinois,,"birdie, turtle, rare"
3903353.jpg,"U.S.M.S. Philadelphia Dinner Menu - U.S.M.S. Philadelphia, Dinner",,1910,,,,
3903358.jpg,"Supper Menu on S. S. Vaderland, March 18th, 1910",,1910,,,,
3903421.jpg,"U.S. CUSTOMS INSPECTORS OF THE PORT OF NEW YORK ANNUAL BANQUET MENU - HOTEL SAVOY, NEW YORK, NY",,1910,New?York$NY,New?York,,"birdie, rare"
3903426.jpg,Annual Banquet Menu - New York County Prohibitionists,,1910,New?York$NY,New?York,,
3903440.jpg,"Third Class Bill Of Fare: Dinner, Tea - U.S.M.S. St. Louis",,1910,,,,
3903442.jpg,"Luncheon Menu at U.S.M.S. St. Louis - U.S.M.S. St. Louis, Luncheon",,1910,,,,
3903432.jpg,The Yates Hotel Menu - Syracuse Chamber of Commerce,,1910,Syracuse$NY,New?York,,"birdie, rare"
3903446.jpg,"U.S.M.S. St. Louis Tea Menu - U.S.M.S. St. Louis, Tea",,1910,St.?Louis$Tea,Missouri,,
3903519.jpg,"Breakfast Menu on S. S. Vaderland, March 19th, 1910",,1910,,,,
3903448.jpg,"U.S.M.S. St. Louis Dinner Menu - U.S.M.S. St. Louis, Dinner",,1910,,,,
3903737.jpg,Breakfast By U.S.M.S. St Louis - Usms St Louis,,1910,St.?Louis$MO,Missouri,,
3903716.jpg,"Supper Menu on S.S. Vaderland, March 19th, 1910",,1910,,,,
3903725.jpg,"Tenth Annual Banquet Menu - Tenth Annual Banquet, Glens Falls Club, New York",,1910,Glens?Falls$New?York,New?York,,
3903861.jpg,Breakfast Menu on U.S.M.S. St. Louis,,1910,St.?Louis$Missouri,Missouri,,
3903770.jpg,Annual Dinner Menu - Knickerbocker Field Club,,1910,,,,
3903761.jpg,26th Anniversary Celebration Menu - 26th Anniversary Of New Haven Lodge No. 25; B.P.O.C.,,1910,,,,"turtle, rare"
3903820.jpg,Lunch and Dinner Menu on S.S. 'Kronprinzessin Cecilie' - ON BOARD S.S. 'KRONPRINZESSIN CECILIE',,1910,,,,
3903765.jpg,Theatre Supper Of New York State Association Of Master Plumbers,,1910,,,,
3903895.jpg,"Freshman Dinner Menu at New American House - New American House, Boston, MA",,1910,Boston$MA,Massachusetts,,
3903741.jpg,U.S.M.S. St Louis. Third Class Bill Of Fare - U.S.M.S. St. Louis,,1910,,,,
3904653.jpg,Breakfast Menu at S.S. Vaderland,,1910,,,,
3904003.jpg,Fourth Annual Dinner Menu - All Souls Men's Club,,1910,,,,
3904598.jpg,"Founders' Day Banquet Menu - Founders' Day Banquet, The New York Club Of Phi Sigma Kappa",,1910,,,,"birdie, rare"
3904712.jpg,Breakfast Menu on S.S. Vaderland,,1910,,,,
3904603.jpg,Fifth Annual Dinner Menu - Fifth Annual Dinner Of The Macdowell Club Of New York City,,1910,New?York?City$NY,New?York,,
3904774.jpg,Dinner at The New Charleston Hotel,,1910,Charleston$S.C.,South?Carolina,,
3904766.jpg,Dinner Menu at Algonquin Club - Merchants' Club Of Boston,,1910,Boston$MA,Massachusetts,,"birdie, rare"
3904739.jpg,Testimonial Dinner Menu at Little Hungary,,1910,,,,
3904737.jpg,Annual Dinner Of The New York University Alumni Association at Waldorf Astoria,,1910,New?York$NY,New?York,,"birdie, rare"
3904768.jpg,"Luncheon Menu at The New Charleston Hotel - The New Charleston Hotel, Charleston, S.C.",,1910,Charleston$S.C.,South?Carolina,,
3904788.jpg,Breakfast Menu at Red Star Line S.S. Vaderland,,1910,,,,
3953371.jpg,Spago Menu,,1987,,,,"birdie, rare"
3904844.jpg,Palace Hotel Menu,,1910,,,,
3905008.jpg,NYU Law Alumni Banquet Menu - New York University Law Alumni Banquet,,1910,New?York$NY,New?York,,"birdie, rare"
3957987.jpg,Alpine Room Menu,,1962,,,,
3958019.jpg,Seafood Delights Menu - Parson's Seafood Restaurant,,1962,,,,
3957989.jpg,House Of Chan Menu,,1962,,,,
3958052.jpg,The Red Star Inn Menu,,1962,,,,
3958062.jpg,The Waldorf Astoria Menu,,1962,,,,
3958049.jpg,Tsuruya Menu,,1962,,,,
3958055.jpg,Park Row Menu,,1962,Park?Row$New?York,New?York,,
3958041.jpg,Marrocco's Menu,,1962,,,,
3958039.jpg,The Hansen House Menu,,1962,,,,
3958078.jpg,76 House Menu,,1962,,,,
3958088.jpg,Woodlands Lake Dining Experience - Leighton's Woodlands Lake Restaurant,,1962,,,,
3958098.jpg,Essex House Menu,,1962,New?York?City$NY,New?York,,
3958064.jpg,Governors Club Menu,,1962,,,,
3958084.jpg,Miller Bros. Menu,,1962,,,,"birdie, rare"
3958113.jpg,Spalding's Menu,,1962,,,,
3958139.jpg,Seafood Delights Menu - The Famous Anchor Sea Food House,,1962,,,,
3958133.jpg,The Granary Menu,,1962,,,,
3958115.jpg,Wayzata Country Club Menu,,1962,Wayzata$Minnesota,Minnesota,,
3958208.jpg,Sweets Restaurant Menu,,1962,,,,
3958145.jpg,Neptune Room Menu,,1962,,,,
3958151.jpg,Hotel Beach Plaza Menu - The Hotel Beach Plaza,,1962,,,,
3958184.jpg,S.S. Constitution Menu,,1962,,,,
3958158.jpg,Menu at The Berkshire Inn,,1962,,,,
3958211.jpg,Governor Shepherd Restaurant Menu,,1962,,,,
3958230.jpg,The Tavern On The Green Menu,,1962,,,,
3958214.jpg,The Manger Hay Adams Hotel Menu,,1962,,,,
3958234.jpg,Bartonsville Hotel Menu,,1962,Bartonsville$PA,Pennsylvania,,
3958250.jpg,Traditional Greek Cuisine Menu - Hellas Café,,1962,,,,
3958253.jpg,Candlelight Dining Menu - Patricia Murphy's Candlelight Restaurants,,1962,,,,
3958316.jpg,The Essex House Menu,,1962,,,,
3958238.jpg,Coffee Mill Menu - Squire Durr's Coffee Mill,,1962,,,,
3958995.jpg,S.S. Nieuw Amsterdam Menu,,1963,,,,
3959011.jpg,Tropical Fusion Menu - Don The Beachcomber,,1963,,,,
3959018.jpg,Park Row Menu,,1963,Park?Row,,,
3959015.jpg,Wiggins Tavern Menu,,1963,,,,
3959040.jpg,State Historical Society Of Iowa Menu,,1963,,,,
3959029.jpg,The Hearthstone Menu,,1963,,,,
3959043.jpg,Terrace Room Menu,,1963,,,,
3959047.jpg,Elbow Room At The Canal House Menu - Johnny Francis' Elbow Room At The Canal House,,1963,,,,
3959050.jpg,Colony Menu,,1963,,,,
3959059.jpg,Lambertville House Menu,,1963,Lambertville$New?Jersey,New?Jersey,,
3959079.jpg,Allenberry Menu,,1963,,,,
3959082.jpg,Harbor House Menu - George Phillips' Harbor House,,1963,,,,
3959054.jpg,The River Room Menu,,1963,,,,
3959063.jpg,The Scandia Menu,,1963,,,,
3959085.jpg,Midtown Restaurant Menu - Kuenning's Midtown Restaurant,,1963,,,,
3959088.jpg,Longley's Restaurant And Coffee House Menu,,1963,,,,
3959101.jpg,"Leonardo Da Vinci Menu - Tn. ""Leonardo Da Vinci""",,1963,,,,"birdie, rare"
3959096.jpg,Commander Hotel Menu,,1963,,,,
3960654.jpg,Hotel Waldhaus Sils Maria Menu - Moffat House Hotel,,1963,,,,
3960676.jpg,The Greenbrier Menu,,1963,,,,
3960693.jpg,The Feed Box Menu,,1963,,,,
3960672.jpg,The Baron Steuben Menu,,1963,,,,
3960657.jpg,Grand Motor Hotel Menu,,1963,,,,
3960697.jpg,The Green Spring Inn Menu,,1963,,,,
3960704.jpg,Historic Inn Dining Menu - The Dearborn Inn And Clinton Inn Of Greenfield Village,,1963,,,,
3960664.jpg,Four Seasons Motor Hotel Menu - The Four Seasons Motor Hotel,,1963,,,,
3960723.jpg,Rib Room Menu,,1963,,,,
3960743.jpg,Tibbs Warf Menu,,1963,,,,"birdie, rare"
3960731.jpg,Menu at Restaurant Walterspiel,,1963,,,,"birdie, turtle, rare"
3960769.jpg,United Sponsor Menu,,1963,,,,
3960771.jpg,Highland Arms Restaurant Menu,,1963,,,,
3960741.jpg,Tail Of The Fox Menu,,1963,,,,"birdie, turtle, rare"
3961181.jpg,Korean Cuisine Menu - Korean Restaurant Mi Cin,,1961,,,,
3960790.jpg,Simpson's In The Strand Menu,,1963,,,,"birdie, rare"
3960804.jpg,Don Roth's Blackhawk Restaurant Menu,,1964,,,,
3960800.jpg,Keiller Restaurant Menu,,1963,,,,
3961185.jpg,Prince George Hotel Menu,,1961,,,,
3961192.jpg,Overseas Press Club Of America Menu,,1961,,,,
3961195.jpg,Waverly Inn Menu,,1961,New?York?City$NY,New?York,,
3961206.jpg,Sundial Room Menu,,1961,,,,
3961203.jpg,Raritan Valley Inn Menu,,1961,Raritan?Valley$New?Jersey,New?Jersey,,
3961199.jpg,The Thomas Jefferson Inn Menu,,1961,,,,
3961212.jpg,Ski House Menu - Ski House Badger Pass,,1961,,,,
3961210.jpg,The Hansen House Menu,,1961,,,,
3961221.jpg,"The Essex Hotel - The Colonnades Menu - The Essex Hotel, The Colonnades",,1961,,,,
3961231.jpg,Grant's Tavern Restaurant Menu,,1961,,,,
3961233.jpg,Colonade Restaurant Menu,,1961,,,,
3961242.jpg,The Terrace Restaurant Menu,,1961,,,,
3961235.jpg,Reuben's Menu,,1961,,,,
3961247.jpg,Bavarian Inn Menu,,1961,Bavarian?Inn$Frankenmuth$MI,Michigan,,
3961245.jpg,Garden Court Menu,,1961,,,,
3961254.jpg,News Center Restaurant Menu,,1961,,,,
3961260.jpg,Host Restaurant Menu,,1961,,,,
3961257.jpg,Coffee Shop Menu,,1961,,,,
3961255.jpg,Dessert Menu - Harvey's Famous Desserts,,1961,,,,
3961251.jpg,Charcoal Hearth Menu,,1961,,,,
3961269.jpg,Diverse Culinary Delights Menu,,1961,,,,
3961263.jpg,Harvey's Famous Restaurant Menu,,1961,,,,"turtle, rare"
3961271.jpg,Ocean Restaurant Menu,,1961,,,,
3961299.jpg,Wursthaus Menu,,1961,,,,
3961315.jpg,Volk's Restaurant Menu,,1961,,,,
3961296.jpg,Coffee House Menu,,1961,,,,
3961292.jpg,Glendale Tavern Menu,,1961,,,,
3961305.jpg,Ladies' Dining Room Menu,,1961,,,,
3961286.jpg,The Butler's Canvasback Inn Menu,,1961,,,,
3961341.jpg,Ballroom Dining Menu - The Ballroom At Hotel Plaza,,1961,,,,
3961326.jpg,Carnegie Hall Tavern Menu,,1961,New?York?City$NY,New?York,,
3961343.jpg,Brevoort Restaurant Menu,,1961,,,,
3961346.jpg,Essex House At The Colonnades Menu,,1961,,,,
3961319.jpg,Flying Clipper Restaurant Menu,,1961,,,,
3961354.jpg,Grill Car Menu,,1961,,,,
3961375.jpg,Aida's East Menu,,1961,,,,
3961371.jpg,Swiss Pavilion Restaurant Menu,,1961,,,,
3961368.jpg,The Commander Hotel Menu,,1961,,,,
3961362.jpg,Regular Menu - Cronin's Restaurant,,1961,,,,
3961378.jpg,Costello's Restaurant Menu,,1961,,,,
3961406.jpg,Chop House Menu - Manny Wolf's Chop House,,1961,,,,
3961436.jpg,Ocean Monarch Menu - T.S.S. Ocean Monarch,,1961,,,,
3961424.jpg,Shankweiler's Hotel Menu,,1961,,,,
3961428.jpg,Yacht Club Dining Menu - Baltimore Yacht Club,,1961,Baltimore$Maryland,Maryland,,
3961390.jpg,The Orient Room Menu,,1961,,,,
3961475.jpg,The Cellar Door Menu,,1961,,,,
3961512.jpg,The Rockefeller Foundation Menu,,1961,,,,
3961545.jpg,Edelweiss Menu,,1961,,,,
3962656.jpg,Henrici's On Randolph Menu,,1958,,,,
3961524.jpg,Tavern On The Green Menu,,1961,,,,
3961536.jpg,Trenton Country Club Menu,,1961,Trenton$New?Jersey,New?Jersey,,
3962713.jpg,"Ballroom Menu at The Plaza - Ballroom, The Plaza",,1958,,,,
3962707.jpg,Ol' South Restaurant And Bar Menu,,1958,,,,
3962742.jpg,The Dining Room Menu,,1958,,,,
3962703.jpg,Weir Cook Dining Room Menu,,1958,,,,
3962710.jpg,Sherrys Menu,,1958,,,,
3962748.jpg,The Mississippi Room Menu,,1958,,,,
3962757.jpg,Henrici's Menu,,1958,,,,"birdie, rare"
3962785.jpg,Skipper's Dock Menu,,1958,,,,
3962807.jpg,Copper Room Menu,,1958,,,,
3962789.jpg,Clark's Restaurant Menu,,1958,,,,
3962779.jpg,Regular Menu - The Brass Rail,,1958,,,,
3962822.jpg,Wayside Inn Menu,,1958,,,,
3962863.jpg,Menu at The Francis Scott Key,,1958,,,,
3962856.jpg,Classic Burgers Menu - Hamburger Junction,,1958,,,,
3962859.jpg,Steak House Menu - Vestal Steak House,,1958,,,,
3962810.jpg,The Meadows Menu,,1958,,,,
3962849.jpg,Boardwalk Restaurant Menu,,1958,,,,
3962881.jpg,The Amen Corner Menu,,1958,,,,
3962895.jpg,The Riverview Menu,,1958,,,,
3962892.jpg,Hotel Beach Plaza Menu,,1958,,,,
3962867.jpg,Park Café And Sea Grill Menu,,1958,,,,
3962876.jpg,Harrison Inn Menu,,1958,,,,
3962900.jpg,Chickland Menu,,1958,,,,
3962905.jpg,Alberg Inn Menu,,1958,,,,
3962907.jpg,The Waldorf Astoria Menu,,1958,,,,
3962913.jpg,Swiss Inn Menu,,1958,,,,
3962916.jpg,Horn & Hardart Menu,,1958,,,,
3962909.jpg,The Cliff Dwellers Menu,,1958,,,,
3962962.jpg,Lindy's Menu,,1958,,,,"birdie, rare"
3962965.jpg,The Red Star Inn Menu,,1958,,,,"turtle, rare"
3962968.jpg,Red Coach Grill Menu,,1958,,,,
3962926.jpg,Official Dining Room Menu - Delegates Dining Room,,1958,,,,
3962957.jpg,Leone's Menu,,1958,,,,"birdie, rare"
3962982.jpg,Stouffer's Menu,,1958,,,,
3963036.jpg,Cast Stätte Leopold Menu,,1958,,,,
3963011.jpg,Hotel Pierre Dining Menu,,1958,New?York?City$NY,New?York,,
3962979.jpg,In-Flight Menu by Northwest Orient Airlines,,1958,,,,
3963047.jpg,S.S. Maasdam Dining Menu,,1958,,,,
3963138.jpg,Cavanagh's Menu,,1959,,,,"birdie, turtle, rare"
3963090.jpg,Latin Quarter Menu,,1958,,,,
3963083.jpg,Town And Country Diner Menu,,1958,,,,
3963122.jpg,The Atlanta Menu,,1958,The?Atlanta$Georgia,Georgia,,
3963135.jpg,O'Brien's Menu,,1959,,,,
3963150.jpg,The Kingsville Inn Menu,,1959,Kingsville$Maryland,Maryland,,
3963146.jpg,Stouffer's Menu,,1959,,,,
3963154.jpg,Official Dining Room Menu - Delegates Dining Room,,1959,,,,
3963141.jpg,Thompson's Menu,,1959,,,,
3963161.jpg,Red Rose Inn Menu,,1959,,,,
3963163.jpg,The Thos. Jefferson Inn Menu,,1959,,,,
3963167.jpg,Castle Restaurant Menu,,1959,,,,
3963173.jpg,Capitail Airlines In-Flight Menu - Capital Airlines,,1959,,,,
3963205.jpg,Sacher Restaurant Menu,,1959,,,,
3963200.jpg,Regular Menu - The Red Barn Restaurant And Lounge,,1959,,,,
3963212.jpg,Lime Rock Lodge Menu,,1959,,,,
3963210.jpg,Java Room Menu - Hotel Fort Shelby Java Room,,1959,Detroit$MI,Michigan,,
3963217.jpg,Johnny Johnston's Menu,,1959,,,,rare
3963231.jpg,The Tavern On The Green Menu,,1959,,,,
3963242.jpg,"The Essex Hotel - The Colonnades Menu - The Essex Hotel, The Colonnades",,1959,,,,
3963269.jpg,Espresso Menu - Pompeian Caffe Espresso,,1959,,,,
3963279.jpg,Allerton House Menu,,1959,,,,
3963298.jpg,Stagecoach Hill Menu,,1959,,,,
3963289.jpg,Sherry's Menu,,1959,,,,
3963287.jpg,Grand Central Terminal Restaurant Menu,,1959,New?York?City$NY,New?York,,"turtle, rare"
3963335.jpg,Diner Menu - The Green Mountain Restaurant Diner,,1959,,,,
3963341.jpg,Swiss Pavilion Restaurant Menu,,1959,,,,
3963332.jpg,The Waldorf Astoria Menu,,1959,,,,
3963357.jpg,Limberlock Lodge Menu,,1959,,,,
3963358.jpg,Dogwood Room Menu,,1959,,,,
3963360.jpg,Historic Inn Dining Menu - Martha Washington Inn,,1959,,,,
3963365.jpg,New Boston Inn Menu,,1959,New?Boston$MA,Massachusetts,,
3963370.jpg,Diner Menu - Green Mountain Restaurant Diner,,1959,Green?Mountain$STATE,Vermont,,
3963377.jpg,Coffee Shop Menu - Nantucket Coffee Shop,,1959,Nantucket$MA,Massachusetts,,
3963378.jpg,Sixty Eight Menu,,1959,,,,
3963375.jpg,Brookbend Inn Menu,,1959,Brookbend?Inn$City$STATE,STATE,,
3963379.jpg,The Amen Corner Menu,,1959,,,,
3963381.jpg,The Caravan Menu,,1959,,,,
3963384.jpg,Le Provençal Menu,,1959,,,,
3963386.jpg,Blair House Menu,,1959,,,,
3963422.jpg,The House Of Whitbread Menu,,1959,,,,
3963441.jpg,R.M.S. Mauretania Menu,,1959,,,,
3963436.jpg,Carvel Hall Menu,,1959,,,,
3963392.jpg,Hotel Algonquin Menu,,1959,,,,"turtle, rare"
3963473.jpg,Waterfort Menu,,1959,Waterfort,,,"birdie, rare"
3963611.jpg,Old Original Bookbinder's Menu,,1957,,,,
3963613.jpg,S.S. Lurline Menu,,1957,,,,
3963623.jpg,Von's Menu,,1957,,,,
3963608.jpg,New York Sponsor Menu,,1957,New?York$NY,New?York,,
3963641.jpg,Heidelberg Casino Menu,,1957,,,,
3963643.jpg,The Fulton Menu,,1957,,,,
3963666.jpg,Santa Maria Sponsor Menu,,1957,Santa?Maria$CA,California,,
3963670.jpg,Poolside Dining Menu - Caribe Hiltom Pool Terrace,,1957,,,,
3963667.jpg,"Sam Lord's Castle Menu - Sam Lord's Castle, Limited",,1957,,,,
3963679.jpg,Patio Grill Menu - Stebbin's Patio Grill,,1957,,,,
3963683.jpg,The St. Charles Menu,,1957,,,,
3963677.jpg,Diverse Culinary Delights Menu,,1957,,,,
3963715.jpg,Rattazzi Menu,,1957,,,,
3963722.jpg,R.M.S. Queen Elizabeth Menu,,1957,,,,
3963717.jpg,Lord Cromwell Grill Menu,,1957,,,,
3963753.jpg,Sheraton Hotels Menu,,1957,,,,
3963754.jpg,Baltimore & Ohio Railroad Dining Menu,,1957,Baltimore$Maryland,Maryland,,
3963747.jpg,Regular Menu - Eagle Restaurant,,1957,,,,
3963744.jpg,Hotel Sinton Menu,,1957,,,,"turtle, rare"
3963758.jpg,The Black Angus Menu,,1957,,,,
3963766.jpg,Seafood Delights Menu - Vorst's Century Sea Grill,,1957,,,,
3963773.jpg,Mayan Restaurant Menu,,1957,,,,"turtle, rare"
3963769.jpg,The Maine Maid Menu,,1957,,,,
3963775.jpg,Hotel Northampton Menu,,1957,Northampton$MA,Massachusetts,,
3963781.jpg,Fort Sumter Hotel Menu,,1957,,,,
3963786.jpg,The Colony Menu,,1957,The?Colony$TX,Texas,,
3963790.jpg,Valley Forge Hotel Menu,,1957,Valley?Forge$PA,Pennsylvania,,
3963778.jpg,Lindy's Menu,,1957,Lindy's$in?Lindy's,,,
3963795.jpg,The Kingsville Inn Menu,,1957,Kingsville$STATE,Texas,,
3963798.jpg,The Mississippi Room Menu,,1957,,,,
3963849.jpg,Warrenton Motor Lodge Restaurant Menu,,1957,Warrenton$Virginia,Virginia,,
3963842.jpg,Wayside Inn Menu,,1957,,,,
3963846.jpg,Jack Trayer's Menu,,1957,,,,
3963852.jpg,Hotel Beach Plaza Menu,,1957,,,,
3963863.jpg,Lobster-centric menu at Byron's Lobster Garden,,1957,,,,
3963855.jpg,Kirsch's Of York Road Menu,,1957,,,,
3963860.jpg,Moore's Historic La Fayette Inn Menu,,1957,,,,
3963882.jpg,Peerce's Plantation Menu,,1957,,,,
3963866.jpg,R.M.S. Parthia Menu,,1957,,,,
3963886.jpg,Virdan Restaurant Menu,,1957,,,,
3963904.jpg,Hofbrau Menu - The Famous Janssen Hofbrau,,1957,,,,
3963898.jpg,Conti's Menu,,1957,,,,
3963911.jpg,The Dayton Biltmore Kitty Hawk Room Menu,,1957,,,,
3963892.jpg,Emerald Room Menu,,1957,,,,
3963913.jpg,Servis Buhl Menu,,1957,,,,
3963920.jpg,The Plaza Menu,,1957,,,,
3963946.jpg,Waldorf Astoria Menu,,1957,,,,"birdie, rare"
3963935.jpg,Mayflower Restaurant Menu,,1957,,,,
3963960.jpg,Classic Southern Cuisine Menu - Virginia House Restaurant,,1957,Richmond$Virginia,Virginia,,
3963966.jpg,Hotel George Washington Menu,,1957,,,,
3963974.jpg,Angebilt Hotel Dining Menu,,1957,Orlando$FL,Florida,,
3963982.jpg,Skyline Restaurant Menu,,1957,,,,
3963999.jpg,Coffee House Menu,,1957,,,,
3963985.jpg,Lakos Menu,,1957,,,,
3968783.jpg,Regular Menu - C & L Restaurant,,1955,,,,
3968773.jpg,Italian Kitchen Menu - Tony's Italian Kitchen,,1955,,,,
3968779.jpg,Meat 'N Taters Menu,,1955,,,,
3968789.jpg,Commuters Bar Menu - Savarin Commuters Bar,,1955,,,,
3968786.jpg,Turkey Roost Menu,,1955,,,,
3968793.jpg,Savarin Buffet Menu,,1955,,,,
3968800.jpg,3 Sisters Restaurant Menu,,1955,,,,
3968804.jpg,The William Pitt Menu,,1955,,,,
3968814.jpg,Grand Central Terminal Restaurant Menu,,1955,New?York$NY,New?York,,"turtle, rare"
3968818.jpg,S.S. Constitution Menu,,1955,,,,
3968807.jpg,Menu from Restaurant Haussner,,1955,,,,
3968796.jpg,Commuter Bar Menu - Savarin Commuters Bar,,1956,,,,
3968821.jpg,Howard Manor Menu,,1955,Howard?Manor,,,
3968833.jpg,Willis' Restaurant And Cocktail Lounge Menu,,1955,,,,
3968849.jpg,Belvedere Room Menu - Hotel Sheraton Astor; Belvedere Room,,1955,New?York?City$NY,New?York,,
3968829.jpg,Jane Davies Menu,,1955,,,,
3968982.jpg,Watney House Menu,,1955,,,,
3968998.jpg,The Drake Menu,,1955,,,,
3968990.jpg,Barneys Market Club Menu,,1955,,,,
3968861.jpg,The Red Chimney Menu,,1955,,,,
3968987.jpg,The Water Tower Menu,,1955,,,,
3969017.jpg,The Clover Room Menu,,1955,,,,"turtle, rare"
3969026.jpg,Luccioni's Menu,,1955,,,,
3969025.jpg,Harvard Club Dining Menu - Harvard Club Of New York City,,1955,New?York?City$NY,New?York,,
3969028.jpg,Sky Way Menu,,1955,,,,
3969036.jpg,Hotel Roanoke Menu,,1955,Roanoke$VA,Virginia,,
3969074.jpg,Commander Hotel Menu,,1955,,,,
3969044.jpg,Hotel Ingleside Motel Menu,,1955,,,,
3969069.jpg,Mario's Menu,,1955,,,,
3969080.jpg,Amity Hall Inn Menu,,1955,,,,
3969087.jpg,Schrafft's Menu,,1955,,,,
3969090.jpg,The Beau Rivage Menu,,1955,,,,
3969131.jpg,Lorenzo's Menu,,1955,,,,
3969144.jpg,Dobbs House Menu,,1955,,,,
3969148.jpg,Strawberry Inn Menu,,1955,Strawberry$Inn,,,
3969151.jpg,Menu from R.M.S. Queen Elizabeth,,1955,,,,
3969180.jpg,Walgreens Sponsored Menu,,1955,,,,
3969185.jpg,The Butler's Canvasback Inn Menu,,1955,,,,
3969167.jpg,Locke Ober Café Menu,,1955,,,,"turtle, rare"
3969188.jpg,Caughey's Pine Room Menu,,1955,,,,
3969211.jpg,Skyline Drive Menu,,1955,,,,
3969255.jpg,Cesapeake Restaurant Menu - Chesapeake Restaurant,,1955,,,,
3969274.jpg,New Hampshire House Menu,,1955,New?Hampshire?House,New?Hampshire,,
3969277.jpg,Miller Brothers Menu,,1955,,,,"birdie, turtle, rare"
3969283.jpg,Hotel Yorktown Menu,,1955,,,,
3969287.jpg,Carvel Hall Menu,,1955,,,,
3969290.jpg,Hotel Taft Grill Menu,,1955,,,,"turtle, rare"
3969295.jpg,Crystal Room Menu,,1955,,,,
3969306.jpg,S.S. Wilson Menu,,1955,,,,"turtle, rare"
3969311.jpg,The Green Spring Inn Menu,,1955,,,,
3969315.jpg,S.S. Ryndam Menu,,1955,,,,
3969296.jpg,Town And Country Restaurant Menu,,1955,,,,
3971358.jpg,The Plaza Menu,,1954,,,,
3969324.jpg,Dining Menu on S.S. President Wilson,,1955,,,,
3971369.jpg,The Biltmore Terrace Menu,,1954,,,,
3971367.jpg,Unknown Menu - [Restaurant And/Or Location Unknown],,1954,,,,
3971351.jpg,S.S. Hastings Menu,,1954,,,,
3971371.jpg,Lüchow's Menu,,1954,,,,"birdie, rare"
3971416.jpg,S.S. United States Dining Menu,,1954,,,,"birdie, rare"
3971374.jpg,Veranda Room Menu,,1954,,,,"turtle, rare"
3971419.jpg,Toots Shor Menu,,1954,Toots?Shor$New?York$NY,New?York,,
3971429.jpg,Town Room Menu,,1954,,,,
3971462.jpg,The Waldorf Astoria Menu,,1954,,,,
3971468.jpg,Huntsman's Inn Menu,,1954,,,,
3971425.jpg,Sixty Eight Menu,,1954,,,,
3971476.jpg,Hotel Northampton & Wiggins Old Tavern Menu,,1954,,,,
3971496.jpg,Harbor View Hotel Menu,,1954,,,,
3971488.jpg,The Red Barn Menu,,1954,,,,
3971497.jpg,Adirondack Dining Experience - Schroon Crest In The Adirondacks,,1954,Schroon$New?York,New?York,,
3971524.jpg,Seafood Cafe Menu - Bill's Seafood Ship Café,,1954,,,,
3971536.jpg,Franklin Arms Menu,,1954,,,,
3971538.jpg,M.V. Georgic Menu,,1954,,,,
3971527.jpg,The Crab Tree Menu,,1954,,,,
3971565.jpg,S.S. Constitution Menu,,1954,,,,
3971553.jpg,The Courtyard Menu,,1954,,,,
3971579.jpg,Tip Toe Inn Menu,,1954,,,,
3971584.jpg,Ocean Monarch Menu - T.S.S. Ocean Monarch,,1954,,,,"birdie, rare"
3971604.jpg,Miller Bros. Menu,,1954,,,,"birdie, turtle, rare"
3971577.jpg,Allerton House Menu,,1954,,,,
3971593.jpg,Embassy Room Menu,,1954,,,,"birdie, rare"
3971621.jpg,Sirloin Room Menu,,1954,,,,
3971618.jpg,The Candlewick Menu,,1954,,,,
3971612.jpg,Museum Restaurant And Bar Menu,,1954,,,,
3971608.jpg,River View Inn Menu,,1954,,,,"birdie, rare"
3971626.jpg,Pennsylvania Dutch Week Ends And Favorite Foods - Yonnie's Pennsylvania Dutch Week Ends And Favorite Foods,,1954,,,,
3974429.jpg,Tavern On The Green Menu,,,,,,
3974450.jpg,Oakland Chamber Of Commerce Menu,,1952,Oakland$CA,California,,
3974432.jpg,Ballroom Dining Menu - The Ballroom Of The Hotel Plaza,,1952,,,,
3974427.jpg,Crystal Room Menu,,1952,,,,"birdie, rare"
3974457.jpg,The Sherry Frontenac Menu,,1952,,,,
3974465.jpg,Hotel Brickman Menu,,1952,,,,
3974466.jpg,Hotel Statler Menu,,1952,,,,
3974460.jpg,The Terrace Room Menu,,1952,,,,
3974471.jpg,Sherry Normandie Restaurant Menu,,1952,,,,
3974568.jpg,Grison's Chicken House Menu,,1953,,,,
3974475.jpg,The White Turkey Menu,,1952,,,,
3974479.jpg,The Waldorf Astoria Menu,,1952,,,,"birdie, rare"
3974628.jpg,Manhattan Beach Jewish Center Menu,,1953,Manhattan?Beach$New?York,New?York,,
3974571.jpg,Capps Coach House Menu,,1953,,,,
3974616.jpg,Hotel Astor North Garden And Belvedere Room Menu,,1953,New?York?City$NY,New?York,,
3974643.jpg,Bordens Menu,,1953,,,,
3974650.jpg,El Tovar Hotel Menu,,1953,,,,
3974638.jpg,Menu from R.M.S. Nieuw Amsterdam,,1953,,,,
3974657.jpg,La Posada Menu,,1953,,,,
3974647.jpg,Bright Angel Lodge Dining Menu,,1953,Bright?Angel?Lodge$Grand?Canyon?Village$Arizona,Arizona,,
3974668.jpg,Waldorf Astoria Menu,,1953,,,,
3974660.jpg,Hilton Hotel Menu,,1953,,,,
3974671.jpg,George Washington Hotel Menu,,1953,,,,
3974680.jpg,Penn Hotel Menu,,1953,,,,
3974664.jpg,Wilder's Menu,,1953,,,,
3974673.jpg,Mammoth Cave Hotel Dining Menu,,1953,Mammoth?Cave?Hotel$Mammoth?Cave$KY,Kentucky,,
3974709.jpg,The Flamingo Hotel Menu,,1953,,,,"birdie, rare"
3974694.jpg,Hotel Statler Menu,,1953,,,,
3974700.jpg,Rickey's Menu,,1953,,,,
3974696.jpg,Old Original Bookbinder's Menu,,1953,,,,
3974706.jpg,Unknown Menu - [Restaurant And/Or Location Unknown],,1953,,,,
3974719.jpg,The Golden Pheasant Menu,,1953,,,,"birdie, rare"
3974723.jpg,Golden Nugget Restaurant Menu,,1953,,,,"turtle, rare"
3974728.jpg,Empire Room Menu,,1953,,,,
3974731.jpg,The Shamrock Menu,,1953,,,,
3974735.jpg,The Shamrock Menu,,1955,,,,
3974743.jpg,Grand Ballroom Menu - Grand Ballroom Of The Hotel Plaza,,1953,,,,
3974769.jpg,The Candlewick Menu,,1953,,,,
3974758.jpg,Publick House Menu,,1953,,,,
3974770.jpg,Franklin Arms Menu,,1953,,,,
3974773.jpg,Sheraton Plaza Hotel Menu - The Sheraton Plaza Hotel,,1953,Sheraton?Plaza?Hotel$City$STATE,STATE,,"turtle, rare"
3974789.jpg,The Belvedere Room Menu - The Belvedere Room Of The Hotel Astor,,1953,New?York?City$NY,New?York,,
3974793.jpg,S.S. America Dining Menu,,1953,,,,"turtle, rare"
3974776.jpg,The Waldorf Astoria Menu,,1953,,,,"birdie, turtle, rare"
3975170.jpg,The Waldorf Astoria Menu,,1950,,,,"birdie, rare"
3975202.jpg,Blue Horizon Menu,,1950,,,,
3975204.jpg,Blue Horizon Menu,,1951,,,,
3975208.jpg,Red Coach Grill Menu,,1950,,,,
3975194.jpg,Brockles' Restaurant Menu,,1950,,,,
3975213.jpg,Fritzel's Menu,,1950,,,,"birdie, rare"
3975214.jpg,Canyon Hotel Menu,,1950,,,,
3975219.jpg,The Occidental Menu,,1950,,,,
3975226.jpg,Williamsburg Lodge Menu,,1950,Williamsburg$VA,Virginia,,
3975217.jpg,Williamsburg Inn Menu,,1950,Williamsburg$VA,Virginia,,
3975222.jpg,Tavern On The Green Menu,,1950,,,,
3975229.jpg,Guy Lomabard's East Point House Menu,,1950,,,,
3975247.jpg,"The Belvedere Room Menu - The Hotel Astor, The Belvedere Room",,1950,New?York?City$NY,New?York,,
3975269.jpg,Super Chief Menu,,1950,,,,
3975232.jpg,Louis Sherry Menu,,1950,,,,"birdie, rare"
3975268.jpg,Diverse Culinary Delights Menu,,1950,,,,"turtle, rare"
3975369.jpg,The Plaza Menu,,1951,,,,
3975392.jpg,The Concord Menu,,1951,,,,
3975273.jpg,Old Romanian Menu,,1950,,,,"birdie, rare"
3975401.jpg,Us Army Hospital Menu,,1951,,,,
3975389.jpg,"The Belvedere Room Menu at The Hotel Astor - The Hotel Astor, The Belvedere Room",,1951,,,,
3975447.jpg,Compagnie Générale Transatlantique Menu - Compagnie Generale Transatlantique,,1951,,,,
3975428.jpg,King's Arms Tavern Menu,,1951,,,,
3975424.jpg,The Drake Menu,,1951,,,,
3975420.jpg,Chowning's Tavern Menu,,1951,,,,
3975450.jpg,Farnam Tavern Menu,,1957,,,,
3975480.jpg,Century Room Menu - Hotel Commodore Century Room,,1951,,,,
3975483.jpg,Hotel Commodore Bar Café Menu,,1951,,,,
3975472.jpg,Monte Carlo Hotel Dining Menu,,1951,Las?Vegas$NV,Nevada,,
3979962.jpg,Latin Quarter Menu - Lou Walter's Latin Quarter,,1954,,,,"birdie, rare"
3975486.jpg,Monte's Menu,,1951,,,,
3989999.jpg,Lackawanna Railroad Menu,,1944,,,,
3979963.jpg,Coffee Shop Menu,,1954,,,,
3990002.jpg,Pennsylvania Railroad Dining Menu,,1944,,,,
3990014.jpg,Barbizon Plaza Menu,,1944,Barbizon?Plaza,,,
3990006.jpg,Childs Menu,,1944,,,,
3990039.jpg,Hungarian Cuisine Menu - Zimmerman's Hungaria,,1944,,,,"birdie, rare"
3990044.jpg,The Terrace Room Menu,,1944,,,,
3990056.jpg,Dodes Restaurant Menu,,1944,,,,
3990060.jpg,Taverne Menu - Holland House Taverne,,1944,Holland$Michigan,Michigan,,
3990086.jpg,Aldine Club Menu,,1944,,,,
3990072.jpg,The Waldorf Astoria Menu,,1944,,,,"turtle, rare"
3990090.jpg,Hotel Commodore Dining Menu,,1944,New?York?City$NY,New?York,,
3990094.jpg,Crystal Ball Room Menu,,1944,,,,
3990097.jpg,Grand Ballroom Menu,,1944,,,,
3990099.jpg,Hotel Astor Dining Menu,,1944,New?York?City$NY,New?York,,
3990104.jpg,Regular Menu - Roth's Bar Grill & Restaurant,,1944,,,,"birdie, rare"
3990116.jpg,Topps Menu,,1944,,,,
3990113.jpg,Laurel In The Pines Menu,,1944,,,,
3990109.jpg,Lou G. Siegel Menu,,1944,,,,
3990119.jpg,Roger Smith Restaurant Menu,,1944,,,,
3990137.jpg,Mike's Ship A Hoy Menu,,1944,,,,"turtle, rare"
3990143.jpg,Ice Terrace Menu,,1944,,,,"birdie, turtle, rare"
3990177.jpg,Hotel Winthrop Menu,,1944,,,,
3990174.jpg,Leon & Eddie's Menu,,1944,,,,"birdie, turtle, rare"
3990180.jpg,Solowey's Menu,,1944,,,,
3990155.jpg,Hotel Lincoln Menu,,1944,,,,
3990197.jpg,Tearoom Menu - Daniels And Fisher's Tearoom,,1944,,,,
3990205.jpg,Chins Menu,,1944,,,,
3990183.jpg,Seafood Delights Menu - Anchor Sea Food House,,1944,,,,"turtle, rare"
3990203.jpg,Town And Country Menu,,1944,Town?And?Country,,,
3990213.jpg,Diverse Culinary Delights Menu,,1944,,,,
3990187.jpg,President Tavern Menu,,1944,,,,
3990233.jpg,Hotel Rellim Menu,,1944,,,,
3990223.jpg,White Turkey Menu,,1944,,,,
3990227.jpg,Casa Del Rey Menu,,1944,,,,"birdie, rare"
3990231.jpg,Hospital Cafeteria Menu - Tripler General Hospital,,1944,,,,
3990235.jpg,Hotel Sekon In The Palms Menu,,1944,,,,
3990240.jpg,"Exhibition Hall Menu - Stix, Baer & Fuller Exhibition Hall",,1944,,,,
3990285.jpg,Hotel Astor Dining Menu,,1945,New?York?City$NY,New?York,,
3990254.jpg,Canadian National Railways Dining Menu,,1945,,,,
3990252.jpg,San Francisco Overland Limited Menu,,1945,San?Francisco$CA,California,,
3990263.jpg,University Dining Hall Menu - University Of Richmond,,1945,Richmond$VA,Virginia,,
3990289.jpg,Oyster House Menu - Honiss Oyster House Co.,,1945,,,,
3990293.jpg,Laurel In The Pines Menu,,1945,,,,
3990326.jpg,Hotel New Yorker Menu,,1945,New?York?City$NY,New?York,,
3990295.jpg,Terrace Room Menu,,1945,,,,
3990317.jpg,Ritz Carlton Ballroom Menu,,1945,,,,
3990332.jpg,Breakfast Menu - The Coffee Shop,,1945,,,,
3990298.jpg,Coffee Shop Menu,,1945,,,,
3990342.jpg,Hotel Chatham Menu,,1945,,,,"birdie, rare"
3990340.jpg,Classic American Steakhouse Menu - Frankie And Johnnie,,1945,,,,"birdie, rare"
3990352.jpg,Mc Creery Big Top Menu,,1945,,,,
3990349.jpg,The Hearthstone Menu,,1945,,,,
3990335.jpg,Wabash Railroad Menu,,1945,,,,
3990366.jpg,Hotel & Country Club Dining Menu - The Grossinger Hotel & Country Club,,1945,,,,
3990368.jpg,English Chop House Menu - Boars Head English Chop House,,1945,,,,
3990380.jpg,Persian Garden Menu,,1945,,,,
3990372.jpg,The White Turkeys Menu,,1945,,,,
3990385.jpg,Parker House Menu,,1945,Parker?House,,,
3990381.jpg,Rainbow Room Menu,,1945,,,,
3990396.jpg,The Waldorf Astoria Menu,,1945,,,,"turtle, rare"
3990400.jpg,Great Northern Railway Dining Menu,,1945,,,,
3990422.jpg,Fred Harvey Menu,,1945,,,,
3990420.jpg,Beverly Hills Hotel Menu,,1945,Beverly?Hills$CA,California,,
3990406.jpg,Emanuel Lodge Menu,,1945,,,,
3990425.jpg,The Ice Terrace Menu,,1945,,,,
3990431.jpg,The Terrace Room Menu,,1945,,,,"birdie, rare"
3990443.jpg,Los Angeles Limited Menu,,1945,Los?Angeles$CA,California,,
3990453.jpg,Cocoanut Grove Menu,,1945,Cocoanut?Grove$Florida,Florida,,"birdie, turtle, rare"
3990468.jpg,Cavern Café Menu - The Cavern Café,,1946,,,,"turtle, rare"
3990460.jpg,San Carlos Coffee Shop Menu,,1945,San?Carlos$California,California,,
3990465.jpg,Coffee Shop Menu - Blythe Coffee Shop,,1945,,,,
3990456.jpg,Mezzanine Tea Room Menu - J.J. Haggarty's Mezzanine Tea Room,,1945,,,,
3990469.jpg,The Trail Blazer Menu,,1946,,,,
3990475.jpg,Pioneer Hotel Menu,,1946,,,,
3990497.jpg,Francis Scott Key Hotel Menu,,1946,,,,
3990493.jpg,The Ann Rutledge Menu,,1946,,,,
3990471.jpg,Arizona Biltmore Dining Menu,,1946,Phoenix$Arizona,Arizona,,
3990477.jpg,Hotel Statler Dining Menu,,1946,Buffalo$NY,New?York,,
3990501.jpg,Golden State Limited Menu,,1946,,,,
3990473.jpg,The Abraham Lincoln Menu,,1946,,,,
3990509.jpg,San Francisco Overland Limited Menu,,1946,San?Francisco$CA,California,,
3990518.jpg,Burlington Route Menu,,1946,,,,
3990506.jpg,Eclectic Fusion Cuisine Menu,,1946,,,,
3990504.jpg,Parker House Menu,,1946,Parker?House,,,"turtle, rare"
3990512.jpg,The Streamliner Menu,,1946,,,,
3990527.jpg,The Fred Harvey Menu,,1946,,,,
3990530.jpg,The Stockholm Restaurants Menu,,1946,,,,
3990546.jpg,Al Levy's Grill Menu,,1946,,,,
3990535.jpg,Pennsylvania Railroad Dining Menu,,1946,,,,
3990532.jpg,Hotel Mc Alpin Dining Menu,,1946,New?York?City$NY,New?York,,
3990549.jpg,Mike Lyman's Grill Menu,,1946,,,,
3990558.jpg,The Waldorf Astoria Menu,,1946,,,,"birdie, rare"
3990563.jpg,Louis Sherry Menu,,1946,,,,"turtle, rare"
3990590.jpg,Pig N'whistle Menu - Pig'n Whistle,,1946,,,,
3990570.jpg,Southern Pacific Menu,,1946,,,,
3990594.jpg,The New Haven Railroad Menu,,1946,,,,
3990670.jpg,Charlie's Menu,,1946,,,,
3990604.jpg,Canadian National Railways Dining Menu,,1946,,,,
3990613.jpg,The Mayflower Hotel Menu,,1946,,,,
3990668.jpg,Cogen House Menu,,1946,,,,
3990601.jpg,Hotel Pierre Ballroom Menu,,1946,,,,
3990689.jpg,The Kansas Cityan Chicagoan Menu,,1946,Kansas?City$MO,Missouri,,
3990705.jpg,The Sagamore Menu,,1946,,,,
3990678.jpg,Charles Menu,,1946,,,,
3990688.jpg,The Chief Menu,,1946,,,,
3990675.jpg,Hotel New Yorker Menu,,1946,New?York?City$NY,New?York,,
3990691.jpg,The Super Chief Menu,,1946,,,,
3990713.jpg,Hotel Regis Menu,,1946,,,,
3990714.jpg,Town And Country Restaurant Menu,,1946,,,,
3990742.jpg,R.M.S. Queen Elizabeth Menu,,1946,,,,
3990763.jpg,Miami Hotel Dining Menu,,1946,Miami$FL,Florida,,
3990783.jpg,Harry Voiler's Trocadero Restaurant Menu,,1946,,,,
3990785.jpg,Theatre Restaurant Menu - Kitty Davis Theatre Restaurant,,1946,,,,
3990788.jpg,The Atlantis Menu,,1946,,,,
3990793.jpg,Skychef Menu,,1947,,,,
3990906.jpg,U.S.A.T. George Washington Menu,,1945,,,,
3991173.jpg,Savoy Menu,,1945,,,,"birdie, turtle, rare"
3991219.jpg,Scholem Lodge Menu,,1947,,,,
3991234.jpg,Union Club Menu,,1947,,,,
3991238.jpg,Mocamba Club Menu - Michel Rosenberg's Mocamba Club,,1947,,,,
3991242.jpg,Miller Brothers Menu,,1947,,,,rare
3991246.jpg,New York Club Menu,,1947,New?York$NY,New?York,,
3991250.jpg,Triangle Hofbrau Restaurant Menu,,1947,,,,"turtle, rare"
3991256.jpg,Hotel Statler Dining Menu,,1947,Buffalo$NY,New?York,,
3991254.jpg,Dinty Moore's Menu,,1947,,,,"birdie, rare"
3991258.jpg,Hotel New Yorker Dining Menu,,1947,New?York?City$NY,New?York,,"birdie, rare"
3991270.jpg,Hotel Mc Alpin Menu - Hotel McAlpin,,1947,,,,
3991275.jpg,Fine Dining Menu at The Waldorf Astoria,,1947,,,,
3991284.jpg,Hotel Mark Hopkins Dining Menu,,1947,San?Francisco$CA,California,,
3991287.jpg,Publick House Menu,,1947,,,,
3991293.jpg,Hotel Commodore Dining Menu,,1947,New?York?City$NY,New?York,,
3991295.jpg,Hotel Claremont Menu,,1947,,,,"birdie, rare"
3991300.jpg,The Palace Hotel Menu,,1947,,,,"turtle, rare"
3991304.jpg,The Fairmont Hotel Menu,,1947,,,,
3991307.jpg,Rosoff's Restaurant Menu,,1947,,,,
3991333.jpg,"Menu from S/S St. Lawrence, S/S Tadoussac, S/S Richelieu, S/S Quebec - S/S St. Lawrence; S/S Tadoussac; S/S Richelieu; S/S Quebec",,1947,,,,
3991319.jpg,Fujiya Hotel Menu,,1947,,,,
3991342.jpg,Hotel Garde Menu,,1947,,,,
3991356.jpg,Valley Forge Hotel Menu,,1947,Valley?Forge$PA,Pennsylvania,,
3991346.jpg,Louis Sherry Menu,,1947,,,,"birdie, turtle, rare"
3991375.jpg,The Oasis Menu,,1947,,,,
3991394.jpg,Veteran's Administrative Center Menu,,1947,,,,
3991398.jpg,Hotel Cleaveland Menu,,1947,,,,
3991405.jpg,The Valencia Ballroom Menu,,1947,,,,
3991417.jpg,Palm Beach Hotel Menu,,1947,Palm?Beach$FL,Florida,,
3991421.jpg,Diverse Culinary Delights Menu,,1947,,,,"birdie, rare"
3991426.jpg,The Birch Room Menu,,1948,,,,
3991429.jpg,Lark Menu,,1948,,,,
3991439.jpg,Waldorf Astoria Menu,,1948,,,,"turtle, rare"
3991445.jpg,Union Pacific Railroad Dining Menu,,1948,,,,
3991434.jpg,The Palm Beach Hotel Menu,,1948,Palm?Beach$FL,Florida,,
3991453.jpg,The Benjamin Franklin Menu,,1948,,,,"turtle, rare"
3991460.jpg,Mike Lyman's Grill Menu,,1948,,,,
3991457.jpg,Streamliner Menu,,1948,,,,
3991466.jpg,Pig N'whistle Menu,,1948,,,,
3991474.jpg,The Pony Express Menu,,1948,,,,
3991495.jpg,Chicken House Menu - Eaton's Chicken House,,1948,,,,
3991471.jpg,Ferris Restaurant Menu,,1948,,,,
3991498.jpg,Chicago And North Western System Menu,,1948,Chicago$IL,Illinois,,
3991502.jpg,Beverly Hills Hotel Menu,,1948,Beverly?Hills$CA,California,,
3991510.jpg,Hotel Del Coronado Dining Menu,,1948,Coronado$California,California,,
3991508.jpg,El Cordova Café And Coffee Shop Menu,,1948,,,,
3991521.jpg,New Venetian Room Menu,,1948,,,,
3991504.jpg,Brown Derby Menu,,1948,,,,
3991518.jpg,Classic Breakfast Menu - Hollywood's Ham N' Eggs,,1948,Hollywood$CA,California,,
3991523.jpg,Alioto's No. 8 Menu,,1948,,,,"turtle, rare"
3991526.jpg,The Tiffin Menu,,1948,,,,
3991531.jpg,Henrici's On Randolph Menu,,1948,,,,"birdie, turtle, rare"
3991529.jpg,Mandel Brothers Menu,,1948,,,,
3991534.jpg,Palmer House Menu,,1948,Palmer?House$Chicago$IL,Illinois,,
3991539.jpg,Famous Steaks Menu - Original Pete's Famous Steaks,,1948,,,,
3991550.jpg,Statler Hotel Menu,,1948,,,,
3991560.jpg,The Metropolitan Club Menu,,1948,,,,
3991565.jpg,Cavanagh's Menu,,1948,,,,"birdie, turtle, rare"
3991556.jpg,Patten Restaurant Menu,,1948,,,,
3991595.jpg,Rosoff's Menu,,1948,,,,
3991589.jpg,Klein's Menu,,1948,,,,"turtle, rare"
3991585.jpg,Ports Of Call Menu,,1948,,,,
3991576.jpg,Toffenetti Restaurant Menu,,1948,,,,
3991592.jpg,Cadillac Restaurant Menu,,1948,,,,
3991618.jpg,The Ahwahnee Menu,,1948,,,,
3991630.jpg,The Maplewood Menu,,1948,,,,
3991609.jpg,S.S. 'Veendam' Menu,,1948,,,,
3991635.jpg,Regular Menu - The Edgewater Restaurant,,1943,,,,"turtle, rare"
3991622.jpg,Canadian Pacific B.C. Coast Steamships Menu,,1948,,,,
3991601.jpg,Hospital Dining Menu - The New York Hospital,,1948,,,,
3991659.jpg,Toon Tien Menu,,1948,,,,
3991642.jpg,"Astor Gallery Menu - Waldorf Astoria Hotel, Astor Gallery",,1948,,,,
3991649.jpg,"Starlight Roof Menu - Waldorf Astoria Hotel, Stalight Roof",,1948,New?York?City$NY,New?York,,
3991652.jpg,Delmonico Restaurant Menu - Little Pep Delmonico Restaurant,,1948,,,,
3991672.jpg,Library Sponsored Menu - Augusta Library,,1948,,,,
3991663.jpg,Pomeroy's Menu,,1948,,,,
3991691.jpg,The Wilro Restaurant Menu,,1949,,,,
3991683.jpg,Palm Beach Hotel Menu,,1949,Palm?Beach$FL,Florida,,
3991686.jpg,Gray's Inn Menu,,1949,,,,
3991720.jpg,Orange Blossom Special Menu,,1949,,,,"turtle, rare"
3991699.jpg,The Oglethorpe Menu,,1949,,,,
3991696.jpg,Oyster Bay Restaurant Menu,,1949,,,,
3991739.jpg,Ritz Carlton Hotel Ballroom Menu,,1949,,,,
3991724.jpg,Roof Garden Menu - St. Regis Hotel Roof Garden,,1949,,,,
3991761.jpg,The Ahwahnee Menu,,1949,,,,
3991740.jpg,Wally J Menu,,1949,,,,
3991802.jpg,The Roosevelt Menu,,1949,,,,
3991820.jpg,State Armory Menu,,1949,,,,
3991759.jpg,Sea Isle Hotel Dining Menu,,1949,Sea?Isle?City$NJ,New?Jersey,,
3991776.jpg,Hotel Commodore Menu,,1949,,,,
3991813.jpg,Menu at The Empress Hotel,,1949,,,,
3991824.jpg,Fairmont Hotel Menu,,1949,,,,
3991830.jpg,Charlie's Café Exceptionale Menu,,1949,,,,"birdie, rare"
3991827.jpg,Hotel Nicollet Menu,,1949,,,,
3991832.jpg,El Covar Hotel Menu,,1949,,,,
3991840.jpg,Diverse Menu Selection,,1949,,,,
3991835.jpg,Let 'Er Buck Menu,,1949,,,,
3991855.jpg,Rosoff's Menu,,1949,,,,
3991858.jpg,Parker House Menu,,1949,Parker?House,,,
3991852.jpg,Menu aboard R.M.S. 'Parthia',,1949,,,,
3991862.jpg,Von's Café Menu,,1949,,,,
3991867.jpg,Garden Room Menu,,1949,,,,
3991868.jpg,Coffee Shop Menu,,1949,,,,
3991869.jpg,In-Flight Dining Menu by United Airlines,,1949,,,,
3991873.jpg,River Room Restaurant Menu,,1949,,,,
3991871.jpg,Theater Café Menu - Curly's Theater Café,,1949,,,,
3991900.jpg,Sheraton Hotel Menu,,1949,,,,
3991897.jpg,Faculty Club Menu,,1949,,,,
3991885.jpg,Dayton's Sky Room Menu,,1949,Dayton$Ohio,Ohio,,
3991911.jpg,Hotel Astor Menu,,1949,,,,
3991931.jpg,Louis Sherry Menu,,1949,,,,
3991943.jpg,The Belvedere Room Menu - The Belvedere Room Of The Hotel Astor,,1949,New?York?City$NY,New?York,,
3991920.jpg,Schrafft's Menu,,1949,,,,
3991925.jpg,Tam O'shanter's Menu,,1949,,,,
3991903.jpg,Two Guitars Menu,,1949,,,,
3991988.jpg,Rainbow Room Menu,,1949,,,,
3991997.jpg,Hoe Sai Gai's Menu,,1949,,,,
3991995.jpg,Stonewall Jackson Hotel Dining Menu,,1949,Staunton$Virginia,Virginia,,
3991994.jpg,Sekon In The Palms Menu,,1949,,,,
3991991.jpg,Regular Menu - The Brass Rail,,1949,,,,
3992021.jpg,Childs Menu,,1949,,,,
3992894.jpg,New York Central System Menu,,1946,,,,
3992024.jpg,The Sea Isle Menu,,1949,,,,
3992018.jpg,The White Turkey Menu,,1949,,,,
3992878.jpg,Unknown Menu - [Restaurant And/Or Location Unknown],,1943,,,,
3992882.jpg,Twin Star Rocket Menu - Rock Island Twin Star Rocket,,1943,Rock?Island$IL,Illinois,,
3992846.jpg,Great Northern Railway Dining Menu,,1943,,,,
3992898.jpg,New York Central System Dining Menu,,1943,,,,
3992906.jpg,Burlington Zephyrs Menu,,1946,Burlington$Vermont,Vermont,,
3992910.jpg,Burlington Club Menu,,1945,Burlington$Vermont,Vermont,,
3992916.jpg,Dixie Flagler Menu,,1943,,,,
3992914.jpg,Golden State Limited Menu,,1943,,,,
3992924.jpg,Lackawanna Sponsor Menu,,1943,Lackawanna$NY,New?York,,
3992928.jpg,Dining Car Service Menu - Santa Fe Dining Car Service,,1943,Santa?Fe$New?Mexico,New?Mexico,,
3992939.jpg,Burlington Zephyrs Menu,,1943,,,,
3992951.jpg,The Milwaukee Road Menu,,1943,,,,
3992943.jpg,Texas Zephyrs Menu,,1943,Texas?Zephyrs$Texas,Texas,,
3992977.jpg,Railway Dining Menu - The Boston And Maine Railroad,,1943,,,,
3992981.jpg,Hotel New Yorker Dining Menu,,1943,New?York?City$NY,New?York,,
3992971.jpg,The Chicago Line Menu,,1943,Chicago$IL,Illinois,,
3992996.jpg,The Waldorf Astoria Hotel Menu,,1943,New?York$N.Y.,New?York,,
3993002.jpg,Miller Bros. Menu,,1943,,,,"birdie, rare"
3993018.jpg,Frisco Lines Menu,,1943,,,,
3993006.jpg,"Guido Restaurant Menu - Guido Restaurant, Inc.",,1943,,,,
3993022.jpg,Monte Proser's Copacabana Menu,,1943,New?York?City$NY,New?York,,"birdie, turtle, rare"
3993046.jpg,Seafood House Menu - Bookbinders Sea Food House,,1943,,,,
3993038.jpg,Southern Pacific Railroad Company Menu,,1943,,,,
3993050.jpg,The Cloister Menu,,1943,,,,
3993042.jpg,Soo Line Railroad Company Menu,,1943,,,,
3993062.jpg,Beverly Hills Hotel Menu,,1943,Beverly?Hills$CA,California,,
3993063.jpg,Bear Mountain Inn Menu,,1943,Bear?Mountain$NY,New?York,,
3993060.jpg,Gluckstern's Roumanian Restaurant Menu,,1943,,,,
3993069.jpg,San Francisco Overland Limited Menu,,1943,San?Francisco$CA,California,,
3993057.jpg,Chop House Menu - Manny Wolf's Chop House,,1943,,,,
3993077.jpg,Mayan Cuisine Menu - Restaurant Mayan,,1943,,,,
3993102.jpg,The Terrace Room Menu,,1943,,,,
3993133.jpg,The Barbour Menu,,1943,,,,
3993095.jpg,Hotel Astor Dining Menu,,1943,New?York?City$NY,New?York,,
3993130.jpg,Churchill's Menu,,1943,,,,
3993116.jpg,Café Zanzibar Menu,,1943,,,,"birdie, rare"
3993119.jpg,Chop House Menu - Olde Cheshire Cheese Chop House,,1943,,,,"birdie, rare"
3993171.jpg,Tea Room Menu - The Empire Tea Room,,1943,,,,
3993149.jpg,Murray Hill Hotel Dining Menu,,1943,Murray?Hill$New?York$NY,New?York,,
3993142.jpg,Toots Shor Restaurant Menu,,1943,,,,
3993152.jpg,Enrico & Paglieri Menu,,1943,,,,
3993168.jpg,Cooper's Menu,,1943,,,,"turtle, rare"
3993185.jpg,Louis Sherry Menu,,1943,,,,"birdie, turtle, rare"
3993180.jpg,The Manhattan Room Menu,,1943,,,,
3993187.jpg,Constantine's Restaurant Menu,,1943,,,,
3993202.jpg,Officer's Club Menu,,1943,,,,
3993203.jpg,The Concord Menu,,1943,,,,
3993199.jpg,Camp Myles Standish Menu,,1943,,,,
3995170.jpg,Old Riverton Inn Menu,,,,,,
3993207.jpg,Kugler's Menu,,1949,,,,
3993228.jpg,Whitcomb Hotel Dining Menu,,1949,San?Francisco$CA,California,,
3995174.jpg,Toffenetti Menu,,1940,,,,
3993222.jpg,Roth's Bar Grill & Restaurant Menu,,1943,,,,
3995197.jpg,Great Northern Railway Dining Menu,,1940,,,,
3995188.jpg,In-Flight Dining Menu - United Air Lines,,1940,,,,
3995201.jpg,Green Briar Menu,,1940,Green?Briar,,,
3995206.jpg,Regular Menu - The Flame Restaurant,,1940,,,,
3995210.jpg,Moskowitz & Lupowitz Restaurant Menu - The Moskowitz & Lupowitz Restaurant,,1940,,,,
3995191.jpg,Terrace Room Menu,,1940,,,,
3995219.jpg,Childs Menu,,1940,,,,
3995221.jpg,Charles Sponsored Menu,,1940,,,,
3995215.jpg,Classic Seafood Dining Menu - Cape Cod Room,,1940,Chicago$IL,Illinois,,"turtle, rare"
3995225.jpg,The Coffee Shop Menu,,1940,,,,
3995229.jpg,The Ice Terrace Menu,,1940,,,,
3995238.jpg,The Jefferson Menu,,1940,,,,"birdie, turtle, rare"
3995296.jpg,"M.S.""Colombia"" Menu",,1940,,,,
3995248.jpg,Seafood Grill Menu - O'donnell's Sea Grill,,1940,,,,"turtle, rare"
3995277.jpg,The Waldorf Astoria Menu,,1940,,,,
3995344.jpg,The Commodore Menu,,1941,,,,
3995350.jpg,Hotel Pennsylvania Dining Menu,,1940,New?York?City$NY,New?York,,
3995348.jpg,In-Flight Dining Menu - United Airlines,,1928,,,,
3995367.jpg,The Lotos Club Menu,,1940,,,,"turtle, rare"
3995355.jpg,The Mainliner Diner Menu,,1940,,,,
3995395.jpg,Duff's Menu,,1940,,,,"birdie, rare"
3995372.jpg,Colligan's Stockton Inn Menu,,1940,Stockton$New?Jersey,New?Jersey,,
3995387.jpg,Ferry Dining Menu - Virginia Ferry Corporation,,1940,,,,
3995376.jpg,Duval Tea House Menu,,1940,,,,
3995369.jpg,Senate Office Building Restaurant Menu - United States Senate Office Building Restaurant,,1940,,,,
3995384.jpg,Hotel Duke Of Windsor Menu,,1940,,,,
3995405.jpg,The Hotel Sir Walter Menu,,1940,,,,"turtle, rare"
3995412.jpg,Classic Dining Menu - The White Turkey Town House,,1940,,,,
3995432.jpg,The Carolina Inn Dining Menu,,1940,Chapel?Hill$North?Carolina,North?Carolina,,
3995430.jpg,Putnam & Thurston's Menu,,1940,,,,
3995439.jpg,Skyline Terrace Restaurant Menu,,1940,,,,
3995444.jpg,Canary Cottage Menu,,1940,,,,
3995458.jpg,Kew Gardens Jewish Center Menu,,1940,Kew?Gardens$New?York,New?York,,
3995459.jpg,Old English Grill Menu,,1940,,,,"turtle, rare"
3995450.jpg,French Village Menu - The French Village,,1940,,,,
3995484.jpg,Clinton House Menu,,1940,Clinton$New?Jersey,New?Jersey,,
3995468.jpg,Sidewalk Café Menu,,1940,,,,
3995471.jpg,Horn & Hardart Menu,,1940,,,,
3995461.jpg,Chop House Menu - Shevlin's New Chop House,,1940,,,,"turtle, rare"
3995478.jpg,Lafayette Hotel Menu,,1940,,,,"birdie, turtle, rare"
3995480.jpg,Green Gables Hotel Menu,,1940,Green?Gables$STATE,,,
3995489.jpg,House Of Representatives Restaurant Menu,,1940,,,,
3995493.jpg,Taverne Menu - Holland House Taverne,,1940,Holland$Michigan,Michigan,,
3995498.jpg,Chocorua Inn Menu,,1940,Chocorua$New?Hampshire,New?Hampshire,,
3995508.jpg,Hawaiian Room Menu,,1940,,,,
3995499.jpg,Monomonock Inn Menu,,1940,,,,
3995503.jpg,The Lord Jeffery Menu,,1940,,,,
3995502.jpg,S.S. Lurline Menu,,1940,,,,"birdie, rare"
3995523.jpg,Coffee Shop Menu,,1940,,,,
3995520.jpg,Crystal Room Menu,,1940,,,,"turtle, rare"
3995525.jpg,Bellevue Stratford Hotel Dining Menu,,1940,Bellevue$Washington,Washington,,
3995529.jpg,Hotel General Wayne Menu,,1940,,,,
3995531.jpg,Grove Park Inn Dining Menu,,1940,Asheville$NC,North?Carolina,,
3995535.jpg,Williamsburg Inn Dining Menu,,1940,Williamsburg$VA,Virginia,,
3995532.jpg,Sedgefield Inn Menu,,1940,,,,
3995539.jpg,Marine Grill Menu,,1940,,,,"birdie, turtle, rare"
3995536.jpg,Terrace Dining Room Menu,,1940,,,,
3995544.jpg,Hotel Duane Menu,,1940,,,,
3995582.jpg,Rosoff's Menu,,1940,,,,
3995576.jpg,Commodore Hotel Menu,,1940,,,,
3995560.jpg,Graemere Hotel Menu,,1940,,,,
3995586.jpg,The New Haven Railroad Menu,,1940,,,,
3995594.jpg,Regular Menu - The Brass Rail,,1940,,,,"birdie, rare"
3995603.jpg,The Waldorf Astoria Ballroom Menu,,1940,,,,
3995622.jpg,Aviation Terrace Menu,,1940,,,,
3995596.jpg,Regular Menu - Lum Fong Restaurant,,1940,,,,
3996083.jpg,Reuben's Menu,,1941,,,,
3996085.jpg,English Chop House Menu - Keen's English Chop House,,1941,,,,
3996091.jpg,Clara May Downey's Olney Inn Menu,,1941,,,,
3996099.jpg,The New Haven R.R. Menu,,,,,,
3996104.jpg,"The Coffee Shop Menu - The Coffee Shop, La Guardia Field",,1941,La?Guardia?Field$New?York,New?York,,
3996102.jpg,S.S. Matsonia Dining Menu,,1941,,,,"birdie, rare"
3996114.jpg,Marine-themed Grill Menu - Kugler's Marine Grill,,1941,Kugler's?Marine?Grill$City$STATE,STATE,,"birdie, rare"
3996108.jpg,Gateway Menu,,1941,,,,
3996111.jpg,The Willard Menu,,1941,,,,
3996135.jpg,Tea Room Menu - Empire Tea Room,,1941,,,,
3996126.jpg,Miller Bros. Menu,,1941,,,,"birdie, turtle, rare"
3996144.jpg,The Waldorf Astoria Menu,,1941,,,,
3996161.jpg,Foot Guard Armory Menu,,1941,,,,"turtle, rare"
3996149.jpg,Pullman Car Service Menu,,1941,,,,
3996165.jpg,Shorecast Menu,,1941,,,,
3996164.jpg,2601 Parkway Menu,,1941,,,,
3996176.jpg,The Engineer's Club Menu,,1941,,,,
3996171.jpg,Russian Bear Menu,,1941,,,,rare
3996181.jpg,Hotel Du Pont Dining Menu,,1941,Wilmington$DE,Delaware,,
3996190.jpg,Hotel Roosevelt Dining Menu,,1941,Los?Angeles$CA,California,,"turtle, rare"
3996198.jpg,The Woodstock Menu,,1941,,,,
3996203.jpg,Star Oyster House Menu,,1941,,,,
3996209.jpg,New Haven Railroad Menu,,1941,,,,
3996229.jpg,Stevens Hotel Menu,,1941,,,,
3996240.jpg,Airport Coffee Shop Menu - La Guardia Airport Coffee Shop,,1941,New?York?City$NY,New?York,,
3996246.jpg,Penn Stroud Hotel Menu,,1941,,,,
3996244.jpg,Terrace Room Menu,,1941,,,,
3996249.jpg,Hotel Buffalo Menu,,1941,,,,"turtle, rare"
3996251.jpg,Maison Louis Menu,,1941,,,,
3996255.jpg,Leon & Eddie's Menu,,1941,,,,"birdie, turtle, rare"
3996259.jpg,Revere Room Menu,,1941,,,,
3996261.jpg,Rosenhain's Menu,,1941,,,,
3996263.jpg,Great White Fleet Menu,,1941,,,,
3996267.jpg,Billy The Oyster Man Menu,,1941,,,,"birdie, turtle, rare"
3996265.jpg,Myrtle Bank Hotel Menu,,1941,,,,
3996270.jpg,Hespe's Menu,,1941,,,,
3996274.jpg,Trainer's Menu,,1941,,,,
3996281.jpg,Mayflower Hotels Menu,,1941,,,,
3996283.jpg,Dairy Delights Menu - Steinberg's Dairy,,1941,,,,
3996286.jpg,Aviation Terrace Menu,,1941,,,,
3996291.jpg,Chop House Menu - Manny Wolf's Chop House,,1941,,,,
3996310.jpg,The Belvedere Menu,,1941,,,,
3996303.jpg,Hotel Lexington Menu,,1941,,,,
3996297.jpg,Hotel Pierre Dining Menu,,1941,New?York?City$NY,New?York,,"birdie, turtle, rare"
3996306.jpg,Chisholm's Grill Menu,,1941,,,,
3996318.jpg,Bismarck Hotel Menu,,1941,Bismarck$ND,North?Dakota,,
3996322.jpg,The Latch String Menu,,1941,,,,
3996340.jpg,Unknown Restaurant Menu,,1941,,,,
3996336.jpg,Grand Ballroom Dining Menu - Grand Ballroom Of The Hotel Commodore,,1941,,,,
3996330.jpg,Mitre Hotel Menu,,1941,,,,"birdie, rare"
3996327.jpg,Hotel Commodore Menu,,1941,,,,
3996366.jpg,The Union League Club Menu,,1941,,,,"turtle, rare"
3996358.jpg,The Starlight Roof Menu - The Starlight Roof Of The Waldorf Astoria,,1941,,,,
3996343.jpg,Luncheonette Menu,,1941,,,,
3996363.jpg,Hotel Duane Menu,,1941,,,,
3996368.jpg,Paddell's Tavern Menu,,1941,,,,
3996621.jpg,Fort Montagu Beach Hotel Menu,,1939,,,,
3996528.jpg,New Orleans Restaurant Menu,,1939,New?Orleans$LA,Louisiana,,
3996690.jpg,Hotel William Penn Dining Menu,,1939,Pittsburgh$PA,Pennsylvania,,"turtle, rare"
3996720.jpg,A.B. Trafikrestauranger Menu,,1939,,,,
3996876.jpg,Chateau Tongariro Menu,,1939,,,,
3996825.jpg,University Club Menu,,1939,,,,
3996821.jpg,S.S. Washington Menu,,1939,,,,"turtle, rare"
3997242.jpg,Biltmore Bowl Menu,,1939,,,,
3997285.jpg,Union Pacific Railroad Company Menu,,1939,,,,
3997273.jpg,The Cortile Menu,,1939,,,,
3997290.jpg,Waldorf Astoria Menu,,1939,,,,
3997292.jpg,China Clipper Menu,,1939,,,,"birdie, rare"
3997343.jpg,Palm Garden Menu,,1939,,,,"turtle, rare"
3997348.jpg,Three Ring Inn Menu - Ballantine Three Ring Inn,,1939,Ballantine$STATE,Montana,,
3997353.jpg,Red Lion Inn Menu,,1939,,,,
3997357.jpg,Canterbury Inn Menu,,1939,,,,
3997368.jpg,"Harry M. Stevens, Inc Caterers Menu",,1939,,,,
3997356.jpg,Ussr Pavillion Restaurant Menu,,1939,,,,
3997398.jpg,La Fonda Menu,,1939,La?Fonda$City,,,"birdie, turtle, rare"
3997395.jpg,Schaefer Center Menu,,1939,,,,
3997477.jpg,Commodore Menu,,1939,,,,"birdie, rare"
3997481.jpg,Southern Pacific Railroad Dining Menu,,1939,,,,
3997487.jpg,Missouri Pacific Lines Dining Menu,,1939,,,,
3997489.jpg,New York Central System Dining Menu,,1939,New?York$NY,New?York,,
3997493.jpg,Hotel Utah Dining Menu,,1939,Hotel?Utah$Salt?Lake?City$UT,Utah,,
3997494.jpg,Fred Harvey Menu,,1939,,,,
3997503.jpg,Pig'n Whistle Menu,,1939,,,,
3997506.jpg,Sammy's Plaza Menu,,1939,,,,
3997536.jpg,Hotel Jefferson Menu,,1939,,,,"turtle, rare"
3997518.jpg,Miller Bros. Menu,,1939,,,,"birdie, rare"
3997531.jpg,Royal Hawaiian Moana Hotel Menu,,1939,Honolulu$Hawaii,Hawaii,,
3997515.jpg,Hotel Lincoln Menu,,1939,,,,"birdie, rare"
3997510.jpg,Odenbach's Menu,,1939,,,,
3997585.jpg,Bernardsville Inn Menu,,1939,Bernardsville$New?Jersey,New?Jersey,,
3997587.jpg,Ye Old Canoe Place Inn Menu,,1939,,,,
3997601.jpg,The Iceland Restaurant Menu,,1939,,,,
3997545.jpg,M.S. Gripsholm Menu,,1939,,,,
3997608.jpg,Old Prague Restaurant Menu,,1939,,,,
3997619.jpg,S.S. Matsonia Menu,,1939,,,,
3997652.jpg,Cheaspeake House Menu,,1939,,,,"turtle, rare"
3997654.jpg,Childs Menu,,1939,,,,
3997627.jpg,S.S. 'Pennland' Menu,,1939,,,,
3997630.jpg,Colligan's Stockton Inn Menu,,1939,Stockton$New?Jersey,New?Jersey,,
3997613.jpg,Roosevelt House Menu,,1939,Roosevelt?House$New?York,New?York,,
3997667.jpg,Doylestown Inn Menu,,1939,Doylestown$PA,Pennsylvania,,
4000000025.jpg,Daily Menu at Parker House,,1858,Boston$MA,Massachusetts,,"turtle, rare"
3997673.jpg,Erie Railroad System Menu,,1939,,,,
4000000045.jpg,Daily Dinner Menu - Revere House,,1862,Boston$MA,Massachusetts,,
4000000049.jpg,Dinner Menu at Willards Hotel,,1864,Washington$D.C.,Washington$D.C.,,
4000000052.jpg,"80th Anniversary Dinner at Delmonico's - Delmonico's New York, NY",,1864,New?York$NY,New?York,,
4000000055.jpg,Complimentary Banquet at Revere House and Parker House,,1865,Boston$MA,,,"birdie, turtle, rare"
4000000065.jpg,Daily Menu at Revere House,,1865,Boston$MA,Massachusetts,,
4000000062.jpg,Dinner at Faneuil Hall - City Council,,1865,Boston$MA,Massachusetts,,"birdie, rare"
4000000073.jpg,Daily Dinner Menu - Crawford House,,1866,,,,
4000000068.jpg,Dinner Menu at Manhattan Club,,1866,New?York$NY,New?York,,"turtle, rare"
4000000076.jpg,Daily Dinner Menu - Profile House,,1866,Franconia?Mts$New?Hampshire,New?Hampshire,,"squirrel, birdie, rare"
4000000082.jpg,Daily Breakfast & Dinner Menu - Kiarsarge House,,1873,North?Conway$NH,New?Hampshire,,
4000000078.jpg,Daily Dinner Menu - Stetson House,,1866,Long?Branch$NJ,New?Jersey,,
4000000106.jpg,94th Anniversary Celebration Menu at Delmonico's - St. George's Society,,1880,New?York?City$NY,New?York,,"birdie, turtle, rare"
4000000093.jpg,Breakfast Menu at Kiarsarge House,,1880,,,,
4000000103.jpg,Dinner at The Wentworth,,1880,Newcastle$NH,New?Hampshire,,"turtle, rare"
4000000100.jpg,Breakfast Menu at Oakland Beach Hotel,,1880,Warwick$RI,Rhode?Island,,
4000000109.jpg,Dinner at Stanwix Hall,,1880,Albany$NY,New?York,,
4000000127.jpg,Dinner Menu at Falmouth Hotel,,1880,Portland$ME,Maine,,
4000000121.jpg,The Continental Lunch and Dinner Menu,,1880,Philadelphia$PA,Pennsylvania,,
4000000149.jpg,Dinner Menu at United States Hotel,,1881,Saratoga?Springs$NY,New?York,,
4000000115.jpg,Dinner Menu at Thousand Island House,,1880,Alexandra?Bay$NY,New?York,,
4000000153.jpg,Hubel's Restaurant & Hotel Menu,,1881,Brooklyn$NY,New?York,,
4000000155.jpg,Dinner Menu - Manhanset House; United States Hotel,,1881,Hartford$CT,Connecticut,,
4000000154.jpg,Dinner Menu at Clinton Hotel,,1881,Kokomo$IN,Indiana,,
4000000173.jpg,Dinner Menu at Glen House,,1881,Glen?House$New?Hampshire,New?Hampshire,,"birdie, turtle, rare"
4000000177.jpg,"Dinner Menu at Hubel's Restaurant And Hotel - 301-309 Washington Street, Brooklyn, NY",,1881,Brooklyn$NY,New?York,,
4000000174.jpg,Dinner at The Hygeia Hotel,,1881,Old?Point?Comfort$VA,Virginia,,"turtle, rare"
4000000158.jpg,Dinner Menu at Grand Union Hotel,,1881,Saratoga?Springs$NY,New?York,,"turtle, rare"
4000000183.jpg,DINNER at The Brunswick,,1881,Boston$MA,Massachusetts,,"birdie, turtle, rare"
4000000189.jpg,Lake View House Dinner Menu - Hotel Kaaterskill,,1881,Ausable?Chasm$NY,New?York,,
4000000204.jpg,Dinner Menu at Oakland Beach Hotel,,1881,Oakland$California,California,,
4000000196.jpg,Profile House Dinner Menu,,1881,Franconia?Notch$NH,New?Hampshire,,"turtle, rare"
4000000187.jpg,Dinner at Fifth Avenue Hotel,,1881,New?York?City$NY,New?York,,
4000000185.jpg,Breakfast Menu at Sanford House,,1881,Sanford$FL,Florida,,
4000000195.jpg,Breakfast at Ocean House,,1881,Newport$RI,Rhode?Island,,
4000000210.jpg,Complimentary Banquet for Montgomery Guards - United States Hotel,,1881,Portland$MA,Maine,,
4000000245.jpg,Putnam House Dinner Menu,,1882,Palatka$FL,Florida,,
4000000257.jpg,112th Anniversary Celebration Menu - Marine Society Of New York,,1882,New?York?City$NY,New?York,,
4000000213.jpg,Dinner at Clifton House,,1881,Niagara?Falls$NY,New?York,,
4000000227.jpg,113th Anniversary Dinner Menu - Chamber Of Commerce,,1881,New?York$NY,New?York,,"birdie, rare"
4000000320.jpg,98th Anniversary Dinner at Delmonico's - Friendly Sons Of St. Patrick,,1882,New?York?City$NY,New?York,,"birdie, rare"
4000000317.jpg,Dinner Menu at Crawford House,,1882,White?Mountains$NH,New?Hampshire,,
4000000331.jpg,Dinner at Windsor Hotel,,1882,Jacksonville$FL,Florida,,
4000000260.jpg,Dinner Menu at Exchange Hotel And Ballard House,,1882,Richmond$VA,Virginia,,
4000000263.jpg,Dinner Menu on Cunard Steamship Company Ltd.,,1882,,,,"birdie, rare"
4000000328.jpg,"100th Anniversary Celebration Menu - Parker House, Boston, MA",,1882,Boston$MA,Massachusetts,,
4000000347.jpg,Dinner Menu at Colonnade Hotel,,1882,Philadelphia$PA,Pennsylvania,,
4000000343.jpg,Dinner at Albermarle Hotel,,1882,New?York?City$NY,New?York,,"birdie, turtle, rare"
4000000357.jpg,Twentieth Anniversary Celebration Menu - Union League Club,,1883,New?York$NY,New?York,,
4000000335.jpg,Daily Menu at Jas. II. Breslin & Bro's. Hotels,,1882,Brighton?Beach$C.I.$New?York,New?York,,"birdie, turtle, rare"
4000000387.jpg,Raymond Excursion Party Dinner - Sherman House,,1883,Chicago$IL,Illinois,,"turtle, rare"
4000000398.jpg,"Dinner for Boston Commandery, Knights Templar, and Ladies - The Montezuma",,1883,Las?Vegas$NM,New?Mexico,,
4000000393.jpg,SUPPER at LAUREL HOUSE - Alumni Association Of The Rensselaer Polytechnic Institute,,1883,LAKEWOOD$NJ,New?Jersey,,
4000000447.jpg,115th Anniversary Celebration Menu - Chamber Of Commerce,,1883,New?York$NY,New?York,,
4000000409.jpg,Daily Dinner Menu at Poland Spring House,,1883,South?Poland$ME,Maine,,
4000000416.jpg,"Mail Steamship Company Dinner Menu - Mail Steamship Company, Santiago to Cienfuegos",,1883,Santiago$Cuba,,,
4000000424.jpg,Banquet Menu at Calumet Club - Commercial Club Of Chicago,,1883,Chicago$ILL.,Illinois,,
4000000449.jpg,Banquet on Completion of Northern Pacific Railroad at Hotel Lafayette,,1883,Saint?Paul$MN,Minnesota,,"birdie, rare"
4000000452.jpg,Daily Menu at Norddeutscher Lloyd Bremen Amerika,,1884,,,,"birdie, rare"
4000000483.jpg,Mr. John E. Cowdin's Menu at Delmonico,,1884,New?York?City$NY,New?York,,
4000000476.jpg,Day's Dinner at The Oceanic,,1884,NH,New?Hampshire,,
4000000467.jpg,116th Annual Banquet Menu - Chamber Of Commerce,,1884,New?York$NY,New?York,,
4000000454.jpg,Porcellian Club Menu,,1884,Cambridge$MA,Massachusetts,,"turtle, rare"
4000000462.jpg,Hygeia Hotel Dinner Menu,,1884,Old?Point?Comfort$VA,Virginia,,
4000000495.jpg,Daily Dinner at Everett House,,1884,Union?Square$NY,New?York,,"birdie, turtle, rare"
4000000502.jpg,Anniversary Celebration Menu - Marine Society Of New York,,1884,New?York$NY,New?York,,
4000000505.jpg,115th Anniversary Menu - Marine Society Of New York,,1885,New?York$NY,New?York,,
4000000491.jpg,"DINNER at YOUNGS HOTEL - YOUNGS HOTEL, BOSTON, MA",,1884,Boston$MA,Massachusetts,,"turtle, rare"
4000000485.jpg,Pennsylvania RR Dinner Menu,,1884,,,,
4000000489.jpg,Executive Committee Dinner at Delmonicos NY,,1884,New?York?City$NY,New?York,,
4000000508.jpg,"SECOND ANNUAL DANCE at BURNET HOUSE - BURNET HOUSE, Cincinnati, Ohio",,1885,Cincinnati$OH,Ohio,,"turtle, rare"
4000000533.jpg,Daily Dinner at Sherman House,,1885,Chicago$IL,Illinois,,
4000000553.jpg,10th Anniversary Celebration Menu - Congregational Club,,1885,,,,
4000000542.jpg,"Breakfast Menu at Hotel Brunswick - Hotel Brunswick, St. Nicholas Society Of Nassau Island",,1885,New?York$NY,New?York,,"turtle, rare"
4000000561.jpg,Anniversary Dinner Menu - Marine Society Of Ny,,1886,New?York$NY,New?York,,"birdie, rare"
4000000566.jpg,Sixth Annual Banquet at Delmonicos - Ohio Society Of New York,,1891,New?York$NY,New?York,,
4000000594.jpg,Ohio Society of New York Annual Banquet at Delmonico's,,1886,New?York$NY,New?York,,
4000000574.jpg,Bill of Fare on Steamship Colon - Pacific Mail Steamship Co.,,1886,Colon$NEW?YORK,New?York,,
4000000598.jpg,The Harvard Advocate Annual Dinner - Parker House,,1886,Boston$MA,Massachusetts,,"birdie, turtle, rare"
4000000580.jpg,St. David's Benevolent Society Annual Dinner Menu - Westminster Hotel,,1886,New?York$NY,New?York,,
4000000607.jpg,Twilight Club 107th Dinner - Brighton Beach Hotel,,1886,Coney?Island$NY,New?York,,"turtle, rare"
4000000646.jpg,Law Club Dinner Menu,,1887,,,,"birdie, rare"
4000000650.jpg,FOURTH ANNUAL DINNER - State Of Ohio Military Order,,1887,CINCINNATI$OH,Ohio,,
4000000618.jpg,Dinner to the Holland Society of New York at Hotel Kaaterskill,,,Kingston$NY,New?York,,"birdie, rare"
4000000622.jpg,Luncheon Menu at ? Hotel,,1887,Chicago$IL,Illinois,,
4000000637.jpg,78th Anniversary of Lincoln's Birthday at Delmonico's,,1887,New?York$NY,New?York,,
4000000689.jpg,Sunday Dinner at Parker House - Beckman & Punchard,,1887,Boston$MA,Massachusetts,,"birdie, turtle, rare"
4000000702.jpg,"SEVENTH ANNUAL FESTIVAL Menu - THE CONTINENTAL, New England Society Of Pennsylvania",,1887,Philadelphia$PA,Pennsylvania,,"turtle, rare"
4000000665.jpg,First Annual Dinner at Delmonico's,,1887,New?York$NY,New?York,,
4000000696.jpg,Annual Dinner Menu at Delmonico's,,1887,New?York$NY,New?York,,
4000000681.jpg,"Veteran Reunion, Twenty-Fifth Anniversary Menu - Delmonico's, Cadet Quartette U.S. Army",,,New?York$NY,New?York,,
4000000672.jpg,"Jubilee Fete Menu at Booksellers' Institution - BOOKSELLERS' RETREAT, ABBOTTS LANGSLEY",,1887,,,,
4000000705.jpg,"Annual Banquet Menu at Hotel Vendome - Hotel Vendome, Boston, MA",,1887,Boston$MA,Massachusetts,,
4000000780.jpg,"SIXTH ANNUAL REUNION AND BANQUET - THE THORNDIKE, BOSTON, MA",,1888,Boston$MA,Massachusetts,,"birdie, rare"
4000000746.jpg,Annual Dinner of Association of Alumni at Delmonico's - University Of The City Of New York,,1888,New?York$NY,New?York,,
4000000769.jpg,Annual Dinner at Princeton Club Of New York - Hotel Brunswick NY,,1888,New?York$NY,New?York,,
4000000777.jpg,"Centennial Celebration Menu at Delmonico's - DELMONICO'S, NY",,1888,New?York$NY,New?York,,
4000000771.jpg,Liberal Union Club Dinner at Young's Hotel,,1888,Boston$MA,Massachusetts,,"turtle, rare"
4000000816.jpg,LARCHMONT YACHT CLUB - STEAMER ALBERTINA,,1888,Larchmont$New?York,New?York,,
4000000811.jpg,Farewell Reception Menu at Victoria Hotel - Honourable Artillery Company Of London,,1888,New?York$NY,New?York,,
4000000820.jpg,Fourth of July Dinner at Bass Rock Hotel,,1888,Gloucester$MA,Massachusetts,,"turtle, rare"
4000000823.jpg,Dinner at The Bass Rock - Bass Rock Hotel,,1888,Gloucester$MA,Massachusetts,,
4000000947.jpg,Fidelio Club Menu,,1889,New?York$NY,New?York,,
4000000872.jpg,Dinner hosted by the Minister of Austria,,1888,Washington$DC,,,
4000000956.jpg,Menu from THE PATRIARCHS event at DELMONICOS,,1889,New?York$NY,New?York,,
4000000863.jpg,120th Annual Banquet Menu at Delmonico's,,1888,New?York$NY,New?York,,
4000000842.jpg,"19NTH REUNION DINNER at GRAND PACIFIC HOTEL - GRAND PACIFIC HOTEL, CHICAGO, ILL",,1888,Chicago$IL,Illinois,,"turtle, rare"
4000000974.jpg,"24th Annual Banquet at Taylor's Hotel - TAYLOR'S HOTEL, JERSEY CITY, N.J.",,1889,Jersey?City$N.J.,New?Jersey,,"turtle, rare"
4000000986.jpg,"BEVERWYCH DINNER at DELAVAN HOUSE - DELAVAN HOUSE, ALBANY, N.Y.",,1889,Albany$N.Y.,New?York,,
4000000999.jpg,157th Anniversary of Birthday of Washington Menu - Order Of United Americans,,1889,,,,
4000000997.jpg,TWENTIETH ANNIVERSARY MENU - THE VENDOME,,1889,Boston$MA,Massachusetts,,"turtle, rare"
4000000961.jpg,"Annual Dinner at North River Steamboat Co. - Hotel St. George, Nyack-on-Hudson",,1889,Nyack$NY,New?York,,
4000001012.jpg,Ladies Night at Cambridge Club - YOUNG'S HOTEL,,1889,Cambridge$Massachusetts,Massachusetts,,
4000001000.jpg,St. David's Benevolent Society Annual Dinner Menu - Westminster Hotel,,1889,New?York$NY,New?York,,
4000001017.jpg,"SAINT NICHOLAS SOCIETY OF CITY OF NEW YORK - PAAS FESTIVAL at DELMONICO'S - DELMONICO'S, NEW YORK, NY",,1889,New?York$NY,New?York,,
4000001004.jpg,Banquet and Inaugural Ball for President Benjamin Harrison and Vice-President Levi Morton - United States Government,,1889,Philadelphia$PA,Pennsylvania,,"turtle, rare"
4000001020.jpg,Dinner at Gilsey House,,1889,New?York?City$NY,New?York,,"birdie, turtle, rare"
4000001023.jpg,"Gillespie's Restaurant Dinner Menu - 272 Eighth Ave, New York, NY",,1889,New?York$NY,New?York,,
4000001028.jpg,Presidential Dinner on the Pennsylvania Railroad - PRESIDENTIAL TRAIN NY TO DC,,1889,Washington$DC,,,"birdie, rare"
4000001035.jpg,"Centennial Inauguration Celebration Menu - ACADEMY OF MUSIC BROOKLYN, NY",,1889,Brooklyn$NY,New?York,,
4000001071.jpg,"Reception for the Right Worthy Grand Lodges, Lunch and Dinner - SCHAUFFLER'S HOTEL, ATLANTIC CITY, NJ",,1889,Atlantic?City$NJ,New?Jersey,,"turtle, rare"
4000001065.jpg,Fourth Annual Dinner at Hotel Brunswick NY,,1889,New?York$NY,New?York,,"birdie, rare"
4000001081.jpg,SIXTH ANNUAL BANQUET MENU - DELMONICO'S,,1889,New?York$NY,New?York,,"birdie, rare"
4000001077.jpg,First Annual Dinner Menu - Massachusetts Society Of The Sons Of The American Revolution,,1889,Boston$MA,Massachusetts,,"turtle, rare"
4000001111.jpg,"DINNER TO THE AMERICAN GYNECOLOGICAL SOCIETY at TAFT'S HOTEL - TAFT'S HOTEL, Boston, Massachusetts",,1889,Boston$MA,Massachusetts,,
4000001135.jpg,Thanksgiving Dinner at Hotel Normandie,,1889,Washington$D.C.,Washington$D.C.,,"turtle, rare"
4000001092.jpg,"Theta Phi Fraternity Dinner at Haggerty's Hotel - Haggerty's Hotel, West Winfield, NY",,1889,West?Winfield$NY,New?York,,
4000001156.jpg,"ANNUAL DINNER OF THE NEW YORK ALUMNI at DELMONICO'S - DELMONICO'S, NEW YORK, NY",,1890,New?York$NY,New?York,,
4000001185.jpg,AMERICAN INSTITUTE OF MINING ENGINEERS BANQUET at THE ARLINGTON,,1890,Washington$DC,,,"turtle, rare"
4000001115.jpg,Sunday Menu at Poland Spring Hotel,,1889,South?Poland$ME,Maine,,
4000001140.jpg,Literary Dinner Menu - The Society For Literary Knowledge,,1889,,,,"birdie, rare"
4000001146.jpg,"Farewell Dinner to Mr. Henry George at Metropolitan Hotel - METROPOLITAN HOTEL, NEW YORK, NY",,1890,New?York$NY,New?York,,"turtle, rare"
4000001083.jpg,Ladies Festival Dinner at Baptist Social Union Of Boston,,1889,Boston$MA,Massachusetts,,"birdie, rare"
4000001197.jpg,Reunion Menu at Tipity Wichity Club,,1890,Washington$DC,,,"birdie, turtle, rare"
4000001205.jpg,"First Annual Banquet at Hotel Marlborough - Hotel Marlborough, Hoboken, NY",,1890,Hoboken$NY,New?York,,
4000001202.jpg,120th Anniversary Dinner at Delmonico's - Marine Society Of New York,,1890,New?York$NY,New?York,,
4000001356.jpg,"Annual Banquet Menu at Delmonico's - DELMONICO'S, N.Y.",,1891,New?York$NY,New?York,,
4000001189.jpg,ANNUAL WASHINGTON'S BIRTHDAY DINNER - M.F. LYONS; BOWERY; NY,,1890,New?York$NY,New?York,,"turtle, rare"
4000001265.jpg,Annual Dinner Menu - Society Of The Army Of The Potomac,,1890,Portland$MAINE,Maine,,
4000001238.jpg,"Dinner for the Opening of Simpson Timber Dry Dock - U.S. Navy Yard, Brooklyn, New York",,1890,Brooklyn$New?York,New?York,,"birdie, rare"
4000001161.jpg,"THIRD ANNUAL DINNER at CLARK'S - CLARK'S, NEW YORK, NY",,1890,New?York$NY,New?York,,
4000001233.jpg,"Annual Dinner Menu at Falmouth Hotel - Falmouth Hotel, Portland, ME",,1890,Portland$ME,Maine,,"birdie, turtle, rare"
4000001247.jpg,"Dinner for Class of 1863 at Parker House - Parker House, Boston, MA",,1890,Boston$MA,Massachusetts,,"birdie, turtle, rare"
4000001309.jpg,"Sportsmans Club Dinner at Powers Hotel - Sportsmans Club, Powers Hotel",,1890,Palmyra$NY,New?York,,
4000001199.jpg,"Annual Dinner Menu at Westminster Hotel - Westminster Hotel, St. David's Society Of The State Of New York",,1890,Westminster$CO,Colorado,,
4000001322.jpg,Testimonial Banquet at CRIBB CLUB - New England Society In The City Of New York,,1890,New?York$NY,New?York,,"turtle, rare"
4000001343.jpg,"New Year Buffet at Hoffman House - Hoffman Cafe, New York",,1891,New?York$NY,New?York,,
4000001229.jpg,122nd Annual Meal at Delmonico's - Chamber Of Commerce Of The State Of New York,,1890,New?York$NY,New?York,,
4000001346.jpg,Second Annual Dinner - The Tribune Staff,,1891,Chicago$IL,Illinois,,
4000001380.jpg,"FIRST ANNUAL DINNER at NEW YORK HOTEL - NEW YORK HOTEL, Confederate Veteran Camp Of New York",,1891,New?York$N.Y.,New?York,,"turtle, rare"
4000001388.jpg,Tenth Annual Dinner at DELMONICO'S,,1891,New?York$NY,New?York,,
4000001226.jpg,FIRST ANNIVERSARY DINNER OF THE INAUGURATION OF GEORGE WASHINGTON - DELMONICO'S,,1890,New?York$NY,New?York,,
4000001412.jpg,"2nd Annual Banquet at Martinelli's - 136 Fifth Ave, New York, NY",,1891,New?York$NY,New?York,,"turtle, rare"
4000001425.jpg,"9th Annual Banquet of the Commandery at The Arlington - The Arlington, Washington, DC",,1891,Washington$DC,,,
4000001418.jpg,Ladies Day Banquet at New Hampshire Club,,1891,Boston$MA,Massachusetts,,
4000001442.jpg,"Dinner in honor of Senator William M. Evarts at The Arlington - THE ARLINGTON, Washington, DC",,1891,Washington$DC,,,"turtle, rare"
4000001454.jpg,"Sixth Annual Banquet at Michigan Club - Michigan Club, Detroit Rink",,1891,Detroit$MI,Michigan,,"turtle, rare"
4000001450.jpg,"Annual Dinner at Lyons Rest. - 259 Bowery, NY",,1891,New?York$NY,New?York,,"turtle, rare"
4000001462.jpg,"159th Anniversary of Washington's Birth Commemorative Menu - PLAZA HOTEL, NY",,1891,New?York$NY,New?York,,
4000001437.jpg,"10th Reunion Dinner at Hotel Marlborough - Hotel Marlborough, NY",,1891,New?York$NY,New?York,,
4000001537.jpg,Daily Menu at Hotel Del Monte,,1891,Monterey$CAL,California,,"birdie, turtle, rare"
4000001532.jpg,"Complimentary Dinner Honoring Hon. Geo. W. Gardner - FOREST CITY HOUSE, CLEVELAND, OHIO",,1891,Cleveland$OH,Ohio,,"birdie, rare"
4000001467.jpg,WASHINGT0N'S BIRTHDAY at DELMONICO'S NY,,1891,New?York$NY,New?York,,
4000001528.jpg,Chamberlin's Menu,,1891,Washington$D.C.,Washington$D.C.,,"birdie, turtle, rare"
4000001488.jpg,"FIRST ANNUAL BANQUET at Hamilton Club - Hamilton Club, THE AUDITORIUM CHICAGO IL",,1891,Chicago$IL,Illinois,,
4000001557.jpg,"Excursion Around the Harbor Menu for Miller National Association Event - HOFFMAN HOUSE CAFE, STEAMBOAT GRAND REPUBLIC, New York Produce Exchange",,1891,New?York$NY,New?York,,
4000001516.jpg,Ninth Annual Banquet and Meeting Menu - DELMONICO'S,,1891,New?York$NY,New?York,,"birdie, rare"
4000001632.jpg,International Hotel Dinner Menu,,1891,Niagara?Falls$NY,New?York,,
4000001618.jpg,Banquet honoring Gov. Henry H. Markham - Governor's Staff,,1891,Governor's?Staff$California,California,,"turtle, rare"
4000001648.jpg,25th Anniversary Celebration Menu - Trinity Church,,1891,New?York$NY,New?York,,
4000001630.jpg,First Annual Dinner at Clark's,,1891,New?York$NY,New?York,,
4000001658.jpg,"Dinner Event at Fort William Henry Hotel - Fort William Henry Hotel, O.D.Seavey",,1891,Fort?William?Henry$New?York,New?York,,"turtle, rare"
4000001655.jpg,Dinner honoring Mr. B.F. Martin at Salvator Club - PALACE HOTEL,,1891,New?York$NY,New?York,,"turtle, rare"
4000001719.jpg,Sunday Menu at Poland Spring House,,1891,South?Poland$ME,Maine,,
4000001725.jpg,"DINNER TO THE COMMISSIONERS FROM ENGLAND, GERMANY AND DENMARK TO THE COLUMBIAN EXPOSITION - THE ARLINGTON, Washington, D.C.",,1891,Washington$D.C.,Washington$D.C.,,"birdie, turtle, rare"
4000001722.jpg,Daily Menu at Poland Spring House,,1891,South?Poland$ME,Maine,,"turtle, rare"
4000001667.jpg,Patriotic Holiday Dinner at Hotel Dennis,,1891,Atlantic?City$NJ,New?Jersey,,"turtle, rare"
4000001732.jpg,"21st Reunion Meal at Young's Hotel - Young's Hotel, Boston, MA",,1891,Boston$MA,Massachusetts,,"birdie, turtle, rare"
4000001708.jpg,Dinner and Breakfast on Special Train of Pullman Cars - EN ROUTE TO OLD POINT COMFORT BY SPECIAL TRAIN OF PULLMAN CARS,,1891,,,,
4000001689.jpg,Dinner Menu at Hotel Champlain,,1891,Hotel?Champlain$Clinton?County$NY,New?York,,"turtle, rare"
4000001761.jpg,Thanksgiving Dinner at The Portland,,1891,Portland$OREGON,Oregon,,"turtle, rare"
4000001754.jpg,Thanksgiving Dinner at Occidental Hotel,,1891,SAN?FRANCISCO$CA,California,,
4000001735.jpg,"Semi-Annual Meeting and Dinner at Faneuil Hall - Faneuil Hall, Boston, MA",,1891,Boston$MA,Massachusetts,,
4000001739.jpg,Meal for the Members of Terrace Bowling Club - TERRACE GARDEN,,1891,,,,"birdie, rare"
4000001769.jpg,"Dinner at Kinsley's hosted by The Fellowship Club of Chicago - Kinsley's, Chicago, IL",,1891,Chicago$IL,Illinois,,"turtle, rare"
4000001746.jpg,"123rd Annual Banquet Menu at Delmonico's - DELMONICO'S, New York",,1891,New?York$NY,New?York,,
4000001815.jpg,"New Year's Eve Collation at Julius G. Hartmann - Washington Building, New York, NY",,1891,New?York$NY,New?York,,
4000001826.jpg,Presentation of Sword to Capt.A.C. Braden Menu - Clifton Hotel,,1892,St.?Paul$MN,Minnesota,,
4000001821.jpg,"Complimentary Dinner at Muschenheim's - MUSCHENHEIM'S, NEW YORK, NY",,1892,New?York$NY,New?York,,
4000001781.jpg,"Hudson County Grand Jury Dinner at Hotel Washington - Hotel Washington, Jersey City, Hudson County Grand Jury",,1891,Jersey?City$NJ,New?Jersey,,
4000001777.jpg,Banquet to the Earl of Aberdeen at Delmonico's,,1891,New?York$NY,New?York,,
4000001804.jpg,Seventh Annual Banquet at the St. Louis Traffic Commission - MERCANTILE CLUB,,1891,St.?Louis$MO,Missouri,,"turtle, rare"
4000001772.jpg,Eighth Annual Banquet at Fort Orange Club,,1891,Albany$NY,New?York,,
4000001817.jpg,New Year 1892 Menu - Hoffman Cafes,,1892,New?York$NY,New?York,,
4000001829.jpg,Annual Dinner Menu at Delmonico's NY,,1892,New?York?City$NY,New?York,,"turtle, rare"
4000001859.jpg,Fourth Annual Dinner at Hotel Washington,,1892,Jersey?City$NJ,New?Jersey,,"birdie, rare"
4000001889.jpg,EVACUATION DAY DINNER at DELMONICOS,,1892,New?York$NY,New?York,,"birdie, rare"
4000001842.jpg,Banquet for John Rooney and Friends at Delmonico's,,1892,New?York$NY,New?York,,
4000001944.jpg,"Ninth Annual Dinner at Grand Hotel - Grand Hotel, Cincinnati, Ohio",,1892,Cincinnati$OH,Ohio,,
4000001896.jpg,"Dinner at The Arlington, Washington DC - The Gridiron Club",,1892,Washington$DC,,,"turtle, rare"
4000001837.jpg,Third Annual Banquet by Sons of New Hampshire - Palmer House,,1892,Boston$MA,Massachusetts,,
4000001924.jpg,Hundred & Sixth Anniversary Celebration Menu - St. George's Society Of The City Of New York,,1892,New?York$NY,New?York,,"birdie, rare"
4000001921.jpg,Daily Menu at University Club,,1892,New?York$NY,New?York,,"birdie, rare"
4000001885.jpg,"63rd Annual Dinner Menu - DELMOMICO'S, College Of Pharmacy Of The City Of Ny",,1892,New?York$NY,New?York,,"birdie, rare"
4000001959.jpg,Astor House Dinner Menu,,1892,New?York?City$NY,New?York,,"birdie, turtle, rare"
4000001955.jpg,"DINNER MENU at TAYLOR'S RESTAURANT, ST. DENIS HOTEL",,1892,New?York$NY,New?York,,"birdie, turtle, rare"
4000001965.jpg,Dinner for Hon. Warner Miller at Union Club,,1892,Tacoma$WA,Washington,,"birdie, rare"
4000001950.jpg,124th Annual Meeting Luncheon at Delmonico's NY,,1892,New?York$NY,New?York,,
4000001972.jpg,Thirteenth Annual Meeting Menu - Hotelmen's Mutual Benefit Association Of The U.S.,,1892,Detroit$MI,Michigan,,
4000001988.jpg,"Ladies' Restaurant Dinner Menu - 6 Park Place, NYC",,1892,New?York?City$NY,New?York,,"birdie, turtle, rare"
4000001979.jpg,Opening Day Celebration Menu - Norfolk Business Men's Association,,1892,Norfolk$VA,Virginia,,"turtle, rare"
4000001991.jpg,Cosmopolitan Hotel Menu,,1892,Las?Vegas$NV,Nevada,,"birdie, turtle, rare"
4000001996.jpg,"Annual Banquet to Graduates of Class of 1892 - Hotel Cochran, Washington DC",,1892,Washington$DC,,,"birdie, turtle, rare"
4000002000.jpg,Daily Menu - Braguglia & Carreno's,,1892,New?York$NY,New?York,,"turtle, rare"
4000002007.jpg,Evening Dinner Menu - The Mouquin Restaurant & Wine Co,,1892,New?York$NY,New?York,,
4000002022.jpg,POMHAM CLUB - LUMCH AND DINNER,,1892,,,,
4000002012.jpg,Harvard Medical School Association Menu - HOTEL VENDOME,,1892,Boston$MASS,Massachusetts,,
4000002031.jpg,Tenth Reunion Menu - Blueberry War,,1892,St.?Paul$MN,Minnesota,,
4000002016.jpg,"NEW YORK PRESS CLUB DINNER - MANHATTAN BEACH HOTEL, CONEY ISLAND, NY",,1892,Coney?Island$NY,New?York,,"birdie, turtle, rare"
4000002019.jpg,Dinner Menu at The Maplewood,,1892,White?Mountains$NH,New?Hampshire,,"turtle, rare"
4000002040.jpg,Opening Dinner at The H.C. Brown Palace Hotel,,1892,Denver$CO,Colorado,,"turtle, rare"
4000002066.jpg,"SATURDAY DINNER at ST. CLOUD HOTEL - ST. CLOUD HOTEL, Rand Brothers",,1892,New?York$NY,New?York,,
4000002054.jpg,Dinner Menu - The Mathewson,,1892,Narragansett?Pier$RI,Rhode?Island,,
4000002056.jpg,GLEFID Menu at Volapukakluba Nolumelopik,,1892,Worcester$MASS,Massachusetts,,
4000002042.jpg,Bill of Fare - Glen Island Grand Cafe,,1892,Glen?Island$NY,New?York,,"turtle, rare"
4000002051.jpg,Dinner Menu - Watch Hill House,,1892,Watch?Hill$RI,Rhode?Island,,
4000002070.jpg,Dinner Menu at Union Square Hotel,,1892,Union?Square$New?York$NY,New?York,,"birdie, turtle, rare"
4000002075.jpg,Complimentary Dinner at Delmonico's for Fellow Passengers of the Normannia to Meet Mr. Robert M. Thompson,,1891,New?York$NY,New?York,,
4000002094.jpg,Formal Opening Dinner at The Colonial Club,,1892,NY,New?York,,
4000002107.jpg,"Regular Banquet of the Forty-Sixth Convention at Young's Hotel - Young's Hotel, Boston, MA",,1892,Boston$MA,Massachusetts,,"turtle, rare"
4000002097.jpg,124th Annual Banquet Menu at Delmonico's - Chamber Of Commerce Of The State Of New York,,1892,New?York$NY,New?York,,
4000002080.jpg,Phi Delta Theta Initiation Banquet,,1892,Providence$R.I.,Rhode?Island,,
4000002101.jpg,136th Anniversary Celebration Menu - Delmonico's,,1892,New?York$NY,New?York,,
4000002136.jpg,SOCIETY OF MEDICAL JURISPRUDENCE TENTH ANNUAL DINNER - HOFFMAN HOUSE,,1892,New?York?City$NY,New?York,,
4000002151.jpg,"Annual Dinner Menu at SHERRY'S - SHERRY'S, New York",,1892,New?York$NY,New?York,,"turtle, rare"
4000002129.jpg,"St. Nicholas Day Celebration Menu - Montauk Club, Brooklyn, NY",,1892,Brooklyn$NY,New?York,,
4000002123.jpg,Commemoration Menu for the 25th Anniversary of Freemasonry Initiation - Mr. Charles H. Halstead,,1892,Newburgh$NY,New?York,,
4000002160.jpg,Complimentary Banquet at The H.C. Brown Palace Hotel,,1892,Denver$CO,Colorado,,"turtle, rare"
4000002144.jpg,"FOREFATHERS' DAY BANQUET at THE COCHRAN - THE COCHRAN, Washington, D.C.",,1892,Washington$D.C.,,,
4000002179.jpg,Annual Supper at Pawtucket Boat Club,,1893,Providence$RI,Rhode?Island,,"turtle, rare"
4000002173.jpg,"Eighth Annual Reunion Menu - Hotel Cochran, Washington High School Class Of '85",,1892,Washington$D.C.,Washington$D.C.,,
4000002164.jpg,135th Annual Communication and Dinner - Saint Johns Lodge Number One,,1892,Providence$RI,Rhode?Island,,
4000002209.jpg,"ANNUAL BANQUET at THE COCHRAN - THE COCHRAN, Washington, DC",,1893,Washington$DC,,,"turtle, rare"
4000002215.jpg,Fifth Dinner of the Hardware and Metal Trades at Sherry's,,1893,New?York$NY,New?York,,
4000002201.jpg,"Abraham Lincoln Birthday Commemoration Menu - Hotel Ryan, St. Paul, MN",,1893,St.?Paul$MN,Minnesota,,
4000002191.jpg,"Fifth Annual Dinner at Hotel Washington - Hotel Washington, Jersey City, NJ",,1893,Jersey?City$NJ,New?Jersey,,"turtle, rare"
4000002258.jpg,Easter Dinner at The Windsor,,1893,New?York$N.Y.,New?York,,
4000002279.jpg,Bank Clerks' Mutual Benefit Association Annual Meeting and Banquet Menu - Trocadero,,1893,New?York$N.Y.,New?York,,
4000002272.jpg,"Thomas Jefferson's Birthday Dinner Celebration - Columbia Restaurant, Manhattan Single Tax Club",,1893,New?York$N.Y.,New?York,,"turtle, rare"
4000002244.jpg,"World's Columbian Exposition Dinner at Metropole Hotel - Metropole Hotel, Chicago, IL",,1893,Chicago$IL,Illinois,,
4000002233.jpg,"Dinner at Metropolitan Opera House hosted by Palestine Commandery - METROPOLITAN OPERA HOUSE, Palestine Commandery",,1892,New?York?City$NY,New?York,,"birdie, rare"
4000002295.jpg,Ladies Night at Hotel Brunswick,,1893,Boston$MA,Massachusetts,,
4000002362.jpg,Twentieth Annual Dinner at Barney Merry Lodge No. 29,,1892,Providence$RI,Rhode?Island,,
4000002322.jpg,"Dinner to the Commander & Officers of Royal Netherland's Van Speyk - Fort Orange Club, Albany, NY",,1893,Albany$NY,New?York,,"birdie, rare"
4000002386.jpg,Dinner to Members from Abroad at Chicago Beach Hotel,,1893,Chicago$IL,Illinois,,
4000002340.jpg,"THIRD ANNUAL BANQUET at RICCADONNA'S - RICCADONNA'S, NEW YORK, NY",,1893,New?York$NY,New?York,,"birdie, rare"
4000002287.jpg,Celebration of the Sixty-Ninth Anniversary of the Formation of the Regiment and the Thirty-Second Anniversary of Its Departure for Washington at the Outbreak of the War - DELMONICO'S,,1893,New?York$N.Y.,New?York,,
4000002391.jpg,"New England Clam Bake And Restaurant - Dinner Menu at World's Fair Grounds - WORLD'S FAIR GROUNDS, CHICAGO, IL",,1893,Chicago$IL,Illinois,,
4000002405.jpg,Daily Dinner Menu at Sanitarium Hotel,,1893,Banff$MAINE,Maine,,
4000002443.jpg,"Annual Dinner Menu at Sherry's - SHERRY'S, NEW YORK, NY",,1893,New?York$NY,New?York,,"turtle, rare"
4000002393.jpg,DAILY MENU at METROPOLITAN HOTEL for DINNER - Hildreth & Allen,,1893,Hildreth?&?Allen,,,"birdie, turtle, rare"
4000002401.jpg,"DAILY MENU at ST. CHARLES HOTEL - ST. CHARLES HOTEL, NEW ORLEANS, LA",,1893,New?Orleans$LA,Louisiana,,
4000002431.jpg,"Dinner at The Sunset Club at The Grand Pacific Hotel - THE GRAND PACIFIC HOTEL-CHICAGO,ILL.",,1893,Chicago$IL,Illinois,,"turtle, rare"
4000002392.jpg,Dinner Menu at Oriental Hotel,,1893,Manhattan?Beach$NY,New?York,,"birdie, turtle, rare"
4000002461.jpg,New Year's Day Dinner at The Chilberg,,1894,Tacoma$WA,Washington,,"birdie, turtle, rare"
4000002469.jpg,New Year Dinner at National Hotel,,1894,Washington$DC,,,"turtle, rare"
4000002453.jpg,Annual Banquet Menu - New England Society Of Pennsylvania,,1893,Philadelphia$PA,Pennsylvania,,"turtle, rare"
4000002475.jpg,New Year Dinner at The Continental,,1894,Philadelphia$PA,Pennsylvania,,"turtle, rare"
4000002481.jpg,Annual Dinner Menu at Delmonico's,,1894,New?York$NY,New?York,,"turtle, rare"
4000002487.jpg,Thirteenth Annual Dinner at Delmonico's,,1894,New?York$NY,New?York,,
4000002504.jpg,"Commemoration of the Birthdaay of Abraham Lincoln at Hotel Ryan - Hotel Ryan, So. Paul, MINN",,1894,So.?Paul$MINN,Minnesota,,"birdie, rare"
4000002491.jpg,Annual Dinner Menu at Delmonico's,,1894,New?York$NY,New?York,,
4000002539.jpg,"75th Anniversary Banquet and Ball at German Union Loge - TEUTONIA ASSEMBLY ROOMS, German Union Loge",,1894,New?York$N.Y.,New?York,,"birdie, rare"
4000002531.jpg,Easter Dinner at The Continental,,1894,Philadelphia$PA,Pennsylvania,,"turtle, rare"
4000002510.jpg,Washington's Birthday Repast - Daughters Of The American Revolution,,1894,Washington$D.C.,,,"birdie, rare"
4000002512.jpg,WASHINGTON'S BIRTHDAY REPAST at DELMONICOS - Sons Of The Revolution,,1894,New?York$N.Y.,New?York,,
4000002506.jpg,"SECOND ANNUAL BANQUET at PALACE HOTEL - PALACE HOTEL; DENVER, CO",,1894,Denver$CO,Colorado,,
4000002573.jpg,8th Annual Banquet Menu - Manufacturing Furriers' Association Of The US,,1894,New?York$NY,New?York,,"birdie, rare"
4000002547.jpg,Daily Cafe Menu - Hotel Nicollet Cafe',,1894,Minneapolis$MN,Minnesota,,"birdie, turtle, rare"
4000002588.jpg,"126th Annual Meeting Luncheon Menu - DELMONICO'S, Chamber Of Commerce Of The State Of New York",,1894,New?York$NY,New?York,,
4000002595.jpg,Complimentary Supper for Ladies of Hotel Men's Benefit Association - Palace Hotel,,1894,Denver$CO,Colorado,,
4000002568.jpg,Patriots Day Dinner at Quincy House - Ancient And Honorable Artillery Company Of Massachusetts,,1894,Boston$MA,Massachusetts,,"turtle, rare"
4000002578.jpg,"Reception for Sir James S. Manning at Damasrus Commandern No.58 - EVERETT'S, Brooklyn, NY",,1894,Brooklyn$NY,New?York,,
4000002582.jpg,12th Annual Meeting & Banquet Menu - DELMONICO'S,,1894,New?York$NY,New?York,,"birdie, rare"
4000002626.jpg,"Fifty Second Dinner of the Class of 1843 of the University of the City of New York at Union Club - UNION CLUB, NEW YORK, N.Y.",,1894,New?York$N.Y.,New?York,,"turtle, rare"
4000002631.jpg,"256th Anniversary Repast at Faneuil Hall - Faneuil Hall, Boston, Massachusetts",,1894,Boston$MA,Massachusetts,,"birdie, rare"
4000002599.jpg,Dinner at Revere House - Papyrus Club,,1894,Boston$MA,Massachusetts,,"turtle, rare"
4000002613.jpg,"Junior Banquet at Hotel Arno - Hotel Arno, 95 Law Of Columbian University, New York City, NY",,1894,New?York?City$NY,New?York,,
4000002653.jpg,Dinner Menu at Crawford House,,1894,White?Mountains$NH,New?Hampshire,,"birdie, rare"
4000002662.jpg,Complimentary Banquet Tendered to the Ohio Banker's Association - The Cleveland Bankers,,1894,Cleveland$OH,Ohio,,
4000002700.jpg,Daily Dinner Menu at The Thorndike,,1894,Boston$MA,Massachusetts,,"birdie, turtle, rare"
4000002671.jpg,Banquet Menu for the 8th Annual Convention of the Typothetoe of America - Union League of Philadelphia,,1894,Philadelphia$PA,Pennsylvania,,
4000002655.jpg,Menu at Poland Spring House,,1894,South?Poland$ME,Maine,,
4000002711.jpg,Annual Dinner Menu - R.I. Alpha Of Phi Delta Theta,,1894,Providence$RI,Rhode?Island,,
4000002727.jpg,"Complimentary Dinner for Rev. Charles H. Parkhurst at Jaeger's - JAEGER'S, NEW YORK, NY",,1894,New?York$NY,New?York,,
4000002752.jpg,138th Anniversary Celebration Menu - St. Andrew's Society Of The State Of New York,,1894,New?York$NY,New?York,,
4000002758.jpg,Dinner to Dr. A. Conan Doyle at Aldine Club,,1894,Aldine?Club$in?Philadelphia$PA,Pennsylvania,,"birdie, turtle, rare"
4000002764.jpg,"Banquet in Honor of William L. Strong, Mayor-Elect of NY City - DWLMONICO'S NY",,1894,New?York?City$NY,New?York,,
4000002761.jpg,"DINNER TO PERCY SANDERSON, H.B.M.C.G. at DELMONICO'S - DELMONICO'S, NEW YORK, NY",,1894,New?York$NY,New?York,,
4000002756.jpg,"Complimentary Dinner for Mr. Robert Gordon - Union League Club, New York, NY",,1894,New?York$NY,New?York,,"turtle, rare"
4000002772.jpg,"Forefathers Day Menu at Young's Tavern - Young's Tavern, Boston, Massachusetts",,1894,Boston$MA,Massachusetts,,"birdie, rare"
4000002785.jpg,Jackson Democratic Club Annual Banquet Menu - MAENNERCHOR HALL,,1895,Jackson$Michigan,Michigan,,"turtle, rare"
4000002769.jpg,"Anniversary Banquet of the Great Swamp Fight - Union League Club, Chicago, Illinois",,1894,Chicago$ILL.,Illinois,,"birdie, rare"
4000002799.jpg,"Dinner to the Membership of the New York Library Association - CLARK'S, NEW YORK, NY",,1895,New?York$NY,New?York,,
4000002795.jpg,"BANQUET TENDERED TO NATIONAL LEAGUE OF COMMISSION MERCHANTS OF THE U.S. - METROPOLITAN HOTEL, NEW YORK, NY",,1895,New?York$NY,New?York,,
4000002813.jpg,125th Anniversary Dinner at Hoffman House Cafe - Marine Society Of New York,,1895,New?York$NY,New?York,,
4000002837.jpg,Annual Meeting & Dinner at Young's Hotel - Chickatawbut Club,,1895,Boston$MA,Massachusetts,,"turtle, rare"
4000002832.jpg,"ANNUAL DINNER at DELMONICO'S - DELMONICO'S, NEW YORK, NY",,1895,New?York$NY,New?York,,
4000002842.jpg,"Dinner for the Members of the Republican Editorial Association - DELMONICO'S, NEW YORK, NY",,1895,New?York$NY,New?York,,
4000002846.jpg,Twelfth Burns Anniversary Menu - Hotel Russell,,1895,Springfield$IL,Illinois,,
4000002868.jpg,Sixth Dinner at Sherry's,,1895,New?York$NY,New?York,,"turtle, rare"
4000002860.jpg,"TENTH ANNUAL DINNER at SHERRY'S - SHERRY'S, FIFTH AVENUE",,1895,New?York$NY,New?York,,
4000002886.jpg,Eighth Annual Dinner at Clark's - CLARK'S 22 W. 23RD ST.,,1895,New?York$NY,New?York,,"turtle, rare"
4000002904.jpg,"WASHINGTON'S BIRTHDAY DINNER at COLONIAL CLUB OF NEW YORK - CLUBHOUSE, SHERMAN SQUARE",,1895,New?York$NY,New?York,,"birdie, turtle, rare"
4000002893.jpg,"LINCOLN'S BIRTHDAY DINNER - WEST HOTEL, MINNEAPOLIS, MINNESOTA",,1895,Minneapolis$MINNESOTA,Minnesota,,"turtle, rare"
4000002910.jpg,Ninth Annual Dinner at SHERRY'S,,1895,New?York$NY,New?York,,
4000002938.jpg,"Annual Dinner at Laurel-in-the-Pines - LAUREL-IN-THE-PINES, LAKEWOOD, NJ",,1895,Lakewood$NJ,New?Jersey,,"turtle, rare"
4000002932.jpg,"First Annual Banquet at Mercantile Club House - MERCANTILE CLUB HOUSE, ST. LOUIS MO",,1895,St.?Louis$MO,Missouri,,
4000002943.jpg,Sixth Annual Dinner - Connecticut Society Sons Of He American Revolution,,1895,Norwich$CT,Connecticut,,
4000002928.jpg,Twenty-Seventh Annual Banquet of the Loyal League - Union League,,1895,Germantown$PA,Pennsylvania,,"birdie, turtle, rare"
4000002957.jpg,"St. Patrick's Day Celebration Menu - ESSEX COUNTY COUNTRY CLUB, Orange, NJ",,1895,Orange$NJ,New?Jersey,,"turtle, rare"
4000002953.jpg,Eighth Anniversary Banquet - Rhode Island Wheelmen,,1895,Rhode?Island?Wheelmen,Rhode?Island,,
4000002946.jpg,"Sixth Annual Anniversary Banquet at Tillinghast's Parlors - Tillinghast's Parlors, Providence, RI",,1895,Providence$RI,Rhode?Island,,
4000002973.jpg,Dinner to the Hon. Edwin S. Stuart at Union League,,1895,New?York?City$NY,New?York,,"birdie, turtle, rare"
4000002978.jpg,"1st Annual Breakfast at Trocadero - Trocadero, Providence, RI",,1895,Providence$RI,Rhode?Island,,
4000002981.jpg,St. George's Society 109th Anniversary Dinner at Delmonico's NY,,1895,New?York?City$NY,New?York,,"birdie, rare"
4000002987.jpg,In Commemoration of the 73rd Birthday of General Grant - Union League,,1895,Philadelphia$PA,Pennsylvania,,"birdie, rare"
4000002992.jpg,"Washington's Inauguration Banquet - AUDITORIUM HOTEL ANNEX, Chicago, IL",,1895,Chicago$IL,Illinois,,"birdie, rare"
4000003006.jpg,Annual Banquet Menu - Los Angeles Chamber Of Commerce,,1895,Los?Angeles$CA,California,,
4000003001.jpg,"127th Annual Meeting Menu at Delmonico's - DELMONICO'S, NEW YORK, NY",,1895,New?York$NY,New?York,,
4000002996.jpg,"Banquet Tendered to the National Officers and Delegates - Hotel Vendome, Boston, MA",,1895,Boston$MA,Massachusetts,,"turtle, rare"
4000003028.jpg,Board of Directors Dinner at Mercantile Club,,1895,Philadelphia$PA,Pennsylvania,,"turtle, rare"
4000003035.jpg,"Testimonial Event Menu - Carnegie Hall, NYC",,1895,New?York?City$NY,New?York,,"birdie, rare"
4000003022.jpg,Banquet for Delegates of the National Municipal League - THE HOLLENDEN,,1895,Cleveland$OH,Ohio,,"birdie, rare"
4000003056.jpg,Bon Voyage to Mr. James Pollock - Union League,,1895,,,,
4000003011.jpg,Menu for Quill And Dagger Event at Deeming Hall,,1895,Ithaca$NY,New?York,,
4000003039.jpg,Graduation Banquet at Murray Hill Hotel,,1895,New?York?City$NY,New?York,,"birdie, rare"
4000003070.jpg,Dinner Menu at Larkin House,,1895,Watch?Hill$RI,Rhode?Island,,
4000003014.jpg,"ANNUAL DINNER at DELMONICO'S - DELMONICO'S, NEW YORK, NY",,1895,New?York$NY,New?York,,"birdie, rare"
4000003076.jpg,Dinner Menu - The Profile House,,1895,White?Mountains$NH,New?Hampshire,,
4000003074.jpg,"Fourth Annual Summer Outing Menu - The Rockingham, Portsmouth, NH",,1895,Portsmouth$NH,New?Hampshire,,
4000003083.jpg,"27th Reunion Menu by The Army of the Tennessee - Grand Hotel, Cincinnati, OH",,1895,Cincinnati$OH,Ohio,,"birdie, turtle, rare"
4000003091.jpg,NEW HAMPSHIRE CLUB LADIES' NIGHT DINNER at HOTEL VENDOME,,1895,Boston$MA,Massachusetts,,"turtle, rare"
4000003080.jpg,Complimentary Dinner to Gen. Felix Agnus of Baltimore - New York Press Club,,1895,New?York$NY,New?York,,"birdie, rare"
4000003110.jpg,258th Fall Field Day Menu - Ancient And Honorable Artillery Company Of Massachusetts,,1895,Richmond$VA,Virginia,,
4000003113.jpg,Dinner at The Alma,,1895,Alma$MI,Michigan,,
4000003147.jpg,In Honor of Mr. Hall Caine - Complimentary/Testimonial Event - The Aldine Club,,1895,New?York$NY,New?York,,"turtle, rare"
4000003122.jpg,Breakfast Dedication at Mill of Fall River Iron Works Co. - STEAMER PRISCILLA,,1895,Fall?River$MA,Massachusetts,,"birdie, rare"
4000003196.jpg,Thanksgiving Day Dinner at Hotel Roanoke,,1895,Roanoke$VA,Virginia,,"turtle, rare"
4000003151.jpg,Dinner at The Waldorf for Westchester Polo Team - Rockaway Polo Team,,1895,New?York$NY,New?York,,"birdie, turtle, rare"
4000003199.jpg,Thanksgiving Day Dinner at The Jackson,,1895,Chicago$IL,Illinois,,"turtle, rare"
4000003241.jpg,"Annual Festival Menu at Ye New York Chapter Of Ye Colonial Order - METROPOLITAN CLUB, NEW YORK, NY",,1895,New?York$NY,New?York,,"turtle, rare"
4000003213.jpg,139th Anniversary Menu at Delmonico's,,1895,New?York$NY,New?York,,
4000003202.jpg,Thanksgiving Day Dinner at Hotel Vendome,,1895,Boston$MA,Massachusetts,,"birdie, turtle, rare"
4000003275.jpg,10th Annual Charity Ball Menu - Knights Templar Cook Co.,,1895,Chicago$IL,Illinois,,
4000003399.jpg,"16th Annual Banquet at Society Of The Army & Navy Of The Confederate States - CAROLLTON HOTEL, Baltimore, MD",,1896,Baltimore$MD,Maryland,,"turtle, rare"
4000003404.jpg,"18th Annual Reception Menu - Metropolitan Opera House, New York, NY",,1896,New?York?City$NY,New?York,,
4000003341.jpg,Christmas Day Dinner at The Portland Hotel,,1895,Portland$OR,Oregon,,
4000003382.jpg,The Wellesly Club of NY Annual Dinner Menu - Windsor Hotel,,1896,New?York$NY,New?York,,
4000003258.jpg,Dinner to Delegates of the Pennsylvania Bankers' Association - The Clearing House Association Of The Banks Of Philadelphia,,1895,Philadelphia$PA,Pennsylvania,,"turtle, rare"
4000003352.jpg,FOURTH ANNUAL BANQUET at DELMONICO'S,,1896,New?York?City$NY,New?York,,
4000003388.jpg,6th Annual Banquet at The Confederate Veteran Camp Of NY - ST.DENIS HOTEL,,1896,New?York$NY,New?York,,
4000003380.jpg,"126th Anniversary Dinner at Hoffman House Cafe - HOFFMAN HOUSE CAFE', 7 BEAVER ST.NY",,1896,New?York$NY,New?York,,
4000003246.jpg,Dinner in Honor of Mr. Theodore Roosevelt - The Aldine Club,,1895,,,,
4000003453.jpg,"Anniversary Dinner at Hotel Brunswick - Hotel Brunswick, New York",,1896,New?York$NY,New?York,,
4000003414.jpg,"German American Charity Ball Menu - THE AUDITORIUM, CHICAGO, ILL",,1896,Chicago$IL,Illinois,,
4000003464.jpg,4th Annual Dinner at Delmonico's - Society Of Colonial Wars,,1896,New?York$N.Y.,New?York,,
4000003430.jpg,EPISCOPALIAN CLUB DINNER at THE BRUNSWICK,,1896,Boston$MA,Massachusetts,,"turtle, rare"
4000003448.jpg,"11th Annual Banquet at Brown Palace Hotel - Brown Palace Hotel, Denver, CO",,1896,Denver$CO,Colorado,,
4000003420.jpg,11th Annual Dinner at The Arlington - The Gridiron Club,,1896,,,,
4000003477.jpg,"Lincoln's Birthday Dinner at Delmonico's - Delmonico's, New York, N.Y.",,1896,New?York$N.Y.,New?York,,
4000003479.jpg,"NINTH ANNUAL DINNER at THE SOUTHERN BERKSHIRE SOCIETY OF NEW YORK - THE ARENA, NEW YORK, NY",,1896,New?York$NY,New?York,,"birdie, rare"
4000003502.jpg,"AMERICAN PAPER MANUFACTURERS' ASSOCIATION ANNUAL BANQUET at DELMONICO'S - DELMONICO'S, NEW YORK, NY",,1896,New?York$NY,New?York,,"turtle, rare"
4000003491.jpg,"Seventh Dinner at Hotel Savoy - Hotel Savoy, New York, NY",,1896,New?York$NY,New?York,,"birdie, turtle, rare"
4000003508.jpg,"Celebration of Washington's Birthday Menu - RUSSELL HOUSE; DETROIT, MI",,1896,Detroit$MI,Michigan,,"turtle, rare"
4000003505.jpg,Hygeia Hotel Menu,,1896,Comfort$VA,Virginia,,"turtle, rare"
4000003471.jpg,"Patriotic Holiday Dinner at Hotel Ryan - Hotel Ryan, St. Paul, Minnesota",,1896,St.?Paul$MN,Minnesota,,
4000003515.jpg,"Annual Dinner Menu at Laurel-in-the-Pines - LAUREL-IN-THE-PINES, LAKEWOOD, NJ",,1896,Lakewood$NJ,New?Jersey,,"birdie, turtle, rare"
4000003531.jpg,Craftsman's Club Menu,,1896,,,,"turtle, rare"
4000003518.jpg,Washington's Birthday Banquet at Delmonico's,,1896,New?York$NY,New?York,,"turtle, rare"
4000003521.jpg,Washington's Birthday Dinner Menu - Planters Hotel,,1896,St.?Louis$MO,Missouri,,"turtle, rare"
4000003539.jpg,"Dinner at The Pickaninny Club at The Waldorf - The Pickaninny Club, THE WALDORF",,1896,New?York$NY,New?York,,"turtle, rare"
4000003571.jpg,"Annual Dinner in Honor of Mr. Justice David J. Brewer of the Supreme Court of the United States - Hotel Stenton, Philadelphia, PA",,1896,Philadelphia$PA,Pennsylvania,,
4000003557.jpg,"4th Annual Banquet at Hotel Iroquois - Hotel Iroquois, Buffalo, NY",,1896,Buffalo$NY,New?York,,"turtle, rare"
4000003543.jpg,THE ANNUAL 'FINES' DINNER at THE UNION LEAGUE CLUB,,1896,New?York$NY,New?York,,"turtle, rare"
4000003631.jpg,Dinner in Honor of S.S. Packard's 70th Birthday - DELMONICO'S,,1896,New?York?City$NY,New?York,,
4000003580.jpg,"14th Annual Dinner at The Windsor Hotel - THE WINDSOR HOTEL, NEW YORK, NY",,1896,New?York$NY,New?York,,
4000003583.jpg,Dinner at Merchants' Club,,1896,Boston$MA,Massachusetts,,
4000003598.jpg,Hotel Chamberlin Luncheon Menu,,1896,Old?Point?Comfort$VA,Virginia,,
4000003604.jpg,"Forty-Fourth Annual Dinner at Hotel Stenton - Hotel Stenton, Philadelphia, PA",,1896,Philadelphia$PA,Pennsylvania,,
4000003592.jpg,"Triennial Dinner at De Soto Hotel - DE SOTO HOTEL, Savannah, GA",,1896,Savannah$GA,Georgia,,
4000003642.jpg,"128th Annual Meeting Luncheon Menu - DWLMONICO'S, Chamber Of Commerce Of The State Of Ny",,1896,New?York$NY,New?York,,
4000003664.jpg,"Banquet for New Orleans Base Ball Club at LeCourt's Hotel - LECOURT'S HOTEL, WEST END, [LA]",,1896,New?Orleans$LA,Louisiana,,"turtle, rare"
4000003723.jpg,Lunch Menu at Hotel Dennis,,1896,Atlantic?City$NJ,New?Jersey,,
4000003735.jpg,"Banquet Menu at Planters Hotel - PLANTERS HOTEL, ST. LOUIS, MO",,1896,St.?Louis$MO,Missouri,,"birdie, turtle, rare"
4000003746.jpg,"22nd Annual Banquet at Hotel Walton - Hotel Walton, Philadelphia, PA",,1896,Philadelphia$PA,Pennsylvania,,"birdie, turtle, rare"
4000003674.jpg,Banquet at Grand Union Hotel,,1896,Saratoga?Springs$NY,New?York,,"birdie, rare"
4000003764.jpg,"Dinner honoring M.W. John Stewart, Grand Master of Masons, State of NY - Craftsman Club, 11 West 22 St., NY",,1896,New?York$NY,New?York,,"birdie, rare"
4000003753.jpg,Dinner at Windsor Hotel,,1896,New?York$NY,New?York,,"birdie, turtle, rare"
4000003780.jpg,Anniversary Banquet at Societa Italiane Unite - Hoffman House,,1896,New?York$NY,New?York,,
4000003775.jpg,Dinner to Republican Speakers at Transportation Club,,1896,New?York$NY,New?York,,"turtle, rare"
4000003784.jpg,Honoring James M. Barrie and W. Robertson Nicoll Testimonial Menu - Aldine Club,,1896,New?York$NY,New?York,,"birdie, rare"
4000003788.jpg,Dinner in Honor of Marcus A. Hanna - Union Club,,1896,Cleveland$OH,Ohio,,
4000003800.jpg,7th Annual Banquet Menu - Rhode Island Letter Carriers' Association,,1896,Pawtucket$RI,Rhode?Island,,
4000003816.jpg,"34TH ANNUAL CELEBRATION MENU - PALACE HOTEL, SAN FRANCISCO, CAL",,1896,San?Francisco$CA,California,,"birdie, rare"
4000003806.jpg,SONS OF THE REVOLUTION BANQUET - DELMONICO'S NY,,1896,New?York?City$NY,New?York,,
4000003822.jpg,23rd Annual Dinner Menu at Zangheri's - ZANGHERI'S 17 EAST 22 ST. NY,,1896,New?York$NY,New?York,,"birdie, rare"
4000003819.jpg,140th Anniversary Menu - Delmonico's NY,,1896,New?York$NY,New?York,,
4000003827.jpg,ALBANY ZOUAVE CADETS DINNER at ALBANY CLUB,,1896,Albany$NY,New?York,,
4000003837.jpg,Dinner for Forefathers' Day at Society Of Colonial Wars - Society Of Colonial Wars In The Commonwealth Of Massachusetts,,1896,Boston$MA,Massachusetts,,
4000003905.jpg,Eleventh Annual Banquet Menu at Delmonico's,,1897,New?York$NY,New?York,,
4000003884.jpg,"Centennial Anniversary Menu at Masonic Temple - Masonic Temple, Philadelphia, PA",,1897,Philadelphia$PA,Pennsylvania,,"turtle, rare"
4000003902.jpg,Annual Dinner in Honor of Benjamin Franklin at Hoffman House,,1897,New?York$NY,New?York,,
4000003872.jpg,"National Democrats Of The Middle States Anniversary Banquet Menu - National Democrats Of The Middle States, AUDITORIUM, Chicago, IL",,1897,Chicago$IL,Illinois,,
4000003849.jpg,"Twelfth Annual Banquet Menu at Hotel Marlborough - Hotel Marlborough, New York City, NY",,1896,New?York?City$NY,New?York,,
4000003862.jpg,Jubilee Dinner to Celebrate the Fiftieth Anniversary of the Founding of the House - DELMONICO'S,,1897,New?York$NY,New?York,,
4000003909.jpg,Twenty-Sixth Annual Reception Menu - Terrace Bowling Club,,1897,Lexington$NY,New?York,,"birdie, rare"
4000003893.jpg,Annual Dinner Menu at Delmonico's,,1897,New?York$NY,New?York,,"turtle, rare"
4000003982.jpg,"Anniversary Dinner at Delmonico's - DELMONICO'S, NEW YORK, NY",,1897,New?York$NY,New?York,,
4000003960.jpg,"City Editor's Association Dinner at THE BOURSE - THE BOURSE, Philadelphia, PA",,1897,Philadelphia$PA,Pennsylvania,,"turtle, rare"
4000004003.jpg,"Anniversary Dinner at Hotel Manhattan - Hotel Manhattan, New York",,1897,New?York$NY,New?York,,"turtle, rare"
4000003953.jpg,Fifth Annual Dinner at Society Of Colonial Wars - Society Of Colonial Wars In The State Of New York,,1897,New?York$NY,New?York,,
4000003914.jpg,"FOURTEENTH BURNS ANNIVERSARY at HOTEL WORTHY - Hotel Worthy, Springfield Caledonians",,1897,Springfield$STATE,Illinois,,
4000004030.jpg,Twenty-First Anniversary Dinner at Trocadero - Rhode Island Women's Club,,1897,Rhode?Island?Women's?Club,Rhode?Island,,
4000004055.jpg,"Annual Dinner Menu for Rhode Island Society of the Sons of the American Revolution - Narragansett Hotel, Providence, RI",,1897,Providence$RI,Rhode?Island,,
4000004050.jpg,WASHINGTON'S BIRTHDAY BANQUET - DELMONICO'S,,1897,New?York$NY,New?York,,
4000004040.jpg,Chancellor Walworth Lodge No. 271 F.&A.M. Annual Dinner - Murray Hill Hotel,,1897,New?York$NY,New?York,,
4000004084.jpg,"12th Annual Ball Menu - Central Opera House, 67th St. NY",,1897,New?York$NY,New?York,,"birdie, rare"
4000004069.jpg,Fourth Annual Dinner at Brown University Club,,1897,Providence$RI,Rhode?Island,,"turtle, rare"
4000004064.jpg,Washington's Birthday Dinner - Genessee Valley Club,,1897,Rochester$NY,New?York,,"turtle, rare"
4000004097.jpg,Hotel Manhattan Dinner Menu,,1897,New?York$NY,New?York,,
4000004110.jpg,Annual Dinner at Forest City House - Ustion Fraternity Vertebra C,,1897,,,,
4000004105.jpg,"126th Annual Banquet for the Relief of Emigrants from Ireland - Hotel Walton, Philadelphia, PA",,1897,Philadelphia$PA,Pennsylvania,,"turtle, rare"
4000004116.jpg,"Banquet and Jubilee for Hon. Neal Dow - Tremont Temple, Boston, Massachusetts",,1897,Boston$MA,Massachusetts,,
4000004124.jpg,Plaza Dinner Menu,,1897,New?York$NY,New?York,,"birdie, turtle, rare"
4000004123.jpg,GRIDIRON CLUB DINNER at THE ARLINGTON,,1897,Gridiron?Club,,,"birdie, rare"
4000004136.jpg,"Banquet at National Democratic Club Of St. Louis - Southern Hotel, St. Louis, MO",,1897,St.?Louis$MO,Missouri,,"turtle, rare"
4000004188.jpg,"Quill And Dagger Club Dinner Menu - Deeming Hall, Ithaca, NY",,1897,Ithaca$NY,New?York,,
4000004148.jpg,"Annual 'Fines' Dinner at Union League Club - Union League Club, New York, NY",,1897,New?York$NY,New?York,,"turtle, rare"
4000004180.jpg,"HUGUENOT SOCIETY OF AMERICA DINNER at DELMONICO'S - DELMONICO'S, NEW YORK, NY",,1897,New?York$NY,New?York,,
4000004253.jpg,"LUNCH menu for 18th Annual Convention at SAMOSET HOUSE - SAMOSET HOUSE, PLYMOUTH, MA",,1897,Plymouth$MA,Massachusetts,,
4000004291.jpg,20th Anniversary Dinner at Parker's - Class Of 1877 Harvard College,,1897,,,,"birdie, turtle, rare"
4000004160.jpg,"DINNER at Russell House - RUSSELL HOUSE, DETROIT, MI",,1897,Detroit$MI,Michigan,,
4000004121.jpg,Banquet and Reception Menu - Friends Of Hon. John P. Windolph,,1897,New?York$NY,New?York,,
4000004314.jpg,"Faculty Banquet to the Class of '97 at Hotel Bellevue - Hotel Bellevue, Philadelphia, PA",,1897,Philadelphia$PA,Pennsylvania,,"birdie, rare"
4000004350.jpg,Dinner Menu at Hotel Vendome And Profile House,,1897,Boston$MA,Massachusetts,,"birdie, rare"
4000004303.jpg,"DINNER at THE HOLLENDEN - THE HOLLENDEN, CLEVELAND; OH",,1897,Cleveland$OH,Ohio,,"turtle, rare"
4000004361.jpg,Dinner Menu at Profile House And Hotel Vendome,,1897,White?Mountains$NH,New?Hampshire,,"birdie, rare"
4000004363.jpg,Dinner at Hotel Lafayette,,1897,Minnetonka?Beach$MN,Minnesota,,
4000004309.jpg,259th Anniversary Celebration Menu - Ancient And Honorable Artillery Co. Of Massachusetts,,1897,Boston$MA,Massachusetts,,"birdie, rare"
4000004357.jpg,"Anniversary Dinner at Detroit Club - DETROIT CLUB, DETROIT, MI",,1897,Detroit$MI,Michigan,,"birdie, rare"
4000004379.jpg,DINNER & SOIREE MUSICALE - Dry Goods Club,,1897,New?York$NY,New?York,,
4000004377.jpg,260th Fall Field Day Menu - Ancient & Honorable Artillery Company Of Massachusetts,,1897,Buffalo$NY,New?York,,
4000004446.jpg,Thanksgiving Dinner at Hotel Windermere,,1897,Chicago$IL,Illinois,,
4000004424.jpg,"St. Andrews Society of the State of New York Banquet at Delmonico's - Delmonico's, New York, NY",,1897,New?York$NY,New?York,,
4000004412.jpg,Diner at Waldorf Astoria,,1897,New?York$NY,New?York,,"birdie, rare"
4000004394.jpg,Dining Car Service Dinner Menu - Canadian Pacific Railway,,1897,,,,
4000004430.jpg,Episcopalian Club Dinner Menu,,1897,Boston$MA,Massachusetts,,
4000004443.jpg,Thanksgiving Dinner at Hotel Alcazar,,1897,St.?Augustine$FL,Florida,,"birdie, turtle, rare"
4000004478.jpg,Dinner Given to Friends at New York Club,,1897,New?York$NY,New?York,,"turtle, rare"
4000004519.jpg,Dinner Menu at Buffalo Club,,1897,Buffalo$NY,New?York,,"turtle, rare"
4000004494.jpg,Testimonial & Reception in Honor of 25th Anniversary of George F. Lyon in Journalism - New York Press Club,,1897,New?York$NY,New?York,,
4000004463.jpg,Sons Of Delaware Annual Banquet Menu,,1897,Philadelphia$PA,Pennsylvania,,"turtle, rare"
4000004506.jpg,"17th Annual Festival Menu - HORTICULTURAL HALL, PHILADELPHIA, PA",,1897,Philadelphia$PA,Pennsylvania,,"birdie, turtle, rare"
4000004513.jpg,Christmas Night Dinner and Program at Hotel Alcazar,,1897,St.?Augustine$FL,Florida,,"turtle, rare"
4000004570.jpg,"Sixth Annual Banquet at Park Hotel - Park Hotel, Williamsport, PA",,1898,Williamsport$PA,Pennsylvania,,"turtle, rare"
4000004557.jpg,Semi-Centennial Anniversary Celebration Menu - Girard College,,1898,Philadelphia$PA,Pennsylvania,,"turtle, rare"
4000004537.jpg,Christmas Dinner at Lakota Hotel,,1897,Chicago$IL,Illinois,,"turtle, rare"
4000004543.jpg,Convention Menu at Delmonico's,,1897,New?York$NY,New?York,,
4000004575.jpg,128th Anniversary Dinner at Davidson's Rest. - Marine Society Of Ny,,1898,New?York$NY,New?York,,
4000004578.jpg,Annual Dinner Menu at DELMONICO'S,,1898,New?York$NY,New?York,,
4000004616.jpg,"34th Annual Dinner at Delmonico's - DELMONICO'S, NEW YORK, NY",,1898,New?York$NY,New?York,,
4000004610.jpg,"Amherst Alumni Dinner at Delmonico's - DELMONICO'S, NEW YORK, NY",,1898,New?York$NY,New?York,,
4000004584.jpg,"31st Anniversary Celebration Menu - Ryan Hotel, Saint Paul Chamber Of Commerce",,1898,Saint?Paul$MN,Minnesota,,
4000004613.jpg,"Central Railway Club Smoker at Hotel Iroquois - Hotel Iroquois, Buffalo, NY",,1898,Buffalo$NY,New?York,,
4000004592.jpg,19th Annual Banquet Menu at DELMONICO'S,,1898,New?York$NY,New?York,,"turtle, rare"
4000004625.jpg,"15th Burns Anniversary Menu - Hotel Worthy, Springfield Caledonians",,1898,Springfield$STATE,Illinois,,
4000004621.jpg,Dinner for Monsieur Jules Cambon at Delmonico's,,1898,New?York$NY,New?York,,
4000004675.jpg,"Princeton Alumni Association of Philadelphia Annual Dinner - THE BELLEVUE, PHILA, PA",,1898,Philadelphia$PA,Pennsylvania,,"birdie, rare"
4000004697.jpg,"11th Annual Dinner at Windsor Hotel - Windsor Hotel, New York, NY",,1898,New?York$NY,New?York,,
4000004688.jpg,Dinner at Burnet House,,1898,Cincinnati$OH,Ohio,,rare
4000004709.jpg,"Wedding Dinner at Delmonico's - DELMONICO'S, NEW YORK, NY",,1898,New?York$NY,New?York,,
4000004742.jpg,12th Annual Dinner Menu by New York Southern Society - Hotel Savoy NY,,1898,New?York$NY,New?York,,
4000004775.jpg,2nd Annual Dinner Commemorating the First Centennial of Rockland County - ST. GEORGE HOTEL,,1898,Nyack$New?York,New?York,,
4000004729.jpg,Dinner at Carlton Club - Carleton Club,,1898,Brooklyn$NY,New?York,,
4000004757.jpg,Patriotic Holiday Dinner - Hotel Royal Palm,,1898,Miami$FL,Florida,,"turtle, rare"
4000004789.jpg,"BANQUET IN COMMEMORATION OF WASHINGTON'S BIRTHDAY - DELMONICO'S, NEW YORK, NY",,1898,New?York$NY,New?York,,
4000004794.jpg,"Complimentary/Testimonial Menu - Oriental Hotel, Dallas, TX",,1898,Dallas$TX,Texas,,"turtle, rare"
4000004800.jpg,"63rd Annual Dinner Menu - SAVOY HOTEL, NEW YORK, NY",,1898,New?York$NY,New?York,,
4000004826.jpg,"Scientific Alliance Of New York Dinner at Savoy Hotel - SAVOY HOTEL, Scientific Alliance Of New York",,1898,New?York?City$NY,New?York,,
4000004840.jpg,"SIXTEENTH ANNUAL DINNER OF NEW YORK ASSN OF ALUMNI - HOTEL MANHATTAN, NY",,1898,New?York$NY,New?York,,"turtle, rare"
4000004835.jpg,"BANQUET at STAR THEATRE ASSEMBLY ROOM - STAR THEATRE ASSEMBLY ROOM, East Jersey, NJ",,1898,East?Jersey$NJ,New?Jersey,,
4000004860.jpg,Ninth Annual Dinner at Delmonico's,,1898,New?York$NY,New?York,,
4000004855.jpg,"Sixth Annual Banquet at Hotel Iroquois - Hotel Iroquois, Valley of Buffalo",,1898,Buffalo$NY,New?York,,
4000004884.jpg,Easter Dinner at Osborne House,,1898,Hornellsville$NY,New?York,,
4000004863.jpg,"Ninth Annual Meeting and Banquet Menu - Osborne House, Hornellsville Medical And Surgical Association",,1898,Hornellsville$NY,New?York,,"turtle, rare"
4000004877.jpg,"Fifty Third Anniversary Menu - Canonicus Lodge Number Nine, Odd Fellows Hall",,1898,,,,
4000004869.jpg,"FOURTH ANNUAL CONVENTION MENU - THE ARGYLE, BROOKLYN, NY",,1898,Brooklyn$NY,New?York,,"birdie, rare"
4000004852.jpg,"New England Delegation Dinner at Chicago Beach Hotel - New England Delegation Of H.M.M.B.A., Chicago Beach Hotel",,1898,Chicago$IL,Illinois,,
4000004924.jpg,Daily Menu at Claremont Hotel,,1898,New?York$NY,New?York,,"birdie, turtle, rare"
4000004894.jpg,Huguenot Society of America Anniversary Dinner at Delmonico's NY,,1898,New?York?City$NY,New?York,,"birdie, rare"
4000004931.jpg,"4th Annual Dinner at Morris County Golf Club House - MORRIS COUNTY GOLF CLUB HOUSE, Society Of Colonial Wars In State Of New Jersey",,1898,Morris?County$New?Jersey,New?Jersey,,"birdie, rare"
4000004912.jpg,"Dinner Tendered to R.W. Walter F. Sykes, D.DGM at Aurora Grata Club - AURORA GRATA CLUB, BROOKLYN, NY",,1898,Brooklyn$NY,New?York,,"birdie, rare"
4000004940.jpg,"Complimentary Dinner at Zagheri Restaurant - Zagheri Restaurant, New York",,1898,New?York$NY,New?York,,
4000004936.jpg,THIRTY-SECOND ANNIVERSARY Menu at DELMONICO'S - National Board Of Fire Underwriters,,1898,New?York$NY,New?York,,
4000004960.jpg,Dinner at Windsor Hotel,,1898,New?York$NY,New?York,,"birdie, turtle, rare"
4000004963.jpg,Anniversary Dinner at Pioneer Sons And Daughters Of Chicago - Tremont House,,1898,Chicago$IL,Illinois,,"turtle, rare"
4000004969.jpg,"Testimonial Dinner at Julius Hartmann's - JULIUS HARTMANN'S, WASHINGTON BUILDING; MANHATTAN, NY",,1898,Manhattan$NY,New?York,,"turtle, rare"
4000004972.jpg,"Eighth Annual Banquet Menu - Craftsman's Club, 11 West 22nd Street, New York City, NY",,1898,New?York?City$NY,New?York,,"turtle, rare"
4000004976.jpg,"Fauste Nozze Della Caro Figlia Colomba Rosa Col Sig. Luigi Profumo - Hotel del Campidoglio, New York, NY",,1898,New?York$NY,New?York,,"birdie, rare"
4000004995.jpg,"Palestine Temple A.A.O.N.M.S. Banquet Menu - Ocean House, Newport, RI",,1898,Newport$RI,Rhode?Island,,"turtle, rare"
4000004982.jpg,260th Anniversary Celebration Menu - Ancient & Honorable Artillery Co.,,1898,Boston$MA,Massachusetts,,
4000005002.jpg,Dinner Menu at Steamship Northwest - Northern Steamship Company,,1898,,,,"birdie, rare"
4000004989.jpg,"XIII CLUB 165TH REGULAR DINNER - TREIER'S ROOF-GARDEN, CENTRAL BUILDING, New York, NY",,1898,New?York$NY,New?York,,
4000004999.jpg,Delmonico's Dinner Menu,,1898,New?York?City$NY,New?York,,
4000005024.jpg,Breakfast Menu on Steamship North West - Northern Steamship Company,,1898,,,,
4000005017.jpg,Fourth of July Dinner at Ebbitt House,,1898,Washington$DC,,,"birdie, rare"
4000005042.jpg,BANQUET FOR LIEUT.-COL. FRANCIS G. WARD OF 202 USV at HOTEL IROQUOIS,,1898,Buffalo$N.Y.,New?York,,"birdie, turtle, rare"
4000005049.jpg,"Dinner at Manhattan Beach Hotel - MANHATTAN BEACH HOTEL, New York State Hotel Association",,1898,Manhattan?Beach$NY,New?York,,"turtle, rare"
4000005053.jpg,Anniversary Dinner for New York State Stenographers' Association - Albany Members Of The New York State Stenographers'association,,1898,Averill?Park$NY,New?York,,
4000005011.jpg,Fourth of July Dinner at Hotel Schenley,,1898,Pittsburgh$PA,Pennsylvania,,
4000005084.jpg,"Anniversary Banquet Menu - Stevens House, Lake Placid, NY",,1898,Lake?Placid$NY,New?York,,"turtle, rare"
4000005069.jpg,"Complimentary Dinner for Anthony Fiala of Troop 'C,' U.S.V. - ARGYLE, THE, BROOKLYN, NY",,1898,Brooklyn$NY,New?York,,"birdie, rare"
4000005073.jpg,Dinner Menu for Poland Spring House,,1898,Poland$ME,Maine,,
4000005125.jpg,"Dinner to Soldiers and Sailors of the Spanish American War at Hotel Savoy - Hotel Savoy, Phi Gamma Delta",,1898,New?York$NY,New?York,,
4000005105.jpg,Dinner Menu at Profile House,,1898,White?Mountains$NH,New?Hampshire,,"birdie, turtle, rare"
4000005063.jpg,Dinner Menu at Pilgrim Hotel,,1898,Plymouth$MA,Massachusetts,,
4000005146.jpg,"Supper for American Warehousemens' Association - Hotel Manhattan; Madison Ave. and 42nd St., NY",,1898,New?York$NY,New?York,,
4000005192.jpg,Peace Jubilee Menu at The Bellevue - Clover Club,,1898,Philadelphia$PA,Pennsylvania,,
4000005178.jpg,"2nd Annual Dinner at THOMAS HUNTER ASSOCIATION OF GRAMMAR SCHOOL NO. 35 - SHERRY'S, NY",,1898,New?York$NY,New?York,,
4000005164.jpg,"Banquet in Honor of Mr. Henry Reynolds Hatch at Stillman Hotel - Stillman Hotel, Cleveland, Ohio",,1898,Cleveland$OH,Ohio,,
4000005213.jpg,"One Hundredth Anniversary Celebration Menu - Beardskey House, West Winsted, CT",,1898,West?Winsted$CT,Connecticut,,"birdie, rare"
4000005233.jpg,Thanksgiving Day Dinner at Southern Hotel,,1898,Chattanooga$TENN.,Tennessee,,
4000005252.jpg,Thanksgiving Day Dinner at Great Southern Fireproof Hotel,,1898,Columbus$OHIO,Ohio,,"turtle, rare"
4000005242.jpg,Thanksgiving Day Dinner at Duncan Hotel,,1898,Nashville$TN,Tennessee,,"turtle, rare"
4000005218.jpg,Anniversary Dinner at Society Of Mayflower Descendents - Waldorf Astoria,,1898,New?York$NY,New?York,,
4000005236.jpg,Thanksgiving Day Dinner at St. George Hotel,,1898,Brooklyn$NY,New?York,,"turtle, rare"
4000005198.jpg,"Banquet in Honor of Dr. Heber Jones' Friends and Board of Health Members - Gayosa Hotel, Memphis, TN",,1898,Memphis$TN,Tennessee,,
4000005267.jpg,Thanksgiving Day Dinner at Summit House,,1898,Creston$IOWA,Iowa,,"turtle, rare"
4000005271.jpg,Thanksgiving Day Dinner at Logan House,,1898,Altoona$PA,Pennsylvania,,"birdie, turtle, rare"
4000005289.jpg,Dinner honoring Rt. Rev. Henry C. Potter at Union League Club,,1898,New?York?City$NY,New?York,,"turtle, rare"
4000005280.jpg,Thanksgiving Day Dinner at City Hotel,,1898,Worcester$MASS,Massachusetts,,
4000005274.jpg,Thanksgiving Day Dinner at Wyoming Valley Hotel,,1898,Wilkes-Barre$PA,Pennsylvania,,"birdie, turtle, rare"
4000005350.jpg,Banquet in Honor of Rear Admiral Winfield Scott Schlet and Commander Washburn Maynard - Chamber Of Commerce Nashville (Tn),,1898,Nashville$TN,Tennessee,,
4000005376.jpg,Christmas Dinner at Logan House,,1898,Altoona$PA,Pennsylvania,,"birdie, turtle, rare"
4000005381.jpg,30th Christmas Dinner at Falmouth Hotel,,1898,Portland$ME,Maine,,
4000005354.jpg,Dinner Commemorative of the Commencement of the American Army at Valley Forge - Pennsylvania Society Sons Of The Revolution,,1898,Philadelphia$PA,Pennsylvania,,
4000005310.jpg,Special Anniversary Dinner at Gridiron Club,,1898,Washington$DC,,,"birdie, turtle, rare"
4000005388.jpg,Christmas Dinner at Majestic Hotel,,1898,New?York$NY,New?York,,
4000005396.jpg,Christmas Dinner at Hotel Alcazar,,1898,St.?Augustine$FL,Florida,,"birdie, rare"
4000005407.jpg,Christmas Dinner at Battery Park Hotel,,1898,Ashville$NC,North?Carolina,,
4000005414.jpg,Christmas Dinner at Hotel Windermere,,1898,Chicago$IL,Illinois,,"birdie, rare"
4000005416.jpg,Christmas Dinner at Hotel Metropole,,1898,Fargo$ND,North?Dakota,,"turtle, rare"
4000005454.jpg,"1ST ANNUAL DINNER at LOGAN HOUSE - LOGAN HOUSE; ALTOONA, PA",,1899,Altoona$PA,Pennsylvania,,
4000005435.jpg,"DINNER TO GOVERNOR HASTINGS at THE BELLEVUE - THE BELLEVUE, Philadelphia, PA",,1899,Philadelphia$PA,Pennsylvania,,"birdie, turtle, rare"
4000005495.jpg,SEVENTH ANNUAL DINNER at DELMONICO'S,,1899,New?York$NY,New?York,,
4000005484.jpg,"Dinner in Honor of Hon. J.I. Clarke Hare at Hare Law Club - Hare Law Club, Bellevue Hotel",,1899,Bellevue$Washington,Washington,,
4000005471.jpg,"Cafeteria Saturday Lunch Menu - 57 Broad Street, NY",,1899,New?York$NY,New?York,,
4000005501.jpg,Dinner at Bellevue hosted by Psi Upsilon Of Philadelphia,,1899,Philadelphia$PA,Pennsylvania,,
4000005465.jpg,HOLLAND SOCIETY OF NEW YORK 14NTH ANNUAL DINNER - SHERRY'S NY,,1899,New?York$NY,New?York,,"turtle, rare"
4000005523.jpg,Banquet Menu for Bankers' Association Event - Bankers Of Dallas,,1899,Dallas$TEXAS,Texas,,
4000005512.jpg,Banquet Menu for Hardware Merchants Association of Philadelphia - Union League,,1899,Philadelphia$PA,Pennsylvania,,"turtle, rare"
4000005531.jpg,"Ninth Annual Banquet at Windsor Hotel - Windsor Hotel, New York, NY",,1899,New?York$NY,New?York,,
4000005589.jpg,Third Annual Dinner at Penataquit Corinthian Yacht Club - Hotel Manhattan,,1899,Manhattan$NY,New?York,,"turtle, rare"
4000005584.jpg,"CONVENTION OF SUPERINTENDENTS at DELMONICO'S - DELMONICO'S, NEW YORK, NY",,1899,New?York$NY,New?York,,"turtle, rare"
4000005554.jpg,Sheriff's Jury Second Panel Dinner at Delmonico's,,1899,New?York$NY,New?York,,
4000005600.jpg,"Second Annual Breakfast at Hotel Manhattan - Hotel Manhattan, Lydia F. Wadleigh Association",,1899,New?York$NY,New?York,,"birdie, rare"
4000005591.jpg,"First Meeting and Banquet Menu at New York Press Club - NEW YORK PRESS CLUB, 34 WEST 23RD ST. NY",,1899,New?York$NY,New?York,,
4000005596.jpg,"THIRD ANNUAL BANQUET at HOTEL MANHATTAN - HOTEL MANHATTAN, NY",,1899,New?York$NY,New?York,,"turtle, rare"
4000005621.jpg,"Lumber Dealers Association of Connecticut Annual Dinner at New Tontine Hotel - NEW TONTINE HOTEL, NEW HAVEN, CT",,1899,New?Haven$CT,Connecticut,,"birdie, turtle, rare"
4000005613.jpg,"National Guard Convention Anniversary Menu - Tampa Bay Hotel, Tampa, FL",,1899,Tampa$FL,Florida,,"turtle, rare"
4000005632.jpg,Nineteenth Annual Dinner at Cornell University Alumni - Waldorf-Astoria Hotel,,1899,New?York$NY,New?York,,
4000005638.jpg,"31st Annual Dinner at Hotel Bellevue - Hotel Bellevue, Philadelphia, PA",,1899,Philadelphia$PA,Pennsylvania,,"birdie, rare"
4000005672.jpg,Dinner in Honor of Pres. McKinley & Members of the Cabinet - Home Market Club,,1899,Boston$MA,Massachusetts,,
4000005627.jpg,"Second Triennial Congress Commemorative Menu - Hotel Lafayette, Philadelphia, PA",,1899,Philadelphia$PA,Pennsylvania,,"turtle, rare"
4000005697.jpg,Cigar Manufacturers Annual Dinner Menu - Delmonico's NY,,1899,New?York?City$NY,New?York,,
4000005742.jpg,Prohibitionists of Greater New York Banquet at Grand Central Palace,,1899,New?York$NY,New?York,,
4000005687.jpg,"12th Annual Dinner at ST. DENIS HOTEL - ST. DENIS HOTEL, BWAY & 11 ST. NY",,1899,New?York$NY,New?York,,"birdie, rare"
4000005681.jpg,THIRD ANNUAL DINNER - ST. GEORGE HOTEL,,1899,Board?Of?Trade,,,
4000005691.jpg,20th Anniversary Dinner - Brooklyn Bicycle Club,,1899,Brooklyn$NY,New?York,,
4000005787.jpg,"Dinner for Rear Admiral Lord Charles Beresford, R.N.C.B.M.P. at Delmonico's",,1899,New?York$NY,New?York,,"turtle, rare"
4000005755.jpg,NEW YORK SOUTHERN SOCIETY DINNER at HOTEL SAVOY,,1899,New?York$NY,New?York,,
4000005798.jpg,Wedding Dinner Menu,,1899,New?York$NY,New?York,,"birdie, rare"
4000005770.jpg,Hotel Dennis Dinner Menu,,1899,Atlantic?City$NJ,New?Jersey,,
4000005781.jpg,Patriotic Holiday Dinner at Hotel Ponce De Leon,,1899,St.?Augustine$FL,Florida,,"turtle, rare"
4000005775.jpg,"Banquet Menu at City Hotel - City Hotel, Taunton Board Of Trade",,1899,Taunton$Massachusetts,Massachusetts,,"turtle, rare"
4000005803.jpg,Lunch Menu at Arkwright Club,,1899,New?York$NY,New?York,,
4000005810.jpg,"Festessen zu Ehren des 70. Geburtstages von Carl Schurz - HALLE DES DEUTSCHEN LIEDERKRANZ, NEW YORK, NY",,1899,New?York$NY,New?York,,"turtle, rare"
4000005806.jpg,Gran Banchetto D'Onore al Presidente Sig. Vito Contessa - Associazione Fraterna Di Mutuo Soccorso In New York,,1899,New?York$NY,New?York,,
4000005824.jpg,Supper for Mr. Louis James & Mr. Frederick Warde - Arlington Club,,1899,Portland$OR,Oregon,,
4000005875.jpg,"31st Annual Banquet Menu - ST. NICHOLAS HOTEL, Cincinnati, Ohio",,1899,Cincinnati$OH,Ohio,,"birdie, turtle, rare"
4000005835.jpg,"Banquet honoring Under Sheriff Henry P. Mulvany - Arena, The; 39 West 31st Street, New York, NY",,1899,New?York$NY,New?York,,"birdie, rare"
4000005886.jpg,"Dinner honoring Dr. L.W. Read, Surgeon General of the State of Pennsylvania - UNION LEAGUE",,1899,Philadelphia$PA,Pennsylvania,,"birdie, turtle, rare"
4000005933.jpg,Easter Sunday Dinner at New Tifft House,,1899,Buffalo$NY,New?York,,"birdie, turtle, rare"
4000005914.jpg,"Dinner to Honourable John B. McPherson at Harrisburg Club - Harrisburg Club, Members Of The Bar Of Dauphin County Pennsylvania",,1899,Harrisburg$PA,Pennsylvania,,"turtle, rare"
4000005900.jpg,"3rd Annual Banquet at Arcanum Hall - Arcanum Hall, Elizabeth, NJ",,1899,Elizabeth$NJ,New?Jersey,,
4000005927.jpg,Easter Sunday Dinner at A. Luchow's Restaurant,,1899,New?York$NY,New?York,,"birdie, rare"
4000005938.jpg,Easter Sunday Luncheon at Dennis Hotel,,1899,Atlantic?City$NJ,New?Jersey,,
4000005947.jpg,Easter Sunday Dinner at Bingham House,,1899,Philadelphia$PA,Pennsylvania,,"turtle, rare"
4000005975.jpg,Banquet Menu at Chapters Of First District In Council - Chapters Of First District In Council At The Commonwealth,,1899,Harrisburg$PA,Pennsylvania,,"turtle, rare"
4000006014.jpg,Ninth Annual Dinner at Providence Athletic Association - Master Printers Association Of Rhode Island,,1899,Providence$Rhode?Island,Rhode?Island,,
4000006001.jpg,Banquet on 34th Anniversary of Appomattox Day - Hamilton Club Of Chicago,,1899,Chicago$IL,Illinois,,"birdie, rare"
4000006043.jpg,Phi Alpha Sigma Fraternity Annual Dinner at Hotel Manhattan,,1899,New?York$NY,New?York,,
4000005967.jpg,"Banquet in Celebration of 100th Anniversary of Founding - SHERRY'S, New York, NY",,1899,New?York$NY,New?York,,
4000006075.jpg,"Dinner honoring R I John R. Gardner, Grand Marshal - Dewitt Clinton Council No.22 R&S M",,1899,Albany$NY,New?York,,
4000006050.jpg,"Seventeenth Annual Dinner of the New York Association of Alumni - Hotel Manhattan, NY",,1899,New?York$NY,New?York,,
4000006079.jpg,32nd Annual Dinner at Delmonico's - Associates Of The Enginer Corps And Company K,,1899,New?York$NY,New?York,,
4000006083.jpg,Centennial Anniversary Dinner at Jerusalem Chapter No 8 R.A.M. - Hotel Savoy,,1899,New?York$NY,New?York,,"birdie, turtle, rare"
4000006092.jpg,American Antiquarian Society Dinner at Parker House,,1899,Worcester$MA,Massachusetts,,"turtle, rare"
4000006105.jpg,Banquet in Celebration of Washington's First Inauguration - New Haven Colony Historical Society,,1899,New?Haven$CT,Connecticut,,"birdie, rare"
4000006097.jpg,Annual Grant Night Dinner at Middlesex Club,,1899,Boston$MA,Massachusetts,,
4000006107.jpg,Dewey Day Dinner at Hotel Vendome,,1899,New?York?City$NY,New?York,,"birdie, rare"
4000006115.jpg,"Annual Dinner Menu at Philolexian Society Of Columbia University - THE ARENA, 39 WEST 31ST ST., NY",,1899,New?York$NY,New?York,,
4000006121.jpg,17th Annual Dinner at Delmonico's NY - Alumni Association Of The Ny Homeopathic Medical College & Hospital,,1899,New?York?City$NY,New?York,,"birdie, rare"
4000006137.jpg,116th Anniversary Annual Dinner Menu - SHERRY'S,,1899,New?York$NY,New?York,,
4000006125.jpg,Arbor Day Dinner at Metropole Hotel,,1899,Fargo$NORTH?DAKOTA,NORTH?DAKOTA,,
4000006149.jpg,"Informal Dinner at St. Denis Hotel - ST.DENIS HOTEL, B'WAY & 10TH ST. NY",,1899,New?York$NY,New?York,,"birdie, rare"
4000006156.jpg,"Kentucky Chapter Richmond College Alumni Banquet Dinner - GALT HOUSE, LOUISVILLE, KENTUCKY",,1899,Louisville$KENTUCKY,Kentucky,,
4000006179.jpg,Luncheon at Hotel Men's Mutual Benefit Association - Grand Pacific Hotel,,1899,Chicago$IL,Illinois,,"birdie, rare"
4000006158.jpg,"Louisiana Bar Association Annual Dinner Menu - WEST END HOTEL, NEW ORLEANS, LA",,1899,New?Orleans$LA,Louisiana,,
4000006162.jpg,10th Anniversary Dinner at Midwood Club Of Flatbush,,1899,New?York$NY,New?York,,"birdie, rare"
4000006169.jpg,Dinner in Honor of the Hotel Men's Benefit Association - DEWEY HOTEL,,1899,Washington$DC,,,"birdie, turtle, rare"
4000006193.jpg,FIFTH ANNUAL REUNION MENU - THE ARGYLE,,1899,Brooklyn$NY,New?York,,
4000006204.jpg,Daily Bill of Fare at Raimondo Braguglia's Cafe & Restaurant - Raimondo Braguglia's Cafe' & Restaurant,,1899,,,,"birdie, rare"
4000006186.jpg,Anniversary Collation at Great Northern Hotel - Hotel Men's Mutual Benefit Aasociation,,1899,Chicago$IL,Illinois,,"birdie, rare"
4000006195.jpg,Buffet Train Lunch - Chicago And Alton Rr,,1899,Chicago$IL,Illinois,,"turtle, rare"
4000006182.jpg,Anniversary Luncheon at Hotel Men's Mutual Benefit Association - Chicago Beach Hotel,,1899,Chicago$IL,Illinois,,"birdie, rare"
4000006197.jpg,Annual Dinner Menu at University Club,,1899,New?York$NY,New?York,,"birdie, rare"
4000006208.jpg,"Luncheon in Honor of Mrs. Manning - TEN EYCK,THE",,1899,Albany$NY,New?York,,"birdie, rare"
4000006214.jpg,20th Annual Dinner at S.O.T.Q. Bowling Club,,1899,Manhattan$NY,New?York,,"birdie, turtle, rare"
4000006210.jpg,"National Architectural Clubs Convention Menu - CENTURY CLUB, CLEVELAND, OHIO",,1899,Cleveland$OH,Ohio,,
4000006218.jpg,1st Annual Banquet Menu - MANHATTAN HOTEL,,1899,New?York$NY,New?York,,"birdie, turtle, rare"
4000006242.jpg,Reunion Dinner for Class of 1897 - Vassar College,,1899,,,,
4000006232.jpg,Beta Pi Annual Dinner Menu,,1899,Brooklyn$NY,New?York,,"birdie, rare"
4000006237.jpg,"Wedding Dinner Menu at Colombo Hotel - COLOMBO HOTEL, 149 BLEECKER ST. NY",,1899,New?York$NY,New?York,,
4000006222.jpg,Annual Dinner at Wilson College Alumnae,,1899,,,,
4000006256.jpg,Bachelor Party Dinner at Brooklyn Germania - Oscar Faehrmann,,1899,Brooklyn$New?York,New?York,,
4000006274.jpg,53rd Annual Regatta Menu - New York Yacht Club,,1899,New?York$NY,New?York,,
4000006251.jpg,"175th Regular & Annual Ladies Roof Garden Dinner - CENTRAL RESTAURANT & ROOF GARDEN, 143 LIBERTY ST.",,1899,New?York$NY,New?York,,
4000006260.jpg,2nd Annual Initiation Banquet - Dragon,,1899,,,,"turtle, rare"
4000006300.jpg,Fourth of July Dinner at New Gladstone,,1899,Narragansett?Pier$RI,Rhode?Island,,"birdie, turtle, rare"
4000006291.jpg,Fourth of July Dinner at Hotel Kenmore,,1899,Far?Rockaway$NY,New?York,,
4000006294.jpg,Fourth of July Dinner at Logan House,,1899,Altoona$PA,Pennsylvania,,"turtle, rare"
4000006335.jpg,Hotel Victory Dinner Menu,,1899,Put-in-Bay$OH,Ohio,,
4000006307.jpg,Dinner Menu at Chicago Athletic Association,,1899,Chicago$IL,Illinois,,"birdie, rare"
4000006320.jpg,"3rd Annual Convention Menu - Hotel Victory, Put-In-Bay, Ohio",,1899,Put-In-Bay$OH,Ohio,,
4000006373.jpg,Dinner Menu at Profile House and Hotel Vendome,,1899,Boston$MA,Massachusetts,,
4000006386.jpg,Sunday Dinner at Poland Spring House,,1899,Poland$ME,Maine,,
4000006381.jpg,"Banquet Menu at Warner Hall - Warner Hall, New Haven, Connecticut",,1899,New?Haven$CT,Connecticut,,"birdie, turtle, rare"
4000006397.jpg,"Dinner at Albemarle Hotel - Albemarle Hotel, Madison Square West, NYC",,1899,New?York$NY,New?York,,"birdie, turtle, rare"
4000006390.jpg,Dinner to the Agents of the Frank Jones Brewing Co.,,1899,Portsmouth$NH,New?Hampshire,,
4000006418.jpg,23rd Annual Meeting Menu - Chicago Athletic Association,,1899,Chicago$IL,Illinois,,
4000006457.jpg,"RECEPTION & BANQUET TO THIRTEENTH MINNESOTA U.S.V. - MERCHANTS HOTEL, St. Paul, MN",,1899,St.?Paul$MN,Minnesota,,"turtle, rare"
4000006410.jpg,"LUNCH - AMERICA'S CUP RACES at New York Yacht Club - STEAMER 'REPUBLIC', New York Yacht Club",,1899,New?York$NY,New?York,,
4000006436.jpg,"Dinner at Fifth Avenue Dining Rooms - Fifth Avenue Dining Rooms, New York",,1899,New?York$NY,New?York,,"turtle, rare"
4000006432.jpg,Dinner at Railroad Friends Of J.C.Woodworth,,1899,Portland$Oregon,Oregon,,"birdie, turtle, rare"
4000006442.jpg,Annual Dinner Menu at Marlborough Hotel,,1899,New?York$NY,New?York,,"birdie, rare"
4000006469.jpg,Delta Upsilon Dinner Event,,1899,Augusta$ME,Maine,,
4000006465.jpg,"Jubilee Banquet Menu at Marlborough Hotel - MARLBOROUGH HOTEL, NEW YORK, NY",,1899,New?York$NY,New?York,,"birdie, rare"
4000006475.jpg,"TWENTY-SEVENTH ANNUAL MEETING MENU - SHERRY'S, New York, NY",,1899,New?York$NY,New?York,,"birdie, rare"
4000006494.jpg,Dinner Given to Dr. M.F. Foley at Delmonico's - George Macdonald And William C.B. Shanley,,1899,New?York$NY,New?York,,"birdie, rare"
4000006499.jpg,FIRST ANNUAL DINNER - WALDORF-ASTORIA HOTEL,,1899,New?York$NY,New?York,,
4000006516.jpg,"Banquet of Welcome to Capt. Benjamin P. Lamberton at Sherry's - SHERRY'S, New York, NY",,1899,New?York$NY,New?York,,
4000006572.jpg,"THIRD ANNUAL UNION DINNER at HOTEL MANHATTAN - HOTEL MANHATTAN, MADISON AVENUE AND 42ND ST. NYC, NY",,1899,New?York?City$NY,New?York,,"birdie, rare"
4000006598.jpg,Complimentary Luncheon at National Horse Show Association Of America - Madison Square Garden,,1899,New?York$NY,New?York,,"birdie, rare"
4000006527.jpg,"BIRTHDAY DINNER at CENTRAL RESTAURANT - CENTRAL RESTAURANT, LIBERTY ST, NY",,1899,New?York$NY,New?York,,"birdie, rare"
4000006601.jpg,"Banquet in Honor of Grand Lodge Officers at National Rifles Armory - National Rifles Armory, Washington, D.C.",,1899,Washington$D.C.,Washington$D.C.,,"turtle, rare"
4000006670.jpg,EASTERN BOX MAKERS' ASSOCIATION BANQUET MENU - MARLBOROUGH HOTEL,,1899,MARLBOROUGH$MA,Massachusetts,,"turtle, rare"
4000006640.jpg,Dinner for Chairmen Hon. Randolph Guggenheimer and General Daniel Butterfield - Delmonicos,,1899,New?York$NY,New?York,,
4000006662.jpg,"Dinner in Honor of Most Worshipful Josiah W. Ewan at Democratic Club - DEMOCRATIC CLUB, NEW YORK, NY",,1899,New?York$NY,New?York,,"turtle, rare"
4000006678.jpg,Thanksgiving Dinner at Majestic Hotel,,1899,New?York$NY,New?York,,"birdie, turtle, rare"
4000006710.jpg,Thanksgiving Dinner at Ashton Hotel,,1899,Ashton$STATE,Ashton,,"birdie, rare"
4000006705.jpg,Thanksgiving Dinner at Briggs House,,1899,Chicago$IL,Illinois,,"turtle, rare"
4000006695.jpg,Thanksgiving Dinner at Hotel Roanoke,,1899,Roanoke$VA,Virginia,,"birdie, rare"
4000006684.jpg,Thanksgiving Dinner at Broadway Central Hotel,,1899,New?York$NY,New?York,,"birdie, turtle, rare"
4000006699.jpg,Thanksgiving Dinner at Quincy House,,1899,Boston$MA,Massachusetts,,
4000006720.jpg,Thanksgiving Dinner at Hotel St. James,,1899,Bradford$PA,Pennsylvania,,"turtle, rare"
4000006739.jpg,"Banquet for Members of Football Team at Colby Academy - Colby Hall, New London, N.H.",,1899,New?London$N.H.,New?Hampshire,,
4000006726.jpg,2nd Annual Dinner - Rhode Island Bar Association,,1899,Rhode?Island$RI,Rhode?Island,,"turtle, rare"
4000006732.jpg,Daily Dinner Menu at Chamberlin Hotel,,1899,Old?Point?Comfort$Virginia,Virginia,,
4000006713.jpg,Thanksgiving Dinner at Sturtevant House,,1899,Sturtevant?House$Sturtevant$Wisconsin,Wisconsin,,"turtle, rare"
4000006688.jpg,Thanksgiving Dinner at Griswold House,,1899,Detroit$MI,Michigan,,"birdie, rare"
4000006785.jpg,TWELFTH ANNUAL REUNION MENU - THE SAVOY,,1899,New?York$NY,New?York,,
4000006764.jpg,First Annual Dinner at Stick Together Club,,1899,Brooklyn$NY,New?York,,"birdie, rare"
4000006779.jpg,"Annual Winter Dinner at Eagle Hotel - Eagle Hotel, Concord, NH",,1899,Concord$NH,New?Hampshire,,"turtle, rare"
4000006830.jpg,"Boston Boot And Shoe Club Dinner at Young's Hotel - Young's Hotel, Boston, MA",,1899,Boston$MA,Massachusetts,,"birdie, rare"
4000006821.jpg,Complimentary Breakfast at Palace Hotel - Philomath Club,,1899,San?Francisco$CA,California,,"turtle, rare"
4000006839.jpg,Twentieth Annual Dinner Menu - New England Society In Brooklyn,,1899,Brooklyn$NY,New?York,,"birdie, turtle, rare"
4000006856.jpg,Christmas Dinner at Pine Forest Inn,,1899,Somerville$S.C.,South?Carolina,,
4000006847.jpg,Christmas Dinner at Colonial Hotel,,1899,San?Francisco$CA,California,,
4000006861.jpg,Christmas Dinner at New Century Hotel,,1899,Union$S.C.,South?Carolina,,"turtle, rare"
4000006835.jpg,Breakfast Menu for New York Central And Hudson River R.R. Dining Car Service,,1899,,,,
4000006869.jpg,Holiday Dinner on North Western RR Line - ENROUTE CHICAGO TO ST. PAUL & DULUTH,,1899,,,,
4000006894.jpg,Christmas Dinner at Clancey's Hotel Mabson,,1899,Montgomery$AL,Alabama,,"turtle, rare"
4000006890.jpg,Christmas Dinner at Vendome Hotel,,1899,NY,New?York,,"turtle, rare"
4000006877.jpg,Christmas Dinner at Colson Hotel,,1899,Somerville$MASS,Massachusetts,,
4000006902.jpg,Christmas Dinner at Continental Hotel,,1899,Newark$NJ,New?Jersey,,
4000006908.jpg,Christmas Dinner at Hotel Hanover,,1899,Philadelphia$PA,Pennsylvania,,"turtle, rare"
4000006932.jpg,"BEEFSTEAK DINNER at WALTER D. GILMAN'S - WALTER D. GILMAN'S, Brooklyn, NY",,1899,Brooklyn$NY,New?York,,
4000006915.jpg,Christmas Dinner at Howard House,,1899,Malone$NY,New?York,,"birdie, rare"
4000006937.jpg,"Dinner Menu at Westminster Hotel - Westminster Hotel, Sixteenth Street and Irving Place, NY",,1899,New?York$NY,New?York,,"birdie, turtle, rare"
4000006921.jpg,Dinner Menu at Astor House,,1899,New?York$NY,New?York,,"birdie, turtle, rare"
4000006942.jpg,Congress Hall Dinner Menu - Plaza,,1901,Syracuse$NY,New?York,,"turtle, rare"
4000006981.jpg,Anniversary Banquet at Grand Hotel - Luckworth Club,,1900,CINCINNATI$OH,Ohio,,"birdie, rare"
4000006973.jpg,Astor House Dinner Menu,,1900,New?York$NY,New?York,,"birdie, turtle, rare"
4000006990.jpg,Breakfast at Fifth Avenue Hotel,,1900,New?York$NY,New?York,,"birdie, rare"
4000006949.jpg,"34th Annual Banquet at University Club - University Club, Chicago, IL",,1900,Chicago$IL,Illinois,,
4000007016.jpg,Silsbe & Son Oyster & Chop House - Daily Bill of Fare - 203-5 SIXTH AVE. NY,,1900,New?York$NY,New?York,,"birdie, turtle, rare"
4000007004.jpg,Daily Menu at Halloran's Restaurant - 213 SIXTH AVE. NY,,1900,New?York$NY,New?York,,"birdie, turtle, rare"
4000007017.jpg,"H.D. Bristol's Oyster & Chop House Bill of Fare - 362 Sixth Ave, New York, NY",,1900,New?York$NY,New?York,,"birdie, turtle, rare"
4000007020.jpg,Morton House Restaurant & Cafe Dinner Menu - Broadway & 14th St.,,1900,New?York$NY,New?York,,"turtle, rare"
4000007033.jpg,Breakfast Menu at Union Square Hotel,,1900,New?York$NY,New?York,,
4000007029.jpg,"Breakfast Menu at Imperial Hotel - Imperial Hotel, B'WAY & 32 ST.NY",,1900,New?York$NY,New?York,,
4000007024.jpg,"Dorlon's Oyster House Dinner Menu - Dorlon's Oyster House, 6 East 23 St., New York, NY",,1900,New?York$NY,New?York,,"turtle, rare"
4000007036.jpg,Dinner at Union Square Hotel,,1900,New?York$NY,New?York,,"birdie, rare"
4000007043.jpg,"Dinner Menu at Everett House - Everett House, Union Square, New York, NY",,1900,New?York$NY,New?York,,"turtle, rare"
4000007058.jpg,"Evening Dinner at Cafe De Bordeaux - 454-456-458 SIXTH AVENUE, NEAR 28TH STREET, NEW YORK, NY",,1900,New?York$NY,New?York,,"birdie, turtle, rare"
4000007055.jpg,"Hotel Albert Dinner Menu - Hotel Albert, Eleventh St. and University Place, New York, NY",,1900,New?York$NY,New?York,,"birdie, turtle, rare"
4000007052.jpg,"Lunch Menu at Hotel Albert - Hotel Albert, Eleventh St. and University Place, New York, NY",,1900,New?York$NY,New?York,,"turtle, rare"
4000007049.jpg,"Breakfast Menu at Hotel Albert - Hotel Albert, Eleventh St. and University Place, New York, NY",,1900,New?York$NY,New?York,,
4000007078.jpg,Bill of Fare at Hartman's Hotel,,1900,New?York$NY,New?York,,
4000007082.jpg,Bill of Fare at United States Hotel,,1900,New?York$NY,New?York,,"turtle, rare"
4000007061.jpg,"DAY DINNER at Cafe De Bordeaux - 454-456-458 SIXTH AVENUE, NEAR 28TH STREET, NEW YORK, NY",,1900,New?York$NY,New?York,,"birdie, rare"
4000007087.jpg,Bill of Fare - White's Dining Rooms,,1900,New?York$NY,New?York,,
4000007090.jpg,Bill of Fare - Eastern Hotel,,1900,New?York$NY,New?York,,"turtle, rare"
4000007092.jpg,Dinner Menu - A.M. Sweet & Son Hotel & Restaurant,,1900,New?York$NY,New?York,,"turtle, rare"
4000007101.jpg,Breakfast Menu at Broadway Central Hotel,,1900,New?York$NY,New?York,,
4000007127.jpg,Breakfast Menu at Fifth Avenue Hotel Cafe,,,New?York$NY,New?York,,"birdie, rare"
4000007123.jpg,"Healy's Oyster And Chop House Dinner or Lunch Menu - Healy's Oyster And Chop House, SEASIDE AVENUE, ROCKAWAY BEACH, NY",,1900,Rockaway?Beach$NY,New?York,,
4000007135.jpg,Breakfast Menu at Murray Hill Hotel,,1900,New?York$NY,New?York,,
4000007151.jpg,Lunch Menu at Murray Hill Hotel,,1900,New?York$NY,New?York,,
4000007179.jpg,Lunch Menu at Metropolitan Hotel,,1900,New?York$NY,New?York,,
4000007188.jpg,"Daily Menu at Museum Of Art Restaurant - Museum Of Art Restaurant, Central Park, NY",,1900,New?York?City$NY,New?York,,
4000007169.jpg,Breakfast Menu at Shanley's Oyster Houses And Grill Room,,1900,NY,New?York,,
4000007215.jpg,Daily Menu at Reynolds - 135 THIRD AVE. NY,,1900,New?York$NY,New?York,,
4000007195.jpg,"Dartmouth Alumni Association Reunion and Dinner at Hotel Vendome - Hotel Vendome, Boston, MA",,1900,Boston$MA,Massachusetts,,
4000007209.jpg,Cafeteria Lunch - 57 Broad St. NY,,1900,New?York$NY,New?York,,
4000007221.jpg,15th Annual Dinner at Holland Society of New York - Waldorf-Astoria,,1900,New?York$NY,New?York,,
4000007212.jpg,Daily Bill of Fare at The Place - 127 Fourth Ave. NY,,1900,New?York?City$NY,New?York,,
4000007227.jpg,"A La Carte Menu at Kensington Hotel - Kensington Hotel, 5th Ave. & 15 St., NY",,1900,New?York$NY,New?York,,"birdie, turtle, rare"
4000007239.jpg,"January Meeting and Dinner Menu at Grand Hotel - Grand Hotel, Cincinnati, OH",,1900,Cincinnati$OH,Ohio,,"birdie, rare"
4000007247.jpg,Breakfast Menu at Belvedere House,,1900,New?York$NY,New?York,,
4000007244.jpg,Dinner at Grand Pacific Hotel - Corps Consulaire De Chicago,,1900,Chicago$IL,Illinois,,
4000007231.jpg,"Holland's Daily Menu - 141 Fourth Ave, New York, NY",,1900,New?York$NY,New?York,,
4000007251.jpg,Daily Bill of Fare at Belvedere House,,1900,New?York$NY,New?York,,"turtle, rare"
4000007275.jpg,"Haan's Dinner Menu at Park Row Building - Haan's, PARK ROW BUILDING",,1900,New?York$NY,New?York,,"birdie, turtle, rare"
4000007254.jpg,"Breakfast at Sinclair House - Sinclair House, Broadway & Eighth Street",,1900,New?York$NY,New?York,,
4000007278.jpg,Breakfast Menu for New York Central & Hudson River R.R. Dining Car Service,,1900,,,,
4000007265.jpg,"Dinner Menu at Broadway Central Hotel - NOS. 667 TO 677 [BROADWAY], OPPOSITE BOND STREET, MIDWAY BETWEEN BATTERY AND CENTRAL PARK, NEW YORK [NY]",,1900,New?York$NY,New?York,,"turtle, rare"
4000007289.jpg,Daily Menu - Columbia University Restauant,,1900,New?York$NY,New?York,,
4000007284.jpg,Dinner Menu for New York Central & Hudson River R.R. Dining Car Service,,1900,,,,
4000007281.jpg,Luncheon Menu for New York Central & Hudson River R.R. Dining Car Service,,1900,,,,
4000007298.jpg,"Dinner Menu at St. Nicholas Hotel - St. Nicholas Hotel, Washington Place and Mercer Street",,1900,New?York$NY,New?York,,
4000007303.jpg,"Daily Menu at Edward F. Langs's Ladies' And Gents Lunch Room And Restaurant - 139 Eighth Street, New York",,1900,New?York$NY,New?York,,
4000007311.jpg,"Daily Menu at Bay State Hotel - Bay State Hotel, Broadway opp. Bond Street",,1900,New?York?City$NY,New?York,,"birdie, rare"
4000007326.jpg,"Hotel Lincoln Dinner Menu - Hotel Lincoln, Broadway & 52nd St.",,1900,New?York$NY,New?York,,"birdie, turtle, rare"
4000007306.jpg,"DAILY MENU at Dennett's Surpassing Coffee - 21 ANN STREET, Dennett's Surpassing Coffee",,1900,Dennett's?Surpassing?Coffee$in?Dennett's?Surpassing?Coffee,,,
4000007319.jpg,BREAKFAST MENU at STEAMER PLYMOUTH,,1900,Fall?River$Massachusetts,Massachusetts,,
4000007331.jpg,FALL RIVER LINE MENU - STEAMER PILGRIM,,1900,Fall?River$Massachusetts,Massachusetts,,"turtle, rare"
4000007359.jpg,"Breakfast at Hotel Lincoln - Hotel Lincoln, Broadway and 52nd Street, New York",,1900,New?York$NY,New?York,,"birdie, rare"
4000007337.jpg,"Breakfast Menu at Hotel America - Hotel America, Irving Place and 15th Street, New York, NY",,1900,New?York$NY,New?York,,
4000007371.jpg,"Breakfast and Supper Menu at Edward F. Lang's Ladies And Gents Lunch Room And Restaurant - Edward F. Lang's Ladies And Gents Lunch Room And Restaurant, 139 Eighth Street, New York",,1900,New?York$NY,New?York,,
4000007340.jpg,"Hotel America Dinner Menu - Hotel America, Irving Place and 15th Street, New York, NY",,1900,New?York$NY,New?York,,
4000007365.jpg,"Dinner Menu at J.C. Hartmann Restaurants And Cafe - 15 Broad Street, 1 Broadway, New York",,1900,New?York$NY,New?York,,"birdie, turtle, rare"
4000007413.jpg,BREAKFAST AND SUPPER at EDWARD F. LANG'S LADIES' AND GENT'S LUNCH ROOM AND RESTAURANT,,1900,NY,New?York,,
4000007396.jpg,Dinner Menu - Mouquin Restaurant And Wine Co,,1900,New?York$NY,New?York,,"birdie, rare"
4000007393.jpg,Daily Lunch Menu at Cafeteria,,1900,New?York$NY,New?York,,
4000007382.jpg,Sixth Charter Anniversary Meal at Junket Club,,1900,Chicago$IL,Illinois,,
4000007392.jpg,Old Guard Supper Menu,,1900,New?York$NY,New?York,,"birdie, rare"
4000007416.jpg,Twentieth Annual Dinner at Waldorf-Astoria Hotel,,1900,New?York$NY,New?York,,
4000007442.jpg,Banquet Menu at St. Denis Hotel,,1900,New?York$NY,New?York,,
4000007505.jpg,Dinner at Hotel St. Andrew,,1900,New?York$NY,New?York,,"birdie, turtle, rare"
4000007451.jpg,Daily Menu at Fifth Avenue Hotel,,1900,New?York$NY,New?York,,"turtle, rare"
4000007496.jpg,"Bill of Fare - Sagamore Hotel Restaurant And Cafe, Boulevard, 66th and 67th Streets, New York, NY",,1900,New?York$NY,New?York,,
4000007426.jpg,Daily Menu on Paquebot La Champagne - Cie Cie Transatlantique,,1900,,,,
4000007436.jpg,"Cafeteria Lunch Menu - 57 Broad Street, New York, NY",,1900,New?York$NY,New?York,,
4000007524.jpg,Dinner at Fifth Avenue Hotel,,1900,New?York$NY,New?York,,
4000007517.jpg,Daily Menu at Putnam House,,1900,New?York$NY,New?York,,
4000007574.jpg,"Reception & Dinner to Mr. William J. Bryan at Faneuil Hall - Faneuil Hall, Boston, MA",,1900,Boston$MA,Massachusetts,,"turtle, rare"
4000007566.jpg,Daily Menu at Transportation Club,,1900,New?York$NY,New?York,,"turtle, rare"
4000007585.jpg,"8th Annual Dinner on Occasion of the Two Hundred and Eighty-Sixth Anniversary of the Founding of New Amsterdam - DELMONICO'S, NEW YORK, NY",,1900,New?York$NY,New?York,,
4000007579.jpg,Breakfast Menu at Fifth Avenue Hotel,,1900,New?York$NY,New?York,,"birdie, rare"
4000007593.jpg,Daily Menu at Downtown Club,,1900,New?York$NY,New?York,,"birdie, turtle, rare"
4000007637.jpg,"Dinner Menu at Smith & Mcnell's - Smith & Mcnell's, 199 Washington Street, New York, NY",,1900,New?York$NY,New?York,,"turtle, rare"
4000007589.jpg,"Cafeteria Lunch Menu - 57 Broad St., New York, NY",,1900,New?York$NY,New?York,,
4000007598.jpg,Annual Dinner Menu for Medical Society of the State of New York,,1900,Albany$NY,New?York,,"birdie, rare"
4000007631.jpg,Daily Hotel Menu - Smith & Mc Nell,,1900,New?York$NY,New?York,,
4000007692.jpg,"Daily Menu at Hotel Metropole And Golden Rod Rathskeller - Hotel Metropole And Golden Rod Rathskeller, 42nd St. and Broadway, New York",,1900,New?York?City$NY,New?York,,"birdie, turtle, rare"
4000007701.jpg,Daily Bill of Fare - Cafeteria Lunch - 57 Broad St. NY,,1900,New?York$NY,New?York,,
4000007709.jpg,"Alpha Phi Luncheon at Hotel St. Denis - Hotel St. Denis, Alpha Phi",,1900,New?York$NY,New?York,,
4000007695.jpg,"Dinner at Cafe Brauer - 229 STATE STREET, CHICAGO, IL",,1900,Chicago$IL,Illinois,,
4000007716.jpg,"Complimentary Banquet at Sterling Republican Club - WASHINGTON HALL, 2157 AMST. AVE. NY",,1900,New?York$NY,New?York,,
4000007733.jpg,"Regular Menu at Golf Diningroom - 1484 Broadway, NY",,1900,New?York$NY,New?York,,
4000007722.jpg,Dinner Menu at Lafayette Place Restaurant & Cafe - 16 Lafayette Place,,1900,,,,
4000007730.jpg,"Regular Menu at The Golf Dining-Room - 1484 Broadway, NY",,1900,New?York$NY,New?York,,
4000007725.jpg,Cabaret Du Chat Noir Lunch & Dinner Menu - 32 WEST 28 ST. NY,,1900,New?York$NY,New?York,,"birdie, turtle, rare"
4000007742.jpg,"First Annual Dinner at Waldorf Astoria - Waldorf Astoria, New York, NY",,1900,New?York?City$NY,New?York,,"turtle, rare"
4000007763.jpg,"Cafeteria Lunch Daily Menu - 57 Broad Street, New York, NY",,1900,New?York$NY,New?York,,
4000007767.jpg,"Daily Menu at Carlton Hotel Company - 738 Sixth Avenue, New York, NY",,1900,New?York$NY,New?York,,
4000007736.jpg,"Regular Menu at Home-Made Hotel - 284 Greenwich St., New York",,1900,New?York$NY,New?York,,"turtle, rare"
4000007807.jpg,"Bill of Fare at Priscilla Dining Room - Priscilla Dining Room, Doscher & Minderman, 16 West Fourth Street, Corner Mercer Street",,1900,New?York$NY,New?York,,
4000007770.jpg,Daily Menu at Grand Central Lunch Rooms - Peter Tivnan Lunch Co.,,1900,New?York$NY,New?York,,"birdie, turtle, rare"
4000007831.jpg,"Bill of Fare at Fogg's Hotel And Dining Room - Fogg's Hotel And Dining Room, 96 & 98 Barclay St., New York, NY",,1900,New?York$NY,New?York,,"turtle, rare"
4000007815.jpg,Bill of Fare - Eastern Hotel Restaurant And Cafe,,1900,New?York$NY,New?York,,"turtle, rare"
4000007811.jpg,"Daily Menu at Glen Island Hotel - Glen Island Hotel, 88 Cortlandt Street, New York, NY",,1900,New?York$NY,New?York,,"turtle, rare"
4000007818.jpg,Breakfast and Supper Bill of Fare - South Ferry Hotel,,1900,New?York$NY,New?York,,
4000007825.jpg,Bill of Fare - John Doscher Restaurant,,1900,New?York$NY,New?York,,
4000007828.jpg,"Bill of Fare - John Doscher's Restaurant, 25 Barclay St., New York, NY",,1900,New?York$NY,New?York,,
4000007903.jpg,"11th Annual Banquet at Penna. Scotch Irish Society - STRATFORD HOTEL, Philadelphia, PA",,1900,Philadelphia$PA,Pennsylvania,,
4000007834.jpg,"Breakfast & Supper Menu at Fogg's Ladies' And Gentlemen's Dining Room - 98 Barclay St., New York, NY",,1900,New?York$NY,New?York,,
4000007845.jpg,"Daily Menu at Knickerbocker Hotel Restaurant - Knickerbocker Hotel Restaurant, 384 and 385 West Street, New York, NY",,1900,New?York$NY,New?York,,"turtle, rare"
4000007889.jpg,"Breakfast Menu at Trainor's Hotel Restaurant - Trainor's Hotel Restaurant, 1289 B'WAY, NY",,1900,New?York$NY,New?York,,
4000007856.jpg,"Daily Menu at Park Restaurant - 16 & 18 Park Place, New York",,1900,New?York$NY,New?York,,"turtle, rare"
4000007912.jpg,"28th Anniversary Dinner at DELMONICO'S - DELMONICO'S, Silk Association Of Amweica",,1900,New?York?City$NY,New?York,,
4000007950.jpg,Daily Lunch Menu - Columbia University Restaurant,,1900,New?York$NY,New?York,,
4000007969.jpg,"DAILY BILL OF FARE at Hotel Minot - Hotel Minot, cOR. 126TH ST. & 8TH AVENUE, New York, NY",,1900,New?York$NY,New?York,,"birdie, turtle, rare"
4000007973.jpg,"Table d'Hote at Au Chat Noir Hotel and Restaurant - 32 West 28th Street and 551 West Broadway, half block from Bleecker L Station, New York, NY",,1900,New?York$NY,New?York,,
4000007928.jpg,"Daily Menu at Adolph Waldheim's - Adolph Waldheim's, 408 East 34 Street, New York, NY",,1900,New?York$NY,New?York,,
4000007962.jpg,"Daily Bill of Fare at Cafeteria Lunch - 57 Broad Street, New York, NY",,1900,New?York$NY,New?York,,
4000008006.jpg,Dinner Menu at Empire Hotel,,1900,New?York$NY,,,"turtle, rare"
4000008005.jpg,Dinner Menu at Broadway Central Hotel,,1900,New?York$NY,New?York,,"birdie, rare"
4000008020.jpg,"Cafeteria Lunch - Bill of Fare - 57 BROAD ST., NEW YORK, NY",,1900,New?York$NY,,,
4000008009.jpg,Colonial Hotel Menu,,1900,New?York$NY,,,"birdie, turtle, rare"
4000008012.jpg,Cafe & Restaurant Menu - Minot Hotel,,1900,New?York$NY,,,"birdie, turtle, rare"
4000008038.jpg,"Dinner Menu at Shanley's Restaurant - Shanley's Restaurant, 383 6TH AVE.,1476 BWAY.,1212 BWAY., NY",,1900,New?York$NY,New?York,,"birdie, rare"
4000008035.jpg,"Breakfast Menu at Shanley Bros. Oyster Houses & Grill Room - 383 6th Ave., 1212 Bway., & 1476 Bway., NY",,1900,New?York$NY,,,
4000008048.jpg,Young's Herald Square Lunch Room - Lunch & Dinner Menu - 600 Sixth Ave. NY,,1900,New?York$NY,,,
4000008045.jpg,"San Remo Hotel Dinner Menu - San Remo Hotel, 75th St & Central Park West, NY",,1900,New?York$NY,,,"birdie, turtle, rare"
4000008051.jpg,"A La Carte Menu at Monterey Hotel - Monterey Hotel, 38th St. & 6th Ave., New York",,1900,New?York$NY,,,
4000008073.jpg,Cafeteria Lunch - St. Valentine's Day Dinner - 57 Broad St. NY,,1900,New?York$NY,New?York,,
4000008160.jpg,"Bartholdi Hotel Lunch & Dinner Menu - Bartholdi Hotel, 23rd St & Broadway, New York, NY",,1900,New?York$NY,,,"birdie, turtle, rare"
4000008093.jpg,"Fourth Annual Dinner at Hotel St George - Hotel St George, Nyack-on-Hudson, NY",,1900,Nyack$NY,,,
4000008213.jpg,"Haskin's Restaurant Dinner, Breakfast and A La Carte Menu - 117 West 34th Street, New York, NY",,1900,New?York$NY,New?York,,
4000008191.jpg,"Daily Menu at West End Hotel Restaurant - West 125th Street, New York, NY",,1900,New?York$NY,New?York,,
4000008225.jpg,Nobles Of Moslem Temple Menu,,1900,,,,
4000008199.jpg,American Revolutionary Cuisine - Sons Of The American Revolution In The State Of Delaware,,1900,Dover$Delaware,Delaware,,
4000008246.jpg,ALBEMARLE HOTEL MENU,,1900,New?York$NY,New?York,,"birdie, turtle, rare"
4000008319.jpg,"Washington's Birthday Dinner at Hiram Ledge No. 6.6 Free And Accepted Masons - Logan House, Altoona, PA",,1900,Altoona$PA,Pennsylvania,,
4000008266.jpg,"WASHINGTON'S BIRTHDAY at DELMONICO'S - DELMONICO'S, NEW YORK, NY",,1900,New?York$NY,New?York,,
4000008301.jpg,Club Dining Menu - Commercial Club Of St. Louis,,1900,St.?Louis$MO,Missouri,,
4000008309.jpg,Washington's Birthday Dinner at Hotel Ormond,,1900,Ormond$FL,,,"turtle, rare"
4000008334.jpg,"Hazel's Pure Food Luncheon at Siegel Cooper Co. - 6th Avenue and 18th Street, New York City, NY",,1900,New?York?City$NY,New?York,,
4000008413.jpg,"Bookbinders' Anniversary Banquet at Savoy Hotel - SAVOY HOTEL, NEW YORK, NY",,1900,New?York$NY,New?York,,
4000008328.jpg,"Washington's Birthday Dinner at Waldorf Astoria - Waldorf Astoria, The, New York, NY",,1900,New?York$NY,New?York,,
4000008401.jpg,"Dinner at New York Medical Club - MANHATTAN HOTEL, NEW YORK, NY",,1900,New?York$NY,,,"birdie, rare"
4000008354.jpg,"District No.3 Catholic Benevolent Legion Annual Dinner at Hotel Marlborough - Hotel Marlborough, New York City, NY",,1900,New?York?City$NY,New?York,,"birdie, turtle, rare"
4000008499.jpg,"Sixth Annual Banquet & Ball Menu - Campidoglio Hotel, New York, NY",,1900,New?York$NY,New?York,,
4000008495.jpg,"DINNER MENU - NEW YORK CENTRAL & HUDSON RIVER R.R. - DINING CAR SERVICE, TRAIN 19",,1900,New?York$NY,New?York,,
4000008458.jpg,Banquet in Honor of Judge Peter S. Grosscup & Judge Christian C. Kohlsaat - THE AUDITORIUM,,1900,Chicago$IL,Illinois,,
4000008600.jpg,Club Menu - West Side Republican Club Of New York City,,1900,New?York?City$NY,New?York,,
4000008564.jpg,"Anniversary of the Boston Massacre Menu - Minneapolis Club; Minneapolis, MN",,1900,Minneapolis$MN,Minnesota,,"turtle, rare"
4000008662.jpg,Dinner Menu on S.S. 'COPTIC' - Occidental & Oriental Steamship Co.,,1900,,,,
4000008710.jpg,"Daily Menu - Basford & Glenn's Imperial Hotel & Restaurant, 3 Exchange Place, Jersey City, N.J.",,1900,Jersey?City$N.J.,New?Jersey,,
4000008666.jpg,Dinner Menu at Manhattan Club,,1900,Manhattan$New?York,,,"birdie, rare"
4000008693.jpg,Daily Menu at Hotel Washington,,1900,Jersey?City$NY,,,"turtle, rare"
4000008679.jpg,"Daily Menu at Hotel Montgomery - Hotel Montgomery, 90 Montgomery Street, Jersey City, NJ",,1900,Jersey?City$NJ,New?Jersey,,"turtle, rare"
4000008722.jpg,"Breakfast, Lunch & Dinner Menu - Manhattan Club",,1900,Manhattan$NY,New?York,,
4000008725.jpg,Bill of Fare - Breakfast & Supper - 394 Canal St. NY,,1900,New?York?City$NY,New?York,,
4000008775.jpg,Hotel Ormond Dinner Menu,,1900,Ormond$FL,,,
4000008938.jpg,Fraternity Meal Menu - Upsilon Chapter D.K.E. Fraternity,,1900,,,,"birdie, rare"
4000008926.jpg,Hanover Club Menu,,1900,,,,"birdie, rare"
4000008913.jpg,Daily Menu - Gould's Hotel Cafe,,1900,Boston$MA,Massachusetts,,"birdie, turtle, rare"
4000008956.jpg,Tony A. Franker Menu,,1900,,,,"turtle, rare"
4000008962.jpg,A La Carte Menu - Netherland Hotel,,1900,NY,New?York,,"birdie, turtle, rare"
4000009006.jpg,"Dinner Menu at Broadway Central Hotel - Broadway Central Hotel, Nos. 667 to 677 Broadway, opposite Bond Street, midway between Battery and Central Park",,1900,New?York$NY,,,
4000008985.jpg,"Baptist Social Union Dinner at Hotel Manhattan - Baptist Social Union, Hotel Manhattan",,1900,Manhattan$NY,,,
4000008950.jpg,"DAILY MENU - 11:30 TO 3:00 at GERMAN RESTAURANT & BUFFET - 137 E. MADISON ST. CHICAGO, ILL.",,1900,Chicago$IL,Illinois,,"turtle, rare"
4000008941.jpg,"DAILY MENU - 11:30 TO 3:00 at GERMAN RESTAURANT & BUFFET - 137 E. MADISON ST., CHICAGO, IL",,1900,Chicago$IL,,,"turtle, rare"
4000009064.jpg,Dinner Menu at Battery Park Hotel,,1900,New?York?City$NY,New?York,,
4000009081.jpg,Club Dining Menu - Manhattan Single Tax Club,,1900,Manhattan$New?York,New?York,,"birdie, rare"
4000009046.jpg,Annual Banquet Menu for Churchill Hotel Fire Sufferers,,1900,Bay?City$MI,Michigan,,
4000009055.jpg,Complimentary Supper for Class of 1900 - St. Louis College Of Pharmacy,,1900,St.?Louis$MO,Missouri,,
4000009015.jpg,Dinner Menu at Manhattan Club,,1900,Manhattan$New?York,New?York,,"birdie, turtle, rare"
4000009049.jpg,"18th Annual Dinner at Manhattan Hotel - MANHATTAN HOTEL, NEW YORK, NY",,1900,New?York$NY,New?York,,"turtle, rare"
4000009160.jpg,Easter Dinner at Windsor Hotel,,1900,Jacksonville$FL,Florida,,"turtle, rare"
4000009143.jpg,Howard House Menu,,1900,,,,"turtle, rare"
4000009117.jpg,Hotel Chamberlin Dining Menu,,1900,Hampton$Virginia,Virginia,,"birdie, turtle, rare"
4000009135.jpg,"City Hall Cellar Lunch Menu - Chambers Street and Broadway, New York, NY",,1900,New?York$NY,New?York,,"birdie, rare"
4000009200.jpg,Dinner Menu on S.S. 'CITY OF PARA' by Pacific Mail Steamship Company,,1900,,,,
4000009193.jpg,"Annual Banquet Menu at DELMONICO'S - DELMONICO'S, New York, NY",,1900,New?York$NY,New?York,,
4000009205.jpg,Dinner Menu on S.S. 'DORIC' - Occidental & Oriental Steamship Company,,1900,,,,
4000009229.jpg,"Banquet of the Fifty Ninth Annual Convention at Chi Psi Fraternity - Holland House, New York City",,1900,New?York?City$NY,New?York,,
4000009235.jpg,Dinner Menu aboard S.S. Doric - Occidental And Oriental Steamship Co.,,1900,,,,
4000009264.jpg,"26th Anniversary Banquet at German Relief Hall - German Relief Hall, Mobile, AL",,1900,Mobile$AL,,,
4000009272.jpg,"TWENTY-NINTH ANNUAL DINNER at ST. DENNIS HOTEL - ST. DENNIS HOTEL, Veterans American Guard",,1900,ST.?DENNIS?HOTEL$Veterans?American?Guard,,,"birdie, rare"
4000009233.jpg,Fifth Annual Reunion Menu at St. Denis Hotel,,1900,New?York$NY,,,"birdie, rare"
4000009276.jpg,Alumni Association Menu - St. Mark's School Alumni Association,,1900,,,,"turtle, rare"
4000009254.jpg,Anniversary Dinner at Hoel Flanders - Wilson College Alumnae Association,,1900,,,,
4000009293.jpg,Breakfast at Hotel Netherland,,1900,New?York$NY,New?York,,
4000009344.jpg,St. George's Society Menu - St.George's Society Of New York,,1900,New?York$NY,New?York,,
4000009338.jpg,University Alumni Dining Menu - Eastern Alumni Of The University Of Chicago,,1900,,,,
4000009353.jpg,Breakfast at Everett House,,1900,New?York$NY,New?York,,"birdie, rare"
4000009356.jpg,"Bill of Fare at Everett House - Everett House, Union Square, New York, NY",,1900,New?York$NY,New?York,,"birdie, turtle, rare"
4000009387.jpg,Banquet to the National Association of Manufacturers - Citizens Mechanics Building,,1900,Boston$MA,Massachusetts,,"birdie, turtle, rare"
4000009400.jpg,Central Restaurant Co. Menu,,1900,New?York$NY,New?York,,"turtle, rare"
4000009416.jpg,Alumni Gathering Menu - New York Association Of Oberlin Alumni,,1900,New?York$NY,New?York,,"birdie, rare"
4000009391.jpg,Custom House Restaurant Menu,,1900,,,,
4000009413.jpg,"11th Annual Banquet at Harlem Republican Club - Harlem Republican Club, Manhattan Hotel, NY",,1900,Manhattan$NY,New?York,,
4000009394.jpg,Central Restaurant Menu,,1900,New?York$NY,,,"birdie, rare"
4000009406.jpg,"Spring Dinner at Magnetic Club - St. Denis Hotel, Magnetic Club",,1900,St.?Denis$Magnetic?Club,,,
4000009510.jpg,"LUNCHEON at HOTEL SAVOY - HOTEL SAVOY, NES YORK",,1900,New?York$NY,New?York,,"birdie, rare"
4000009423.jpg,Banquet Menu at Degree Team Camden Lodge #1 A.O.U.W.,,1900,,,,
4000009578.jpg,Breakfast Menu at Battle Creek Sanitarium,,1900,Battle?Creek$MI,,,
4000009518.jpg,Dinner Menu on SS City of Rio de Janeiro - Pacific Mail Steamship Company,,1900,,,,
4000009505.jpg,Dinner at Battle Creek Sanitarium,,1900,Battle?Creek$MI,Michigan,,
4000009527.jpg,"FRESHMAN CLASS DINNER at HOTEL VENDOME - HOTEL VENDOME, Boston, MA",,1900,Boston$MA,Massachusetts,,
4000009419.jpg,"25th Annual Meeting & Banquet Menu - Alumni Association, University Of Buffalo",,1900,,,,
4000009622.jpg,"DAILY MENU at GERMAN RESTAURANT AND BUFFET - 137 E. MADISON ST. CHICAGO, IL",,1900,Chicago$IL,Illinois,,"birdie, turtle, rare"
4000009669.jpg,"Rector's Daily Menu - Broadway and 44th St, New York, NY",,1900,New?York$NY,New?York,,"birdie, turtle, rare"
4000009689.jpg,Dinner Menu on SS CITY OF PARA - Pacific Mail Steamship Co.,,1900,,,,
4000009666.jpg,"NEW ENGLAND SHORTHAND REPORTER'S ASSOCIATION SEMI-ANNUAL DINNER - UNITED STATES HOTEL, BOSTON, MA",,1900,Boston$MA,Massachusetts,,"turtle, rare"
4000009634.jpg,Dinner Menu at Gordon Hotel,,1900,Washington$D.C.,,,"birdie, turtle, rare"
4000009648.jpg,Accountants' Luncheon Menu - Associated Accountants Of New Orleans,,1900,New?Orleans$LA,Louisiana,,"turtle, rare"
4000009702.jpg,Dinner Menu on SS CITY OF PARA by PACIFIC MAIL STEAMSHIP COMPANY,,1900,,,,
4000009692.jpg,"Daily Menu at John Wanamaker - John Wanamaker, Broadway & 10th Street, New York, NY",,1900,New?York$NY,New?York,,"birdie, turtle, rare"
4000009725.jpg,Supper Menu at New Falmouth Hotel,,1900,Portland$ME,,,
4000009755.jpg,Diner Menu on S.S. 'CITY OF PARA' by PACIFIC MAIL STEAMSHIP COMPANY,,1900,,,,
4000009774.jpg,Menu - Chicago Oyster House And Restaurant,,1900,Chicago$IL,,,"turtle, rare"
4000009794.jpg,Men's Mutual Benefit Association Dining Menu - Hotel Men's Mutual Benefit Association Of The United States And Canada,,1900,,,,
4000009840.jpg,Daily Menu at English Hotel Restaurant,,1900,Manila$P.I.,,,
4000009812.jpg,Trans Pacific Line Menu - Pacific Mail Steamship Co. Trans Pacific Line,,1900,,,,"turtle, rare"
4000009818.jpg,"Unitarian Festival Dinner - Tremont Temple, Boston, Massachusetts",,1900,Boston$MASS.,Massachusetts,,
4000009843.jpg,Luncheon Buffet Service on Chicago Great Western Railway,,1900,Chicago$Illinois,,,
4000009883.jpg,Regular Menu - Boston Oyster House,,1900,Boston$MA,,,
4000009885.jpg,Dinner at The D&H Dining Car Service - Champlain Hotel,,1900,,,,
4000009907.jpg,"Business Men's League Quarterly Membership Meeting Menu - Southern Hotel, St. Louis, MO",,1900,St.?Louis$MO,Missouri,,
4000009934.jpg,Alumnae Of Wilson College Banquet Menu,,1900,,,,
4000009911.jpg,"Dinner Menu aboard City of Para, Pacific Mail Steamship Company Panama Line",,1900,,,,
4000009957.jpg,Traveling Freight Agents Menu,,1900,,,,"turtle, rare"
4000009922.jpg,Commissary Menu - Burlington Route A.E.White Commissary,,1900,,,,
4000010019.jpg,Dinner Menu on SS Rio de Janeiro - Pacific Mail Steamship Co./Trans Pacific Line,,1900,,,,"birdie, turtle, rare"
4000009970.jpg,Dinner Menu on SS RIO DE JANEIRO - Pacific Mail Steamship Co./Trans Pacific Line,,1900,,,,
4000009998.jpg,Dinner at Willow Grove Park Casino,,1900,Willow?Grove?Park$PA,Pennsylvania,,"birdie, turtle, rare"
4000009984.jpg,Dartmouth Club Dining Menu - Dartmouth Club Of The City Of New York,,1900,New?York$NY,New?York,,
4000009990.jpg,Pacific Mail Steamship Co./Trans Pacific Line Menu,,1900,,,,
4000010106.jpg,"Edward F. Lang's Ladies' And Gent's Lunch Room And Restaurant - Breakfast/Supper/Lunch - 139 Eighth Street, bet. Broadway and 4th Ave., New York, NY",,1900,New?York$NY,,,
4000010089.jpg,Hotel Earlington Menu,,1900,,,,"birdie, rare"
4000010072.jpg,Railway Dining Menu - Burlington Route,,1900,,,,
4000010051.jpg,Dinner Menu at Narragansett Hotel Cafe,,1900,Providence$RI,Rhode?Island,,"turtle, rare"
4000010157.jpg,A La Carte Menu - Hamilton Club Of Chicago,,1900,Chicago$IL,,,"turtle, rare"
4000010121.jpg,EXAMINATION PAPER at PARKER'S - Class Of '77 Of Harvard College,,1900,,,,"birdie, turtle, rare"
4000010111.jpg,Fifth Anniversary Dinner at Griswold House,,1900,Detroit$MI,,,"turtle, rare"
4000010132.jpg,Bar Association Menu - Pennsylvania Bar Association,,1900,,,,
4000010123.jpg,Complimentary Dinner for the Class of '80 - Twentieth Anniversary Celebration - Union College,,1900,Schenectady$NY,New?York,,"birdie, rare"
4000010184.jpg,Dinner Menu at Alta Vista Hotel,,1900,Colorado?Springs$CO,,,"turtle, rare"
4000010173.jpg,Fourth of July Menu at New Rockingham,,1900,Narragansett?Pier$RI,,,"birdie, turtle, rare"
4000010179.jpg,Fourth of July Dinner at Hotel Colorado,,1900,Glenwood?Springs$CO,,,
4000010216.jpg,"Eighth Annual Dinner at Hale's Tavern - HALE'S TAVERN, Wells River, VT",,1900,Wells?River$VT,,,
4000010191.jpg,July Fourth Dinner at Catskill Mountain House,,1900,Catskill?Mountain?House$NY,,,
4000010254.jpg,Dinner Menu at Hotel Colorado,,1900,Glenwood?Springs$CO,,,
4000010277.jpg,Warehousemen's Association Menu - New York Furniture Warehousemen's Association,,1900,New?York$NY,New?York,,"birdie, rare"
4000010281.jpg,Dinner A La Carte at Planters Hotel,,1900,St.?Louis$MO,,,"turtle, rare"
4000010264.jpg,Classic American Cuisine Menu - Crosby's Restaurant,,1900,Crosby$Texas,Texas,,
4000010288.jpg,DINNER MENU at Planters Hotel,,1900,ST.?LOUIS$MO,Missouri,,
4000010233.jpg,Hotel Touraine Dining Menu,,1900,Philadelphia$PA,Pennsylvania,,
4000010290.jpg,Breakfast Menu on SS North Land - Northern Steamship Company/Great Northern Ry Line,,1900,,,,
4000010300.jpg,A LA CARTE menu on board SS NORTH LAND - Northern Steamship Company/Great Northern Ry Line,,1900,,,,"turtle, rare"
4000010298.jpg,Railway Dining Menu - Central Passenger Association,,1900,,,,
4000010313.jpg,"Semi-Centennial Celebration Luncheon at Hotel Champlain - Hotel Champlain, Clinton County, NY",,1900,Clinton$NY,New?York,,
4000010309.jpg,Table de Hote Dinner/Fish Dinner at Hotel Velvet,,1900,Old?Orchard?Beach$ME,Maine,,
4000010317.jpg,Carte du Jour at Planters Hotel,,1900,St.?Louis$MO,Missouri,,"birdie, turtle, rare"
4000010327.jpg,Breakfast Menu on SS North West - Northern Steamship Company/Great Northern Ry Line,,1900,,,,
4000010322.jpg,"24th Annual Banquet at Illinois State Bar Association - Chicago Beach Hotel, Chicago, Illinois",,1900,Chicago$IL,Illinois,,"turtle, rare"
4000010340.jpg,Tower Restaurant And Cafe Menu,,1900,,,,
4000010368.jpg,Dinner at Del Prado Hotel,,1900,Chicago$IL,Illinois,,
4000010373.jpg,Breakfast at United States Hotel,,1900,Saratoga?Springs$NY,New?York,,
4000010376.jpg,Dinner Menu at Catskill Mountain House,,1900,Catskill$New?York,New?York,,
4000010379.jpg,Dinner Menu at Colorado Hotel,,1900,Colorado?Hotel,Colorado,,"birdie, turtle, rare"
4000010625.jpg,Dinner Menu on Toyo Kisen Kaisha's Hong Kong Maru - EN ROUTE ABOARD HONG KONG MARU,,1900,,,,
4000010489.jpg,"Seventh Annual Convention Banquet at Hotel Pfister - Hotel Pfister, Milwaukee, WI",,1900,Milwaukee$WI,,,
4000010574.jpg,"ANNUAL OUTING MENU at HOTEL VICTORY - HOTEL VICTORY, PUT-IN-BAY-ISLAND, LAKE ERIE, OH.",,1900,Put-in-Bay-Island$OH,Ohio,,
4000010506.jpg,"Semi-Annual Meeting and Dinner Menu - Hotel Victory, Put-in-Bay Island, Lake Erie, OH",,1900,Put-in-Bay$OH,,,
4000010692.jpg,Daily Bill of Fare at Brown Palace Hotel,,1900,Denver$CO,,,"turtle, rare"
4000010628.jpg,Daily Menu at Terminal Station Lunch Room,,1900,Boston$MA,Massachusetts,,
4000010699.jpg,Hotel Dining Menu - Elmer Woodbury Hotel & Restaurant Company,,1900,Elmer$New?Jersey,New?Jersey,,
4000010741.jpg,Dinner Menu at Profile House/Hotel Vendome,,1900,Boston$MA,Massachusetts,,
4000010784.jpg,"Complimentary Dinner for Warrant Officers of U.S. North Atlantic Squadron - THE LOUISBURG, Bar Harbor, ME",,1900,Bar?Harbor$ME,Maine,,
4000011046.jpg,American Typothetae Cuisine - United Typothetae Of America,,1900,,,,"turtle, rare"
4000011063.jpg,Veterans' Post Menu - Lafayette Post No. 140 G.A.R.,,1900,Lafayette$in?City$STATE?abbreivation?format$or?state?spelled?out.?If?not?a?city$state$leave?blank,Indiana,,
4000010906.jpg,Dinner Menu at Maplewood Hotel,,1900,White?Mountains$NH,New?Hampshire,,"turtle, rare"
4000011030.jpg,National Coopers Association Banquet - Chicago Beach Hotel,,1900,Chicago$IL,Illinois,,
4000010811.jpg,Bakery Menu - Golden Grain Bread Co. Ltd.,,1900,,,,
4000011089.jpg,Daily Menu at Century Club,,1900,Cleveland$OHIO,,,"turtle, rare"
4000011094.jpg,Dinner Menu for Lehigh Valley Railroad Dining Car Service,,1900,,,,
4000011117.jpg,Dinner Menu for Black Diamond Express on Lehigh Valley Railroad,,1900,,,,
4000011128.jpg,Senate Dining Menu - Senate Of The National Union,,1900,,,,"turtle, rare"
4000011096.jpg,Century Club MENU,,1900,Cleveland$OHIO,Ohio,,"turtle, rare"
4000011131.jpg,Century Club Luncheon Menu,,1900,Cleveland$OH,Ohio,,
4000011162.jpg,Sunday Dinner at Grandon Hotel,,1900,Helena$MT,,,"turtle, rare"
4000011222.jpg,Medical Association Menu - Buncombe County Medical Association,,1900,,,,
4000011168.jpg,Dinner Menu at Chicago Beach Hotel,,1900,Chicago$IL,,,
4000011191.jpg,Friends Of H.Anthony Dyer Menu,,1900,,,,"birdie, turtle, rare"
4000011279.jpg,"Complimentary Dinner for Directors of the First Fall Festival - Exchange Hall, Cincinnati, OH",,1900,Cincinnati$OH,Ohio,,"birdie, rare"
4000011256.jpg,Griswold House Dinner Menu,,1900,Detroit$MI,Michigan,,"turtle, rare"
4000011319.jpg,Fraternity Menu - Phi Kappa Sigma Fraternity,,1900,,,,
4000011373.jpg,Second Anniversary Dinner at Colonial Hotel,,1900,Cleveland$OH,,,"birdie, turtle, rare"
4000011294.jpg,Medical Association Dining Menu - New York State Medical Association,,1900,New?York$NY,New?York,,
4000011301.jpg,Medical Academy Menu - Altoona Academy Of Medicine & Surgery,,1900,Altoona$PA,Pennsylvania,,
4000011453.jpg,"Banquet Menu at St. Louis Horse Show Association - Saint Louis Club, St. Louis Horse Show Association",,1900,St.?Louis$Missouri,Missouri,,
4000011458.jpg,Ellicott Club Menu,,1900,,,,"birdie, rare"
4000011462.jpg,Zouave Cadets Menu - Albany Zouave Cadets,,1900,,,,
4000011476.jpg,Complimentary Luncheon at National Horse Show Association Of America - Madison Square Garden,,1900,New?York$NY,New?York,,"birdie, rare"
4000011468.jpg,Churchmen's Club Menu,,1900,,,,"birdie, rare"
4000011501.jpg,27th Annual Dinner at Cuvier Club,,1900,Cincinnati$OHIO,Ohio,,"birdie, rare"
4000011544.jpg,"Sunday Dinner at New Hotel Berkeley,The",,1900,Asheville$NC,,,"birdie, rare"
4000011533.jpg,First Annual Banquet at Kentucky Club of Chicago - Grand Pacific Hotel,,1900,Chicago$IL,Illinois,,
4000011634.jpg,Railway Dining Menu - Baltimore & Ohio R.R.,,1900,Baltimore$Maryland,Maryland,,"turtle, rare"
4000011626.jpg,Norfolk House Menu,,1900,,,,"turtle, rare"
4000011593.jpg,Thanksgiving Dinner at Planters Hotel,,1900,Planters?Hotel$City$STATE,,,"turtle, rare"
4000011618.jpg,Hotel Dining Menu - St. Charles Hotel,,1900,St.?Charles$Missouri,Missouri,,"turtle, rare"
4000011672.jpg,Poultry and Pet Stock Menu - Keystone Poultry Pigeon And Pet Stock Association Of Philadelphia,,1900,Philadelphia$PA,Pennsylvania,,
4000011665.jpg,Alumni Reunion Dinner Menu - Alumni Of The Worcester Polytechnic Institute,,1900,New?York$NY,New?York,,"birdie, rare"
4000011742.jpg,"Dinner at Delmonico's - DELMONICO'S, NEW YORK, NY",,1900,New?York$NY,New?York,,
4000011746.jpg,BANQUET COMMEMORATING 'THE BOSTON TEA PARTY' - Michigan Society Sons Of The American Revolution,,1900,RUSSELL?HOUSE$MI,Michigan,,
4000011801.jpg,Assembly District Menu - Democratic Organization Of The Fifth Assembly District Of The City Of New York,,1900,New?York$NY,New?York,,
4000011780.jpg,Dinner at St. Charles Hotel,,1900,Milwaukee$WI,Wisconsin,,"turtle, rare"
4000011805.jpg,Possum Club Banquet at Griswold House,,1900,Detroit$MI,Michigan,,
4000011791.jpg,"Second Annual Dinner at Shanley's Roman Court - SHANLEY'S ROMAN COURT, NEW YORK, NY",,1900,New?York$NY,New?York,,"turtle, rare"
4000011753.jpg,Dinner in Honor of Wu Ting-Fan at Lotos Club,,1900,New?York$NY,New?York,,
4000011828.jpg,"Twentieth Anniversary Dinner at Hotel Manhattan - Hotel Manhattan, NY",,1900,Manhattan$NY,New?York,,
4000011833.jpg,"Daily Menu at Cafe Sachs - 86 Canal Street, NY",,1900,New?York$NY,New?York,,"turtle, rare"
4000011845.jpg,Christmas Dinner at Russell House,,1900,Detroit$MICH.,Michigan,,rare
4000011836.jpg,Hotel Schenley Dinner Menu,,1900,Pittsburgh$PA,Pennsylvania,,"birdie, turtle, rare"
4000011809.jpg,New England Society Dinner at the Academy of Music - ART ROOMS OF THE ACADEMY OF MUSIC,,1900,Brooklyn$NY,New?York,,"turtle, rare"
4000011851.jpg,Christmas Dinner at San Juan Hotel,,1900,Orlando$FL,Florida,,
4000011872.jpg,Christmas Dinner at Depew Inn,,1900,Depew$NY,New?York,,"birdie, rare"
4000011854.jpg,Christmas Dinner at Tulane Hotel,,1900,Nashville$TENN.,Tennessee,,"turtle, rare"
4000011876.jpg,"DINNER MENU at PASSENGER STATION - PASSENGER STATION, CHICAGO, IL",,1900,Chicago$IL,Illinois,,"turtle, rare"
4000011885.jpg,Christmas Dinner at Central Hotel,,1900,Charlotte$NC,North?Carolina,,"birdie, turtle, rare"
4000011900.jpg,Christmas Dinner at Ye Hotel Colonial,,1900,Cleveland$OH,Ohio,,"turtle, rare"
4000011903.jpg,Christmas Dinner aboard Coptic - O. And O.S.S. Coptic,,1900,,,,"birdie, turtle, rare"
4000011909.jpg,Christmas Dinner at Hotel Schenley,,1900,Pittsburgh$PA,Pennsylvania,,"turtle, rare"
4000011890.jpg,Christmas Dinner at Griswald House,,1900,Detroit$MI,Michigan,,
4000011932.jpg,Holly Inn Menu,,1900,,,,"turtle, rare"
4000011945.jpg,Commercial Travelers Menu - Brotherhood Of Commercial Travelers,,1900,,,,
4000011963.jpg,Dinner at Victoria The,,1900,Chicago$IL,,,"birdie, turtle, rare"
4000011915.jpg,"Christmas Dinner at Hotel Pabst - Hotel Pabst, Broadway and 42nd Street, NY",,1900,New?York$NY,New?York,,"birdie, turtle, rare"
4000011969.jpg,New Year's Eve Menu - Colonnade Restaurant,,1900,New?York$NY,,,"turtle, rare"
4000011991.jpg,New Year's Day Dinner at Chicago Beach Hotel,,1901,Chicago$IL,Illinois,,"birdie, rare"
4000012022.jpg,Hotel Dining Menu - St. Charles Hotel,,1901,St.?Charles$IL,Illinois,,
4000012028.jpg,SEVENTH ANNUAL REUNION DINNER at DELMONICO'S,,1901,New?York$NY,New?York,,
4000012003.jpg,Dinner Menu at St. Charles Hotel,,1901,Milwaukee$WI,Wisconsin,,rare
4000011998.jpg,Sunday Dinner at New State House,,1901,Waco$TX,Texas,,"turtle, rare"
4000012074.jpg,"NEW YORK FARMERS DINNER at METROPOLITAN CLUB - METROPOLITAN CLUB, New York, NY",,1901,New?York$NY,New?York,,"turtle, rare"
4000012035.jpg,"Banquet for Visiting Citizens of Knoxville at Duncan Hotel - Duncan Hotel, Nashville, TN",,1901,Nashville$TN,Tennessee,,
4000012059.jpg,"Annual Dinner Menu for Cornell Alumni In New York & Vicinity - Waldorf-Astoria Hotel, New York, NY",,1901,New?York$NY,New?York,,
4000012101.jpg,"Thirteenth Annual Dinner at Tontine Hotel - Tontine Hotel, New Haven, CT",,1901,New?Haven$CT,Connecticut,,"birdie, turtle, rare"
4000012125.jpg,"Sixteenth Annual Dinner at Waldorf-Astoria Hotel - Waldorf-Astoria Hotel, New York, NY",,1901,New?York$NY,New?York,,
4000012107.jpg,Breakfast at Hotel Colonial,,1901,Cleveland$OH,Ohio,,
4000012080.jpg,"Dinner at Prudential Life Insurance Co. Event at Waldorf-Astoria Hotel - Waldorf-Astoria Hotel, New York, NY",,1901,New?York$NY,New?York,,
4000012191.jpg,"Dinner to Visiting State Editors at Maxwell House - Maxwell House, Nashville, TN",,1901,Nashville$TN,Tennessee,,
4000012198.jpg,"Blatt County Medical Society Annual Dinner at Logan House - Logan House, Altoona, PA",,1901,Altoona$PA,Pennsylvania,,"turtle, rare"
4000012211.jpg,"Annual Dinner of the Altoona Staff at Logan House - LOGAN HOUSE, ALTOONA, PA",,1901,Altoona$PA,Pennsylvania,,"birdie, turtle, rare"
4000012163.jpg,Dinner Menu at Pine Forest Inn,,1901,Summerville$S.C.,South?Carolina,,
4000012217.jpg,Chi Psi Alumni Association Annual Banquet - TEN EYCK HOTEL,,1901,Albany$NY,New?York,,"birdie, rare"
4000012220.jpg,Annual Dinner Menu at West Side Republican Club - Waldorf-Astoria,,1901,New?York$NY,New?York,,
4000012315.jpg,"BANQUET FOR JOHN MARSHALL DAY at LOGAN HOUSE - LOGAN HOUSE, ALTOONA, PA",,1901,Altoona$PA,Pennsylvania,,"turtle, rare"
4000012268.jpg,"Yale Alumni Association Annual Dinner at NYASSET CLUB - NYASSET CLUB, Springfield, MA",,1901,Springfield$MA,Massachusetts,,"turtle, rare"
4000012228.jpg,Temple Club Annual Dinner at Hotel Manhattan,,1901,New?York$NY,New?York,,"turtle, rare"
4000012321.jpg,DINNER FOR JOHN MARSHALL DAY at COLONIAL HOTEL,,1901,Cleveland$OH,Ohio,,"birdie, turtle, rare"
4000012239.jpg,Annual Dinner Menu for College of the City of New York Alumni - Hotel Savoy,,1901,New?York$NY,New?York,,
4000012435.jpg,SIXTEENTH ANNUAL DINNER at Architectural League Of New York,,1901,,,,"birdie, rare"
4000012341.jpg,"Annual Meeting Lunch at North River Steamboat Co. - Hotel St. George, Nyack, NY",,1901,Nyack$NY,New?York,,
4000012407.jpg,"FIFTH ANNUAL DINNER at ST. GEORGE HOTEL - ST. GEORGE HOTEL, NYACK, NY",,1901,Nyack$NY,New?York,,
4000012394.jpg,"Sixth Annual Dinner at Gelb's Parlors - Gelb's Parlors, Providence, RI",,1901,Providence$RI,Rhode?Island,,
4000012327.jpg,Once A Year Club Of Insurance Journalists Anniversary Banquet and Meeting Menu - NEW YORK PRESS CLUB; MORTON BUILDING; NY,,1901,New?York$NY,New?York,,
4000012358.jpg,Third Annual Dinner by Society of the Genesee - Waldorf-Astoria,,1901,New?York$NY,New?York,,"turtle, rare"
4000012413.jpg,St. Valentine's Day Dinner at Stanton House,,1901,Chattanooga$TN,Tennessee,,
4000012440.jpg,"UNIVERSITY OF VERMONT ANNUAL DINNER at HOTEL MANHATTAN - HOTEL MANHATTAN, NY",,1901,New?York$NY,New?York,,
4000012449.jpg,"Fifth Annual Banquet Menu at Allyn House - Allyn House, Hartford, CT",,1901,Hartford$CT,Connecticut,,
4000012463.jpg,EIGHTH ANNUAL DINNER at ANCIENT LODGE NO. 724 F. & A.M. - FIFTH AVENUE HOTEL,,1901,New?York$NY,New?York,,"birdie, rare"
4000012512.jpg,17th Annual Reception and Banquet at Cafe Logeling,,1901,,,,"turtle, rare"
4000012508.jpg,Breakfast Menu on New York Central & Hudson River R.R.,,1901,,,,
4000012467.jpg,"Fifth Annual Dinner at Hotel Manhattan - Hotel Manhattan, Real Estate Board Of Brokers",,1901,Manhattan$NY,New?York,,
4000012535.jpg,"15th Annual Dinner Menu - SAVOY HOTEL, NEW YORK, NY",,1901,New?York$NY,New?York,,
4000012565.jpg,297th Meeting Menu at New Algonquin Club - Commercial Club,,1901,Boston$MA,Massachusetts,,
4000012521.jpg,"9th Annual Banquet at Brown Palace - Brown Palace, Denver, CO",,1901,Denver$CO,Colorado,,
4000012552.jpg,Washington's Birthday Celebration Menu - Tampa Bay Hotel,,1901,Tampa?Bay$FL,Florida,,"birdie, turtle, rare"
4000012560.jpg,Washington's Birthday Dinner at Hollenden House,,1901,Cleveland$OH,Ohio,,
4000012579.jpg,"167th Anniversary Celebration of Gen'l. George Washington at SHERRY'S - SHERRY'S, NEW YORK, NY",,1901,New?York$NY,New?York,,"turtle, rare"
4000012616.jpg,"Dinner at St. Louis Club - ST. LOUIS CLUB, ST. LOUIS, MO",,1901,ST.?LOUIS$MO,Missouri,,"turtle, rare"
4000012572.jpg,"Annual Meeting on the 169th Anniversary of the Birth of George Washington at Alms Hotel - ALMS HOTEL, Cincinnati, OH",,1901,Cincinnati$OH,Ohio,,"birdie, rare"
4000012570.jpg,George Washington's Birthday Celebration Menu - Squantum Association,,1901,Squantum$RI,Rhode?Island,,"birdie, rare"
4000012646.jpg,"ANNUAL DINNER at DELMONICO'S - DELMONICO'S, NEW YORK, NY",,1901,New?York$NY,New?York,,
4000012674.jpg,Complimentary Dinner in Honor of Gov. F. W. Rollins at Tampa Bay Hotel - A.E. Waters,,1901,Tampa$FL,Florida,,"birdie, rare"
4000012635.jpg,"RECEPTION & DINNER at POUCH GALLERY - POUCH GALLERY, THE, BROOKLYN, NY",,1901,Brooklyn$NY,New?York,,"birdie, rare"
4000012722.jpg,Florida Golf Association Tournament Menu - Tampa Bay Hotel,,1901,Tampa$FL,Florida,,"birdie, rare"
4000012863.jpg,"Banquet in Honor of the Chicago Commercial Club and Guests - MARK HOPKINS INSTITUTE OF ART, San Francisco, CA",,1901,San?Francisco$CA,California,,"birdie, turtle, rare"
4000012736.jpg,"SIXTEENTH ANNUAL BALL MENU - LEXINGTON AVENUE OPERA HOUSE, 58TH ST., NY",,1901,New?York$NY,New?York,,
4000012771.jpg,"Complimentary Banquet at Savoy Hotel - SAVOY HOTEL, NY",,1901,New?York$NY,New?York,,"birdie, rare"
4000012799.jpg,Dinner at Tampa Bay Hotel,,1901,Tampa$FL,Florida,,"birdie, turtle, rare"
4000012749.jpg,"Banquet of Cornell and Columbia Debating Teams - Hotel Savoy, NY",,1901,New?York$NY,New?York,,
4000012809.jpg,Historic Menu at Tampa Bay Hotel,,1901,Tampa$Florida,Florida,,"birdie, rare"
4000012836.jpg,"Great Surprise, The - City Hall Center",,1901,New?York$NY,New?York,,"birdie, rare"
4000012990.jpg,"Dinner honoring Daniel V. Masterson - 1206 Spring Garden Street, Philadelphia, PA",,1901,Philadelphia$PA,Pennsylvania,,"turtle, rare"
4000013028.jpg,"Ninth Annual Banquet at Hotel Iroquois - Hotel Iroquois, Buffalo, NY",,1901,Buffalo$NY,New?York,,
4000013126.jpg,Complimentary Dinner in Honor of Mr. Charles A. Brunn's Approaching Marriage - Iroquois Hotel,,1901,New?York?City$NY,New?York,,"turtle, rare"
4000012963.jpg,"Dinner at Hotel Vendome - Hotel Vendome, Boston, MA",,1901,Boston$MA,Massachusetts,,"turtle, rare"
4000013021.jpg,"Fifth Annual Banquet at Arcanum Hall - ARCANUM HALL, ELIZABETH, NJ",,1901,Elizabeth$NJ,New?Jersey,,
4000013156.jpg,"Daily Menu at Drake's Oyster House And Cafe - Drake's Oyster House And Cafe, 61-63 East 59 Street, New York, NY",,1901,New?York$NY,New?York,,"turtle, rare"
4000013194.jpg,"25th Anniversary Banquet at Hotel Savoy - Hotel Savoy, New York, NY",,1901,New?York$NY,New?York,,
4000013143.jpg,"First Reunion, Class of '99 at Gelb's Parlors - Gelb's Parlors, Providence, RI",,1901,Providence$RI,Rhode?Island,,"turtle, rare"
4000013172.jpg,"Silsbe & Son Oyster-House And Restaurant Daily Menu - 203-205 Sixth Avenue, New York, NY",,1901,New?York$NY,New?York,,"birdie, turtle, rare"
4000013216.jpg,The Great Surprise Bill of Fare - City Hall Cellar,,1901,New?York$NY,New?York,,"birdie, rare"
4000013238.jpg,Complimentary Banquet for Grand Encampment of Visiting Patriots - Florida Encampment No. 1,,1901,Jacksonville$FL,Florida,,"turtle, rare"
4000013257.jpg,"Banquet for Visiting Members of the National Academy of Sciences - RAUSCHER'S, Washington, D.C.",,1901,Washington$D.C.,,,
4000013298.jpg,"St. George's Society of New York Dinner at Delmonico's - Delmonico's, [New York, NY?]",,1901,New?York$NY,New?York,,"turtle, rare"
4000013288.jpg,DINNER at TROCADERO - Universalist Club Of Rhode Island,,1901,TROCADERO$Universalist?Club?Of?Rhode?Island,Rhode?Island,,
4000013326.jpg,Park Restaurant Menu,,1901,New?York$NY,New?York,,"turtle, rare"
4000013267.jpg,"HUDSON RIVER SCHOOL MASTERS' CLUB DINNER at THE TEN EYCK - THE TEN EYCK, ALBANY, NY",,1901,Albany$NY,New?York,,
4000013331.jpg,Central Dining Room and Restaurant Menu,,1901,New?York$NY,New?York,,"birdie, rare"
4000013334.jpg,A.M. Sweet & Son Hotel & Restaurant Menu,,1901,New?York$NY,,,"turtle, rare"
4000013337.jpg,Astor House Luncheon Menu,,1901,New?York$NY,,,"turtle, rare"
4000013343.jpg,Lunch Menu at Cosmopolitan Hotel,,1901,New?York$NY,,,"birdie, turtle, rare"
4000013347.jpg,Daily Menu - Harlow & Kuchlin Restaurant Oyster & Chop House,,1901,New?York$NY,,,"birdie, turtle, rare"
4000013350.jpg,"Classic American Diner Menu - Arnold's Restaurant & Dairy, Arnold, Pennsylvania",,1901,Arnold$Pennsylvania,Pennsylvania,,
4000013354.jpg,Daily Menu - Rogers' Chop House And Restaurant,,1901,New?York$NY,,,"turtle, rare"
4000013386.jpg,Club Dining Menu - Middlesex Club,,1901,,,,
4000013362.jpg,Daily Menu at New York Press Club,,1901,New?York$NY,,,"turtle, rare"
4000013393.jpg,"Haan's Daily Menu - Haan's, Park Row, New York",,1901,New?York$NY,,,
4000013399.jpg,Daily Menu at Union Square Hotel,,1901,New?York?City$NY,,,"birdie, rare"
4000013403.jpg,Dinner Menu at Cafe St. Denis,,1901,New?York$NY,,,"birdie, turtle, rare"
4000013424.jpg,Smith & Mcnells Menu,,1901,,,,"turtle, rare"
4000013411.jpg,Breakfast Menu at Mouquin Restaurant And Wine Co.,,1901,,,,"birdie, rare"
4000013432.jpg,Wine & Dine Menu - Mouquin Restaurant & Wine Co.,,1901,New?York?City$NY,New?York,,"birdie, rare"
4000013457.jpg,Philolexian Society Menu,,1901,,,,
4000013526.jpg,Breakfast at Fifth Avenue Hotel,,1901,New?York$NY,,,"birdie, rare"
4000013521.jpg,Fifth Avenue Hotel Dining Menu,,1901,New?York?City$NY,New?York,,"birdie, rare"
4000013518.jpg,FIFTH AVENUE HOTEL MENU,,1901,New?York$NY,New?York,,
4000013544.jpg,Colonial Era Dining Menu - Society Of The Colonial Daughters Of The 17th Century,,1901,,,,"birdie, rare"
4000013584.jpg,Alfred J. Miller Menu,,1901,,,,
4000013591.jpg,Campus Dining Menu - Cornell University,,1901,Ithaca$NY,New?York,,
4000013674.jpg,Daily Menu at Metropolitan Club,,1901,Washington$DC,,,
4000013680.jpg,Postal Service Employee Menu - Officials And Other Employees Of The Postal Service In San Francisco And Vicinity,,1901,San?Francisco$CA,California,,"birdie, rare"
4000013749.jpg,Annual Dinner Menu at Waldorf-Astoria Hotel,,1901,New?York$NY,New?York,,"birdie, rare"
4000013762.jpg,"Colonial Dinner at Society Of Colonial Wars In The State Of New Jersey - Princeton Inn, NJ",,1901,Princeton$NJ,,,"birdie, rare"
4000013783.jpg,"Dinner Menu, Second Cabin, Oceanic Steamship Company - Ventura - Oceanic Steamship Company, Ventura",,1901,,,,
4000013770.jpg,"Rector's Daily Supper Menu - B'WAY & 44ST.,NY",,1901,New?York$NY,,,"birdie, rare"
4000013786.jpg,N.C. At Squantum Menu,,1901,Squantum$Massachusetts,,,
4000013913.jpg,Police Endowment Association Menu - New York City Police Endowment Association,,1901,New?York?City$NY,New?York,,"birdie, turtle, rare"
4000013872.jpg,Dinner Menu - Second Cabin - Oceanic Steamship Co.,,1901,,,,
4000013879.jpg,Society Luncheon Menu - Missouri Society Of New York,,1901,New?York$NY,New?York,,
4000013789.jpg,Bill of Fare - Geyer's Dairy Restaurant,,1901,New?York$NY,,,
4000013848.jpg,Masonic Lodge Menu - Roger Williams Lodge No. 23 A.F. & A.M.,,1901,,,,
4000013804.jpg,American Inn Menu,,1901,American?Inn,,,
4000013938.jpg,Syrian Temple Annual Dinner,,1901,Cincinnati$OHIO,Ohio,,
4000013927.jpg,"American Climatological Association Dinner at Cataract House - Cataract House, Niagara Falls, NY",,1901,Niagara?Falls$NY,New?York,,
4000013956.jpg,Daily Dinner Menu on Ocean Steamship Co.,,1901,,,,
4000013976.jpg,"Luncheon Menu at Mirror Lake Pergola, Pan-American Exposition - Baily Catering Co.The",,1901,,,,
4000013981.jpg,Breakfast menu on the Great Northern Ry. Line by Northern Steamship Co.,,1901,,,,
4000013979.jpg,Old Bachelors' Association Menu - St Johns Old Bachelors' Association,,1901,,,,
4000014001.jpg,"Dinner to the Board of Officers of the Catholic Club of the City of New York - CATHOLIC CLUB, BANQUET HALL",,1901,New?York$NY,,,
4000014011.jpg,Entertainment Committee Menu,,1901,,,,
4000013985.jpg,"Lunch Menu at Steamer Saratoga, Troy Line - Citizens'steamboat Company",,1901,,,,"turtle, rare"
4000014024.jpg,"Dinner Menu - Second Cabin, SS Ventura - Oceanic Steamship Company",,1901,,,,
4000014042.jpg,Club Dining Menu - St. Louis Club,,1901,St.?Louis$MO,Missouri,,"turtle, rare"
4000014069.jpg,Cotton Belt Railroad Route Lunch or Dinner Menu,,1901,,,,"turtle, rare"
4000014148.jpg,Squantum Association Menu,,1901,,,,
4000014105.jpg,Citizens Of Altoona Menu,,1901,Altoona$PA,Pennsylvania,,"turtle, rare"
4000014227.jpg,"International Acetylene Association Annual Dinner at Ellicott Club - ELICOTT CLUB, BUFFALO, NY",,1901,Buffalo$NY,New?York,,
4000014388.jpg,ERIE RAILROAD DINNER - ENROUTE ALONG THE PICTURESQUE ERIE,,1901,,,,
4000014423.jpg,Patriotic Holiday Dinner - Castleton Hotel,,1901,New?Brighton$S.I.?NY,New?York,,"birdie, rare"
4000014354.jpg,"Dinner honoring Judge John J. Jackson at Hotel Ruffner - Hotel Ruffner, Charleston, WV",,1901,Charleston$WV,West?Virginia,,"turtle, rare"
4000014398.jpg,Dinner on the Erie Railroad,,1901,,,,
4000014343.jpg,Dinner at Spring Reunion and Convention - ELICOTT CLUB,,1901,Buffalo$NY,New?York,,
4000014378.jpg,House Menu - Holland House,,1901,Holland$MI,Michigan,,
4000014440.jpg,Columbia Restaurant Lunch & Dinner Menu - 48 . 14 ST. NY,,1901,New?York$NY,,,
4000014559.jpg,Saddlery Association Menu - Wholesale Saddlery Association Of The United States,,1901,,,,"birdie, turtle, rare"
4000014611.jpg,Dinner Menu on S.S.Zealander en route to Australia - Oceanic Steamship Company S.S.Zealander,,1901,,,,
4000014454.jpg,Dinner Menu at Worthy Hotel,,1901,Springfield$MASS.,Massachusetts,,"turtle, rare"
4000014623.jpg,Cooley's Sunday Tea,,1901,Springfield$MA,,,
4000014678.jpg,Rr Menu,,1901,Erie$PA,Pennsylvania,,"turtle, rare"
4000014645.jpg,Dinner aboard S.S. Rosetta Maru - Nippon Yusen Kaisha,,1901,,,,
4000014626.jpg,Cooley's Dinner Menu,,1901,Springfield$MA,,,
4000014818.jpg,Dinner Menu on S.S.Zealandia en route to Australia - Oceanic Steamship Co. S.S.Zealandia,,1901,,,,"turtle, rare"
4000014753.jpg,Lawn Party & Band Concert Menu - Olympic Club,,1901,Bay?Shore$NY,New?York,,
4000014739.jpg,Chamberlin Hotel Luncheon Menu,,1901,Old?Point?Comfort$VA,Virginia,,
4000014771.jpg,Daily Menu - Electric Tower Restaurant,,1901,Buffalo$NY,New?York,,"turtle, rare"
4000014840.jpg,"Daily Menu at Claremont Hotel - Claremont Hotel, Riverside Drive, NY",,1901,New?York$NY,,,"birdie, turtle, rare"
4000015010.jpg,Daily Menu at Streets Of Mexico Restaurant,,1901,Buffalo$NY,New?York,,
4000014961.jpg,"Convention Banquet Menu at Pfister Hotel - PFISTER HOTEL, MILWAUKEE, WI",,1901,Milwaukee$WI,Wisconsin,,"birdie, turtle, rare"
4000014930.jpg,"15th Annual Convention Menu - Ellicott Club, Buffalo, NY",,1901,Buffalo$NY,New?York,,
4000015018.jpg,"Phi Gamma Delta 53rd Annual Dinner - International Hotel, Niagara Falls, NY",,1901,Niagara?Falls$NY,New?York,,
4000015034.jpg,En Route Colonial Express Menu - Pullman Buffet,,1901,Washington$D.C.,Washington$D.C.,,"turtle, rare"
4000014915.jpg,Seafood Delights Menu - Rhode Island Steamer,,1901,,,,
4000015126.jpg,L.Tirelli's Association 2nd Annual Ball Menu - COLUMBUS HOTEL,,1901,New?York$NY,New?York,,
4000015112.jpg,Dinner Menu at Pullman Buffet,,1901,,,,"turtle, rare"
4000015055.jpg,Dutcher House Dinner Menu,,1901,Dutcher?House$in?Dutcher?House$STATE,STATE,,"turtle, rare"
4000015056.jpg,Steamer Maine Menu - Stonington Line,,1901,Stonington$Connecticut,Connecticut,,"turtle, rare"
4000015178.jpg,Daily Menu - Gibson House,,1901,Cincinnati$OH,Ohio,,"birdie, turtle, rare"
4000015213.jpg,"Menus for Special Train to Episcopal Convention in San Francisco, Oct. 2, 1901 - ABOARD TRAIN EN ROUTE, MINNEAPOLIS TO SAN FRANCISCO",,1901,San?Francisco$CA,California,,
4000015247.jpg,Bill of Fare - Columbia Restaurant,,1901,New?York$NY,New?York,,
4000015288.jpg,Yacht Races Menu - International Yacht Races,,1901,,,,
4000015306.jpg,Mahogany Palace Menu,,1901,Providence$RI,,,"turtle, rare"
4000015320.jpg,American Revolution-themed menu - Tennessee Society Sons Of The American Revolution,,1901,,,,"turtle, rare"
4000015336.jpg,Stevens House Menu,,1901,New?York$NY,New?York,,
4000015294.jpg,N.Y.Y.C. International Yacht Races Menu - STAMER CHESTER W. CHAPIN,,1901,,,,
4000015344.jpg,"20th Annual Dinner at Sherry's - SHERRY'S, NEW YORK, NY",,1901,New?York$NY,New?York,,
4000015379.jpg,Dinner Menu on U.S.M.S.Philadelphia,,1901,Philadelphia$PA,Pennsylvania,,"turtle, rare"
4000015375.jpg,U.S.M.S.PHILADELPHIA LUNCHEON - EN ROUTE,,1901,,,,"turtle, rare"
4000015384.jpg,Breakfast Menu for State Department Special To The Pand American Congress - State Department Special To The Pand American Congress At The City Of Mexico (Pullman Car Service),,1901,City?of?Mexico$Mexico,,,"turtle, rare"
4000015437.jpg,Mr. And Mrs. Jos Wenar Menu,,1901,,,,"birdie, rare"
4000015358.jpg,Traditional Jewish Cuisine Menu - Schnorer Club Of Morrisania,,1901,,,,"birdie, rare"
4000015481.jpg,"Banquet at Hollenden Hotel - HOLLENDEN HOTEL, Cleveland, OH",,1901,Cleveland$OH,Ohio,,
4000015474.jpg,"Annual Banquet Menu at Murray Hill Hotel - Murray Hill Hotel, New York, NY",,1901,New?York$NY,New?York,,"birdie, turtle, rare"
4000015524.jpg,West Side Republican Club Menu,,1901,,,,
4000015512.jpg,Pickwick Club Annual Dinner Menu,,1901,New?Orleans$LA,Louisiana,,
4000015469.jpg,Golden Jubilee Celebration Menu - Scottish Rite Cathedral,,1901,Cincinnati$OH,Ohio,,
4000015535.jpg,Complimentary Dinner at Chicago Athletic Association - American Brass Company,,1901,Chicago$IL,Illinois,,
4000015496.jpg,"New England Shorthand Reporters' Association Dinner at American House - American House, Boston, Massachusetts",,1901,Boston$MA,Massachusetts,,"turtle, rare"
4000015537.jpg,Breakfast Menu on S.S. SAN JUAN,,1901,New?York$NY,New?York,,
4000015610.jpg,Twenty-Eighth Annual Dinner at Cuvier Club,,1901,Cincinnati$OH,Ohio,,"birdie, rare"
4000015571.jpg,BILL OF FARE - Chicago Athletic Association,,1901,Chicago$IL,Illinois,,
4000015556.jpg,"SEVENTH MASONIC DISTRICT BANQUET at MARLBOROUGH HOTEL - MARLBOROUGH HOTEL, Seventh Masonic District",,1901,MARLBOROUGH$MA,Massachusetts,,"birdie, turtle, rare"
4000015625.jpg,9NTH DANZINGER MARTINI FEST - St. Marks Place,,1901,New?York?City$NY,New?York,,"turtle, rare"
4000015559.jpg,"Complimentary Luncheon at National Horse Show Association Of America - MADISON SQUARE GARDEN, NEW YORK, NY",,1901,New?York$NY,New?York,,"birdie, rare"
4000015561.jpg,S.S. SAN JUAN Menu - New York And Porto Rico Steamship Company,,1901,New?York$NY,,,
4000015678.jpg,"FIFTEENTH ANNIVERSARY BANQUET at REISENWEBER'S CIRCLE HOTEL - REISENWEBER'S CIRCLE HOTEL EIGHTH AVENUE AND 58TH STREET, NEW YORK",,1905,New?York$NY,New?York,,"birdie, turtle, rare"
4000015658.jpg,"Oriental Dinner Menu - 3 Pell Street, New York",,1904,New?York$NY,New?York,,"birdie, rare"
4000015685.jpg,"Dinner in Honor of Mr. Louis N. Megargee - HOTEL EDOUARD, PHILADELPHIA, PA",,1905,Philadelphia$PA,Pennsylvania,,"birdie, rare"
4000015663.jpg,"Fifth Annual Dinner at Patria Club of New York - Hotel Savoy, New York",,1905,New?York$NY,New?York,,"birdie, rare"
4000015689.jpg,"Banquet Tendered to President Arthur T. Hadley - Oriental Hotel, Dallas, TX",,1905,Dallas$TX,Texas,,"birdie, rare"
4000015671.jpg,"Third Annual Luncheon at Portia Club - St. Regis, New York",,1905,New?York$NY,New?York,,
4000015656.jpg,"Luncheon for Chicago Agents and John A. McCall - AUDITORIUM ANNEX HOTEL, Chicago, IL",,1905,Chicago$IL,Illinois,,
4000015697.jpg,Eighteenth Annual Dinner Menu - New York Association Of Oberlin Alumni,,1905,New?York$NY,New?York,,"birdie, turtle, rare"
4000015652.jpg,"Banquet to the Old Guard of New York at Hotel Essex - Hotel Essex, Boston, MA",,1905,Boston$MA,Massachusetts,,
4000015764.jpg,50th Annual Banquet Menu - Fraternal Union Of Anointed High Priests Of The State Of New York,,1905,VENDOME?HOTEL$NY,New?York,,
4000015729.jpg,20th Anniversary Dinner at New York Library Club - PARK AVENUE HOTEL,,1905,New?York$NY,New?York,,
4000015741.jpg,"2nd Annual Dinner at SHANLEY'S - SHANLEY'S, Chelsea Exchange Bank",,1905,New?York$NY,New?York,,"birdie, rare"
4000015796.jpg,FIFTH ANNUAL DINNER at HOTEL ASTOR,,1905,New?York?City$NY,New?York,,"birdie, rare"
4000015734.jpg,"Dinner Event at Elks Club - Elks Club, Brooklyn, NY",,1905,Brooklyn$NY,New?York,,"turtle, rare"
4000015758.jpg,"4th Annual Dinner at Manhattan Hotel - MANHATTAN HOTEL, New York",,1905,New?York$NY,New?York,,
4000015707.jpg,"Third Annual Subscription Dinner at Engineers' Club - Engineers' Club, 374 Fifth Avenue, New York, NY",,1905,New?York$NY,New?York,,
4000015749.jpg,2nd Annual Banquet Menu at Shanley's,,1905,New?York$NY,New?York,,"turtle, rare"
4000015804.jpg,"Dinner Menu at The Players Club - Players Club,The",,1905,New?York$NY,New?York,,"birdie, turtle, rare"
4000015873.jpg,"15th Annual Dinner at Hotel Astor - Hotel Astor, New York, NY",,1905,New?York$NY,New?York,,"birdie, rare"
4000015806.jpg,"First Banquet at Hotel Bronxland - Hotel Bronxland, Association Of The Bar Of The Borough Of The Bronx In The City Of New York",,1905,New?York$NY,New?York,,"birdie, rare"
4000015843.jpg,"Daily Menu at Lackawanna Railroad Dining Room - Lackawanna Railroad Dining Room, Hoboken Station, NJ",,1905,Hoboken$NJ,New?Jersey,,"birdie, turtle, rare"
4000015839.jpg,Manufacturers' Club Dinner Menu,,1905,Philadelphia$PA,Pennsylvania,,"turtle, rare"
4000015811.jpg,15th Annual Dinner at Hotel Astor,,1905,New?York$NY,New?York,,"birdie, rare"
4000015890.jpg,"Second Annual Dinner at Laurel-in-the-Pines - LAUREL-IN-THE-PINES, LAKEWOOD, NJ",,1905,Lakewood$NJ,New?Jersey,,"birdie, rare"
4000015856.jpg,Union Republican Club Banquet Menu - Union Republican Club Of Philadelphia,,1905,Philadelphia$PA,Pennsylvania,,"birdie, rare"
4000016028.jpg,Banquet to International Railway Congress at The Auditorium - Railways Of Chicago,,1905,Chicago$IL,Illinois,,
4000016018.jpg,Fourth Annual Meeting Menu at Hotel Chelsea,,1905,Atlantic?City$NJ,New?Jersey,,
4000015950.jpg,RIVERS AND HARBORS COMMITTEE RECEPTION MENU - ZOOLOGICAL GARDENS,,1905,CINCINNATI$OH,Ohio,,"turtle, rare"
4000016014.jpg,"Daily Menu at Spencer Dining Hall Co. - 53 Vesey Street, New York, NY",,1905,New?York$NY,New?York,,
4000015981.jpg,Bachelor Dinner at Bancroft House,,1905,Saginaw$MI,Michigan,,"birdie, turtle, rare"
4000015992.jpg,"Eight Annual Dinner at New York Society Of The Order Of The Founders And Patriots Of America - Waldorf Astoria, New York, NY",,1905,New?York$NY,New?York,,
4000016059.jpg,LAUNCHING OF THE 'SATURDAY NIGHT' - Jamaica Bay Yacht Club,,1905,HOLLANDS$LONG?ISLAND$NY,New?York,,
4000016056.jpg,Launching of Ferryboat Richmond Menu - New York City,,1905,New?York?City$NY,New?York,,
4000016081.jpg,"Fourth Annual Banquet Menu - Eagle Hotel, Gettysburg High School Alumni Association",,1905,Gettysburg$PA,Pennsylvania,,"turtle, rare"
4000016066.jpg,"Diamond Jubilee Luncheon to Delegates at Astor Gallery, Waldorf Astoria",,1905,New?York$NY,New?York,,"birdie, rare"
4000016149.jpg,Daily Menu at Shanley's,,1905,New?York$NY,New?York,,"turtle, rare"
4000016138.jpg,"Daily Dinner Menu at Hotel Imperial - Hotel Imperial, Broadway at 32nd Street, New York, NY",,1905,New?York$NY,New?York,,"turtle, rare"
4000016128.jpg,"Anniversary Banquet at Eagle Hotel - Eagle Hotel, Gettysburg, PA",,1905,Gettysburg$PA,Pennsylvania,,"turtle, rare"
4000016167.jpg,St. Regis Hotel Menu,,1905,New?York$NY,New?York,,"birdie, turtle, rare"
4000016121.jpg,"Head Hallmen's Association Dinner - Hotel Maceo, 213 West 53rd Street, New York, NY",,1905,New?York$NY,New?York,,
4000016075.jpg,"Dinner to Richard S. Pomeroy, Esq. at The Orchard - THE ORCHARD, RIVER FRONT, ESSINGTON, PA",,1905,Essington$PA,Pennsylvania,,"birdie, rare"
4000016176.jpg,Anniversary Banquet Menu - Millinery Traveling Men's Association Of Chicago,,1905,Chicago$IL,Illinois,,"birdie, rare"
4000016189.jpg,"Dinner at Geiser Grand Hotel - GEISER GRAND HOTEL, Baker City, OR",,1905,Baker?City$OR,Oregon,,rare
4000016193.jpg,"Breakfast Menu at 238 Eight Avenue - 238 Eight Avenue, New York, NY",,1905,New?York$NY,New?York,,
4000016198.jpg,"Eleventh Annual Banquet at Bedford Springs Hotel - BEDFORD SPRINGS HOTEL, BEDFORD SPRINGS, PA",,1905,Bedford?Springs$PA,Pennsylvania,,"birdie, rare"
4000016219.jpg,July Fourth Dinner at Suburban Club,,1905,Baltimore$MD,Maryland,,"turtle, rare"
4000016238.jpg,Annual Banquet Menu at Hampton Roads Yacht Club,,1905,,,,"turtle, rare"
4000016251.jpg,AMERICAN COTTON MANUFACTURERS ASOCIATION BANQUET MENU,,1905,KENILWORTH?INN$N.C.,North?Carolina,,"birdie, rare"
4000016244.jpg,"VIRGINIA-NORTH CAROLINA PRESS ASSOCIATION BANQUET at KENILWORTH INN - KENILWORTH INN, N.C.",,1905,KENILWORTH$N.C.,North?Carolina,,"birdie, rare"
4000016256.jpg,A La Carte Menu - Dreamland Restaurant Metropole Hotel,,1905,New?York$NY,New?York,,"birdie, turtle, rare"
4000016267.jpg,"AMERICAN MEDICAL EDITORS ASSOCIATION ANNUAL BANQUET - ARLINGTON CLUB, PORTLAND, OREGON",,1905,Portland$OREGON,Oregon,,
4000016254.jpg,Sunday Dinner at Geiser Grand Hotel,,1905,Baker?City$OREGON,Oregon,,
4000016260.jpg,DINNER MENU - EUROPA - COLUMBIA - EN ROUTE R.M.S. 'OCEANIC',,1905,,,,"birdie, turtle, rare"
4000016300.jpg,Banquet for Northwestern Hotel Men's Association - Hotel Ryan,,1905,St.?Paul$MN,Minnesota,,"birdie, rare"
4000016273.jpg,Elks' Dinner Event,,1905,,,,
4000016303.jpg,Dinner Menu at Geiser Grand Hotel,,1905,Baker?City$OR,Oregon,,"birdie, turtle, rare"
4000016311.jpg,Daily Lunch Menu at Prospect House,,1905,Niagara?Falls$NY,New?York,,
4000016306.jpg,Daily Menu at Manhattan Beach Hotel,,1905,Manhattan?Beach$New?York,New?York,,"birdie, turtle, rare"
4000016314.jpg,Daily Dinner Menu at Prospect House,,1905,Niagara?Falls$NY,New?York,,
4000016292.jpg,"A La Carte Menu at Rocking Stone Restaurant - Rocking Stone Restaurant, New York Zoological Park",,1905,New?York$NY,New?York,,
4000016317.jpg,Daily Luncheon Menu at Cataract And International Hotels Company,,1905,Niagara?Falls$NY,New?York,,
4000016340.jpg,"Shore Dinner at Meisters Casino - MEISTERS CASINO, Bergen Point, NJ",,1905,Bergen?Point$NJ,New?Jersey,,
4000016328.jpg,Dinner Menu on R.M.S.Oceanic,,1905,,,,"birdie, turtle, rare"
4000016358.jpg,Breakfast at Wildmere House,,1905,Minnewaska$NY,New?York,,
4000016374.jpg,"Bachelor Party Dinner at Hotel Iroquois - Hotel Iroquois, Buffalo, NY",,1905,Buffalo$NY,New?York,,"birdie, turtle, rare"
4000016352.jpg,Daily Dinner Menu at Wildmere House,,1905,Minnewaska$NY,New?York,,
4000016355.jpg,Daily Supper Menu at Wildmere House,,1905,Minnewaska$NY,New?York,,
4000016345.jpg,Sunday Dinner at Terre Haute House,,1905,Terre?Haute$IN,Indiana,,"turtle, rare"
4000016378.jpg,Daily Menu at American Museum Of Natural History,,1905,New?York?City$NY,New?York,,
4000016364.jpg,Banquet in Honor of Hoo Hoo - Osirian Cloister,,1905,Portland$OR,Oregon,,
4000016432.jpg,"Carriage Builders National Association Annual Banquet at Horticultural Hall - HORTICULTURAL HALL, PHILADELPHIA, PA",,1905,Philadelphia$PA,Pennsylvania,,"turtle, rare"
4000016384.jpg,"Dinner to Capt. T.C. McLean, U.S.N., Commander U.S.S. Pennsylvania - Waldorf-Astoria, NY",,1905,New?York$NY,New?York,,"birdie, rare"
4000016398.jpg,Dinner Tendered to Sgt. Howard C. Woodbury - Ancient And Honorable Artillery Company,,1905,Boston$MA,Massachusetts,,
4000016404.jpg,Daily Dinner Menu at Hotel Vendome,,1905,Boston$MA,Massachusetts,,
4000016418.jpg,"ANNUAL BANQUET at THE BELLEVUE-STRATFORD - THE BELLEVUE-STRATFORD, PHILADELPHIA, PA",,1905,Philadelphia$PA,Pennsylvania,,"birdie, rare"
4000016425.jpg,"Ancient And Honorable Artillery Company Of Massachusetts - 268 Fall Field Day Menu - Hotel Ten Eyck, Albany, New York",,1905,Albany$NY,New?York,,"birdie, turtle, rare"
4000016446.jpg,GLORIFICATION OA WILLIAM HENRY JACKSON at Cedar Park Driving Club,,1905,,,,"turtle, rare"
4000016457.jpg,"EIGHTEENTH ANNUAL BANQUET MENU - THE AUDITORIUM, Chicago, IL",,1905,Chicago$IL,Illinois,,
4000016497.jpg,"Dinner in Honor of Cornelius Fergueson - Fort Lowry Hotel, Bath Beach, NY",,1905,Bath?Beach$NY,New?York,,
4000016519.jpg,"33rd Annual Banquet at Hotel Pfister - Hotel Pfister, Milwaukee, WI",,1905,Milwaukee$WI,Wisconsin,,"turtle, rare"
4000016505.jpg,"18th Anniversary Banquet at Hotel Astor - Hotel Astor, New York, NY",,1905,New?York$NY,New?York,,
4000016543.jpg,Luncheon to the President at Jacksonville Board Of Trade,,1905,Jacksonville$FL,Florida,,
4000016599.jpg,Opening Ball Menu at Ghent Club,,1905,Norfolk$VA,Virginia,,
4000016568.jpg,Tariff Menu at Techau Tavern,,1905,San?Francisco$CA,California,,"birdie, turtle, rare"
4000016553.jpg,40th Annual Banquet Menu - Arion Club?,,1905,Brooklyn$NY,New?York,,
4000016623.jpg,"LUNCH at QUICK LUNCH ROOM - QUICK LUNCH ROOM, SIXTH AVENUE AND 19TH STREET, NEW YORK",,1905,New?York$NY,New?York,,
4000016608.jpg,Menu - Flatiron Restaurant & Cafe,,1905,New?York$NY,New?York,,"birdie, turtle, rare"
4000016612.jpg,Complimentary/Testimonial Menu in Honor of Chief Petty Officers of H.M.S. Drake - Chief Petty Officers Of U.S.S. Maine,,1905,Annapolis$MD,Maryland,,
4000016647.jpg,"Dinner at H. Winterfeldt, Waldorf-Astoria",,1905,New?York$NY,New?York,,
4000016636.jpg,Dinner in Honor of the Birthday of King Edward VIII - British Benevolent Society,,1905,Portland$OR,Oregon,,"turtle, rare"
4000016640.jpg,Luncheon at The Seelbach for the Millinery Jobbers Association,,1905,Louisville$KY,Kentucky,,
4000016649.jpg,"59th Convention Menu at Delta Kappa Epsilon Fraternity - Waldorf-Astoria, New York",,1905,New?York$NY,New?York,,
4000016680.jpg,ALDINE ASSOCIATION DINNER at Aldine Association,,1905,New?York$NY,New?York,,
4000016688.jpg,Complimentary Luncheon at National Horse Show Association Of America - Madison Square Garden,,1905,New?York?City$NY,New?York,,"birdie, rare"
4000016685.jpg,Cinderella Dinner - CARLING UPTOWN,,1905,St.?Paul$MN,Minnesota,,"birdie, rare"
4000016675.jpg,"Testimonial Dinner to Dr. Nicholas Senn, Master Surgeon - THE AUDITORIUM, Chicago, IL",,1905,Chicago$IL,Illinois,,"turtle, rare"
4000016658.jpg,"Dinner in Honor of Sir Chentung Liang-Cheng, Envoy to the United States - The Merchant's Club Of Chicago",,1905,Chicago$IL,Illinois,,
4000016704.jpg,"Daily Menu - Tonk's Restaurant, 6 Park Place, New York",,1905,New?York$NY,New?York,,
4000016741.jpg,"FOUNDERS' DAY BANQUET IN HONOR OF MR. ND MRS. ANDREW CARNEGIE - DELMONICO'S, NEW YORK, NY",,1905,New?York$NY,New?York,,"birdie, rare"
4000016831.jpg,Thanksgiving Dinner at Hotel Chittenden,,1905,Columbus$OH,Ohio,,"turtle, rare"
4000016749.jpg,ATLAS CLUB Menu at Auditorium,,1905,Chicago$IL,Illinois,,
4000016700.jpg,Daily Menu at Planters Hotel,,1905,St.?Louis$MO,Missouri,,"birdie, turtle, rare"
4000016855.jpg,"Eighth Annual Dinner at Delmonico's - DELMONICO'S, FIFTH AVENUE AND FORTY FORTH STREET, NEW YORK",,1905,New?York$NY,New?York,,"turtle, rare"
4000016865.jpg,Dinner Tendered to Judge Henry A. Melvin - St. Nicholas Hotel,,1905,Cincinnati$OH,Ohio,,
4000016837.jpg,Thanksgiving Menu - Normandie Cafe,,1905,Detroit$MI,Michigan,,"birdie, turtle, rare"
4000016861.jpg,Thanksgiving Dinner at The Portland Hotel,,1905,Washington$DC,,,"turtle, rare"
4000016946.jpg,Installation Banquet at The Rathskeller - Jerusalem Temple A.A.O.N.M.S.,,1905,New?Orleans$LA,Louisiana,,
4000016952.jpg,Annual Meeting Menu - Illinois Manufacturers' Assn.,,1905,Chicago$IL,Illinois,,"birdie, rare"
4000016929.jpg,Directors' Dinner at Hamilton Club,,1905,Brooklyn$NY,New?York,,
4000016876.jpg,Dinner in Honor of Joseph A. Goulden - Male Principals And Local School Boards Of The Borough Of The Bronx,,1905,Bronx$New?York,New?York,,"birdie, rare"
4000016949.jpg,32nd Annual Dinner at Baltimore Lumber Exchange Merchants Club,,1905,Baltimore$MD,Maryland,,"turtle, rare"
4000016982.jpg,Nineteenth Annual Dinner - New England Society Of Northeastern Pennsylvania,,1905,Scranton$PA,Pennsylvania,,"birdie, rare"
4000016961.jpg,"SUNDAY SCHOOL CLASS ANNUAL DINNER - BADER'S SPEEDWAY INN, KINGS HIGHWAY, BROOKLN, NY",,1905,Brooklyn$NY,New?York,,"birdie, rare"
4000017055.jpg,Annual Dinner Menu at The New Willard - National Geographic Society,,1905,Washington$DC,,,
4000016957.jpg,Anniversary Dinner at Cotillion Club,,1905,Atlanta$GA,Georgia,,
4000017060.jpg,"Lunch Menu at Margaret Louisa Home of the Young Women's Christian Association - 16 East 16th Street, New York",,1905,New?York$NY,New?York,,
4000016995.jpg,Camp Wopowog Reunion Anniversary Menu - Broadway Central Hotel,,1905,New?York$NY,New?York,,
4000017027.jpg,Swiss Club Menu - New York Swiss Club,,1905,New?York$NY,New?York,,
4000017033.jpg,"Fifth Annual Dinner at Healy's - HEALY'S, BROADWAY, 66TH ST. AND COLUMBUS AVE",,1905,New?York$NY,New?York,,"birdie, rare"
4000016967.jpg,Dinner honoring Edward M. Grout - Waldorf-Astoria,,1905,New?York$NY,New?York,,
4000017074.jpg,Hotel Crown Menu,,1905,,,,
4000017061.jpg,Reception and Banquet in Honor of Herman A. Metz - Lincoln Club,,1905,New?York$NY,New?York,,"birdie, rare"
4000017091.jpg,Christmas Dinner at The Margaret Louisa Home,,1905,,,,
4000017093.jpg,"First Banquet at Chrysanthemum Club Of The U.S. Flagship Texas - ARGYLE HOTEL; CHARLESTON, SC",,1905,Charleston$SC,South?Carolina,,"turtle, rare"
4000017141.jpg,Hotel Clerks Association Menu - Ohio Hotel Clerks Association,,1905,,,,"birdie, turtle, rare"
4000017119.jpg,Fourth Annual Banquet at The Commercial Club,,1905,Salt?Lake?City$UT,Utah,,"turtle, rare"
4000017189.jpg,New Year's Day Dinner at Clegg Hotel,,1906,Greensboro$NC,North?Carolina,,
4000017143.jpg,Historical Society Menu - Lebanon County Historical Society,,1905,,,,
4000017147.jpg,Club Menu - Members And Friends Of The Pen And Pencil Club,,1905,,,,
4000017156.jpg,Division Of The T.P.A. Of America Menu - Oregon & Washington Division Of The T.P.A. Of America,,1905,,,,"turtle, rare"
4000017181.jpg,"New Year's Day Dinner at M.F.Lyons Dining Room - 259 Bowery, New York",,1906,New?York$NY,New?York,,"birdie, rare"
4000017196.jpg,DINNER MENU at STAUCH'S RESTAURANT - Stauch's Resturant,,1906,Coney?Island$NEW?YORK,New?York,,"turtle, rare"
4000017223.jpg,DINNER TO ABOVE at AUDITORIUM HOTEL,,1906,Chicago$IL,Illinois,,"birdie, turtle, rare"
4000017205.jpg,Dinner honoring Patrick Francis Murphy at Delmonico's,,1906,New?York$NY,New?York,,
4000017236.jpg,Daily Menu at Rector's,,1906,Chicago$IL,Illinois,,"birdie, turtle, rare"
4000017252.jpg,Fellowship Banquet at Columbia Golf Club,,1906,Washington$DC,,,
4000017264.jpg,"29th Annual Banquet by Chicago Jewelers' Association - Chicago Jewelers' Association, AUDITORIUM",,1906,Chicago$IL,Illinois,,"birdie, turtle, rare"
4000017320.jpg,Eleventh Annual Banquet Menu - HARMONIE HALL,,1906,New?Haven$CT,Connecticut,,"turtle, rare"
4000017316.jpg,"20th Annual Social Session Menu at Reading Brewing Company - KRICK'S CAFE BISSINGER, 611-613 PENN STREET, READING, PA",,1906,Reading$PA,Pennsylvania,,
4000017300.jpg,"Fourth Annual Banquet at Grand Pacific Hotel - Grand Pacific Hotel, Chicago, IL",,1906,Chicago$IL,Illinois,,
4000017289.jpg,"FIFTH ANNUAL DINNER IN HONOR OF BIRTH OF ALEXANDER HAMILTON - THE PORTLAND, PORTLAND, OR",,1906,Portland$OR,Oregon,,
4000017348.jpg,"29th Annual Meeting Menu at The Ten Eyck - THE TEN EYCK, ALBANY, NY",,1906,Albany$NY,New?York,,"birdie, rare"
4000017343.jpg,Dinner at Kansas City Driving Club,,1906,Kansas?City$MO,Missouri,,"birdie, rare"
4000017330.jpg,"Fifth Annual Dinner at New Grand Hotel - NEW GRAND HOTEL, BROADWAY AND 31ST STREET, NEW YORK CITY",,1906,New?York?City$NY,New?York,,"turtle, rare"
4000017366.jpg,"21st Annual Dinner at The Holland Society of New York - Waldorf-Astoria, New York City",,1906,New?York?City$NY,New?York,,
4000017338.jpg,"Dinner on the Occasion of the 37th Annual Meeting of The National Board of Trade - NEW WILLARD HOTEL, WASHINGTON, DC",,1906,Washington$DC,,,
4000017358.jpg,BANQUET IN COMMEMORATION OF THE 200TH ANNIVERSARY OF THE BIRTH OF DR. BENJAMIN FRANKLIN - Oregon Society Of The Sons Of The American Revolution,,1906,Portland$Oregon,Oregon,,"birdie, turtle, rare"
4000017376.jpg,"Dinner at Chicago College Of Dental Surgery - Chicago College Of Dental Surgery, AUDITORIUM",,1906,Chicago$IL,Illinois,,"birdie, rare"
4000017399.jpg,Annual Banquet Menu at Hotel Somerset,,1906,Boston$MA,Massachusetts,,"turtle, rare"
4000017425.jpg,"Fifth Annual Dinner at Astor Hotel - Astor Hotel, New York, NY",,1906,New?York$NY,New?York,,"birdie, rare"
4000017411.jpg,2nd Annual Banquet at Waldorf-Astoria,,1906,New?York$NY,New?York,,
4000017391.jpg,Annual Dinner Menu at West Side Republican Club - Waldorf-Astoria,,1906,New?York?City$NY,New?York,,"birdie, turtle, rare"
4000017436.jpg,"Dinner honoring Robert Townsend, Assistant District Attorney - Bench And Bar",,1906,New?York$NY,New?York,,
4000017496.jpg,Eighth Annual Dinner in Honor of Stewart L. Woodford - Waldorf-Astoria,,1906,New?York$NY,New?York,,"turtle, rare"
4000017507.jpg,"Annual Banquet Menu at Duke's House - DUKE'S HOUSE, Hoboken Board Of Trade",,1906,Hoboken$NJ,New?Jersey,,
4000017447.jpg,"Fifteenth Annual Reunion and Dinner Menu - Astor Hotel, New York, NY",,1906,New?York$NY,New?York,,
4000017477.jpg,"Ninth Annual Dinner at Savoy Hotel - SAVOY HOTEL, NEW YORK, NY",,1906,New?York$NY,New?York,,
4000017584.jpg,Dinner to Dr. Otto Nordenskjold - Explorers Club Arctic Club,,1906,,,,"birdie, rare"
4000017578.jpg,Annual Banquet Menu - Toledo Fire Underwriters Association,,1906,Toledo$OH,Ohio,,
4000017547.jpg,Annual Dinner Menu at Manufacturers Club Of Philadelphia,,1906,Philadelphia$PA,Pennsylvania,,"turtle, rare"
4000017569.jpg,"Breakfast in Honor of Tai Hung-Tzu and Tuan Fang - Merchant Club, American Asiatic Association",,1906,New?York$NY,New?York,,"birdie, turtle, rare"
4000017601.jpg,Annual Dinner Menu at Standard Steel Car Company,,1906,Butler$PA,Pennsylvania,,
4000017562.jpg,Dinner at the Stick Together Club - LINCOLN CLUB - NY,,1907,New?York$NY,New?York,,"birdie, turtle, rare"
4000017643.jpg,Anniversary Dinner Menu at Delmonico's,,1906,New?York$NY,New?York,,"birdie, rare"
4000017682.jpg,Second Annual Dinner - Detroit Board Of Commerce,,1906,Detroit$MI,Michigan,,
4000017700.jpg,Washington's Birthday Eve Celebration Menu - Concordia (Club),,1906,Pittsburgh$PA,Pennsylvania,,"birdie, rare"
4000017671.jpg,First Annual Meeting Supper at Portland Commercial Club - Oregon Lumber Manufacturers' Association,,1906,Portland$OR,Oregon,,
4000017651.jpg,"Dinner honoring Timothy P. Sullivan - LYONS', 259 BOWERY, NEW YORK",,1906,New?York$NY,New?York,,
4000017657.jpg,Banquet Tendered to Visiting Bankers - Associated Bankers Of Albuquerque,,1906,Albuquerque$NM,New?Mexico,,"birdie, rare"
4000017608.jpg,9th Annual Dinner Menu - South Brooklyn Board Of Trade,,1906,Brooklyn$NY,New?York,,"birdie, turtle, rare"
4000017706.jpg,"Annual Dinner Menu at Clayton House - Clayton House, Wilmington, DE",,1906,Wilmington$DE,Delaware,,"turtle, rare"
4000017702.jpg,20th Anniversary Dinner - Manhassett Club,,1906,Brooklyn$NY,New?York,,"birdie, rare"
4000017739.jpg,Tenth Annual Dinner at Cortelyou Club,,1906,Brooklyn$NY,New?York,,"birdie, rare"
4000017733.jpg,11th Anniversary Buffalo Banquet - Ellicott Club,,1906,Buffalo$NY,New?York,,"birdie, turtle, rare"
4000017786.jpg,Twentieth Annual Banquet Menu - Union League Club Of Chicago,,1906,Chicago$IL,Illinois,,"birdie, rare"
4000017776.jpg,Washington's Birthday Banquet - Marquette Club,,1906,Chicago$IL,Illinois,,
4000017800.jpg,"Twelfth Annual Banquet at Coates House - Coates House, Kansas City, MO",,1906,Kansas?City$MO,Missouri,,"turtle, rare"
4000017819.jpg,Seventh Annual Dinner at 18th Club - Union Square Hotel,,1906,New?York$NY,New?York,,"turtle, rare"
4000017759.jpg,"Old Settlers' Club Anniversary Dinner - Plankinton House, Milwaukee County, WI",,1906,Milwaukee$WI,Wisconsin,,"turtle, rare"
4000017808.jpg,Dinner to Above at Hotel St. Francis,,1906,San?Francisco$CA,California,,"birdie, rare"
4000017882.jpg,"Banquet Tendered to the Members of the General Assembly of Kentucky at Capital Hotel - Capital Hotel, Frankfort, KY",,1906,Frankfort$KY,Kentucky,,"birdie, rare"
4000017893.jpg,"Banquet to Visiting Congressmen and Ladies - Rankin House, Columbus Board Of Trade",,1906,Columbus$GA,Georgia,,
4000017891.jpg,"Seventh Annual Banquet Menu - Astor Hotel, New York, NY",,1906,New?York$NY,New?York,,"birdie, rare"
4000017828.jpg,33rd Annual Dinner Menu - Waldorf-Astoria,,1906,New?York$NY,New?York,,
4000017877.jpg,"20th Annual Meeting Menu at Boston Shoe Associates - Revere House, Boston, Massachusetts",,1906,Boston$MA,Massachusetts,,"birdie, rare"
4000017905.jpg,Winter Banquet at The Wellington - New England Manufacturing Jewelers' And Silversmiths' Association,,1906,Providence$RI,Rhode?Island,,"birdie, rare"
4000017962.jpg,Dinner to Brig.-Gen. J. Franklin Bell USA - The Staff & Student Officers of the Infantry and Cavalry School Signal School and Staff College,,1906,Fort?Leavenworth$KANSAS,Kansas,,
4000017971.jpg,"Reception for Sir Edwin B. Anderson at Masonic Temple - Masonic Temple, Grand Commandery Of The Stat Of Ny",,1906,New?York$NY,New?York,,"birdie, rare"
4000017934.jpg,"Annual Banquet at Monticello Hotel - Monticello Hotel, Norfolk, VA",,1906,Norfolk$VA,Virginia,,
4000017921.jpg,Second Dinner at Commercial Club - Produce Merchants Association,,1906,Portland$OR,Oregon,,
4000017976.jpg,"15th Annual Banquet at Wiltshire Hotel - Wiltshire Hotel, Atlantic City, NJ",,1906,Atlantic?City$NJ,New?Jersey,,
4000018037.jpg,"BANQUET at PARK HOTEL - PARK HOTEL, THE, HOT SPRINGS, AR",,1906,Hot?Springs$AR,Arkansas,,"birdie, turtle, rare"
4000017996.jpg,Dinner in Honour of Judge Henry Steinert at Democratic Club,,1906,,,,"birdie, turtle, rare"
4000017987.jpg,Annual Banquet Menu - Butte Retail Grocers Association,,1906,Butte$MONTANA,Montana,,"birdie, rare"
4000018006.jpg,"NINETEENTH ANNUAL BANQUET at KLOSKYS - KLOSKYS, MOBILE, AL",,1906,Mobile$AL,Alabama,,
4000018044.jpg,Complimentary Banquet at Idan Ha Hotel,,1906,Soda?Springs$ID,Idaho,,"birdie, rare"
4000018034.jpg,Dinner Menu at Belleclaire Club,,1906,New?York$NY,New?York,,"birdie, turtle, rare"
4000018073.jpg,"Annual Banquet Menu at Bronxland Hotel - BRONXLAND HOTEL, BRONX, NY",,1906,Bronx$NY,New?York,,"birdie, rare"
4000018092.jpg,"ATLAS CLUB MINSTRELS at EGYPTIAN BANQUET HALL - EGYPTIAN BANQUET HALL, AUDITORIUM HOTEL, CHICAGO, IL",,1906,Chicago$IL,Illinois,,
4000018103.jpg,"A REGULAR SATURDAY AFTERNOON DEAL - RECTOR'S, NEW YORK, NY",,1906,New?York$NY,New?York,,"birdie, turtle, rare"
4000018079.jpg,Forty-Fifth Anniversary Celebration Menu - Union League House,,1906,Philadelphia$PA,Pennsylvania,,"birdie, rare"
4000018106.jpg,"Twenty-Second Annual Banquet Menu - Astor Hotel, New York, NY",,1906,New?York$NY,New?York,,"birdie, rare"
4000018144.jpg,Annual Ladies' Dinner at Forty Club,,1906,Chicago$IL,Illinois,,"birdie, rare"
4000018113.jpg,"St. George's Society of New York 120th Anniversary Menu - Waldorf-Astoria, New York",,1906,New?York$NY,New?York,,"birdie, turtle, rare"
4000018117.jpg,"Twenty-Fourth Annual Banquet in Honor of Birthday of Thomas Jefferson - Harlem Casino, Harlem Democratic Club",,1906,New?York$NY,New?York,,
4000018137.jpg,"Dinner in honor of Mr. Frank Gannon - Cafe Martin, New York City Railway Company Officers And Department Heads",,1906,New?York$NY,New?York,,
4000018131.jpg,"Washington University Class Of 1896 Anniversary Dinner at Hotel Jefferson - Hotel Jefferson, St. Louis, MO",,1906,St.?Louis$MO,Missouri,,
4000018148.jpg,DINNER MENU at THE MADISON SQUARE - THIRTY-SEVEN MADISON AVENUE,,1906,New?York$NY,New?York,,"birdie, turtle, rare"
4000018170.jpg,"16th Annual Banquet Menu - Burns Hotel, NYC",,1906,New?York?City$NY,New?York,,"birdie, rare"
4000018165.jpg,"20th Annual Banquet at Grand Central Palace - Grand Central Palace, NYC",,1906,New?York?City$NY,New?York,,
4000018161.jpg,Annual Banquet Menu at Cortland Normal Alumni - Vendome Hotel,,1906,New?York?City$NY,New?York,,
4000018153.jpg,"Daily Menu at The Annex - 114 West Fourteenth Street, New York",,1906,New?York$NY,New?York,,
4000018188.jpg,Annual Banquet Menu - New Mexico Medical Association,,1906,Albuquerque$NEW?MEXICO,New?Mexico,,
4000018221.jpg,"Banquet at The Algonquin - THE ALGONQUIN, DAYTON, OH",,1906,Dayton$OH,Ohio,,"turtle, rare"
4000018231.jpg,Mendelssohn Glee Club 40th Anniversary Menu - DELMONIC0'S,,1906,New?York$NY,New?York,,"birdie, rare"
4000018237.jpg,Dinner honoring George H. Fisher at Hanover Club House - German Savings Bank Of Brooklyn,,1906,Brooklyn$NY,New?York,,"birdie, rare"
4000018201.jpg,Banquet Menu - 9th Annual Meeting - National Hardwood Lumber Association,,1906,Memphis$TENN.,Tennessee,,
4000018195.jpg,16th Annual Dinner at Astor Hotel,,1906,New?York$NY,New?York,,"birdie, rare"
4000018249.jpg,"DINNER at THE NEW WILLARD for ANNIVERSARY - THE NEW WILLARD, WASHINGTON, DC",,1906,Washington$DC,,,"birdie, rare"
4000018333.jpg,"First Anniversary Dinner at Harlem Municipal Ownership Club - 1822 Madison Avenue, Harlem Municipal Ownership Club",,1906,New?York$NY,New?York,,
4000018265.jpg,Second Annual Dinner at Currahee Club,,1906,Washington$DC,,,
4000018291.jpg,10th Annual Banquet of National Association of Clothiers - St. Nicholas Hotel,,1906,Cincinnati$OH,Ohio,,"birdie, turtle, rare"
4000018274.jpg,"Farewell Dinner to Julian D. Fairchild at Montauk Club - MONTAUK CLUB, BROOKLYN, NY",,1906,Brooklyn$NY,New?York,,"birdie, turtle, rare"
4000018279.jpg,"Complimentary Dinner at Hotel Rennert - Hotel Rennert, Baltimore, MD",,1906,Baltimore$MD,Maryland,,
4000018344.jpg,"Testimonial Banquet at Bohemia Hall - Bohemia Hall, Philadelphia, PA",,1906,Philadelphia$PA,Pennsylvania,,"birdie, rare"
4000018379.jpg,"American Medical Editors' Association Annual Banquet at University Club - University Club, Boston, MA",,1906,Boston$MA,Massachusetts,,"birdie, rare"
4000018350.jpg,"Annual Dinner Menu at Hotel Pfister - HOTEL PFISTER, MILWAUKEE, WI",,1906,Milwaukee$WI,Wisconsin,,"birdie, rare"
4000018362.jpg,"Sin Lazare Club Dinner at Antlers Hotel - Sin Lazare Club, ANTLERS HOTEL",,1906,Colorado?Springs$CO,Colorado,,
4000018395.jpg,"5th Semi-Annual Dinner at Planters Hotel - PLANTERS HOTEL, ST.LOUIS, MO",,1906,St.?Louis$MO,Missouri,,
4000018388.jpg,"KEYSTONE CONSISTORY DINNER at THE HOTEL JERMYN - THE HOTEL JERMYN, SCRANTON, PA",,1906,Scranton$PA,Pennsylvania,,"turtle, rare"
4000018404.jpg,GRADUATION SUPPER at US MILITARY ACADEMY - MURRAY HILL HOTEL,,1906,New?York$NY,New?York,,"birdie, rare"
4000018450.jpg,"Fourth Annual Banquet of the Team Owners' Association - Hotel Cadillac, New York",,1906,New?York$NY,New?York,,"birdie, rare"
4000018474.jpg,Dinner in honor of A.L. Craig at Commercial Club - Portland Commercial Club,,1906,Portland$Oregon,Oregon,,
4000018484.jpg,Daily Luncheon Menu at Hotel Aspinwall for Patriotic Holiday,,1906,Lenox$MA,Massachusetts,,
4000018432.jpg,Banquet for National Association of Credit Men - Credit Mens' Association Of Baltimore,,1906,Baltimore$MD,Maryland,,"turtle, rare"
4000018461.jpg,EIGHTEENTH ANNUAL CONVENTION MENU - AUDITORIUM HOTEL,,1906,Chicago$IL,Illinois,,"birdie, rare"
4000018414.jpg,"69th Anniversary Celebration Menu - Faneuil Hall, Boston, MA",,1906,Boston$MA,Massachusetts,,"turtle, rare"
4000018496.jpg,Daily Menu - Brighton Beach Hotel,,1906,Brooklyn$NY,New?York,,"birdie, turtle, rare"
4000018500.jpg,"11th Annual Banquet Menu - Atlantic Hotel, Ocean City, MD",,1906,Ocean?City$MD,Maryland,,
4000018503.jpg,"12th Annual Convention Banquet at Hotel Pfister - HOTEL PFISTER, MILWAUKEE, WI",,1906,Milwaukee$WI,Wisconsin,,"birdie, rare"
4000018520.jpg,Menu - Duke's House Cafe And Restaurant,,1906,Hoboken$NJ,New?Jersey,,"turtle, rare"
4000018553.jpg,Luncheon for California Promotion Committee after resumption of hotel business in burned district - St. Francis Hotel,,1906,San?Francisco$CA,California,,"birdie, rare"
4000018574.jpg,Dinner Tendered by Members to the 'Senior Eight' in Honor of Their Victory in the Senior Eight-Oared Shell Race - Nassau Boat Club,,1906,New?York$NY,New?York,,"birdie, rare"
4000018590.jpg,Dinner Event at Young's New Million Dollar Pier,,1906,Atlantic?City$NJ,New?Jersey,,"birdie, rare"
4000018609.jpg,"FELISA BALBIN DINNER MENU - GARCIA'S PLACE, YBOR CITY, FLORIDA",,1906,YBOR?CITY$FLORIDA,Florida,,
4000018650.jpg,"TWENTY-NINTH ANNUAL DINNER - THE AUDITORIUM, MINNEAPOLIS, MN",,1906,Minneapolis$MN,Minnesota,,
4000018645.jpg,"DAILY MENU - Walton's Old Homestead Oyster And Chop House, 245 EIGHTH AVENUE, NEW YORK",,1906,New?York$NY,New?York,,"birdie, rare"
4000018660.jpg,Annual Dinner Menu - AUDITORIUM HOTEL,,1906,Chicago$IL,Illinois,,
4000018668.jpg,"Dinner Menu at Galatoire's Restaurant - Galatoire's Restaurant, New Orleans, LA",,1906,New?Orleans$LA,Louisiana,,"turtle, rare"
4000018678.jpg,Old-Fashioned Rhode Island Clam Bake - Olympic Club Of New York,,1906,Bay?Shore$NY,New?York,,
4000018715.jpg,"Third Annual Banquet at Hotel Cadillac - Hotel Cadillac, Detroit, MI",,1906,Detroit$MI,Michigan,,"turtle, rare"
4000018794.jpg,"DINNER MENU at MURRAY HILL HOTEL - MURRAY HILL HOTEL, NEW YORK, NY",,1906,New?York$NY,New?York,,"birdie, rare"
4000018835.jpg,A Farewell Dinner to Dr. Stephen S. Wise - PORTLAND COMMERICAL CLUB,,1906,Portland$OR,Oregon,,
4000018828.jpg,Welcome Home Dinner Tendered to the Honorable Robert A. Van Wyck - A Few Of His Friends,,1906,New?York$NY,New?York,,"birdie, rare"
4000018737.jpg,"Banquet in Honor of Charles W. Fairbanks, Vice President of U.S. - AUDITORIUM HOTEL",,1906,Chicago$IL,Illinois,,"birdie, rare"
4000018819.jpg,"THIRD ANNUAL CONVENTION MENU - BELLEVUE-STRATFORD HOTEL, PHILADELPHIA, PA",,1906,Philadelphia$PA,Pennsylvania,,
4000018754.jpg,Luncheon Tendered to Hon William Jennings Bryan at The New St. Charles - Citizens Of New Orleans,,1906,New?Orleans$LA,Louisiana,,
4000018800.jpg,"Dinner in Honour of Sir Thomas Lipton - Chicago Athletic Association, Chicago, IL",,1906,Chicago$IL,Illinois,,
4000018722.jpg,"18th Annual Banquet at Hotel Schenley - Hotel Schenley, Pittsburgh, PA",,1906,Pittsburgh$PA,Pennsylvania,,"birdie, turtle, rare"
4000018841.jpg,"32nd Annual Banquet Menu at NEW WILLARD HOTEL - NEW WILLARD HOTEL, Washington, DC",,1906,Washington$DC,,,"birdie, rare"
4000018837.jpg,Fountain Luncheon at Siegel Cooper Co.,,1906,New?York$NY,New?York,,
4000018847.jpg,"Quick Luncheon and Afternoon Tea at Siegel Cooper Co. - Siegel Cooper Co., SIXTH AVENUE, NEW YORK",,1906,New?York$NY,New?York,,
4000018868.jpg,Dinner in Honor of Tour Participants - NEW WILLARD,,1906,Washington$DC,,,"birdie, turtle, rare"
4000018871.jpg,Midnight Supper in Honor of Anna Held and Florenz Ziegfeld - Hotel Majestic,,1906,Philadelphia$PA,Pennsylvania,,
4000018889.jpg,Second Annual Banquet at American Association Of Freight Traffic Officers - Waldorf-Astoria,,1906,New?York$NY,New?York,,
4000018927.jpg,Complimentary Dinner and Presentation to Matthew A. Henson - Colored Citizens Of New York And Vicinity,,1909,,,,
4000018941.jpg,20th Annual Meeting Dinner at ST.DENIS HOTEL,,1906,New?York$NY,New?York,,
4000018951.jpg,Arcadia Club Annual Dinner - Murray Hill Hotel,,1906,New?York$NY,New?York,,"birdie, rare"
4000018920.jpg,"Governor's Foot Guards Anniversary Dinner - Hotel Somerset, Boston, MA",,1906,Boston$MA,Massachusetts,,"turtle, rare"
4000018975.jpg,24th Annual Banquet - Carriage Builders National Association,,1906,Atlanta$GA,Georgia,,
4000018991.jpg,Dinner at the 97th Meeting at Bankers' Club - Bankers' Club Of The City Of Chicago,,1906,Chicago$IL,Illinois,,
4000018983.jpg,Annual Banquet Menu - Birmingham Alumni Association Of The University Of The South,,1906,Birmingham$ALABAMA,Alabama,,
4000018999.jpg,A La Carte Dinner Menu - Collins Restaurant,,1906,New?York$NY,New?York,,
4000019005.jpg,Annual Meeting Menu - Alumni Association Of The Cumberland Street & Brooklyn Homeopathic Hospitals,,1906,New?York$NY,New?York,,"birdie, turtle, rare"
4000019008.jpg,"Hella Temple Annual Banquet - Oriental Hotel, Dallas, Texas",,1906,Dallas$TEXAS,Texas,,"birdie, rare"
4000019030.jpg,King's Birthday Dinner at Delmonico's,,1906,New?York$NY,New?York,,
4000019046.jpg,Symposium Menu at Kind Words Club,,1906,Philadelphia$PA,Pennsylvania,,"birdie, turtle, rare"
4000019019.jpg,Banquet for Capt. Roald Amundsen - Norwegian Club Of New York,,1906,Brooklyn$NY,New?York,,"birdie, rare"
4000019051.jpg,Fifty-Eighth Meeting Anniversary Menu - The Merchant's Club Of Chicago,,1906,Chicago$IL,Illinois,,"birdie, rare"
4000019084.jpg,"25th Anniversary Celebration Menu - Providence Lodge No. 14 B.P.O. Elks, Infantry Hall, Providence, RI",,1906,Providence$RI,Rhode?Island,,
4000019075.jpg,"Daily Menu at The Golden Pheasant - The Golden Pheasant, 1222 Sutter Street, San Francisco, CA",,1906,San?Francisco$CA,California,,"birdie, rare"
4000019092.jpg,Dinner in Honor of Governor and Legislature - Tampa Bay Hotel,,1906,Tampa$FL,Florida,,
4000019095.jpg,Special Dinner Commemorative of the Visit of the Italian Cruiser 'Ettore Fieramosra' - Consuls Of France And Italy,,1906,Philadelphia$PA,Pennsylvania,,"birdie, rare"
4000019100.jpg,"Banquet Tendered to Dr. William Jarvie - Waldorf-Astoria Hotel, New York, NY",,1906,New?York$NY,New?York,,
4000019119.jpg,"National Civil Service Reform League Dinner - Harmonie Hall, New Haven, CT",,1906,New?Haven$CT,Connecticut,,"birdie, turtle, rare"
4000019154.jpg,"Dinner to Crew of 1906 at Hotel Somerset - Hotel Somerset, Boston, MA",,1906,Boston$MA,Massachusetts,,"turtle, rare"
4000019159.jpg,Dinner in Honor of M. Warley Platzeck's Election as a Justice of the Supreme Court - National Democratic Club Board Of Governors,,1906,,,,"turtle, rare"
4000019168.jpg,Dinner Event for Governor-Elect Edwin S. Stuart - Hotel Bellevue-Stratford,,1906,Philadelphia$PA,Pennsylvania,,"birdie, rare"
4000019203.jpg,25th Anniversary Banquet at New Haven Yacht Club,,1906,New?Haven$CT,Connecticut,,"turtle, rare"
4000019188.jpg,"Dinner Event at Republican Club - Republican Club, New York",,1906,New?York$NY,New?York,,"turtle, rare"
4000019210.jpg,"THANKSGIVING DAY BREAKFAST, DINNER & SUPPER at Indiana State Soldiers' Home",,1906,La?Fayette$INDIANA,INDIANA,,
4000019185.jpg,"Banquet for Harvard Varsity Football Team - WHITE'S TONTINE HOTEL, New Haven, CT",,1906,New?Haven$CT,Connecticut,,"birdie, turtle, rare"
4000019215.jpg,Jefferson Hotel Dinner Menu,,1906,San?Francisco$CA,California,,"birdie, rare"
4000019245.jpg,"Annual Dinner at Hotel Savoy - Hotel Savoy, New York",,1906,New?York$NY,New?York,,
4000019221.jpg,"Thanksgiving Day Menu at M.F.Lyons Dining Rooms - 261 Bowery, NY",,1906,New?York$NY,New?York,,"birdie, rare"
4000019280.jpg,Dinner at Dobbeltskrue Postdamskibet C.F.Tietgen,,1906,,,,
4000019227.jpg,Thanksgiving Day Dinner at Martinsville Sanitarium,,1906,Martinsville$IND.,Indiana,,"birdie, rare"
4000019271.jpg,Annual Banquet Menu - Chamber Of Commerce Of New Haven (Ct),,1906,New?Haven$CT,Connecticut,,"birdie, turtle, rare"
4000019318.jpg,"ILLINOIS MANUFACTURERS' ASSOCIATION ANNUAL MEETING AND DINNER - AUDITORIUM HOTEL, CHICAGO, IL",,1906,Chicago$IL,Illinois,,
4000019286.jpg,"Third Annual Banquet Menu at Alumni Association N.Y.N.S.S. St. Mary's - Alumni Association N.Y.N.S.S. St. Mary's, ON BOARD, 24TH STREET, EAST RIVER",,1906,,,,
4000019294.jpg,59th Meeting Menu at The Merchants Club Of Chicago,,1906,Chicago$IL,Illinois,,"birdie, turtle, rare"
4000019325.jpg,"SECOND ANNUAL BANQUET at AUDITORIUM HOTEL - AUDITORIUM HOTEL, CHICAGO, IL",,1906,Chicago$IL,Illinois,,
4000019352.jpg,"Third Annual Banquet at The Grand Orient - THE GRAND ORIENT, YBOR CITY, FL",,1906,Ybor?City$FL,Florida,,
4000019340.jpg,"THE THIRTEEN CLUB - 257TH REGULAR MEETING AND DINNER - 257 EAST HOUSTON STREET, NEW YORK, NY",,1906,New?York$NY,New?York,,
4000019393.jpg,Dinner Tendered to Hon. John Barrett at Portland Commercial Club,,1906,Portland$OR,Oregon,,"turtle, rare"
4000019387.jpg,"Eighth Annual Dinner at Shanley's Roman Court - SHANLEY'S ROMAN COURT, NEW YORK, NY",,1906,New?York$NY,New?York,,"birdie, rare"
4000019397.jpg,Traditional Banquet at Ararat Temple A. A. O. N. M. S.,,1906,Kansas?City$MO,Missouri,,
4000019422.jpg,Dinner at Municipal Art Society,,1906,New?York$NY,New?York,,"birdie, rare"
4000019419.jpg,MIDDAG/DINNER at DOBBELTSKRUE POSTDAMPSKIBET - ON BOARD 'C.F. TIETGEN',,1906,,,,
4000019407.jpg,"Dinner honoring Mr. R. R. Bringhurst at Bellevue-Stratford Hotel - BELLEVUE-STRATFORD HOTEL, PHILADELPHIA, PA",,1906,Philadelphia$PA,Pennsylvania,,"birdie, rare"
4000019377.jpg,"NINTH ANNUAL DINNER at DELMONICO'S - DELMONICO'S, NEW YORK, NY",,1906,New?York$NY,New?York,,"turtle, rare"
4000019432.jpg,"University of Michigan Club Annual Dinner at Astor Hotel - University Of Michigan Club, Astor Hotel, New York, NY",,1906,New?York$NY,New?York,,
4000019452.jpg,Installation Banquet at New Hickory Restaurant,,1906,New?Orleans$LA,Louisiana,,"turtle, rare"
4000019443.jpg,"Dinner at Union League Club Friends - Union League Club, New York, NY",,1906,New?York$NY,New?York,,"birdie, turtle, rare"
4000019448.jpg,Banquet in Celebration of Newark's New City Hall Opening - Krueger Auditorium,,1906,Newark$NJ,New?Jersey,,"turtle, rare"
4000019473.jpg,"Banquet for Western Association of Shoe Wholesalers - Hotel Pfister, Milwaukee, WI",,1906,Milwaukee$WI,Wisconsin,,"birdie, turtle, rare"
4000019459.jpg,Dinner Menu at C. F. Tietgen Dobbeltskrue Postdampskibet,,1906,,,,
4000019464.jpg,"13th Annual Banquet at Boody House - Boody House, Toledo, Ohio",,1906,Toledo$OH,Ohio,,"birdie, rare"
4000019504.jpg,"M.F. Loyns Dining Rooms Daily Menu for Religious Holiday - 259 & 261 Bowery, New York City",,1906,New?York?City$NY,New?York,,"birdie, rare"
4000019510.jpg,Christmas Dinner at The Rockafellow,,1906,Hot?Springs$AR,Arkansas,,
4000019522.jpg,The Portland Menu,,1906,Portland$OR,Oregon,,"turtle, rare"
4000019526.jpg,Christmas Dinner at Hicks' Restaurant,,1906,Savannah$GA,Georgia,,"turtle, rare"
4000019532.jpg,Daily Breakfast Menu at The Rockafellow,,1906,Hot?Springs$AR,Arkansas,,
4000019543.jpg,Christmas Dinner at Hotel Jefferson,,1906,San?Francisco$CA,California,,"birdie, turtle, rare"
4000019552.jpg,Dinner Tendered to His Excellency at Palace Hotel - Staff Of Gov. George C. Pardee,,1906,San?Francisco$CA,,,
4000019536.jpg,Christmas Dinner at Denison Hotel,,1906,Indianapolis$IN,Indiana,,"birdie, turtle, rare"
4000019587.jpg,"Daily Menu at John Wanamaker - John Wanamaker, Broadway and 10th Street, New York, NY",,1906,New?York$NY,,,"turtle, rare"
4000019603.jpg,"Daily Menu at Bristol's Dining Rooms - 161 Bowery, and others",,1906,New?York$NY,,,
4000019584.jpg,"Lunch Menu at Van Liew's Restaurant - 779 BROADWAY, NEW YORK, NY",,1906,New?York$NY,,,
4000019612.jpg,Breakfast Menu at Siegel Cooper Co.,,1906,New?York$NY,,,
4000019606.jpg,Quick Luncheon and Afternoon Tea - Siegel Cooper Co.,,1906,New?York$NY,,,
4000019624.jpg,Inauguration Dinner Menu - Governor James H. Higgins,,1907,Providence$RI,Rhode?Island,,
4000019685.jpg,"Anniversary Dinner at Hotel Garde - Hotel Garde, Hartford, CT",,1907,Hartford$CT,Connecticut,,
4000019628.jpg,New Year's Dinner at Hotel Jefferson,,1907,San?Francisco$CA,California,,
4000019678.jpg,"Fiftieth Anniversary Banquet at Hotel Willard - HOTEL WILLARD, Washington, DC",,1907,Washington$DC,,,"turtle, rare"
4000019657.jpg,"Anniversary Dinner at The Camp-Fire Club - The Camp Fire Club, 320 Broadway, New York",,1907,New?York$NY,New?York,,"birdie, turtle, rare"
4000019648.jpg,Second Annual Banquet Menu at Grand Orient Restaurant - The Florida Brewing Co.,,1907,Grand?Orient?Restaurant$Florida,Florida,,
4000019634.jpg,"Gillespie's Restaurant Daily Menu - 266 8th Avenue, between 23rd & 24th Sts, opposite Grand Opera House, New York City",,1907,New?York?City$NY,New?York,,"turtle, rare"
4000019689.jpg,Dinner at Fifth Avenue Hotel,,1907,New?York$NY,New?York,,
4000019691.jpg,Breakfast at Fifth Avenue Hotel,,1907,New?York$NY,New?York,,"birdie, rare"
4000019702.jpg,"DAILY MENU at THE ANSONIA - BROADWAY AND 73RD STREET, NEW YORK",,1907,New?York$NY,New?York,,"birdie, turtle, rare"
4000019693.jpg,Daily Menu at Fifth Avenue Hotel,,1907,New?York$NY,New?York,,
4000019696.jpg,Daily Cafe Menu at Fifth Avenue Hotel,,1907,New?York$NY,New?York,,"birdie, rare"
4000019730.jpg,"BANQUET TO ABOVE at MANHASSET CLUB - MANHASSET CLUB, BROOKLYN, NY",,1907,BROOKLYN$NY,New?York,,"birdie, rare"
4000019763.jpg,"Third Annual Dinner at New Haven House - New Haven House, New Haven CT",,1907,New?Haven$CT,Connecticut,,"turtle, rare"
4000019758.jpg,"Third Annual Banquet at Palace Hotel - Palace Hotel, San Francisco, CA",,1907,San?Francisco$CA,California,,"birdie, rare"
4000019713.jpg,Annual Dinner Menu at Delmonico's,,1907,New?York$NY,New?York,,
4000019747.jpg,All American Banquet in Honor of Edwin C. Hall - Coeur De Lion Cammandery Number Twenty Three Knights Templar,,1907,New?York,New?York,,
4000019780.jpg,Dinner Menu at Hotel Knickerbocker,,1907,New?York$NY,New?York,,"birdie, rare"
4000019769.jpg,"Ohio County Bar Association Annual Banquet at Fort Henry Club - Fort Henry Club, Wheeling, WV",,1907,Wheeling$WV,West?Virginia,,
4000019796.jpg,THE NEW YORK FARMERS DINNER at METROPOLITAN CLUB,,1907,New?York$NY,New?York,,
4000019801.jpg,"30th Annual Meeting Menu at THE TEN EYCK - THE TEN EYCK, ALBANY, NY",,1907,Albany$NY,New?York,,
4000019792.jpg,Third Annual Banquet at The Ohio Society Of Philadelphia - BELLEVUE-STRATFORD HOTEL,,1907,Philadelphia$PA,Pennsylvania,,
4000019822.jpg,Daily Dinner Menu at Hotel Knickerbocker,,1907,New?York?City$NY,New?York,,"birdie, rare"
4000019818.jpg,"132nd Monthly Dinner, Ladies Reception at Boston Boot And Shoe Club - Boston Boot And Shoe Club, Hotel Brunswick",,1907,Boston$MA,Massachusetts,,"birdie, rare"
4000019807.jpg,Seventh Annual Banquet at The Bellevue-Stratford - Grocers' And Importers' Exchange,,1907,Philadelphia$PA,Pennsylvania,,
4000019854.jpg,Annual Dinner Menu at Republican Club - The J. Spencer Turner Co.,,1907,New?York?City$NY,New?York,,
4000019835.jpg,22nd Annual Dinner at The Holland Society of New York - Waldorf-Astoria,,1907,New?York$NY,New?York,,
4000019843.jpg,"25th Anniversary Dinner at The Clover Club - The Clover Club, Bellevue-Stratford, Philadelphia, PA",,1907,Philadelphia$PA,Pennsylvania,,
4000019848.jpg,"Annual Dinner Menu at Hotel Brunswick - Hotel Brunswick, Boston, MA",,1907,Boston$MA,Massachusetts,,
4000019895.jpg,"57th Annual Dinner at Manhattan Cricket Club - Manhattan Cricket Club, 308 Fulton Street, Brooklyn, NY",,1907,Brooklyn$NY,New?York,,"turtle, rare"
4000019872.jpg,"Twenty-First Annual Banquet Menu - Waldorf-Astoria, New York",,1907,New?York$NY,New?York,,
4000019917.jpg,Fifth Annual Dinner at Powers Hotel,,1907,Rochester$NY,New?York,,"turtle, rare"
4000019907.jpg,Annual Banquet Menu at Arkwright Club Of The City Of New York,,1907,New?York$NY,New?York,,"turtle, rare"
4000019940.jpg,Annual Dinner Menu at Hanover Club,,1907,Brooklyn$NY,New?York,,
4000019954.jpg,"ANNUAL BANQUET TO THE MANAGERS at THE WALDORF-ASTORIA - THE WALDORF-ASTORIA, NEW YORK",,1907,New?York$NY,New?York,,"birdie, rare"
4000019931.jpg,Flat Iron Restaurant & Cafe Menu,,1907,New?York$NY,New?York,,"birdie, turtle, rare"
4000020023.jpg,Smith & Mcnell's Breakfast and Supper Menu - 199 Washington Street,,1907,New?York$NY,New?York,,"turtle, rare"
4000020004.jpg,Dinner 'To Those Who Are About to Leave Us Temporarily' at The Shoreham - Tantalus Club,,1907,Washington$DC,,,"turtle, rare"
4000020017.jpg,Convention Dinner at Hotel Astor,,1907,New?York$NY,New?York,,"birdie, rare"
4000019956.jpg,"Annual Dinner at Hamilton Club - DYKER MEADOW GOLF CLUB, Hamilton Club",,1907,Brooklyn$NY,New?York,,"turtle, rare"
4000019977.jpg,Thirtieth Annual Dinner at Manhasset Club,,1907,Manhasset$NY,New?York,,"turtle, rare"
4000020034.jpg,"Ladies' Night at Clover Club of Boston - Hotel Somerset, Boston, MA",,1907,Boston$MA,Massachusetts,,
4000020038.jpg,Seventeenth Annual Social Session Menu - B.P.O.E. Amsterdam Lodge No. 101,,1907,Amsterdam$NY,New?York,,
4000020030.jpg,Orpheus Masquerade Dinner Menu,,1907,Buffalo$NY,New?York,,"birdie, rare"
4000020067.jpg,"B.P.O.E. DINNER at CONVENTION HALL - CONVENTION HALL, BUFFALO, NY",,1907,Buffalo$NY,New?York,,
4000020049.jpg,"Banquet for National Brick Manufacturers and Associations - PLANTERS HOTEL, ST. LOUIS, MO",,1907,St.?Louis$MO,Missouri,,"birdie, rare"
4000020105.jpg,DINNER OF BACHELOR CLUB BALL - Deutscher Club,,1907,Milwaukee$WI,Wisconsin,,
4000020070.jpg,Grand Masquerade Ball Menu - Arion,,1907,New?York?City$NY,New?York,,"birdie, turtle, rare"
4000020077.jpg,Seventh Annual Banquet at Italian Chamber Of Commerce In New York - Waldorf-Astoria,,1907,New?York$NY,New?York,,
4000020099.jpg,"THEATRE PARTY AND DINNER at MYERS HOTEL - MYERS HOTEL, NEW YORK HIPPODROME, NEW YORK CITY",,1907,New?York$NY,New?York,,
4000020089.jpg,Seventh Annual Dinner at Amen Corner - Fifth Avenue Hotel,,1907,New?York?City$NY,New?York,,"birdie, turtle, rare"
4000020112.jpg,"Lincoln Dinner at Trommer's Hall - Trommer's Hall, Brooklyn, NY",,1907,Brooklyn$NY,New?York,,"birdie, rare"
4000020125.jpg,Lincoln Night at Middlesex Club - Hotel Brunswick,,1907,Boston$MA,Massachusetts,,
4000020157.jpg,First Annual Dinner by The Rensselaer County Society In The City Of New York - Waldorf-Astoria,,1907,New?York$NY,New?York,,
4000020121.jpg,Third Annual Dinner in Commemoration of the 98th Anniversary of the Birth of Abraham Lincoln - The Graduates Club Of New York City,,1907,New?York?City$NY,New?York,,"birdie, rare"
4000020131.jpg,Annual Banquet in Commemoration of the 98th Anniversary of the Birth of Abraham Lincoln - The Lincoln Club,,1907,Brooklyn$NY,New?York,,"birdie, rare"
4000020181.jpg,"Vaudeville Dinner at Cafe Boulevard - Cafe Boulevard, New York",,1907,New?York$NY,New?York,,"birdie, rare"
4000020165.jpg,In Convivial Session at The Round Table,,1907,Cincinnati$OH,Ohio,,"turtle, rare"
4000020186.jpg,"Second Annual Dinner at The Oregon And Washington Lumber Manufacturers' Association - Commercial Club, Portland, OR",,1907,Portland$OR,Oregon,,
4000020170.jpg,"Eleventh Annual Dinner at Cortelyou Club - CLUB HOUSE, BEDFORD AVENUE, BROOKLYN, NY",,1907,Brooklyn$NY,New?York,,"birdie, turtle, rare"
4000020163.jpg,Dinner honoring Sr. Don Miguel Ahumeda - B.P.O.Elks No. 187,,1907,El?Paso$TX,Texas,,"turtle, rare"
4000020202.jpg,"Daily Luncheon Menu at Aldine Association - 111 Fifth Ave, New York City",,1907,New?York?City$NY,New?York,,"birdie, turtle, rare"
4000020236.jpg,"NINTH ANNUAL BANQUET at Citizens Business League - PLANKINTON HOUSE, MILWAUKEE, WI",,1907,Milwaukee$WI,Wisconsin,,"turtle, rare"
4000020213.jpg,"Banquet at Hotel Somerset - Hotel Somerset, Commonwealth Avenue, Boston, MA",,1907,Boston$MA,Massachusetts,,
4000020200.jpg,"Twenty-First Annual Dinner at Arunellclub Hall - ARUNELLCLUB HALL, 2 W. EAGER ST., Baltimore, MARYLAND",,1907,Baltimore$MARYLAND,Maryland,,"turtle, rare"
4000020267.jpg,38th Annual Banquet at Plankinton House - Old Settlers Club Of Milwaukee County,,1907,Milwaukee$WI,Wisconsin,,"turtle, rare"
4000020206.jpg,Annual Dinner at Milwaukee Harvard Club - Hotel Pfister,,1907,Milwaukee$WI,Wisconsin,,"birdie, turtle, rare"
4000020284.jpg,Washington's Birthday Celebration Menu - Hotel Alexandria,,1907,Los?Angeles$CA,California,,"turtle, rare"
4000020276.jpg,Washington's Birthday Celebration Menu - The Olivia Restaurant,,1907,Joplin$MO,Missouri,,
4000020291.jpg,"13th Annual Banquet Menu - Southern Hotel, St. Louis, MO",,1907,St.?Louis$MO,Missouri,,"birdie, rare"
4000020301.jpg,Dinner Commemorating a New Record - Standard Steel Car Company,,1907,Butler$PA,Pennsylvania,,"birdie, rare"
4000020278.jpg,"Annual Banquet Menu at Delmonico's - DELMONICO'S, NEW YORK CITY",,1907,New?York?City$NY,New?York,,
4000020342.jpg,Dinner at Fifth Annual Pumpernickel Club Event - Hotel Brevoort,,1907,New?York$NY,New?York,,"birdie, rare"
4000020325.jpg,Farewell Dinner to Maestro Giacomo Puccini at Enrico Caruso Of The Metropolitan Opera House,,1907,New?York?City,New?York,,"birdie, rare"
4000020317.jpg,Third Annual Banquet Menu - Produce Merchants Association,,1907,Portland$OR,Oregon,,
4000020387.jpg,FOURTHY ANNUAL BANQUET CELEBRATING THE BIRTH OF ST. PATRICK - STAUCH PALACE HOTEL,,1907,Coney?Island$NY,New?York,,"turtle, rare"
4000020357.jpg,Annual Banquet Menu - National Wholesale Lumber Dealers Association,,1907,Washington$DC,,,"birdie, turtle, rare"
4000020352.jpg,"DEED TO H.M. HOWARD - COMPLIMENTARY/TESTIMONIAL - PALACE HOTEL, SAN FRANCISCO, CA",,1907,San?Francisco$CA,California,,"birdie, rare"
4000020395.jpg,St. Patrick's Day Banquet Celebration - Irish Fellowship Club,,1907,Chicago$IL,Illinois,,"birdie, rare"
4000020406.jpg,Eighth Annual Dinner at American Railway Engineering And Maintenance Of Way Association - THE AUDITORIUM,,1907,Chicago$IL,Illinois,,"birdie, rare"
4000020421.jpg,"ANNUAL OUTBREAK at LEGISLATIVE CORRESPONDENTS' ASSOCIATION - THE TEN EYCK, ALBANY, NY",,1907,Albany$NY,New?York,,"birdie, turtle, rare"
4000020442.jpg,Anniversary Dinner at Union League - Billiard Pool And Bowling Tournament,,1907,,,,
4000020468.jpg,"Inter Coastal Canal Committee Dinner at Hotel Mahaffey - Hotel Mahaffey, Jennings, LA",,1907,Jennings$LA,Louisiana,,
4000020453.jpg,173rd Regular Meeting Menu at New Algonquin Club - The Beacon Society Of Boston,,1907,Boston$MA,Massachusetts,,"birdie, rare"
4000020472.jpg,"Treasurers Club Of America Anniversary Banquet - Hotel Astor, New York City",,1907,New?York?City$NY,New?York,,"birdie, rare"
4000020485.jpg,"13TH ANNUAL CONVENTION AND BANQUET at THE RALEIGH - THE RALEIGH, Washington, DC",,1907,Washington$DC,,,"birdie, turtle, rare"
4000020476.jpg,Ninth Annual Meeting and Banquet Menu - The Union League Club,,1907,,,,"birdie, turtle, rare"
4000020492.jpg,Third Annual Dinner at Past Master's Association - Past Master's Association Of The 29th Masonic District Of New York,,1907,Elmira$NY,New?York,,
4000020495.jpg,Eighth Annual Banquet at Glen Falls Club,,1907,Glen?Falls$NY,New?York,,
4000020516.jpg,"Fifth Annual Banquet at Hillman Hotel - HILLMAN HOTEL, BIRMINGHAM, AL",,1907,Birmingham$AL,Alabama,,"turtle, rare"
4000020504.jpg,Twentieth Century Aldermanic Association Dinner at Bellevue Hotel,,1907,Boston$MA,Massachusetts,,
4000020541.jpg,"MISS CHARLIE SMITH's DINNER PARTY MENU - GARCIA'S PLACE, THE GRAND ORIENT, YBOR CITY, FL",,1907,YBOR?CITY$FL,Florida,,
4000020557.jpg,"BACHELOR CLUB BANQUET at ZINZENDORF HOTEL - ZINZENDORF HOTEL, Bachelor Club",,1907,Winston-Salem$NC,North?Carolina,,
4000020572.jpg,"Dinner of the Fruit Trade of New York City - Astor Hotel, Auspices Of The New York Fruit Exchange",,1907,New?York?City$NY,New?York,,"birdie, rare"
4000020562.jpg,Seventeenth Annual Appomattox Day Banquet - Hamilton Club Of Chicago,,1907,Chicago$IL,Illinois,,"birdie, rare"
4000020588.jpg,Dinner on board C.F. Tietgen - Dobbelskrue Postdampskibet,,1907,,,,"birdie, rare"
4000020548.jpg,"Dinner to His Excellency Charlemagne Tower at Manhattan Club - MANHATTAN CLUB, NEW YORK, NY",,1907,New?York$NY,New?York,,"birdie, rare"
4000020584.jpg,"Anniversary Dinner at Southern Hotel - Southern Hotel, St. Louis, MO",,1907,St.?Louis$MO,Missouri,,"turtle, rare"
4000020594.jpg,20th Annual Banquet at Lumbermen's Exchange,,1907,Philadelphia$PA,Pennsylvania,,"birdie, rare"
4000020607.jpg,"NINTH ANNUAL BANQUET - BRUNSWICK HOTEL, BOSTON, MA",,1907,Boston$MA,Massachusetts,,"birdie, turtle, rare"
4000020641.jpg,"Banquet honoring William Randolph Hearst - Hotel Savoy, New York",,1907,New?York$NY,New?York,,"birdie, rare"
4000020621.jpg,"THIRTEEN CLUB - WASHINGTON TRIP MENU - Thirteen Club, NATIONAL HOTEL, Washington, DC",,1907,Washington$DC,,,"turtle, rare"
4000020616.jpg,"Dinner for Newspaper Publicity Men of Philadelphia Politics - Hotel Majestic, Philadelphia, PA",,1907,Philadelphia$PA,Pennsylvania,,"birdie, rare"
4000020710.jpg,"Congressmen Banquet in Honor of Greater New York - TERRACE GARDEN, New York Post Office Clerks Association",,1907,New?York$NY,New?York,,
4000020705.jpg,"Annual Meeting Menu at Boston Boot And Shoe Club - Hotel Brunswick, Boston Boot And Shoe Club",,1907,Boston$MA,Massachusetts,,
4000020696.jpg,Dinner in Honor of Raphael Weill - Reuben H. Lloyd,,1907,San?Francisco$CA,California,,"birdie, turtle, rare"
4000020684.jpg,Dinner Menu aboard Dobbeltskrue Postdampskibet C.F. Tietgen,,1907,,,,
4000020667.jpg,Jefferson's Birthday Celebration with Guest of Honor William Jennings Bryan - Brooklyn Democratic Club,,1907,Brooklyn$NY,New?York,,"turtle, rare"
4000020688.jpg,"Sixth Annual Dinner at Union League Club - Union League Club, 39th Street and Fifth Avenue",,1907,New?York$NY,New?York,,"birdie, rare"
4000020730.jpg,"Dedication Event Menu - Elllicott Club, Buffalo Chamber Of Commerce",,1907,Buffalo$NY,New?York,,
4000020764.jpg,"Annual Banquet Celebrating the Battles of Lexington and Concord - JEFFERSON HOTEL, SAINT LOUIS, MO",,1907,Saint?Louis$MO,Missouri,,"turtle, rare"
4000020798.jpg,TWENTY-SEVENTH ANNUAL BANQUET IN COMMEMORATION OF THOMAS JEFFERSON - Iroquois Club,,1907,,,,"birdie, rare"
4000020742.jpg,Annual Banquet Menu at Fairmont Hotel,,1907,San?Francisco$CA,California,,"birdie, rare"
4000020807.jpg,MIDDAG/DINNER at DOBBELTSKRUE POSTDAMPSKIBET - ON BOARD 'C.F. TIETGEN',,1907,,,,"birdie, turtle, rare"
4000020844.jpg,"3D ANNUAL BANQUET at TWENTY-FOURTH WARD REPUBLICAN CLUB - BELMONT MANSION, FAIRMONT PARK",,1907,,,,"birdie, rare"
4000020826.jpg,"One Hundred and Twenty-First Anniversary Menu - Waldorf-Astoria Hotel, New York, NY",,1907,New?York$NY,New?York,,"birdie, turtle, rare"
4000020839.jpg,"Banquet Tendered to Mr. M.M. Finley at Camthon Hotel - CAMTHON HOTEL, Mobile Commercial Club",,1907,Mobile$AL,Alabama,,
4000020858.jpg,100th Dinner at The Bankers Club Of Chicago,,1907,Chicago$IL,Illinois,,"turtle, rare"
4000020879.jpg,"SEVENTEENTH ANNUAL BANQUET at THE FRATERNAL UNION OF ANOINTED HIGH PRIESTS - EVERETT HOUSE, UNION SQUARE AND 17TH STREET, NEW YORK",,1907,New?York$NY,New?York,,
4000020869.jpg,Dinner to Diplomatic Corps on Steamer Newport News - Aboard Steamer Newport News,,1907,Norfolk$VA,Virginia,,"birdie, rare"
4000020874.jpg,"Dinner Event at Union League Club - Union League Club, New York",,1907,New?York$NY,New?York,,
4000020862.jpg,SIXTH ANNUAL DINNER at THE CANTON SOCIETY OF NEW YORK - HOTEL MANHATTAN,,1907,New?York$NY,New?York,,"birdie, rare"
4000020888.jpg,17th Annual Reunion and Dinner at Hotel Astor,,1907,New?York$NY,New?York,,
4000020897.jpg,Dinner in Honor of H.M.S. Good Hope Ship's Company - The Ship's Company Of The U.S.S. Louisiana,,1907,Hampton?Roads$VA,Virginia,,
4000020902.jpg,Dinner in Honor of U.S.S. Louisiana Ship's Company - The Ship's Company Of H.M.S. Good Hope,,1907,Hampton?Roads$VA,Virginia,,
4000020915.jpg,"70th Birthday Anniversary Celebration Menu at Hotel Marseille - HOTEL MARSEILLE, BROADWAY AND 103RD STREET, NEW YORK CITY",,1907,New?York?City$NY,New?York,,"birdie, rare"
4000020962.jpg,Banquet for Representatives of the Press of New York City - Fraunces' Tavern,,1907,New?York$NY,New?York,,"birdie, rare"
4000020926.jpg,"DAILY MENU at Boston Dairy Lunch Co. - NO. 89 FOURTH AVENUE, BETWEEN 10TH AND 11TH STS., NEW YORK CITY",,1907,New?York?City$NY,New?York,,
4000020987.jpg,"Tait's Cafe Dinner Menu - Tait's Cafe, Van Ness Avenue and Eddy Street, San Francisco, CA",,1907,San?Francisco$CA,California,,"birdie, turtle, rare"
4000021021.jpg,"Anniversary Dinner at PFISTER HOTEL - PFISTER HOTEL, Milwaukee, Wisconsin",,1907,Milwaukee$WI,Wisconsin,,"birdie, rare"
4000020990.jpg,"Eleventh Annual Convention Menu - Hotel Zinzendorf, Winston-Salem, NC",,1907,Winston-Salem$NC,North?Carolina,,
4000021030.jpg,University of Maryland Anniversary Banquet,,1907,Baltimore$MD,Maryland,,
4000020994.jpg,"14th Annual Dinner Menu - Somerset Hotel, Massachusetts Society Of Colonial Wars",,1924,Somerset$MA,Massachusetts,,"turtle, rare"
4000020998.jpg,"Bachelor Dinner at Cavanagh's - 260 West 23rd St, NYC",,1928,New?York?City$NY,New?York,,"birdie, rare"
4000021048.jpg,Complimentary Dinner in Honor of Retiring Principals - Lincoln Club,,1907,Brooklyn$NY,New?York,,
4000021090.jpg,"Dinner in Honor of Duke Abruzzi - Hotel Chamberlain, Old Point Comfort, VA",,1907,Old?Point?Comfort$VA,Virginia,,"turtle, rare"
4000021081.jpg,269th Anniversary Celebration Menu - Ancient And Honorable Artillery Company Of Massachusetts,,1907,Boston$MA,Massachusetts,,
4000021072.jpg,"AMERICAN MEDICAL EDITORS' ASSOCIATION ANNUAL BANQUET - MARLBOROUGH-BLENHEIM HOTEL, Atlantic City, NJ",,1907,Atlantic?City$NJ,New?Jersey,,"birdie, turtle, rare"
4000021095.jpg,"BANQUET TO VISITING GRAND MASTERS at THE RALEIGH - THE RALEIGH, Washington, DC",,1907,Washington$DC,,,"birdie, rare"
4000021102.jpg,Daily Menu - Fraunces' Tavern,,1907,New?York$NY,New?York,,"birdie, turtle, rare"
4000021112.jpg,"BANQUET at THE JEFFERSON - THE JEFFERSON, RICHMOND, VA",,1907,Richmond$VA,Virginia,,"turtle, rare"
4000021122.jpg,"Annual Dinner Menu at Hotel Windsor - Hotel Windsor, Atlantic City, NJ",,1907,Atlantic?City$NJ,New?Jersey,,
4000021120.jpg,"Ninety-Sixth Anniversary Dinner at Rhode Island Medical Society - Masonic Building, Providence, RI",,1907,Providence$RI,Rhode?Island,,"turtle, rare"
4000021165.jpg,TWELFTH ANNUAL BANQUET at DAVENPORT'S SPOKANE,,1907,Spokane$WA,Washington,,
4000021152.jpg,"SIXTH ANNUAL BANQUET at National Association Of Piano Dealers Of America - AUDITORIUM HOTEL, Chicago, IL",,1907,Chicago$IL,Illinois,,"birdie, turtle, rare"
4000021176.jpg,"Luncheon in Honor of Sir Chentung Liangcheng - MERCHANT'S CLUB, NEW YORK",,1907,New?York$NY,New?York,,"birdie, rare"
4000021180.jpg,"Decennial Dinner at Harvard Ninety Seven - Vendome Hotel, Boston, MA",,1907,Boston$MA,Massachusetts,,"turtle, rare"
4000021253.jpg,"ANNUAL OUTING MENU at NOG'S RESTAURANT - NOG'S RESTAURANT, SPANISH FORT, NEW ORLEANS, LA",,1907,New?Orleans$LA,Louisiana,,
4000021239.jpg,"DINNER TO U.S. NAVAL OFFICERS STATIONED AT LEAGUE ISLAND - THE ORCHARD; ESSINGTON, PA",,1907,Philadelphia$PA,Pennsylvania,,
4000021205.jpg,"'97s Class Dinner - Decennial Reunion - MUSIC HALL, NEW HAVEN, CT",,1907,New?Haven$CT,Connecticut,,
4000021183.jpg,"Banquet and Reception Menu - FANEUIL HALL, BOSTON, MA",,1907,Boston$MA,Massachusetts,,
4000021195.jpg,Dinner at the Seventeenth Annual Convention of the Ohio Bankers' Association - SINTON HOTEL,,1907,Cincinnati$Ohio,Ohio,,"birdie, rare"
4000021328.jpg,"DAILY MENU at THE WASHINGTON - KINGS HIGHWAY AND WASHINGTON BOULEVARD, ST. LOUIS, MO",,1907,St.?Louis$MO,Missouri,,"birdie, turtle, rare"
4000021334.jpg,Dinner to His San Francisco Friends at Fairmont Hotel,,1907,San?Francisco$CA,California,,"birdie, rare"
4000021304.jpg,"DINNER TO BOARD OF ALDERMEN at BELLEVUE STRAFORD - BELLEVUE STRAFORD, Philadelphia, PA",,1907,Philadelphia$PA,Pennsylvania,,"birdie, rare"
4000021200.jpg,First Annual Banquet Menu - National Wholesale Grocers' Association Of The United States,,1907,,,,"birdie, rare"
4000021277.jpg,Banquet for International Stewards' Association Seventh Annual Convention - Chicago Stewards' Club,,1907,Chicago$IL,Illinois,,"birdie, rare"
4000021316.jpg,"THIRTIETH ANNUAL DINNER at AMERICAN BAR ASSOCIATION - NEW FALMOUTH HOTEL, PORTLAND, ME",,1907,Portland$ME,Maine,,"turtle, rare"
4000021323.jpg,"Daily Menu at Lippe's Restairamt - Lippe's Restairamt, Chemical Building, 8th and Olive, St. Louis, MO",,1907,St.?Louis$MO,Missouri,,"turtle, rare"
4000021403.jpg,Opening Dinner at The Plaza Construction Company,,1907,New?York$NY,New?York,,
4000021389.jpg,Semi-Centennial Dinner Commemoration - Homeopathic Medical Society Of The County Of Kings,,1907,Brooklyn$New?York,New?York,,"birdie, turtle, rare"
4000021337.jpg,"Daily Menu at The Modern Dining Room - 8 Central Avenue, Newark, NJ",,1907,Newark$NJ,New?Jersey,,
4000021264.jpg,"Banquet for Visiting Press of the United States at Grand Lodge Reunion - Majestic Hotel, Philadelphia, PA",,1907,Philadelphia$PA,Pennsylvania,,"birdie, rare"
4000021381.jpg,"Inaugural Inspection and Banquet to the American Press, Members of the Retail Trade, Public Officials, and Educators - Wanamaker Store",,1907,New?York$NY,New?York,,"birdie, rare"
4000021396.jpg,"Fiftieth Anniversary Dinner at Fairmont Hotel - Fairmont Hotel, San Francisco, CA",,1907,San?Francisco$CA,California,,"birdie, rare"
4000021441.jpg,Breakfast Event for Governor of the Mississippi Valley - Business Men's League Of St.Louis,,1907,,,,
4000021474.jpg,A La Carte Menu at Waldorf Astoria,,1905,New?York?City$NY,New?York,,"birdie, turtle, rare"
4000021426.jpg,Dinner to the President of the US & the Inland Waterways Commission on board steamboat 'Alton' - Officers & Members Of The Business Men's League Of St.Louis,,1907,St.?Louis$MO,Missouri,,
4000021470.jpg,3rd Annual Dinner at Chicago Association Of Commerce,,1907,Chicago$IL,Illinois,,"birdie, rare"
4000021493.jpg,"Wedding Menu at Hotel Majestic - HOTEL MAJESTIC, PHILADELPHIA, PA",,1907,Philadelphia$PA,Pennsylvania,,"birdie, rare"
4000021498.jpg,Annual Dinner Menu - The Schnorer Club Of Morrisania,,1907,New?York$NY,New?York,,"birdie, rare"
4000021349.jpg,"Luncheon in Honor of Hon. Charles Evans Hughes and Robert B. Brown - CONGRESS HALL, SARATOGA SPRINGS, NY",,1907,Saratoga?Springs$NY,New?York,,"birdie, turtle, rare"
4000021459.jpg,"Breakfast on board the Steamer Puritan during trip to Germanic Museum - ON BOARD, STEAMER PURITAN [FALL RIVER LINE]",,1907,Cambridge$MA,Massachusetts,,
4000021531.jpg,"Dinner in honor of Governor Thomas M. Campbell - Oriental Hotel, Dallas, TX",,1907,Dallas$TX,Texas,,
4000021353.jpg,"First Annual Banquet Menu at Hillman Hotel - Hillman Hotel, Caterers Of Alabama, State Organization Affiliated With I.S.A.",,1907,Birmingham$AL,Alabama,,
4000021341.jpg,Banquet in Honor of K. Ishii - Hotel Butler,,1907,Seattle$WA,Washington,,"birdie, rare"
4000021358.jpg,Dinner in Honor of Mr. Albert Foster's Return from Europe - UNION LEAGUE,,1907,,,,"turtle, rare"
4000021526.jpg,"TWENTY-FIRST ANNUAL DINNER AND MEETING at ST. DENIS HOTEL - ST. DENIS HOTEL, BROADWAY AND ELEVENTH STREET, NEW YORK",,1907,New?York$NY,New?York,,
4000021409.jpg,"Luncheon for President and Governors - Jefferson Hotel, St. Louis, MO",,1907,St.?Louis$MO,Missouri,,
4000021461.jpg,"Dinner during excursion to Germanic Museum - ON BOARD, STEAMER PURITAN [FALL RIVER LINE]",,1907,Cambridge$MA,Massachusetts,,"turtle, rare"
4000021468.jpg,"U.S. Navy Banquet for Rear Admiral Joseph B. Coughlan - TERRACE GARDEN, 58 ST. NYC",,1907,New?York$NY,New?York,,
4000021520.jpg,"Dinner to Her Bridesmaids at The Waldorf-Astoria - THE WALDORF-ASTORIA, Louise Clover Boldt",,1907,New?York?City$NY,New?York,,
4000021523.jpg,"Mrs. G.H. Gundry Dinner at Waldorf-Astoria - Waldorf-Astoria, New York",,1907,New?York$NY,New?York,,
4000021512.jpg,October Dinner at Clover Club,,1907,Philadelphia$PA,Pennsylvania,,
4000021596.jpg,"Fifth Annual Dinner at Blanco's - BLANCO'S, SAM FRANCISCO, CA",,1907,San?Francisco$CA,California,,
4000021559.jpg,Opening Dinner of Pontchartrain Hotel,,1907,Detroit$MI,Michigan,,"birdie, rare"
4000021607.jpg,"THIRTEENTH ANNUAL DINNER at COLLEGIATE CLUB - LENOX AVENU COLLEGIATE REFORMED CHURCH, NEW YORK",,1907,New?York$NY,New?York,,
4000021568.jpg,Fourth Annual Dinner at The Lincoln Club - Cumberland Street And Brooklyn Homeopathic Hospitals,,1907,Brooklyn$NY,New?York,,"turtle, rare"
4000021648.jpg,41st Annual Dinner Menu - American Institute Of Architects,,1907,Chicago$IL,Illinois,,"birdie, turtle, rare"
4000021549.jpg,"Dinner in Honor of George Von L. Meyer, Postmaster General of the United States - Union League, Philadelphia, PA",,1907,Philadelphia$PA,Pennsylvania,,"turtle, rare"
4000021581.jpg,"SEVENTEENTH ANNUAL BANQUET at HOTEL WALTON - HOTEL WALTON, PHILADELPHIA, PENNSYLVANIA",,1907,Philadelphia$PA,Pennsylvania,,
4000021554.jpg,"Afternoon Tea at Ninth Floor Restaurant, John Wanamaker",,1907,New?York$NY,New?York,,
4000021651.jpg,Complimentary Luncheon at National Horse Show Association Of America Anniversary - Madison Square Garden,,1907,New?York?City$NY,New?York,,"birdie, rare"
4000021617.jpg,Dinner for Delegations at the Central American Peace Conference - Los Represemtamtes Doplomaticos De Las Republicas De Centro America,,1907,Washington$DC,,,"turtle, rare"
4000021573.jpg,"U.S.S. Vermont Menu - U.S.S. Vermont, Navy Yard, Charlestown, MA",,1907,Charlestown$MA,Massachusetts,,
4000021633.jpg,25th Anniversary Celebration Menu - Greenleaf Lodge No.561,,1907,ALLENTOWN$PA,Pennsylvania,,
4000021672.jpg,"Commemorative Banquet and Reception Menu - HORTICULTURAL HALL, PHILADELPHIA, PA",,1907,Philadelphia$PA,Pennsylvania,,"turtle, rare"
4000021687.jpg,AUTOMOBILE NIGHT at HOTEL PONTCHARTRAIN,,1907,Detroit$MI,Michigan,,"birdie, turtle, rare"
4000021656.jpg,Thanksgiving Dinner at The Clover Club,,1907,Philadelphia$PA,Pennsylvania,,
4000021693.jpg,DINNER at Jerusalem Temple A.A.O.N.M.S. for ANNIV event,,1907,New?Orleans$LA,Louisiana,,"turtle, rare"
4000021696.jpg,8th Annual Banquet at The Lobsters - THE OLD POODLE DOG,,1907,San?Francisco$CA,California,,"birdie, rare"
4000021699.jpg,Daily Dinner Menu at Blanco's,,1907,San?Francisco$CA,California,,"birdie, turtle, rare"
4000021725.jpg,"3rd Annual Banquet in Honor of Dr. Hubley R. Owen, President and Chief - Hotel Majestic",,1907,Philadelphia$PA,Pennsylvania,,
4000021720.jpg,"2nd Annual Dinner for Hon. Richard L. Ashhurst and Mr. George W. Knowles - Hotel Bellevue-Stratford, Philadelphia, PA",,1907,Philadelphia$PA,Pennsylvania,,
4000021740.jpg,U.S. Atlantic Fleet Crews Menu - U.S.Atlantic Fleet Crews,,1907,,,,"turtle, rare"
4000021750.jpg,Dinner in Honor of Frank E. Roundy - Murat (Shriners?),,1907,Indianapolis$IN,Indiana,,
4000021702.jpg,Daily Luncheon Menu at Blanco's,,1907,San?Francisco$CA,,,"birdie, turtle, rare"
4000021758.jpg,St. Andrews Society Of Illinois Menu,,1907,,,,
4000021770.jpg,Sphinx Club Anniversary Dinner - Waldorf Astoria,,1907,New?York$NY,New?York,,"birdie, rare"
4000021780.jpg,"ONE HUNDRED AND FIFTIETH ANNIVERSARY MENU - HOTEL SAVOY, FIFTH AVENUE AND 59TH STREET, NEW YORK",,1907,New?York$NY,New?York,,"birdie, turtle, rare"
4000021773.jpg,"Twentieth Century Aldermanir Association Dinner at Copley Square Hotel - COPLEY SQUARE HOTEL, BOSTON, MA",,1907,Boston$MA,Massachusetts,,
4000021760.jpg,Ketcham & Somers Menu - Herbert T. Ketcham And Arthur S. Somers,,1907,,,,"birdie, rare"
4000021832.jpg,Brooklyn League Menu,,1907,Brooklyn$NY,New?York,,
4000021793.jpg,"Second Dinner at Hotel Astor - Hotel Astor, New York",,1907,New?York$NY,New?York,,
4000021799.jpg,Union League of Philadelphia Menu,,1907,Philadelphia$PA,Pennsylvania,,
4000021853.jpg,Daily Menu at The Thorndike Hotel,,1907,Boston$MA,Massachusetts,,"birdie, turtle, rare"
4000021850.jpg,Olympic Club Menu - Olympic Club Of The City Of New York,,1907,New?York$NY,New?York,,
4000021864.jpg,Hotel Keepers' Association Menu - Hotel Keepers' Association Of Charleston,,1907,Charleston$SC,South?Carolina,,
4000021874.jpg,New York Credit Men's Association Dinner at Hotel St. Denis,,1907,New?York$NY,New?York,,
4000021856.jpg,"Daily Breakfast Menu at Hotel Thorndike - Hotel Thorndike, Boylston Street, Boston, MA",,1907,Boston$MA,Massachusetts,,
4000021869.jpg,Annual Banquet Tendered to Their Representatives at Rochester Club - The C.B. Woodworth's Sons Company,,1907,Rochester$New?York,New?York,,"turtle, rare"
4000021902.jpg,Christmas Dinner at The Portland,,1907,Portland$OR,Oregon,,"turtle, rare"
4000021879.jpg,Eclectic Menu at Club Of Odd Volumes,,1907,,,,
4000021966.jpg,Banquet Menu - Caledonian Club Banquet,,1907,,,,
4000021958.jpg,Upholstery and Allied Trades Menu - The Upholstey And Allied Trades,,1907,,,,
4000021941.jpg,"23rd Annual Dinner at B.C.T. - WALDOF-ASTORIA, B.C.T.",,1907,New?York$NY,New?York,,
4000021946.jpg,Boston Merchants Association Menu,,1907,Boston$MA,Massachusetts,,
4000021972.jpg,Athletic Club Dining Menu - Crescent Athletic Club,,1907,Brooklyn$New?York,New?York,,"birdie, turtle, rare"
4000021980.jpg,Athletic Club Dining Menu - Chicago Athletic Association,,1907,Chicago$IL,Illinois,,
4000022009.jpg,Dinner Menu at Meyers Hotel for Secular Holiday,,1908,Hoboken$NJ,New?Jersey,,
4000022013.jpg,Dinner Menu at New Falmouth Hotel for Secular Holiday,,1909,Portland$ME,Maine,,"turtle, rare"
4000022031.jpg,"Dinner in Honor of Professor Albert A. Michelson - University Of Chicago, THE AUDITORIUM ANNEX",,1908,Chicago$IL,Illinois,,"birdie, turtle, rare"
4000022016.jpg,New Year's Dinner at St. Charles Hotel,,1908,New?Orleans$LA,Louisiana,,"turtle, rare"
4000022019.jpg,Natal Day Greeting Menu at Hotel Bellevue-Stratford,,1908,Philadelphia$PA,Pennsylvania,,"birdie, rare"
4000022058.jpg,"Complimentary Reception and Banquet Tendered to Nathaniel Robinson, M.D. - The Lincoln Club",,1908,Brooklyn$NY,New?York,,"birdie, rare"
4000022044.jpg,Daily Dinner Menu at The Standish,,1908,Worcester$MA,Massachusetts,,
4000022063.jpg,"Testimonial Banquet at Hotel Pontchartrain - Hotel Pontchartrain, Detroit, MI",,1908,Detroit$MI,Michigan,,
4000022023.jpg,New Year's Dinner at The Bolton,,1908,Harrisburg$PA,Pennsylvania,,"turtle, rare"
4000022068.jpg,Daily Tea Menu at Congress Hotel,,1908,Chicago$IL,Illinois,,
4000022081.jpg,"Colorado Scientific Society Annual Dinner at University Club - UNIVERSITY CLUB, DENVER, CO",,1908,Denver$CO,Colorado,,
4000022094.jpg,SIXTH ANNUAL BANQUET at Chicago Stationers Association - THE AUDITORIUM,,1908,Chicago$IL,Illinois,,"birdie, rare"
4000022109.jpg,"ANNIVERSARY BANQUET at PEMIGEWASSET HOUSE - PEMIGEWASSET HOUSE, PLYMOUTH, NH",,1908,Plymouth$NH,New?Hampshire,,"turtle, rare"
4000022104.jpg,Sunday Dinner at Ladies and Gentlemen's Dining Room - Smith & Mcnells,,1908,New?York$NY,New?York,,
4000022115.jpg,Anniversary Banquet Menu - Northwestern Retail Harness And Saddlery Manufacturers Association,,1908,Portland$OR,Oregon,,
4000022135.jpg,FOURTH ANNUAL BANQUET MENU - ON BOARD THE S.S. ST. MARY'S,,1908,,,,
4000022118.jpg,Informal Beefsteak Dinner at Chicago Athletic Association,,1908,Chicago$IL,Illinois,,
4000022129.jpg,Annual Banquet Menu - Patent Law Associaton Of Washington,,1908,Washington$DC,,,
4000022144.jpg,"Twelfth Annual Banquet Menu - PLAZA, THE",,1908,New?York$NY,New?York,,
4000022121.jpg,ANNIVERSARY BANQUET MENU - SINTON HOTEL,,1908,CINCINNATI$OH,Ohio,,
4000022171.jpg,Dinner to Spencer Trask - National Arts Club,,1908,New?York$NY,New?York,,"birdie, rare"
4000022164.jpg,"Second Annual Dinner at Reisenweber's - REISENWEBER'S, NEW YORK, NY",,1908,New?York$NY,New?York,,
4000022167.jpg,"Business Men's League Annual Meeting Menu - MERCANTILE CLUB, St. Louis, MO",,1908,St.?Louis$MO,Missouri,,
4000022229.jpg,Forty-Third Anniversary Menu at Harvard Club - Harvard Club Of New York City,,1908,New?York$NY,New?York,,
4000022178.jpg,Supper in Honor of Augustus Thomas at Hotel Astor,,1908,New?York$NY,New?York,,"birdie, rare"
4000022199.jpg,TWENTY-FIFTH ANNUAL BANQUET - AUDITORIUM HOTEL,,1908,Chicago$IL,Illinois,,
4000022209.jpg,Eighth Annual Dinner at Hotel Astor,,1908,New?York$NY,New?York,,
4000022261.jpg,"Modern Woodmen of America Dinner at Hotel Woodstock - Hotel Woodstock, Woodstock, NY",,1908,Woodstock$NY,New?York,,"birdie, rare"
4000022241.jpg,Dinner at Amen Corner Axe - Fifth Avenue Hotel,,1908,New?York$NY,New?York,,"birdie, turtle, rare"
4000022247.jpg,"Dinner in Honor of Supreme Court Justice Charles Grant Garrison - South Jersey Bar, Philadelphia Bourse",,1908,Philadelphia$PA,Pennsylvania,,"birdie, rare"
4000022233.jpg,"Second Annual Dinner at Lyric Cafe Dining Room - Lyric Cafe Dining Room, Allentown, PA",,1908,Allentown$PA,Pennsylvania,,
4000022264.jpg,"7th Annual Dinner at Hotel Astor - Hotel Astor, New York City",,1908,New?York?City$NY,New?York,,"birdie, rare"
4000022267.jpg,"New Yorkers Club Dinner at Hotel Astor - Hotel Astor, New Yorkers Club",,1908,New?York$NY,New?York,,"birdie, rare"
4000022273.jpg,Dinner at The Economic Club Of New York - Hotel Astor,,1908,New?York$NY,New?York,,
4000022284.jpg,"11th Annual Dinner at The Scranton Engineers' Club - Hotel Jermyn, Scranton, PA",,1908,Scranton$PA,Pennsylvania,,"turtle, rare"
4000022290.jpg,Banquet at The Hollenden - Interlake Yachting Association,,1908,Cleveland$OH,Ohio,,"birdie, rare"
4000022307.jpg,First Annual Banquet Menu - Hotel St. Francis,,1908,San?Francisco$CA,California,,
4000022361.jpg,"25th Anniversary Menu at Hotel Somerset - Hotel Somerset, Cover Club Of Boston",,1908,Boston$MA,Massachusetts,,
4000022347.jpg,Fourth Annual Dinner at Maritime Association Of The Port Of New York - Waldorf-Astoria,,1908,New?York$NY,New?York,,"birdie, rare"
4000022349.jpg,"Complimentary Dinner at Montauk Club - Montauk Club, Brooklyn, NY",,1908,Brooklyn$NY,New?York,,"birdie, rare"
4000022378.jpg,"Annual Dinner Menu at Astor Hotel - Astor Hotel, New York, NY",,1908,New?York$NY,New?York,,"birdie, rare"
4000022371.jpg,Annual Banquet Menu at Knickerbocker Hotel - Knickbocker Hotel,,1908,New?York?City$NY,New?York,,
4000022398.jpg,"Rutgers College Alumni Association Annual Dinner at The Plaza - PLAZA, THE",,1908,New?York$NY,New?York,,
4000022384.jpg,Sixth Annual Banquet at The Dates - Automobile Club Of Syracuse,,1908,Syracuse$NY,New?York,,"birdie, rare"
4000022409.jpg,Dinner at New York Alumni Association of Lafayette College - Waldorf-Astoria Hotel,,1908,New?York$NY,New?York,,
4000022394.jpg,Dining Car Service Menu by Great Northern Railway,,1901,,,,
4000022424.jpg,"Banquet Tendered to the Officers, Delegates, and Alternates of the American Bowling Congress and Visiting Members of the Press - Linton Hotel",,1908,Cincinnati$OH,Ohio,,
4000022434.jpg,"Annual Banquet Menu at Infantry Hall - Infantry Hall, Providence, RI",,1908,Providence$RI,Rhode?Island,,"birdie, rare"
4000022466.jpg,"Public Service Dinner at Waldorf-Astoria - Waldorf-Astoria, American Institute Of Electrical Engineers",,1908,New?York$NY,New?York,,
4000022459.jpg,Eighth Annual Dinner at Quid Nunc Club - Arkwright Club,,1908,New?York$NY,New?York,,
4000022457.jpg,Lucullus Club Menu,,1908,New?York$NY,New?York,,"turtle, rare"
4000022452.jpg,COMING OF AGE BANQUET at MAJESTIC HOTEL - Master Builders' Exchange Of Philadelphia,,1908,Philadelphia$PA,Pennsylvania,,"birdie, rare"
4000022446.jpg,"THIRTY-FIRST ANNUAL DINNER at MANHASSET CLUB - CLUB HOUSE, Manhasset Club",,1908,Manhasset$New?York,New?York,,
4000022498.jpg,THE DENVER BAR ASSOCIATION SIXTEENTH ANNUAL BANQUET - ALBANY HOTEL,,1908,Denver$CO,Colorado,,
4000022477.jpg,Seventh Annual Banquet at The Stuyvesant Heights Republican Club,,1908,Brooklyn$NY,New?York,,
4000022494.jpg,Florida Postmasters Association Anniversary Dinner - GRAND ORIENT RESTAURANT,,1908,Tampa$FL,Florida,,
4000022667.jpg,Daily Menu at The Thorndike,,1888,Boston$MA,Massachusetts,,
4006184.jpg,Royal Alexandria Hotel Menu,,1937,,,,
4003997.jpg,Regular Menu - Roth's Bar Grill & Restaurant,,1941,,,,
4000022486.jpg,"NINETEENTH ANNUAL BANQUET at UNION CLUB - UNION CLUB, PITTSBURGH, PA",,1908,Pittsburgh$PA,Pennsylvania,,"turtle, rare"
4006196.jpg,Pallister Hotel Menu - Palliser Hotel,,1937,,,,
4006269.jpg,Royal York Hotel Menu,,1937,,,,"turtle, rare"
4006243.jpg,Waldorf Astoria Menu,,1937,,,,
4006189.jpg,Hotel Mc Alpin Dining Menu,,1937,New?York?City$NY,New?York,,
4006321.jpg,The Empress Hotel Menu,,1937,,,,
4006336.jpg,Hotel Astor Dining Menu,,1937,New?York?City$NY,New?York,,"turtle, rare"
4006386.jpg,Canadian Pacific Sponsor Menu,,1937,,,,
4006520.jpg,Menu aboard R.M.S. 'Queen Mary',,1937,,,,
4006507.jpg,Club House Menu - Jackson Heights Club House,,1937,Jackson?Heights$New?York,New?York,,
4006444.jpg,Oyster House Menu - Mayes Oyster House,,1937,,,,"birdie, turtle, rare"
4006533.jpg,Hotel New Yorker Dining Menu,,1937,New?York?City$NY,New?York,,"birdie, rare"
4006545.jpg,Tiny's Menu,,1937,,,,
4006727.jpg,Bds Menu,,1937,,,,
4006582.jpg,Twin Grill Menu,,1937,,,,
4006549.jpg,Sherman Square Hotel Menu,,1937,,,,
4006740.jpg,Merchant Taylor's Hall Menu,,1937,,,,
4006753.jpg,S.S. 'Pastores' Menu,,1937,,,,
4006824.jpg,Jonathan Club Menu,,1937,,,,
4006803.jpg,Steamship Yucatan Menu,,1937,,,,"turtle, rare"
4006849.jpg,The Lotos Club Menu,,1937,,,,"turtle, rare"
4006838.jpg,Eaton's Menu,,1937,,,,
4006857.jpg,Stouffer's Menu,,1937,,,,
4006861.jpg,Town Hall Club Menu - The Town Hall Club,,1937,,,,
4010908.jpg,Hotel Astor Dining Menu,,1934,New?York?City$NY,New?York,,
4010928.jpg,Hotel Vermont Dining Menu,,1934,Burlington$VT,Vermont,,
4011328.jpg,Royal Hawaiian Hotel Dining Menu,,1935,Honolulu$HI,Hawaii,,
4010954.jpg,Paradise Manor Menu,,1934,Paradise?Manor$Unknown,,,
4011331.jpg,Hotel Ambassador Menu,,1935,,,,
4010940.jpg,University Club Menu,,1934,,,,"birdie, rare"
4010962.jpg,Indian Cave Lodge And Cottages Menu,,1934,,,,
4011004.jpg,Hotel Lexington Menu,,1934,,,,"birdie, rare"
4011374.jpg,Vanderbilt Studios Inn Menu,,1935,,,,
4011352.jpg,Manhattan Club Menu,,1935,Manhattan$New?York,New?York,,"turtle, rare"
4011349.jpg,The Bankers Club Of America Menu,,1935,,,,
4011356.jpg,Hotel Biltmore Dining Menu,,1935,New?York?City$NY,New?York,,"birdie, rare"
4011366.jpg,Corporate Dining Menu - Guaranty Trust Company Of New York,,1935,,,,
4011434.jpg,S.S. American Farmer Menu,,1935,,,,
4011397.jpg,Diverse Menu Selection,,1935,,,,"turtle, rare"
4011437.jpg,S.S. American Shipper Dining Menu,,1935,,,,
4011394.jpg,Willard Hotel Dining Menu,,1935,Washington$D.C.,,,
4011433.jpg,The Light Of Asia Restaurant Menu,,1935,,,,
4011457.jpg,S.S. American Banker Menu,,1935,,,,
4011454.jpg,S.S. American Merchant Menu,,1935,,,,
4011446.jpg,The Mayflower Hotel Menu,,1935,,,,
4011448.jpg,El Fuerte Del Palmar Menu,,1935,,,,
4011440.jpg,S.S. American Importer Menu,,1935,,,,
4011530.jpg,Great Northern Hotel Menu,,1935,,,,
4013581.jpg,Anderton's Hotel Menu,,1938,,,,
4011536.jpg,Hotel Paris Menu,,1935,,,,"turtle, rare"
4013572.jpg,S.S. Manhattan Menu,,1938,,,,
4013569.jpg,New Haven Railroad Menu,,1938,,,,
4013591.jpg,Ritz Carlton Hotel Menu,,1938,,,,
4013661.jpg,Hotel New Yorker Menu,,1938,,,,
4013618.jpg,Royal Hawaiian Hotel Menu,,1938,,,,
4013594.jpg,The Manger Menu,,1938,,,,
4013670.jpg,Hotel Lafayette Dining Menu,,1938,Buffalo$NY,New?York,,
4013607.jpg,Elks Club Menu - The Elks Club,,1938,,,,
4013688.jpg,M/S 'Pilsudski' Menu,,1938,,,,
4013700.jpg,Hotel Geneve Menu,,1938,,,,
4013762.jpg,S.S. 'President Harding' Menu,,1938,,,,
4013725.jpg,Diverse Menu Selection,,1938,,,,
4013753.jpg,Seafood Delights Menu - Fishermen's Grotto,,1938,,,,
4013834.jpg,Dorlon's Menu,,1938,,,,
4013858.jpg,Hotel Kimball Menu,,1938,,,,
4013843.jpg,Robert Treat Hotel Menu,,1938,,,,
4014830.jpg,Donahoe's Menu,,1938,,,,
4014835.jpg,Almond Blossom Restaurant Menu,,1938,,,,
4014872.jpg,Joe Di Maggio's Grotto Menu,,1938,,,,
4014860.jpg,Menu at The Australia Hotel,,1938,,,,
4014842.jpg,Motorliner Kungsholm Menu,,1938,,,,"birdie, rare"
4014882.jpg,The Waldorf Astoria Menu,,1938,,,,"turtle, rare"
4014879.jpg,M.S. Kungsholm Menu,,1938,,,,
4014941.jpg,Country Club Dining Menu - Worcester Country Club,,1938,Worcester$MA,Massachusetts,,
4014885.jpg,Paul's Ship Ahoy Café Menu,,1938,,,,
4015023.jpg,Pfeiffer's Menu,,1938,,,,"birdie, rare"
4015035.jpg,Nash's Menu,,1938,,,,
4015033.jpg,Hotel Buffalo Menu,,1938,,,,"turtle, rare"
4015018.jpg,M/Y Stella Polaris Menu,,1938,,,,
4015030.jpg,Ye Golden Lion Tavern Menu,,1938,,,,
4015063.jpg,Green's Menu,,1938,,,,
4015099.jpg,Hotel Majestic Menu,,1938,,,,
4015093.jpg,Hotel Drake Wiltshire Menu,,1938,,,,
4015056.jpg,The Roosevelt Menu,,1938,,,,
4015114.jpg,Taj Menu,,1938,,,,
4015133.jpg,Cotton Club Menu,,1938,,,,
4015119.jpg,The Palmer House Menu,,1938,,,,
4015140.jpg,Hotel Fast Menu,,,,,,
4015177.jpg,"French Line West Indies Cruises Menu - French Line West Indies Cruises   S.S. Paris, S.S. Champlain, M.S. Lafayette",,1938,,,,
4015774.jpg,Observatory Dining Menu - Empire State Observatory,,1933,,,,
4015778.jpg,The Plaza Menu,,,,,,
4015847.jpg,Hotel Mc Alpin Menu,,1933,,,,"birdie, turtle, rare"
4015780.jpg,Hotel Pierre Dining Menu,,,New?York?City$NY,New?York,,
4015992.jpg,The Queen's Park Hotel Menu,,1933,,,,
4016026.jpg,Level Club Menu,,1933,,,,
4015988.jpg,Ambassador Grill Menu,,1933,,,,"birdie, turtle, rare"
4016092.jpg,Hotel Astor Menu,,1933,,,,"birdie, turtle, rare"
4016038.jpg,The Cortile Menu,,1933,,,,
4016203.jpg,S.S. Excalibur Menu,,1933,,,,"turtle, rare"
4016130.jpg,The Commodore Hotel Menu,,1933,,,,"birdie, rare"
4016172.jpg,Plaza Hotel Menu,,1933,,,,
4016195.jpg,Hotel Pierre Dining Menu,,1933,New?York?City$NY,New?York,,"birdie, rare"
4016204.jpg,The Ambassador Menu,,1933,,,,
4016491.jpg,The Hotel Commodore Menu,,1933,,,,"birdie, rare"
4016507.jpg,Palmer House Menu,,1933,,,,
4016497.jpg,Menu at The National Arts Club,,1933,,,,
4016225.jpg,Hotel Pennsylvania Dining Menu,,1933,New?York?City$NY,New?York,,
4016262.jpg,The Roosevelt Menu,,1933,,,,
4016545.jpg,The Towers Hotel Menu,,1933,,,,
4016559.jpg,Hotel Roosevelt Menu,,1933,,,,
4016540.jpg,The Hotel Plaza Menu,,1933,,,,
4016543.jpg,White Horse Inn Menu,,1933,,,,
4017043.jpg,Hotel Nicollet Menu,,1928,,,,
4017066.jpg,Hotel Roosevelt Dining Menu,,1928,Los?Angeles$CA,California,,
4017072.jpg,S.S. Malolo Menu,,1928,,,,
4017085.jpg,Roosevelt House Menu,,1928,,,,
4017068.jpg,Matson Line Menu,,1928,,,,
4017071.jpg,Hotel Carls Rite Menu,,1928,,,,
4017098.jpg,Hotel Astor Dining Menu,,1928,New?York?City$NY,New?York,,"turtle, rare"
4017106.jpg,Zion Canyon Lodge Menu,,1928,,,,
4017129.jpg,Will Oakland's Chateau Menu,,1928,,,,
4017111.jpg,Waldorf Astoria Menu,,1928,,,,"turtle, rare"
4017130.jpg,The Lotos Club Menu,,1928,,,,"birdie, turtle, rare"
4017200.jpg,Clyde Line Menu,,1928,,,,
4017181.jpg,Great Northern Railway Dining Menu,,1928,,,,
4017205.jpg,Uptown Club Menu,,1928,,,,
4017201.jpg,Moana Hotel Dining Menu,,1928,Honolulu$Hawaii,Hawaii,,"birdie, rare"
4017193.jpg,The Biltmore Hotel Menu,,1928,,,,"birdie, turtle, rare"
4020750.jpg,Waldorf Astoria Menu,,1932,,,,
4020744.jpg,Hotel Pierre Dining Menu,,1932,New?York?City$NY,New?York,,
4020763.jpg,The Roosevelt Menu,,1932,,,,"turtle, rare"
4020743.jpg,The Mayflower Hotel Menu,,1932,,,,
4020784.jpg,St Charles Hotel Menu,,1932,St?Charles$STATE,Charles,,
4020786.jpg,Princeton University Dining Menu,,1932,,,,
4020835.jpg,S.S. President Johnson Menu,,1932,,,,
4020888.jpg,S.S. 'President Roosevelt' Menu,,1932,,,,"turtle, rare"
4020859.jpg,Childs Menu,,,,,,
4020833.jpg,"The Ross Dining Rooms Menu - The Ross Dining Rooms, Methodist Building",,1932,,,,
4020792.jpg,Hotel New Yorker Dining Menu,,1932,New?York?City$NY,New?York,,
4020970.jpg,The Union League Club Menu,,1931,,,,"turtle, rare"
4020966.jpg,Guilford Lakes Clubhouse Menu,,,Guilford$Connecticut,Connecticut,,
4020947.jpg,Hotel Mc Alpin Dining Menu,,1932,New?York?City$NY,New?York,,"birdie, turtle, rare"
4020962.jpg,Hotel Saint Francis Dining Menu,,1931,Santa?Fe$NM,New?Mexico,,
4021069.jpg,Hotel Pennsylvania Dining Menu,,1931,New?York?City$NY,New?York,,"birdie, rare"
4020979.jpg,Cosmos Club Menu,,1931,,,,
4020982.jpg,Hotel New Yorker Dining Menu,,1931,New?York?City$NY,New?York,,
4020989.jpg,Hotel Roosevelt Dining Menu,,1931,Los?Angeles$CA,California,,
4020993.jpg,Hotel Statler Menu,,1931,,,,
4021041.jpg,Weslyan University Sponsored Menu,,1931,,,,
4021222.jpg,Hotel Martinique Menu,,1926,,,,"turtle, rare"
4021197.jpg,Hotel Astor Menu,,1926,,,,"turtle, rare"
4021231.jpg,Minnesota Union Menu,,1926,Minnesota?Union,Minnesota,,
4021238.jpg,"Railway Dining Menu - Chicago, Milwaukee & St. Paul Railway",,1926,Chicago$Illinois,Illinois,,
4021280.jpg,Hotel Mc Alpin Dining Menu,,1926,New?York?City$NY,New?York,,
4021253.jpg,Princeton Inn Menu,,1926,Princeton$New?Jersey,New?Jersey,,"birdie, turtle, rare"
4021241.jpg,Hotel Woodstock Menu,,1926,,,,"birdie, turtle, rare"
4021286.jpg,Event Menu at the Advertising Club of New York,,1926,,,,
4021284.jpg,Michigan Union Dining Menu,,1926,Ann?Arbor$MI,Michigan,,
4021302.jpg,The Biltmore Menu,,1926,,,,"birdie, turtle, rare"
4021314.jpg,Waldorf Astoria Menu,,1926,,,,
4021289.jpg,Menu at John Wanamaker,,1926,,,,
4021321.jpg,R.M.S. Berengaria Menu,,1926,,,,"birdie, rare"
4021292.jpg,The Heublein Menu,,1926,,,,"turtle, rare"
4021335.jpg,Harvard Club Menu,,1926,,,,
4022826.jpg,Diverse Culinary Delights,,1927,,,,
4021350.jpg,S.S. Minnekahda Menu,,1926,,,,"turtle, rare"
4022829.jpg,Hotel Astor Dining Menu,,1927,New?York?City$NY,New?York,,"turtle, rare"
4021331.jpg,Menu at The Brown Palace Hotel,,1926,,,,"birdie, rare"
4022824.jpg,Waldorf Astoria Menu,,1927,,,,
4025819.jpg,Hotel Mc Alpin Dining Menu,,1921,New?York?City$NY,New?York,,
4025841.jpg,Diverse Culinary Delights Menu,,1921,,,,
4025817.jpg,The Windsor Menu,,1921,,,,"birdie, rare"
4025829.jpg,Hotel Majestic Menu,,1921,,,,"turtle, rare"
4025844.jpg,Hotel Astor Dining Menu,,1921,New?York?City$NY,New?York,,
4025876.jpg,Pine Forest Inn Menu,,1921,Pine?Forest?Inn$Pine?Forest$STATE,STATE,,"turtle, rare"
4025847.jpg,Hotel Dennis Menu,,1921,,,,"turtle, rare"
4025874.jpg,California Mission Inn Menu,,1921,California?Mission?Inn$in?California,California,,
4025867.jpg,Afternoon Tea Menu - The Tea Room,,1921,,,,
4025846.jpg,Hotel Savoy Menu,,1921,,,,
4025904.jpg,Pennsylvania Hotel Dining Menu,,1921,New?York?City$NY,New?York,,
4025884.jpg,Hotel Commodore Menu,,1921,,,,
4025906.jpg,The Berkley Menu - The Berkeley,,1921,,,,"birdie, rare"
4025879.jpg,Mission Inn Menu,,1921,,,,
4025909.jpg,University Of Illinois Dining Menu,,1921,Champaign$Illinois,Illinois,,
4025897.jpg,Hotel Clark Dining Menu,,1921,Los?Angeles$CA,California,,"turtle, rare"
4025914.jpg,Metropolitan Club Menu,,1921,,,,"turtle, rare"
4025917.jpg,"Joseph Schmidt, Inc. Menu",,1921,,,,"birdie, rare"
4025850.jpg,YMCA Bedford Branch Menu - Young Men's Christian Association Bedford Branch,,1921,,,,
4025916.jpg,El Tovar Menu,,1921,,,,
4025955.jpg,U.S. Grant Hotel Dining Menu,,1921,San?Diego$CA,California,,
4025921.jpg,The California Limited Menu,,1921,,,,
4025923.jpg,"Hotel Maryland Dining Menu - The Pasadena Hotels, Hotel Maryland",,1921,Pasadena$California,California,,
4025957.jpg,The Samarkand Menu,,1921,,,,
4025974.jpg,Canadian Pacific Sponsor Menu,,1921,,,,
4025971.jpg,The Portland Menu,,1921,,,,"birdie, turtle, rare"
4025967.jpg,Hotel Taft Menu,,1921,,,,"birdie, rare"
4025964.jpg,Hotel Stewart Dining Menu,,1921,New?York?City$NY,New?York,,
4025962.jpg,Yale Club Menu,,1921,New?York?City$NY,New?York,,
4025972.jpg,The New Washington Hotel Menu,,1921,,,,"birdie, turtle, rare"
4025973.jpg,Railroad Department Menu - Young Men's Christian Association Railroad Department,,1921,,,,
4025980.jpg,Hotel Cecil Dining Menu,,1921,Los?Angeles$CA,California,,
4025995.jpg,Royal Alexandria Hotel Menu,,1921,,,,
4026002.jpg,Ex Libris Menu,,1921,,,,
4025978.jpg,New York Central Railroad Company Menu - The New York Central Railroad Company,,1921,,,,
4026006.jpg,Hotel Pennsylvania Dining Menu,,1921,New?York?City$NY,New?York,,
4026026.jpg,The Biltmore Menu,,1921,,,,"birdie, turtle, rare"
4026030.jpg,The Aristocrat Menu,,1921,,,,
4029665.jpg,Hotel Bossert Dining Menu,,1920,Brooklyn$NY,New?York,,
4027171.jpg,Menu from S.S. 'George Washington',,1921,,,,
4029660.jpg,Young Men's Christian Association Menu,,1920,,,,
4029633.jpg,Eclectic Fusion Menu,,1920,,,,
4026032.jpg,The Queen's Menu,,1921,,,,
4029646.jpg,Park Avenue Hotel Menu,,1920,,,,
4029729.jpg,Hotel La Salle Dining Menu,,1920,Chicago$IL,Illinois,,
4029851.jpg,Metropolitan Club Menu,,1920,,,,"birdie, turtle, rare"
4029675.jpg,All Souls Men's Club Menu,,,,,,
4029688.jpg,The Washington Hotel Menu,,1920,,,,
4029735.jpg,Aldine Club Rooms Menu,,1920,,,,
4029703.jpg,Hotel Muehlebach Dining Menu,,1920,Kansas?City$MO,Missouri,,
4029807.jpg,Hotel Brevoort Menu,,1920,,,,
4029903.jpg,The Transportation Club Menu,,1920,,,,"birdie, rare"
4029884.jpg,"Old Colony Club Menu - Old Colony Club, Inc.",,1920,,,,"birdie, turtle, rare"
4029854.jpg,New City Club Menu,,1920,,,,"turtle, rare"
4029870.jpg,Joe's Restaurant Menu,,1920,,,,
4029902.jpg,Hotel Manhattan Menu,,1920,,,,"birdie, rare"
4030098.jpg,Lake Placid Club Menu,,1920,Lake?Placid$NY,New?York,,
4030105.jpg,The Hudson Menu,,1920,,,,
4030114.jpg,Bevan House Menu,,1920,,,,
4029964.jpg,Alpine Club Menu,,1920,,,,
4030059.jpg,The Waldorf Astoria Menu,,1920,,,,
4029969.jpg,Hotel Mc Alpin Dining Menu,,1920,New?York?City$NY,New?York,,
4030138.jpg,University Of Michigan Dining Menu,,1920,University?Of?Michigan,Michigan,,
4030029.jpg,Rathskeller Menu,,1920,,,,
4030184.jpg,Union Printers Home Menu,,1920,,,,
4030157.jpg,Algonquin Club Menu,,1920,,,,
4030143.jpg,New York Liederkranz Club Menu,,1920,New?York$NY,New?York,,
4030160.jpg,Waldorf Astoria Menu,,1920,,,,"birdie, rare"
4034101.jpg,Hotel Majestic Menu,,1919,,,,"turtle, rare"
4034096.jpg,Chalfonte Menu,,1919,Chalfonte$New?Jersey,New?Jersey,,"turtle, rare"
4034098.jpg,The Aldine Club Menu,,1919,,,,
4034119.jpg,Hotel Astor Dining Menu,,1919,New?York?City$NY,New?York,,
4034124.jpg,Hotel Traymore Menu,,1919,,,,"birdie, rare"
4034107.jpg,Hotel Pennsylvania Dining Menu,,1919,New?York?City$NY,New?York,,"birdie, rare"
4034121.jpg,Davidson's Menu,,1919,,,,
4034142.jpg,Eclectic Fusion Cuisine Menu,,1919,,,,
4034146.jpg,Young Man's Christian Association Menu,,1919,,,,
4034156.jpg,Aldine Club Rooma Menu,,1919,,,,
4034178.jpg,Grove Park Inn Dining Menu,,1919,Grove?Park?Inn$Asheville$NC,North?Carolina,,
4034162.jpg,Waldorf-Astoria Menu,,1919,,,,"birdie, rare"
4034174.jpg,U.S.S. North Dakota Sponsor Menu,,1919,,,,
4034175.jpg,Arsenal Restaurant Menu,,1919,,,,
4034176.jpg,Bowling Green Café Menu,,1919,Bowling?Green$KY,Kentucky,,
4034167.jpg,The Washington Hotel Menu,,1919,,,,
4034220.jpg,Cavanagh's Menu,,1919,,,,"birdie, turtle, rare"
4034261.jpg,University Club Menu,,1919,,,,
4034235.jpg,Hotel de Soto Menu,,1919,,,,"birdie, rare"
4034232.jpg,The Union League Club Menu,,1919,,,,
4034242.jpg,Hotel Stewart Menu,,1919,,,,
4034240.jpg,The Metropolitan Club Menu,,1919,,,,"turtle, rare"
4034339.jpg,Hotel Bevan Dining Menu,,1919,,,,"turtle, rare"
4034314.jpg,The Receiving Ship Menu - The Receiving Ship at New York,,1919,New?York$NY,New?York,,
4034281.jpg,Lake Placid Club Menu,,1919,Lake?Placid$NY,New?York,,
4034273.jpg,Broadway Central Hotel Dining Menu,,1919,New?York?City$NY,New?York,,
4034347.jpg,Parker's Menu,,1919,Parker$STATE,Parker,,
4034350.jpg,Regal Sponsored Menu,,1919,,,,"turtle, rare"
4034403.jpg,Home of Dr. Edgar Starr Barney and Miss M. Eleanor Mills Menu - Home of Dr. Edgar Starr Barney and his sister Miss M. Eleanor Mills,,1919,,,,
4034358.jpg,Abbey Inn Menu,,1919,,,,"turtle, rare"
4034406.jpg,Hotel Judson Menu,,1919,,,,
4034453.jpg,Roman-inspired menu at Murray's Roman Gardens,,1919,,,,
4034454.jpg,Phelps' Tavern Menu,,1919,,,,
4034474.jpg,Waldorf Astoria Menu,,1919,,,,
4034514.jpg,The Wedgewood Room Menu,,1919,,,,
4034508.jpg,Joe's Restaurant Menu,,1919,,,,
4034535.jpg,Tea Room Menu - Narcissus Fountain Tea Room,,1919,,,,
4034554.jpg,South Grill Room Menu,,1919,,,,
4034505.jpg,Michigan Central Railroad Dining Menu,,1919,,,,
4034595.jpg,Hotel Fort des Moines Menu,,1919,Des?Moines$IA,Iowa,,
4034591.jpg,Hotel Dyckman Menu,,1919,,,,
4034581.jpg,Orpheum Restaurant Menu,,1919,,,,
4034600.jpg,The Bellvue-Stratford Menu,,1919,,,,
4034598.jpg,Hotel Severin/Hotel Miami Menu,,1919,,,,
4037076.jpg,St. Denis Hotel Menu,,1917,St.?Denis$Hotel,,,"birdie, turtle, rare"
4037612.jpg,Hotel Chelsea Menu,,1917,,,,"birdie, turtle, rare"
4037622.jpg,The New Mills Hotel Restaurant and Lunch Counter Menu,,1917,,,,
4037644.jpg,The Balsams Menu,,1917,,,,
4037642.jpg,Lake Tarleton Club Menu,,1917,,,,
4037646.jpg,Thayer's Hotel Menu,,1917,,,,
4037615.jpg,Casino Dining Menu - Cape Cottage Casino,,1917,,,,
4037648.jpg,Strand Roof Menu,,1917,,,,
4037656.jpg,Heuther & Steffens Menu,,1917,,,,
4037647.jpg,Mount Madison House Menu,,1917,,,,
4037712.jpg,Congress Hotel Dining Menu,,1917,Chicago$IL,Illinois,,"turtle, rare"
4037657.jpg,"Receiving Ship Menu - Receiving Ship, City Park Barracks",,1917,,,,
4037718.jpg,R.H. Macy and Co. Menu,,1917,,,,
4037762.jpg,Lunch Menu - Hanover Lunch Co.,,1917,Hanover$NH,New?Hampshire,,
4037742.jpg,Hotel Astor Dining Menu,,1917,New?York?City$NY,New?York,,"birdie, turtle, rare"
4037841.jpg,Grand Central Terminal Restaurant Menu,,1917,New?York$NY,New?York,,"birdie, rare"
4037878.jpg,Bakery and Lunch Menu - Thomases Bakery and Lunch Room,,1917,,,,"birdie, turtle, rare"
4037881.jpg,Delmonicos Menu,,1917,,,,
4039363.jpg,Hotel Belmont Menu,,1917,,,,"birdie, turtle, rare"
4039366.jpg,Delmonicos Menu,,1917,,,,"birdie, turtle, rare"
4038186.jpg,The New Willard Menu,,1927,,,,
4037906.jpg,Macy's Sponsored Menu,,1917,,,,
4039378.jpg,Childs Menu,,1917,,,,
4039372.jpg,Hotel McAlpin Menu,,1917,,,,"birdie, rare"
4039374.jpg,Reformed Church of Harlem Menu,,1917,Harlem$New?York,New?York,,
4039384.jpg,Eastern Hotel Menu,,1917,,,,"turtle, rare"
4039388.jpg,Louis Sherry Menu,,1917,,,,"birdie, turtle, rare"
4039392.jpg,Fleischmann's Menu,,1917,,,,
4039395.jpg,Adams' Dining Room Menu,,1917,,,,
4039432.jpg,Viennese Cuisine Menu - Fleischmann's Vienna Restaurant,,1917,,,,"birdie, turtle, rare"
4039410.jpg,Hotel Manhattan Menu,,1917,,,,"birdie, turtle, rare"
4039406.jpg,The Biltmore Menu,,1917,,,,"birdie, rare"
4039477.jpg,Hotel Marlborough Grill Menu,,1917,,,,"birdie, rare"
4039450.jpg,Pennsylvania Railroad Dining Menu,,1917,,,,"turtle, rare"
4039443.jpg,Mendel Sponsor Menu,,1917,,,,
4039509.jpg,Hotel Dining Menu - The New Mills Hotel,,1917,,,,
4039478.jpg,South Ferry Hotel Menu,,1917,,,,
4039569.jpg,Hotel Imperial Menu,,1917,,,,
4039553.jpg,Regular Menu - Restaurant and Lunch Room M. Patzold,,1917,,,,
4039574.jpg,Conrad's Menu,,1917,,,,
4039587.jpg,Flatiron Restaurant Menu,,1917,,,,
4039545.jpg,Fifth Avenue Restaurant Menu,,1917,,,,"birdie, turtle, rare"
4039616.jpg,Shanley's Menu,,1917,,,,"birdie, turtle, rare"
4039920.jpg,Syrian Cuisine Menu - The Syrian Restaurant for Ladies' & Gents,,1917,,,,
4039626.jpg,Hotel Marlborough Menu,,1917,,,,"birdie, rare"
4039603.jpg,Codington Restaurant Menu,,1917,,,,
4039671.jpg,Schrafft's Menu,,1917,,,,
4039952.jpg,Bun Hurn Menu,,1917,,,,
4040020.jpg,Mary Elizabeth's Menu,,1917,,,,
4039977.jpg,Lunch Menu at Donahue's Lunch,,1917,,,,
4040031.jpg,Lord & Taylor Menu,,1917,,,,"turtle, rare"
4040208.jpg,John Wanamaker Menu,,1917,,,,
4040097.jpg,Hotel Biltmore Dining Menu,,1917,Biltmore?Hotel$Los?Angeles$CA,California,,"birdie, rare"
4040206.jpg,The London Lounge Menu,,1917,,,,
4040195.jpg,Wolpin's Restaurant Menu,,1917,,,,
4040304.jpg,Classic Automat Menu - Horn & Hardart Company,,1917,,,,
4040463.jpg,U.S. Naval Training Station Menu,,1917,,,,
4040459.jpg,Camp Wadsworth Dining Menu,,1917,,,,
4040219.jpg,Herald Square Hotel Dining Menu,,1917,New?York?City$NY,New?York,,"birdie, rare"
4040209.jpg,New York Hospital Menu,,1917,New?York$NY,New?York,,
4040470.jpg,U.S.S. Oklahoma Menu,,1917,,,,
4041318.jpg,Healy's Forty-second Street Restaurant Menu,,1917,,,,"birdie, turtle, rare"
4041329.jpg,Guffanti's Table d'Hôte Menu,,1917,,,,
4041316.jpg,Wm. F. Healy's 42nd St. Grill Menu,,1917,,,,
4041343.jpg,Huether & Steffens Menu,,1917,,,,
4041445.jpg,Hotel Wallick Menu,,1917,,,,"birdie, turtle, rare"
4041430.jpg,Commissary Contractor Menu - J.J. Lussier Commissary Contractor,,1917,,,,
4041365.jpg,Cavanagh's Menu,,1917,,,,"birdie, turtle, rare"
4041909.jpg,Eclectic Fusion Delights,,1917,,,,"birdie, turtle, rare"
4041935.jpg,Albany Club Menu,,1916,Albany$New?York,New?York,,"birdie, rare"
4041912.jpg,The New Willard Hotel Dining Menu,,1916,Washington$D.C.,Washington$D.C.,,"birdie, rare"
4041902.jpg,Hotel Manhattan Dining Menu,,1916,New?York?City$NY,New?York,,
4041918.jpg,St. Anthony Hotel Menu,,1916,,,,
4041999.jpg,69th Infantry Armory Menu,,1916,,,,
4041947.jpg,Hotel Biltmore Menu,,1916,,,,"birdie, rare"
4042003.jpg,Childs Menu,,1916,,,,
4041977.jpg,Lincoln Restaurant Menu,,1916,,,,"turtle, rare"
4041984.jpg,Hotel Majestic Menu,,1916,,,,"turtle, rare"
4042006.jpg,Flagship Florida Menu,,1916,,,,
4042014.jpg,Young's Hotel Menu,,1916,,,,
4042017.jpg,Long Island Business College Hall Menu,,1916,Long?Island$New?York,New?York,,
4042007.jpg,The St. Charles Menu,,1916,,,,"birdie, turtle, rare"
4042020.jpg,Murray Hill Hotel Dining Menu,,1916,Murray?Hill$New?York$NY,New?York,,"turtle, rare"
4042027.jpg,Metropolitan Club Menu,,1916,,,,
4042059.jpg,Willard's Tavern Menu,,1916,,,,
4042044.jpg,University Club Menu,,1916,,,,
4042056.jpg,Menu from United States Ship Wyoming,,1916,,,,"birdie, rare"
4042066.jpg,Old Heidelberg Menu,,1916,,,,
4042071.jpg,St. Charles Hotel Menu,,1916,St.?Charles$STATE,Illinois,,"birdie, turtle, rare"
4042064.jpg,Menu from The St. Anthony,,1916,,,,"turtle, rare"
4042062.jpg,The New Willard Hotel Dining Menu,,1916,Washington$D.C.,,,"birdie, turtle, rare"
4042083.jpg,Carnegie Hall Sponsor Menu,,1916,,,,
4042120.jpg,The Brooklyn Club Menu,,1916,,,,"turtle, rare"
4042093.jpg,U.S.S. Arkansas Menu,,1916,,,,
4042112.jpg,U. S. S. Florida Menu,,1916,,,,"birdie, turtle, rare"
4042114.jpg,U. S. S. Texas Menu,,1916,,,,
4042126.jpg,Lunch Menu - N.Y. Lunch,,1916,New?York?City$NY,New?York,,
4042133.jpg,English Chop House Menu - Keen's English Chop House,,1916,,,,
4042145.jpg,Laurel in the Pines Menu,,1916,,,,"birdie, turtle, rare"
4042174.jpg,Daylight Luncheon Menu,,1916,,,,
4042141.jpg,St. Denis Hotel Menu,,1916,St.?Denis$State,Denis,,
4042232.jpg,Hotel Columbia and Cottages Menu,,1916,,,,
4042227.jpg,Harvard Club Menu,,1916,,,,
4042193.jpg,McAlpin Lunch Co. Menu,,1916,,,,
4042234.jpg,The New Monterey Menu,,1916,,,,"birdie, rare"
4042240.jpg,University Club Dining Menu - The Brooklyn University Club,,1916,Brooklyn$NY,New?York,,
4042253.jpg,Pennsylvania Lunch Menu,,1916,Pennsylvania?Lunch,Pennsylvania,,
4042249.jpg,The Pennsylvania Lunch Menu,,1916,,,,
4042251.jpg,Mayor Jas. H. Preston's Private Residence Menu - private residence of Mayor Jas. H. Preston,,1916,,,,
4042304.jpg,U.S.S. Wyoming Menu,,1916,,,,"birdie, rare"
4042283.jpg,Port-au-Peck Sponsor Menu,,1916,Port-au-Peck$New?Jersey,New?Jersey,,
4042288.jpg,Oyster and Chop House Menu - Walton's Old Homestead Oyster and Chop House,,1916,,,,
4042262.jpg,Hotel Belvedere Menu,,1916,,,,"birdie, turtle, rare"
4042355.jpg,Congress Hotel Dining Menu,,1916,Chicago$IL,Illinois,,"birdie, rare"
4042329.jpg,Hotel Adelphia Menu,,1916,,,,
4042505.jpg,R.H. Macy & Co. Menu,,1916,,,,
4042531.jpg,Urbana Menu,,1916,Urbana$IL,Illinois,,
4042500.jpg,Guildhall Menu,,1916,,,,"turtle, rare"
4042391.jpg,Hotel Traymore Menu,,1916,,,,
4042534.jpg,U.S.S. New York Menu,,1916,,,,
4042367.jpg,Eagle Bay Hotel Menu,,1916,Eagle?Bay$New?York,New?York,,
4042519.jpg,Lawyers Club Menu,,1916,,,,
4042544.jpg,U. S. S. New York Menu,,1916,,,,
4042590.jpg,Joe's Restaurant Menu,,1916,,,,"birdie, turtle, rare"
4045479.jpg,The Pekin Resraurant Menu,,1915,,,,
4045483.jpg,College Inn Chicago Menu,,1915,Chicago$IL,Illinois,,
4042586.jpg,Camp Stewart Dining Menu,,1916,,,,
4045487.jpg,The Marquise Menu,,1915,,,,
4045489.jpg,Eclectic Fusion Delights,,1915,,,,
4045490.jpg,Pennsylvania Railroad Restaurants Menu,,1915,,,,"birdie, turtle, rare"
4045488.jpg,Manhattan Club Menu,,1915,Manhattan$New?York,New?York,,
4045504.jpg,Waldorf Astoria Menu,,1915,,,,"birdie, rare"
4045498.jpg,Bellevue - Stratford Menu,,1915,Bellevue$Stratford,,,
4045530.jpg,U. S. S. NY Menu,,1915,,,,
4045535.jpg,South Ferry Hotel Menu,,1915,,,,
4045605.jpg,Hotel Majestic Menu,,1915,,,,
4045642.jpg,Harvard Club Menu,,1915,,,,
4045590.jpg,Knickerbocker Field Club Menu,,1915,,,,
4045597.jpg,Metropolitan Life Insurance Company Menu,,1915,,,,
4045534.jpg,Sphinx Club Menu,,1915,,,,
4045673.jpg,The New Willard Menu,,1915,,,,"birdie, turtle, rare"
4045648.jpg,Historic Tavern Menu - Fraunces Tavern,,1915,New?York?City$NY,New?York,,"turtle, rare"
4045670.jpg,Metropolitan Club Menu,,1915,,,,"birdie, rare"
4045653.jpg,Harvard Hall Menu,,1915,,,,"turtle, rare"
4045797.jpg,McKee's Restaurant Menu,,1915,,,,
4045829.jpg,J.B. Greenhut Co. Menu,,1915,,,,
4045835.jpg,English Chop House Menu - Keen's English Chop House,,1915,,,,
4045723.jpg,Eclectic Fusion Cuisine Menu,,1915,,,,
4045736.jpg,Long Island Business College Menu,,1915,Long?Island$New?York,New?York,,
4045843.jpg,U.S.S. Wyoming Menu,,1915,,,,"birdie, turtle, rare"
4045839.jpg,Hotel LaSalle Menu,,1915,,,,
4045902.jpg,Mercantile Lunch Co. Menu,,1915,,,,"turtle, rare"
4045855.jpg,Hotel Chamberlin Menu,,1915,,,,"turtle, rare"
4045905.jpg,Mission Inn Menu,,1915,,,,
4045870.jpg,Hotel Martinique Dining Menu,,1915,New?York?City$NY,New?York,,
4045908.jpg,Seaboard Air Line Railway Menu,,1915,,,,
4045931.jpg,Hotel Marie Antoinette Menu,,1915,,,,"birdie, rare"
4045934.jpg,Pennsylvania Railroad Dining Menu,,1915,,,,
4045911.jpg,Astor Hotel Menu,,1915,Astor?Hotel$New?York$NY,New?York,,"birdie, rare"
4045938.jpg,Masonic Building Menu,,1915,,,,
4046057.jpg,Artistic Dining Experience Menu - The National Arts Club,,1915,,,,
4045942.jpg,Broadway Central Hotel Dining Menu,,1915,New?York?City$NY,New?York,,"turtle, rare"
4045945.jpg,Palmetto Limited Menu,,1915,,,,
4045978.jpg,Park Avenue Hotel Menu,,1915,,,,"birdie, turtle, rare"
4045970.jpg,Hotel St. Andrew Menu,,1915,,,,"birdie, rare"
4046074.jpg,Pennsylvania Lines Menu,,1915,,,,
4046075.jpg,Union Pacific Overland Menu,,1915,,,,
4046089.jpg,Hotel Colorado Dining Menu,,1915,Glenwood?Springs$Colorado,Colorado,,
4046079.jpg,Denver & Rio Grande Railroad Dining Menu,,1915,Denver$Colorado,Colorado,,
4046096.jpg,Menu at The New Washington Hotel,,1915,,,,
4046098.jpg,National Park Inn Menu,,1915,,,,
4046094.jpg,Lake Mohonk Mountain House Menu,,1915,,,,
4046103.jpg,Hotel Shattuck Menu,,1915,,,,
4046101.jpg,New American House Menu,,1915,,,,
4046106.jpg,Old Faithful Inn Menu,,1915,,,,
4046109.jpg,Canyon Hotel Menu,,1915,,,,
4046130.jpg,Mendel Sponsor Menu,,1915,,,,
4046129.jpg,Grand Central Terminal Restaurant Menu,,1915,New?York?City$NY,New?York,,"birdie, rare"
4046131.jpg,Fraunces' Tavern Menu,,1915,,,,"turtle, rare"
4046149.jpg,Beaconcrest Hotel Menu,,1915,Beaconcrest?Hotel$City$STATE,STATE,,"turtle, rare"
4046350.jpg,U.S.S. New York Menu,,1915,,,,
4046409.jpg,Thayer's Hotel Menu,,1915,,,,
4046399.jpg,Hotel St. Francis Menu,,1915,,,,"birdie, turtle, rare"
4046353.jpg,Great Northern Railway Dining Menu,,1915,,,,"turtle, rare"
4046372.jpg,U. S. S. Wyoming Menu,,1915,,,,"birdie, rare"
4046473.jpg,The Homestead Menu,,1915,,,,
4046433.jpg,Café Savarin Menu,,1915,,,,"birdie, turtle, rare"
4046435.jpg,Royal Blue Line Menu,,1915,,,,
4046410.jpg,U. S. S. Virginia Menu,,1915,,,,"birdie, rare"
4046485.jpg,Meal Service at National Home for Disabled Volunteer Soldiers,,1915,,,,
4046538.jpg,Healey's Menu,,1915,,,,
4046500.jpg,Delmonico's Menu,,1915,,,,
4046553.jpg,The Mansion House Menu,,1915,,,,"birdie, turtle, rare"
4046881.jpg,Pennsylvania Railroad Restaurants Menu,,1914,,,,"birdie, turtle, rare"
4046507.jpg,St. Anthony Hotel Menu,,1915,,,,
4046883.jpg,Waldorf Astoria Menu,,1914,,,,"birdie, turtle, rare"
4046886.jpg,The Pierrepont Inn Menu,,1914,,,,"turtle, rare"
4046888.jpg,Café Boulevard Menu,,1914,,,,"birdie, rare"
4046891.jpg,Hotel Casey Dining Menu,,1914,Scranton$PA,Pennsylvania,,"birdie, rare"
4046895.jpg,Greenhut-Siegel Cooper Co. Menu,,1914,,,,
4046889.jpg,The Bellevue-Stratford Menu,,1914,Philadelphia$PA,Pennsylvania,,"turtle, rare"
4046932.jpg,The Krueger Auditorium Menu,,1914,,,,"birdie, turtle, rare"
4046923.jpg,Hotel Sherman Dining Menu,,1914,Chicago$IL,Illinois,,
4046899.jpg,Eclectic Fusion Cuisine Menu,,1914,,,,
4046946.jpg,The Ormonde Menu,,1914,,,,
4046921.jpg,Stock Yard Inn Menu,,1914,,,,
4047012.jpg,Drug and Chemical Club Menu,,1914,,,,
4047046.jpg,University Club Menu - The University Club,,1914,,,,"birdie, turtle, rare"
4047051.jpg,The Club House Menu,,1914,,,,"turtle, rare"
4047076.jpg,Café Boheme Menu,,1914,,,,
4047129.jpg,Business Men's Club Menu,,1914,,,,
4047138.jpg,Casino Dining Menu - Progress Casino,,1914,,,,
4047140.jpg,Hotel Alexandria Menu,,1914,,,,"birdie, rare"
4047191.jpg,The Union League Club House Menu,,1914,,,,"birdie, turtle, rare"
4047197.jpg,Hotel Ten Eyck Dining Menu - The Hotel Ten Eyck,,1914,,,,"birdie, rare"
4047188.jpg,The Union League Club Menu,,1914,,,,"birdie, turtle, rare"
4047227.jpg,Menu from Glenn Bros. Restaurant,,1914,,,,"birdie, turtle, rare"
4047235.jpg,Jersey City Club Menu,,1914,Jersey?City$New?Jersey,New?Jersey,,"birdie, rare"
4047823.jpg,Hotel Wendell Menu,,1914,,,,"turtle, rare"
4047256.jpg,Drake's Menu,,1914,,,,
4047825.jpg,Tokio Restaurant Menu,,1914,,,,"birdie, turtle, rare"
4047842.jpg,Hotel Sterling Menu,,1914,,,,"birdie, turtle, rare"
4047315.jpg,Bergmann's Menu,,1914,,,,"turtle, rare"
4047845.jpg,Mid Day Club Menu,,1914,,,,"turtle, rare"
4047899.jpg,Brooklyn Club Menu,,1914,Brooklyn$NY,New?York,,
4047848.jpg,Cortelyou Club Menu,,1914,,,,"birdie, turtle, rare"
4047928.jpg,Hotel Belleclaire Menu,,1914,New?York?City$NY,New?York,,
4047988.jpg,Café Mellone Menu,,1914,,,,"birdie, turtle, rare"
4047974.jpg,Harmonie Hall Menu,,1914,,,,
4048000.jpg,Palace Dining Menu - Hunts Point Palace,,1914,Hunts?Point$NY,New?York,,
4047996.jpg,Imperial Hotel Menu,,1914,,,,"birdie, turtle, rare"
4047991.jpg,Mohican Hotel Menu,,1914,,,,
4048008.jpg,The Beekman Café Co. Menu,,1914,,,,"birdie, turtle, rare"
4048015.jpg,Henry J. Wollenhaupt Menu,,1914,,,,
4048021.jpg,Riggs Menu,,1914,,,,
4048028.jpg,Ye Olde Dutch Tavern Menu,,1914,,,,"birdie, rare"
4048030.jpg,Jeo's Restaurant Menu,,1914,,,,
4048035.jpg,Abraham and Straus Menu,,1914,,,,
4048027.jpg,Churchill's Menu,,1914,,,,"turtle, rare"
4048033.jpg,E. Ettinger Café and Restaurant Menu,,1914,,,,rare
4048036.jpg,A.H. Meyer Rathskeller Menu,,1914,,,,"birdie, turtle, rare"
4048038.jpg,Clarendon Hotel Menu,,1914,,,,"birdie, turtle, rare"
4048041.jpg,Sinclair Café and Restaurant Menu,,1914,,,,
4048040.jpg,Mercantile Lunch Co. Menu,,1914,,,,
4048042.jpg,Regular Menu - The Westchester Restaurant,,1914,,,,
4048044.jpg,Bakery and Restaurant Menu - Conrad's Bakery and Restaurant,,1914,,,,
4048049.jpg,Lunch Menu - The New Broadway Restaurant and Lunch Room,,1914,,,,
4048051.jpg,Garret Restaurant Menu,,1914,,,,"birdie, turtle, rare"
4048047.jpg,Hazeltine's Menu,,1914,,,,
4048064.jpg,The Annex Menu,,1914,,,,"birdie, rare"
4048054.jpg,Spilker's Restaurant and Café Menu,,1914,,,,
4048062.jpg,Wiehl & Widmann Menu,,1914,,,,
4048066.jpg,Viemeister's Menu,,1914,,,,"turtle, rare"
4048071.jpg,City Midday Club Menu,,1914,,,,
4048072.jpg,Pabst 23rd Street Menu,,1914,,,,"turtle, rare"
4048081.jpg,Post's Restaurant and Lunch Room Menu,,1914,,,,
4048085.jpg,The Garret Café Menu,,1914,,,,
4048074.jpg,The Cortland Menu,,1914,,,,
4048079.jpg,Buffet Menu - Barron's Buffet,,1914,,,,
4048076.jpg,Whites Menu,,1914,,,,
4048084.jpg,Jacob Reiss Menu,,1914,,,,
4048089.jpg,Chop House Menu - Degenhardt's Chop House,,1914,,,,"birdie, turtle, rare"
4048086.jpg,Gibson's Restaurant Menu,,1914,,,,
4048099.jpg,Aldine Club Menu,,1914,,,,
4048189.jpg,West End Hall Menu,,1914,,,,"turtle, rare"
4048255.jpg,The Lincoln Club Menu,,1914,,,,"birdie, rare"
4048206.jpg,Hotel Karldon Menu,,1914,,,,"turtle, rare"
4048261.jpg,Sherman Square Hotel Menu,,1914,,,,
4048197.jpg,Odd Fellows Hall Menu,,1914,,,,
4048273.jpg,Campus Dining Menu - Long Island Business College,,1914,Long?Island$New?York,New?York,,
4048609.jpg,Hotel Dining Menu - Herald Square Hotel,,1918,New?York?City$NY,New?York,,
4048611.jpg,Regular Dining Menu - The Hannaberry & Moran Dining Room,,1918,,,,
4048679.jpg,Hannaberry & Moran Menu,,1918,,,,
4048618.jpg,U.S.S. Oklahoma Menu,,1918,,,,
4048622.jpg,The Biltmore Menu,,1918,,,,"birdie, rare"
4048615.jpg,New York Central Railroad Company Menu - The New York Central Railroad Company,,1918,,,,
4048682.jpg,Pennsylvania Railroad Dining Menu,,1918,,,,"birdie, rare"
4048732.jpg,Stratford Inn at Del Mar Menu,,1918,Del?Mar$California,California,,
4048684.jpg,Healy's Forty-second Street Restaurant Menu,,1918,,,,"birdie, rare"
4049008.jpg,Louis Sherry Menu,,1918,,,,"birdie, turtle, rare"
4049003.jpg,Hotel McAlpin Menu,,1918,,,,
4048824.jpg,The Pullman Company Dining Menu,,1918,,,,
4048930.jpg,The Mouquin Restaurant and Wine Co. Menu,,1918,,,,
4048818.jpg,Eclectic Fusion Delights,,1918,,,,"turtle, rare"
4048842.jpg,Hotel Majestic Menu,,1918,,,,
4048821.jpg,Oyster and Chop House Menu - Theodore Muller Ladies' and Gentlemen's Oyster and Chop House,,1918,,,,"turtle, rare"
4049058.jpg,Hotel Kaskasia Menu,,1918,,,,"birdie, rare"
4049019.jpg,Cavanagh's Menu,,1918,,,,"birdie, turtle, rare"
4049085.jpg,Aldine Club Rooms Menu,,1918,,,,
4049059.jpg,Hotel Traymore Menu,,1918,,,,
4049098.jpg,The Breakers Menu,,1918,,,,"turtle, rare"
4049060.jpg,Café New York Restaurant Menu,,1918,,,,"birdie, turtle, rare"
4049099.jpg,Eastern Hotel Menu,,1918,Eastern?Hotel,,,
4049134.jpg,Ye Peg Woffington Coffee House Menu,,1918,,,,
4049137.jpg,Natural History Museum Dining Menu - The American Museum of Natural History,,1918,,,,
4049103.jpg,Congress Square Hotel Dining Menu,,1918,Portland$ME,Maine,,
4049141.jpg,All Souls Church Menu,,1918,,,,
4049271.jpg,Waldorf Astoria Menu,,1918,,,,"birdie, rare"
4049233.jpg,Hotel Judson Menu,,1918,,,,
4049268.jpg,Hotel Chamberlin Menu,,1918,,,,
4049279.jpg,The Homestead Menu,,1918,,,,
4049229.jpg,Joe's Restaurant Menu,,1918,,,,"birdie, turtle, rare"
4049345.jpg,Chalfonte Menu,,1918,Chalfonte$New?Jersey,New?Jersey,,
4049293.jpg,Maritime Dining Experience - Ships Operating in Atlantic and Gulf Service,,1918,,,,
4049343.jpg,Abbey Inn Menu,,1918,,,,"turtle, rare"
4049356.jpg,Riverside Dining Room Menu,,1918,,,,
4049361.jpg,Salmagundi Club Menu,,1918,,,,
4049314.jpg,The Windosr Menu,,1918,,,,"birdie, rare"
4049306.jpg,The Walpole Inn Menu,,1918,,,,
4049459.jpg,Hotel Chelsea Menu,,1918,,,,"turtle, rare"
4049364.jpg,Hotel Davenport Menu,,1918,,,,"turtle, rare"
4049510.jpg,Healy's Forty-second Street restaurant menu,,2928,,,,"birdie, turtle, rare"
4049905.jpg,Sphinx Club Menu,,1914,,,,"birdie, rare"
4049916.jpg,Hotel Majestic Menu,,1914,,,,"birdie, rare"
4049502.jpg,Healy's Forty-second Street restaurant menu,,1918,,,,"birdie, rare"
4050034.jpg,Thwaite's Shore House Menu,,1914,,,,
4049945.jpg,Bellevue-Stratford Hotel Dining Menu,,1914,Bellevue-Stratford?Hotel$Philadelphia$PA,Pennsylvania,,"birdie, rare"
4049991.jpg,Hotel Oakland Dining Menu,,1914,Oakland$CA,California,,"birdie, rare"
4050056.jpg,Friars' Club Menu,,1914,,,,
4049997.jpg,The Lawrence Menu,,1914,,,,"birdie, turtle, rare"
4049960.jpg,Hotel Schenley Dining Menu,,1914,Pittsburgh$PA,Pennsylvania,,
4049986.jpg,Town Hall Menu - Harrison Town Hall,,1914,,,,
4050071.jpg,Isaac Lodge No. 43 Menu,,1914,,,,
4050111.jpg,Elk's Hall Menu,,1914,,,,
4050100.jpg,Broadway Auditorium Menu,,1914,,,,
4050114.jpg,U.S.S. Florida Menu,,1914,,,,"birdie, rare"
4050070.jpg,Florence Villa Menu,,1914,Florence?Villa$FL,Florida,,
4050063.jpg,Creve Coeur Club Menu,,1914,,,,"birdie, turtle, rare"
4050117.jpg,Hotel Baltimore Dining Menu,,1914,Baltimore$MD,Maryland,,
4050170.jpg,School Auditorium Menu - Twin Falls High School Auditorium,,1914,,,,
4050122.jpg,Union League Club Menu,,1914,,,,"turtle, rare"
4066372.jpg,Adams' Restaurant Menu,,1914,,,,
4050172.jpg,Deagons' Den Menu,,1914,,,,"birdie, rare"
4066412.jpg,Flower Garden Shelter Menu,,1914,,,,
4066459.jpg,Oyster and Chop House Menu - Walton's Old Homestead Oyster and Chop House,,1914,,,,"birdie, rare"
4066474.jpg,Castle Stevens Menu,,1914,,,,
4066485.jpg,Huether and Steffens Menu,,1914,,,,
4066447.jpg,Diverse Culinary Delights,,1914,,,,
4066463.jpg,Elks' Club House Menu,,1914,,,,"birdie, rare"
4066489.jpg,Gibson's Menu,,1914,,,,
4066486.jpg,Wiehl & Widman Menu,,1914,,,,
4066500.jpg,Riggs' Twentieth Street Restaurant Menu,,1914,,,,"turtle, rare"
4066503.jpg,Viemeister's Café and Restaurant Menu,,1914,,,,"turtle, rare"
4066521.jpg,Meridian Club Menu,,1914,,,,"turtle, rare"
4066513.jpg,A.H.Meyer Rathskeller Menu,,1914,,,,"birdie, turtle, rare"
4066528.jpg,Smith's Restaurant and Lunch Room Menu,,1914,,,,
4066524.jpg,The Merchant's Club Menu,,1914,,,,
4066539.jpg,Westchester Restaurant Menu,,1914,Westchester$New?York,New?York,,
4066542.jpg,Little Roma Restaurant Menu,,1914,,,,"turtle, rare"
4066544.jpg,Richmond Restaurant Menu,,1914,Richmond$Virginia,Virginia,,
4066601.jpg,Hotel Cape May Menu,,1914,Cape?May$New?Jersey,New?Jersey,,"birdie, rare"
4066551.jpg,Spilker's Restaurant and Grill Room Menu,,1914,,,,
4066556.jpg,Bakery and Restaurant Menu - Pilgrim's Bakery and Restaurant,,1914,,,,
4066639.jpg,Met-Life Building Menu,,1914,,,,
4066632.jpg,Mansion House Menu,,1914,,,,"turtle, rare"
4066673.jpg,Forest Grill Menu - The Forest Grill,,1914,,,,"birdie, turtle, rare"
4066654.jpg,Greenhut's Menu,,1914,,,,
4066684.jpg,The Grunewald Menu,,1914,,,,"birdie, rare"
4066715.jpg,Eastern Hotel Menu,,1914,,,,
4066701.jpg,Rathskeller Menu,,1914,,,,"birdie, turtle, rare"
4066695.jpg,Historic Tavern Menu - Fraunces' Tavern,,1914,,,,"birdie, turtle, rare"
4066716.jpg,Nadal's Café and Restaurant Menu,,1914,,,,"birdie, turtle, rare"
4066718.jpg,Pabst Sponsored Menu,,1914,,,,"turtle, rare"
4066724.jpg,William Ross Café and Restaurant Menu,,1914,,,,
4066739.jpg,Pontin's Restaurant Menu,,1914,,,,"turtle, rare"
4066807.jpg,Greehut-Siegel Cooper Co. Menu,,1914,,,,
4066743.jpg,Childs Menu,,1914,,,,
4066774.jpg,Lane Bros. Café and Restaurant Menu,,1914,,,,"birdie, turtle, rare"
4066824.jpg,Drake's Restaurant Menu,,1914,,,,
4066854.jpg,"A. Wollenhaupt, Jr. Menu",,1914,,,,"birdie, rare"
4066858.jpg,Barnay's Menu,,1914,,,,"birdie, turtle, rare"
4066832.jpg,Hazeltine's Inc. Menu,,1914,,,,
4066879.jpg,Steamer Rosedale Menu,,1914,,,,
4066904.jpg,Henderson's Restaurant Menu,,1914,,,,"turtle, rare"
4066918.jpg,John Wanamaker Menu,,1914,,,,
4066888.jpg,The Mansion House Menu,,1914,,,,"turtle, rare"
4066902.jpg,Menu at The Lafayette Baths and Hotel,,1914,,,,
4066922.jpg,South Ferry Hotel Menu,,1914,,,,
4066927.jpg,Childs Menu,,"1880, 1914",,,,
4066982.jpg,Oneco Hotel Menu,,1914,,,,
4067000.jpg,Hotel Vendig Menu,,1914,,,,"birdie, turtle, rare"
4067022.jpg,Pine Terrace Inn Menu,,1914,Pine?Terrace?Inn$City$STATE,STATE,,
4066944.jpg,J.B. Greenhut Co. Menu,,1914,,,,
4067056.jpg,"The Restaurants, De Luxe Menu",,1914,,,,
4067090.jpg,Silvermere Inn Menu,,1914,,,,
4067071.jpg,Hotel Pontchartrain Menu,,1914,,,,"birdie, rare"
4067078.jpg,Boylston Café Menu,,1914,,,,"birdie, rare"
4067160.jpg,Copley Plaza Menu,,1914,Copley?Plaza,,,"birdie, rare"
4067204.jpg,Ye Olde Cheshire Cheese Menu,,1914,,,,"birdie, turtle, rare"
4067117.jpg,Piedmont Hotel Menu,,1914,,,,"birdie, turtle, rare"
4067297.jpg,The Cortlandt Menu,,1914,,,,
4067180.jpg,Cliff House Menu,,1914,,,,"birdie, rare"
4067370.jpg,United States Hotel Menu,,1914,,,,"turtle, rare"
4067328.jpg,Hotel Princesa Café and Restaurant Menu,,1914,,,,
4067405.jpg,S. S. 'Kyle' Menu,,1914,,,,
4067371.jpg,S.S. 'Bruce' Menu,,1914,,,,"turtle, rare"
4067314.jpg,Rigg's Menu,,1914,,,,
4067322.jpg,M. Lorenzo Café Menu,,1914,,,,
4067546.jpg,Coffee House Menu - Preston's Coffee House,,1914,,,,
4067439.jpg,Intercolonial Railway Menu,,1914,,,,
4067529.jpg,Hotel Albemarle Hoffman Menu,,1914,,,,
4067539.jpg,Hotel Somerset Menu,,1914,,,,
4067492.jpg,Hotel Seneca Menu,,1914,,,,
4067500.jpg,Jonathan Club Menu,,1914,,,,"birdie, rare"
4067715.jpg,St. Anthony Hotel Menu,,1914,,,,
4067601.jpg,Ebling's Casino Menu,,1914,,,,"turtle, rare"
4067698.jpg,The Adolphus Hotel Dining Menu,,1914,Dallas$TX,Texas,,
4067587.jpg,Hotel Statler Menu,,1914,,,,"birdie, rare"
4067645.jpg,Hotel Deming Menu,,1914,,,,
4067722.jpg,Emil Kuehn Menu,,1914,,,,
4067552.jpg,Seelbach Hotel Dining Menu,,1914,Louisville$KY,Kentucky,,"birdie, turtle, rare"
4067769.jpg,Hotel Westminster Menu,,1914,,,,
4067759.jpg,The Pioneer Limited Menu,,1914,,,,"birdie, rare"
4067726.jpg,Great Northern Menu,,1914,,,,
4067775.jpg,Val. Schmitt's Hofbrau Haus Menu,,1914,,,,"birdie, turtle, rare"
4067762.jpg,Guildhall Menu,,1914,,,,"birdie, turtle, rare"
4067804.jpg,Athletic Club Dining Menu - The New York Athletic Club of the City of New York,,1914,New?York$NY,New?York,,
4067789.jpg,The Toltec Club Menu,,1914,,,,"birdie, rare"
4067803.jpg,Bohemian Club Menu,,1914,,,,"turtle, rare"
4067792.jpg,Ritz-Carlton Menu,,1914,,,,"birdie, turtle, rare"
4068345.jpg,Child's Menu,,1914,,,,
4068459.jpg,First Class Chop Sooey and American Restaurant Menu - Chin Lee Co. First Class Chop Sooey and American Restaurant,,1914,,,,
4068390.jpg,The Merchants Club Menu,,1914,,,,"turtle, rare"
4068377.jpg,Congress Hotel Dining Menu,,1914,Chicago$IL,Illinois,,"birdie, turtle, rare"
4068450.jpg,Club House Menu - Brooklyn Engineers' Club - Club House,,1914,Brooklyn$NY,New?York,,
4068465.jpg,The New Morrison Hotel Menu,,1914,,,,
4068463.jpg,The Copley-Plaza Menu,,1914,Boston$MA,Massachusetts,,"birdie, turtle, rare"
4068485.jpg,The Buffalo Orpheus Menu,,1914,,,,
4068486.jpg,The West End Menu,,1914,,,,"birdie, turtle, rare"
4068487.jpg,The Cathedral Club Menu,,1914,,,,
4068488.jpg,Harmony Club of Brooklyn Menu,,1914,Brooklyn$NY,New?York,,
4068475.jpg,Franklin Hall Menu,,1914,Franklin?Hall$Washington$D.C.,Washington$D.C.,,
4068491.jpg,Narragansett Hotel Menu,,1914,Narragansett$Rhode?Island,Rhode?Island,,"birdie, rare"
4068504.jpg,Palace Hotel Menu,,1914,,,,
4068543.jpg,The Valencia Menu,,1913,,,,
4068548.jpg,Hotel Casey Dining Menu,,1913,Scranton$PA,Pennsylvania,,
4068503.jpg,Hotel Montclair Menu,,1914,,,,
4068552.jpg,Phoenix Hotel Menu,,1913,Phoenix$Arizona,Arizona,,
4068551.jpg,The Crown Hotel Menu,,1913,,,,"birdie, rare"
4068555.jpg,Hotel Belleclaire Menu,,1913,,,,"birdie, rare"
4068556.jpg,Waldorf Astoria Menu,,1913,,,,"birdie, turtle, rare"
4068566.jpg,Hotel Knickerbocker Menu,,1913,,,,"turtle, rare"
4068579.jpg,Traditional Russian Cuisine Menu - The Russian Inn,,1913,,,,
4068593.jpg,Aurora Grata Cathedral Menu,,1913,,,,
4068571.jpg,Palace Hotel Menu,,1913,,,,
4068576.jpg,Great Northern Hotel Menu,,1913,,,,"birdie, rare"
4068597.jpg,Copley Plaza Menu,,1913,Copley?Plaza,,,"birdie, turtle, rare"
4068599.jpg,University Club Menu,,1913,,,,"birdie, rare"
4068618.jpg,Albany Hotel Menu,,1913,Albany$New?York,New?York,,
4068661.jpg,Hotel Sherman Dining Menu,,1913,Chicago$IL,Illinois,,
4068621.jpg,The Blackstone Menu,,1913,,,,
4068602.jpg,Café Boulevard Menu,,1913,,,,
4068719.jpg,Hotel McAlpin Dining Menu,,1913,New?York?City$NY,New?York,,"birdie, rare"
4068684.jpg,Lyceum Club Menu,,1913,,,,
4068765.jpg,Hammonds Popular Price Restaurant Menu,,1913,,,,
4068746.jpg,Astor House Menu,,1913,,,,"birdie, turtle, rare"
4068798.jpg,Diverse Culinary Delights,,1913,,,,
4068770.jpg,The Guaranty Club Menu,,1913,,,,
4068789.jpg,Broadway Central Hotel New York Menu,,1913,New?York$NY,New?York,,
4068825.jpg,The Cortlandt Menu,,1913,,,,"turtle, rare"
4068849.jpg,New Willard Hotel Menu,,1913,,,,"birdie, turtle, rare"
4068890.jpg,Hotel La Salle Dining Menu,,1913,Chicago$IL,Illinois,,
4068817.jpg,Delmonico's Menu,,1913,,,,"birdie, turtle, rare"
4068942.jpg,American Houe Menu,,1913,,,,"birdie, rare"
4068945.jpg,Hotel Manhattan Menu,,1913,,,,
4068951.jpg,Liederkranz Club Menu,,1913,,,,
4068949.jpg,Brooklyn Club Menu,,1913,Brooklyn$NY,New?York,,"turtle, rare"
4069048.jpg,Club House Menu,,1913,,,,
4069068.jpg,St. Charles Hotel Menu,,1913,St.?Charles$STATE,Illinois,,"birdie, rare"
4068983.jpg,Mohican Hotel Menu,,1913,,,,"birdie, turtle, rare"
4068999.jpg,Fleischmann's Menu,,1913,,,,"birdie, rare"
4069075.jpg,Madison Square Garden Menu,,1913,New?York?City$NY,New?York,,
448140.jpg,Harvard University Class Of 1863 25th Anniversary Menu - Parker House,,1888,Boston$MA,Massachusetts,,"turtle, rare"
4069095.jpg,Copley Plaza Hotel Dining Menu,,1913,Boston$MA,Massachusetts,,
459457.jpg,Seventh Annual Dinner at Delmonico's,,1888,New?York?City$NY,New?York,,
4069090.jpg,Hobby Club Menu,,1913,,,,
459461.jpg,"Dinner honoring Hon. Chas. F. Fairchild, Secretary of the Treasury - ACADEMY OF MUSIC, Brooklyn Democratic Club",,1888,Brooklyn$NY,New?York,,"turtle, rare"
459494.jpg,Evening Dining Menu,,1888,,,,"turtle, rare"
459473.jpg,BANQUET OF THE BRITISH FISHERIES COMMISSION - BRUNSWICK HOTEL,,1888,New?York$NY,New?York,,
466407.jpg,Dinner Menu at Union Hotel & Restaurant,,1900,,,,
466413.jpg,Breakfast Menu on S.S. 'WESTERNLAND' - Red Star Line,,1900,,,,
466419.jpg,Lunch menu on S.S. 'SOUTHWARK' by RED STAR LINE,,1900,,,,
466420.jpg,Dinner Menu on S.S. 'SOUTHWARK' by RED STAR LINE,,1900,,,,
466432.jpg,Breakfast Menu on R.M.S. Oceanic,,1900,,,,
466433.jpg,Lunch Menu on R.M.S. Oceanic,,1900,,,,
466435.jpg,Dinner Menu on R.M.S. Oceanic,,1900,,,,"turtle, rare"
466462.jpg,Breakfast Menu on S.S. Westernland - Red Star Line S.S. Westernland,,1900,,,,
466466.jpg,"Luncheon Menu at Manhattan Hotel - Manhattan Hotel, Madison Ave. & 42 St., NY",,1900,New?York?City$NY,New?York,,"birdie, rare"
466472.jpg,"Supper Menu at Hotel Marlborough - Hotel Marlborough, 66 Street and Broadway, New York, NY",,1900,New?York$NY,New?York,,"birdie, turtle, rare"
466463.jpg,Lunch Menu on S.S. Westernland - Red Star Line S.S. Westernland,,1900,,,,
466467.jpg,"Hotel Marlborough Dinner Menu - Hotel Marlborough, Broadway and 36th St, New York, NY",,1900,New?York$NY,New?York,,
466473.jpg,"Breakfast Menu at Hotel Marlborough - Hotel Marlborough, 66 Street and Broadway, New York, NY",,1900,New?York$NY,New?York,,
466477.jpg,"DAILY CARTE DU JOUR at Hotel Marlborough - Hotel Marlborough, 66th Street and Broadway, New York, NY",,1900,New?York$NY,New?York,,"turtle, rare"
466486.jpg,"Cafe Breakfast at Hotel Marlborough - Hotel Marlborough, 66th St and Broadway, New York, NY",,1900,New?York$NY,New?York,,
466498.jpg,Lunch Menu on S.S. COPTIC - Occidental & Oriental Steamship Company,,1900,,,,
466495.jpg,Breakfast at Park Avenue Hotel,,1900,New?York$NY,New?York,,
466487.jpg,"Hotel Marie Antoinette Lunch Menu - Hotel Marie Antoinette, 66th St and Broadway, New York, NY",,1900,New?York$NY,New?York,,
466497.jpg,Breakfast Menu on S.S. COPTIC - Occidental & Oriental Steamship Company,,1900,,,,
466506.jpg,"Breakfast Menu on S.S. 'TRINIDAD' by Quebec Steamship Company - S.S. 'TRINIDAD', Quebec Steamship Company",,1900,Quebec$Canada,,,
466520.jpg,Lunch Menu at Sherman Square Hotel,,1900,New?York$NY,,,
466524.jpg,Lunch Menu at Princess Hotel,,1900,Hamilton$BERMUDA,,,
466542.jpg,Breakfast Menu at Sherman Square Hotel,,1900,New?York$NY,New?York,,
466514.jpg,Breakfast at Princess Hotel,,1900,Bermuda,,,
466551.jpg,Breakfast Menu on SS Trinidad - Quebec Steamship Company - SS Trinidad,,"0190, 1900",,,,
466544.jpg,"Daily Menu at Hotel Colombo - Hotel Colombo, 149 Bleecker Street, New York",,1900,New?York$NY,,,"turtle, rare"
466550.jpg,Wedding Dinner at Delmonico's NY,,1900,New?York?City$NY,New?York,,"birdie, rare"
466545.jpg,"Table d'hote dinner at Hotel Colombo - Hotel Colombo, 149 Bleecker Street, New York",,1900,New?York$NY,,,
466554.jpg,Breakfast Menu on SS Trinidad - Quebec Steamship Co. SS Trinidad,,1900,,,,
466555.jpg,Luncheon Menu on SS Trinidad - Quebec Steamship Co. Ss Trinidad,,1900,,,,
466556.jpg,"Castle Garden Hotel Daily Bill of Fare - Castle Garden Hotel, 9 & 10 Battery Pl. NY",,1900,New?York$NY,,,
466571.jpg,Daily Menus at Hospital,,1900,,,,"birdie, rare"
466559.jpg,Dinner at Pratt Institute Graduates Association Library School,,1900,New?York?City$NY,New?York,,
466586.jpg,PABST BLUE RIBBON DINNER,,1900,,,,
466589.jpg,Maxwell House Luncheon Menu,,1900,Nashville$TN,,,
466557.jpg,"Blottner's Cafe & Restaurant Daily Bill of Fare - 178 Broadway, NY",,1900,New?York$NY,New?York,,
466597.jpg,Maxwell House Supper Menu,,1900,NASHVILLE$TN,,,
466614.jpg,Breakfast Menu on S.S. 'COPTIC' - Occidental & Oriental Steamship Co.,,1900,,,,
466615.jpg,Lunch Menu on S.S. 'COPTIC' - Occidental & Oriental Steamship Co.,,1900,,,,
466602.jpg,184th Regular Dinner at XIII Club,,1900,New?York$NY,New?York,,
466621.jpg,SAVOY HOTEL MENU,,1900,New?York$NY,New?York,,
466633.jpg,Breakfast at Hotel Jermyn,,1900,Scranton$PA,Pennsylvania,,
466635.jpg,Hotel Jermyn Dinner Menu,,1900,Scranton$PA,Pennsylvania,,"turtle, rare"
466634.jpg,Hotel Jermyn Luncheon Menu,,1900,Scranton$PA,Pennsylvania,,
466637.jpg,P.R.R. (PENNSYLVANIA RR) DINNER at RR STATION,,1900,,,,"turtle, rare"
466636.jpg,Supper Menu at Hotel Jermyn,,1900,Scranton$PA,Pennsylvania,,
466638.jpg,"Daily Menu at Ewing's New Restaurant - 13 Montgomery Street, Jersey City, NJ",,1900,Jersey?City$NJ,New?Jersey,,"turtle, rare"
466640.jpg,Daily Menu at New York Athletic Club,,1900,New?York$NY,New?York,,"birdie, turtle, rare"
466641.jpg,Daily Menu at Union League Club,,1900,New?York$NY,New?York,,"birdie, rare"
466642.jpg,Lunch or Early Dinner Menu at Sturtevant House,,1900,,,,
466645.jpg,Breakfast at Pennsylvania R.R. Station,,1900,Jersey?City$NJ,,,
466647.jpg,"Hotel Savoy Luncheon Menu - Hotel Savoy, Fifth Avenue and 59th Street, New York, NY",,1900,New?York$NY,New?York,,"birdie, turtle, rare"
466643.jpg,Luncheon Menu at Broadway Central Hotel,,1900,Broadway$NY,New?York,,"birdie, rare"
466652.jpg,Westminster Hotel Luncheon Menu,,1900,New?York$NY,New?York,,
466651.jpg,Club Dinner at New York Athletic Club,,1900,New?York$NY,New?York,,"turtle, rare"
466653.jpg,Daily Menu at Colonial Club Of New York,,1900,New?York$NY,,,"birdie, turtle, rare"
466654.jpg,Daily Menu at Calumet Club Of New York,,1900,New?York$NY,New?York,,"birdie, turtle, rare"
466655.jpg,Dinner Menu at Sherman Square Hotel,,1900,New?York$NY,New?York,,
466657.jpg,Luncheon Bill of Fare at Park Ave. Hotel,,1900,New?York$NY,New?York,,
466656.jpg,"TABLE d'HOTE DINNER at Savoy Hotel - Savoy Hotel, 59 St. & 5th Ave, New York, NY",,1900,New?York$NY,New?York,,
466660.jpg,Dinner Menu at Park Avenue Hotel,,1900,New?York$NY,New?York,,
466661.jpg,Dinner A La Carte at Park Avenue Hotel,,1900,New?York$NY,New?York,,"birdie, turtle, rare"
466658.jpg,Park Avenue Hotel Luncheon Menu,,1900,New?York$NY,New?York,,
466659.jpg,Table d'hote dinner at Park Avenue Hotel,,1900,New?York$NY,New?York,,
466672.jpg,Luncheon Menu at Tampa Bay Hotel,,1900,Tampa$FL,,,
466673.jpg,Breakfast Menu at Arlington Hotel,,1900,Toronto$ON$CANADA,,,
466679.jpg,Lunch Menu on SS Louisiana - Cromwell Steamship Company,,1900,,,,
466665.jpg,Lunch Menu at Sherman Square Hotel,,1900,New?York$NY,New?York,,
466671.jpg,Evening Dinner at Bert Hough & Tony Franker Pabst Blue Ribbon,,1900,Chicago$IL,,,
466686.jpg,Dinner Menu at Arlington Hotel,,1900,Toronto$ON$CANADA,,,
466695.jpg,Dinner Menu at Cromwell Steamship Company,,1900,,,,
466680.jpg,"Daily Luncheon Menu at Wm. Mangler Catering Co. - 119-121 La Salle St., Chicago, IL",,1900,Chicago$IL,,,"turtle, rare"
466684.jpg,"Vogelsang's Luncheon Menu - 178 & 180 Madison St., Vogelsang's",,1900,New?York$NY,,,
466699.jpg,"Childs' Lunch Rooms Menu - 54 Beaver Street, New York, NY",,1900,New?York$NY,New?York,,
466698.jpg,"Regular Dinner Menu at Mills Hotel Restaurant - Mills Hotel Restaurant, BLEECKER, THOMPSON AND SULLIVAN STREETS; ENTRANCE ON BLEECKER STREET",,,,,,
466704.jpg,"Evening Dinner at Pabst Blue Ribbon - 122-124 S. Clark Street, Chicago, IL",,1900,Chicago$IL,Illinois,,"turtle, rare"
466714.jpg,Breakfast at Hotel Majestic,,1900,New?York$NY,New?York,,
466710.jpg,Hotel Majestic Luncheon Menu,,1900,New?York$NY,,,
466715.jpg,"CARTE DU JOUR/DINNER at Hotel Manhattan - Hotel Manhattan, Madison Ave & 42nd St.",,1900,New?York$NY,New?York,,"birdie, turtle, rare"
466716.jpg,Lunch Menu at Hotel Grenoble - Hotel Grenoble/Warren Leland Jr.,,1900,New?York$NY,New?York,,"birdie, rare"
466717.jpg,"Dinner at Hotel Majestic - Hotel Majestic, Central Park West, 72nd & 71st Sts.",,1900,New?York$NY,New?York,,"birdie, turtle, rare"
466721.jpg,Steamship Company Menu - Cromwell Steamship Company,,1900,Cromwell$Connecticut,Connecticut,,
466719.jpg,Carte du Jour at Hotel Grenoble,,1900,New?York$NY,New?York,,"turtle, rare"
466724.jpg,Special Lenten Dishes Menu - Mandel's Tea Rooms,,1900,,,,
466725.jpg,Cromwell Steamship Company Menu,,1900,,,,
466736.jpg,Bill of Fare - Cristoforo Colombo Restaurant,,1900,New?York$NY,New?York,,
466726.jpg,Dinner Menu at Cromwell Steamship Company,,1900,,,,
466743.jpg,"Daily Menu at Mills Hotel - Mills Hotel, Bleecker Street, New York",,1900,New?York$NY,New?York,,
466735.jpg,Bill of Fare - Mills Hotel Restaurant,,1900,New?York$NY,New?York,,
466780.jpg,Daily Soup Menu at Grenoble Hotel,,1900,New?York$NY,,,"birdie, turtle, rare"
466764.jpg,Dinner at Haddon Hall,,1900,Atlantic?City$NJ,,,
466781.jpg,U.S. ARMY - SUBSISTENCE DEPT. LUNCHEON - U.S. Army Subsistence Dept.,,1900,,,,
466782.jpg,US ARMY - SUBSISTENCE DEPT. DINNER at TRANSPORT - Us Army Subsistence Dept.,,1900,,,,
466783.jpg,Supper Menu at Haddon Hall,,1900,Philadelphia$PA,,,
466792.jpg,Breakfast at Vendome Hotel,,1900,Boston$MASS.,Massachusetts,,
466788.jpg,Daily Menu at Pioneer Dining Car Line,,1900,,,,
466796.jpg,Breakfast Menu on Cromwell Steamship Company,,1900,,,,
466801.jpg,Breakfast Menu at Cromwell Steamship Company,,1900,,,,
466794.jpg,"Dinner Menu at Mills Hotel - Mills Hotel, Bleecker St. NY",,1900,New?York$NY,New?York,,
466803.jpg,Willard's Hotel Breakfast Menu,,1900,Washington$DC,,,
466813.jpg,Dinner Menu at Round Table Club,,1900,,,,"birdie, turtle, rare"
466806.jpg,Pioneer Dining Car Line Daily Menu,,1900,,,,"turtle, rare"
466810.jpg,Dinner Menu at Mills Hotel Restaurant,,1900,New?York$NY,,,
466814.jpg,"MILLS HOTEL RESTAURANT - BILL OF FARE/BREAKFAST/DINNER - BLEECKER, THOMPSON AND SULLIVAN STREETS, ENTRANCE ON BLEECKER STREET",,1900,New?York$NY,New?York,,
466817.jpg,CARTE DU JOUR - Union League Club,,1900,New?York$NY,New?York,,"birdie, turtle, rare"
466819.jpg,Dinner Menu at Sheridan Square Hotel,,1900,New?York$NY,,,
466825.jpg,"Luncheon Table d'Hote at Hotel Savoy - Fifth Avenue & Fifty-Ninth Street, New York, NY",,1900,New?York$NY,New?York,,
466820.jpg,"BILL OF FARE/DINNER at Mills Hotel Restaurant - BLEECKER, THOMPSON AND SULLIVAN STREETS, ENTRANCE ON BLEECKER STREET, New York, NY",,1900,New?York$NY,,,
466826.jpg,"Luncheon A La Carte at Hotel Savoy - Hotel Savoy, Fifth Avenue & Fifty-Ninth Street, New York, NY",,1900,New?York$NY,New?York,,"birdie, turtle, rare"
466827.jpg,"Dinner Table D'Hote at Hotel Savoy - Hotel Savoy, Fifth Avenue & Fifty-Ninth Street, New York, NY",,1900,New?York$NY,New?York,,
466828.jpg,"Cafe Dinner Table D'Hote at Hotel Savoy - Hotel Savoy, Fifth Avenue & Fifty-Ninth Street, New York, NY",,1900,New?York$NY,New?York,,
466829.jpg,CARTE DU JOUR - New York Athletic Club,,1900,New?York$NY,New?York,,"birdie, turtle, rare"
466831.jpg,Calumet Club Dining Menu - Calumet Club Of New York,,1900,New?York$NY,New?York,,"birdie, turtle, rare"
466832.jpg,CARTE DU JOUR - Colonial Club Of New York,,1900,New?York$NY,New?York,,"birdie, turtle, rare"
466835.jpg,Table d'hote dinner at Park Avenue Hotel,,1900,New?York$NY,New?York,,
466843.jpg,SHERMAN SQUARE HOTEL MENU,,1900,New?York$NY,New?York,,
466842.jpg,Regular Menu - Hamblen's Restaurant & Lunch Rooms,,1900,New?York$NY,New?York,,
466905.jpg,Easter Breakfast at Murray Hill Hotel,,1900,New?York$NY,New?York,,
466917.jpg,Easter Dinner at Cafe Boulevard - 156 SECOND AVE,,1900,New?York$NY,,,
466848.jpg,Manhattan Club Menu,,1900,New?York$NY,New?York,,
466902.jpg,Alpha Kappa Phi Anniversary Dinner at Hotel Manhattan,,1900,New?York$NY,New?York,,"turtle, rare"
466922.jpg,Easter Breakfast at Hotel Dennis,,1900,Atlantic?City$NJ,New?Jersey,,
466847.jpg,Hotel Dining Menu - Eastman Hotel,,1900,Eastman$Georgia,Georgia,,"turtle, rare"
466939.jpg,Supper at Hotel Netherland,,1900,New?York$NY,,7,"birdie, turtle, rare"
466928.jpg,Easter Breakfast at Hotel Eastman,,1900,Hot?Springs$AR,,5,
466930.jpg,Easter Dinner at Republican House,,1900,Milwaukee$WI,,7,"birdie, rare"
466926.jpg,Easter Luncheon at Hotel Eastman,,1900,Hot?Springs$AR,Arkansas,,
466944.jpg,Cafe Luncheon at Hotel Marlborough,,1900,New?York$NY,,,
466946.jpg,Dinner at Manhattan Hotel,,1900,New?York$NY,,,"birdie, turtle, rare"
466951.jpg,Breakfast Menu on R.M.S. 'Empress of China' - Canadian Pacific Railway Company,,1900,,,,
466948.jpg,Breakfast menu on S.S. 'Doric' by Occidental & Oriental,,1900,,,,
466952.jpg,Luncheon Menu on R.M.S. Empress of China - Canadian Pacific Railway Company,,1900,,,,
466954.jpg,Carte du Jour at Manhattan Hotel,,1900,New?York$NY,,,"birdie, rare"
466963.jpg,Lunch Menu aboard Panama Line Steamship City of Para - Pacific Mail Steamship Co.,,1900,,,,
466985.jpg,"Dinner Menu on Cunard Line's R.M.S. Lucania - EN ROUTE ABOARD R.M.S. LUCANIA, Canadian Pacific Railway Company, Canadian Society Of New York",,1900,,,,"birdie, rare"
466977.jpg,Lunch Menu aboard R.M.S. Empress of China - Canadian Pacific Railway,,1900,,,,
466968.jpg,Breakfast Menu aboard S.S. Doric - Occidental And Oriental Steamship Co.,,1900,,,,
466967.jpg,Lunch Menu aboard S.S. Doric - Occidental And Oriental Steamship Co.,,1900,,,,
466957.jpg,Breakfast Menu Aboard R.M.S. Empress of China - Canadian Pacific Railway,,1900,,,,
466958.jpg,Steamship Dining Menu - Occidental And Oriental Steamship Co.,,1900,,,,
466993.jpg,Lunch Menu Aboard Panama Line Steamship City of Para - Pacific Mail Steamship Co.,,1900,,,,
467001.jpg,Breakfast Menu on RMS Lucania - Cunard Line,,1900,,,,
467002.jpg,Luncheon Menu on RMS Lucania - Cunard Line,,1900,,,,
467044.jpg,Business Men's Lunch at Central Restaurant & Roof Garden,,1900,New?York$NY,,,
467019.jpg,Annual Banquet Menu - Southern Hotel,,1900,St.?Louis$MO,Missouri,,"turtle, rare"
467061.jpg,Daily Dinner Menu at Riggs House,,1900,Washington$D.C.,,,
467050.jpg,BREALFAST menu aboard CUNARD LINE's R.M.S. LUCANIA - EN ROUTE ABOARD R.M.S. LUCANIA,,1900,,,,
467065.jpg,Gunther's Luncheon Menu,,1900,Chicago$IL,Illinois,,
467062.jpg,Dinner Menu at Gridiron National Convention,,1900,Washington$D.C.,,,"birdie, rare"
467045.jpg,Table d'hote dinner at Central Restaurant & Roof Garden,,1900,New?York$NY,,,
467060.jpg,Breakfast at Riggs House,,1900,Washington$D.C.,Washington$D.C.,,
467083.jpg,Dinner for the Admiral of the Navy at University Club,,1900,Chicago$IL,,,
467092.jpg,"Breakfast Menu on the Baltimore and Ohio RR Royal Blue Line - CAR LIVIUS, Baltimore And Ohio Rr Royal Blue Line",,1900,Baltimore$Maryland,,,
467095.jpg,"Breakfast Menu on Baltimore and Ohio RR Royal Blue Line - CAR HOLLAND, Baltimore & Ohio R.R.",,1900,Baltimore$Maryland,,,
467085.jpg,Cafe Service Meals at Car Astoria - Baltimore And Ohio Rr Royal Blue Line,,1900,Baltimore$Maryland,,,
467096.jpg,"SUPPER Menu at CAR WALTON - CAR WALTON, Baltimore And Ohio Rr Royal Blue Line",,1900,Baltimore$MD,,,
467087.jpg,"Dining Car Service Meals at Car Savoy - CAR SAVOY, Baltimore And Ohio Rr Royal Blue Line",,1900,Baltimore$MD,,,"turtle, rare"
467098.jpg,LUNCHEON MENU at BALTIMORE AND OHIO RR ROYAL BLUE LINE - CAR WALTON,,1900,Baltimore$Maryland,Maryland,,
467113.jpg,SPECIAL LUNCHEON at Mandel's Tea Rooms,,1900,,,,
467124.jpg,Dinner at Hotel Manhattan - Baptist Social Union Of New York,,1900,New?York$NY,New?York,,"birdie, rare"
467099.jpg,"DINNER MENU - BALTIMORE AND OHIO RR ROYAL BLUE LINE - CAR BRUNSWICK, Baltimore And Ohio Rr Royal Blue Line",,1900,Baltimore$MD,Maryland,,
467128.jpg,Dinner Menu at Hotel Manhattan,,1900,New?York$NY,,,"birdie, rare"
467148.jpg,Luncheon Menu in Cafe Car - Southern Railway; Norfolk & Western Railway; Alabama Great Southern Railw3ay; New Orleans & Northeastern Railroad,,1900,,,,
467151.jpg,Luncheon Menu on the Dining Car - Southern Railway; Washington And Southwestern Limited,,1900,,,,
467129.jpg,"Cafe/Half Portion Breakfast at Hotel Savoy - Hotel Savoy, Fifth Avenue & Fifty-Ninth Street",,1900,,,,
467130.jpg,"Breakfast at Hotel Savoy - Hotel Savoy, Fifth Avenue & Fifty-Ninth Street",,1900,New?York?City$NY,New?York,,
467150.jpg,Supper Menu in Cafe Car - Southern Railway; Norfolk & Western Railway; Alabama Great Southern Railw3ay; New Orleans & Northeastern Railroad,,1900,,,,
467146.jpg,Statler's Menu,,1900,,,,
467152.jpg,Dinner Menu on Southern Railway Dining Car - Southern Railway; Washington And Southwestern Limited,,1900,,,,
467155.jpg,"LUNCHEON, A LA CARTE at DINING CAR 'PALMER' - DINING CAR 'PALMER', B&O Blue Line",,1900,,,,
467171.jpg,Breakfast Menu aboard Pennsylvania Railroad Dining Cars,,1900,,,,
467157.jpg,Howard House Dinner Menu,,1900,Malone$NJ,New?Jersey,,
467156.jpg,"SUPPER, A LA CARTE at DINING CAR 'PALMER' on B&O BLUE LINE",,1900,,,,
467199.jpg,TIFFIN menu aboard SS CITY OF RIO DE JANEIRO - Pacific Mail Steamshp Company,,1900,,,,
467188.jpg,Hotel Dining Menu - Dewey Hotel,,1900,,,,
467172.jpg,Dinner aboard Pennsylvania Railroad Dining Cars,,1900,,,,
467192.jpg,Daily Luncheon Menu at Gordon Hotel,,1900,Washington$D.C.,Washington$D.C.,,
467189.jpg,Dewey Hotel Luncheon Menu,,1900,Washington$D.C.,,,
467191.jpg,Breakfast at Gordon Hotel,,1900,Washington$D.C.,,,
467219.jpg,"Statler's Dinner Menu - Statler's, ELLICOTT SQUARE, BUFFALO, NY",,1900,Buffalo$NY,New?York,,
467205.jpg,Lunch Menu on SS CITY OF PARA - Pacific Mail Steamshp Company,,1900,,,,
467203.jpg,Carte du Jour - Reform Club,,1900,New?York$NY,New?York,,"birdie, turtle, rare"
467222.jpg,Breakfast at John Wanamaker,,1900,New?York$NY,New?York,,
467221.jpg,"Lunch Menu at John Wanamaker - John Wanamaker, Broadway & 10th Street, New York, NY",,1900,New?York$NY,,,rare
467245.jpg,SUPPER at UNION PACIFIC DINING CAR SERVICE,,1900,,,,
467246.jpg,Breakfast Menu at New Falmouth Hotel,,1900,Portland$ME,Maine,,
467236.jpg,TIFFIN menu on SS RIO DE JANEIRO - Pacific Mail Steamship Company,,1900,,,,"birdie, rare"
467247.jpg,Dinner Menu at New Falmouth Hotel,,1900,Portland$ME,Maine,,"turtle, rare"
467243.jpg,Lunch Menu on SS CITY OF PARA by PACIFIC MAIL STEAMSHIP COMPANY,,1900,,,,
467256.jpg,Breakfast Menu at Union Pacific Dining Car Service,,1900,,,,
467235.jpg,Breakfast Menu on SS Rio de Janeiro - Pacific Mail Steamship Company,,1900,,,,
467268.jpg,Union Pacific Dining Car Service Luncheon Menu,,1900,,,,
467281.jpg,Breakfast Menu on FFV Limited Dining Cars - Chesapeake & Ohio Railway,,1900,,,,
467267.jpg,Dinner to Brown University Debating Teams - University Club,,1900,Providence$R.I.,,,"birdie, rare"
467276.jpg,Illinois Central Railroad Luncheon Menu,,1900,,,,
467278.jpg,Dinner Menu for Northern Pacific Railway on Yellowstone Park Line,,1900,Yellowstone?Park?Line,Wyoming,,"turtle, rare"
467264.jpg,Breakfast Menu on Pennsylvania Railroad Dining Cars,,1900,,,,
467277.jpg,Supper Menu on Central Mississippi Valley Route - Illinois Central Railroad,,1900,,,,
467282.jpg,Dining Car Service Menu on B.& O. Blue Line,,1900,,,,
467285.jpg,Lunch Menu at York Hotel,,1900,Adelaide$AUSTRALIA,,,
467291.jpg,"Dinner Menu at Central Restaurant - Central Restaurant, 143 Liberty Street, NY",,1900,New?York$NY,New?York,,
467283.jpg,Campus Dining Menu - Russell House,,,Columbia$SC,South?Carolina,,
467287.jpg,Breakfast Menu on Northern Pacific Railway Dining Car - Northern Pacific Railway Dining Card Service,,1900,,,,
467293.jpg,"Business Men's Lunch at Central Restaurant - 143 LIBERTY STREET, NY",,1900,New?York$NY,,,
467305.jpg,"Mangler's Dinner Menu - Mangler's, La Salle St. Chicago, IL",,1900,Chicago$IL,,,"birdie, rare"
467297.jpg,Annual Dinner Menu at Transportation Club Of New York,,1900,New?York$NY,,,"birdie, rare"
467307.jpg,A LA CARTE MENU - 102 MADISON ST.,,1900,,,,
467308.jpg,"Table d'hote menu at Pure Food Cafes Annex No. 1 - 102 East Madison St., Pure Food Cafes Annex No. 1, Chicago, IL",,1900,Chicago$IL,,,
467310.jpg,Breakfast Menu at Burnet House,,1898,Cincinnati$OH,Ohio,,
467333.jpg,Patriotic Holiday Dinner at Ebbitt House,,1898,Wash.D.C.,,,"turtle, rare"
467322.jpg,"1st Annual Re-Union Banquet at The Argyle - 308 Fulton St., Brooklyn, NY",,1898,Brooklyn$NY,New?York,,
467312.jpg,Supper Menu - Burnet House,,1898,Cincinnati$OH,Ohio,,
467324.jpg,"Luncheon on Pullman Dining Car Service for Launching of Steam Yacht 'Niagara' - Pennsylvania Railroad, En route to Wilmington",,1898,Wilmington$Delaware,Delaware,,"turtle, rare"
467323.jpg,"Breakfast on Pullman Dining Car Service for Launching of Steam Yacht 'Niagara' - Pennsylvania Railroad, En route to Wilmington",,1898,Wilmington$Delaware,Delaware,,"birdie, rare"
467350.jpg,"Launching of U.S. Battleships Kearsarge and Kentucky - Hotel Chamberlin, Ft Monroe, KY",,1898,FT?MONROE$KY,Kentucky,,
467338.jpg,"Inaugural Banquet at Merchants & Manufacturers Board of Trade of New York - Waldorf Astoria, The",,1898,New?York$NY,New?York,,
467366.jpg,BROOKLYN DEMOCRATIC CLUB ANNUAL DINNER at THE ARGYLE,,1898,Brooklyn$NY,New?York,,
467362.jpg,Easter Sunday Dinner at Princess Anne Hotel,,1898,Virginia?Beach$VA,Virginia,,"birdie, turtle, rare"
467358.jpg,Dinner at Delmonico's hosted by Baptist Social Union Of New York,,1898,New?York$NY,New?York,,"birdie, rare"
467373.jpg,9th Annual Banquet in Honor of 76th Birthday of Ulysses S. Grant - Planters Hotel,,1898,New?York$NY,New?York,,
467369.jpg,Dinner Menu at Planters Hotel,,1898,Saint?Louis$MO,Missouri,,"birdie, turtle, rare"
467372.jpg,Luncheon Menu at Planters Hotel,,1898,St.?Louis$MO,Missouri,,"birdie, rare"
467379.jpg,Breakfast menu on R.M.S. Empress of India - Canadian Pacific Railway Company,,1898,Not?provided,,,
467384.jpg,Banquet Honoring Right Rev. W.N. McVickar - Epiphany Brotherhood,,1898,,,,
467388.jpg,Windsor Hotel Luncheon Menu,,1898,New?York,New?York,,
467395.jpg,Queen Victoria's Birthday Celebration Menu - Tampa Bay Hotel,,1898,Tampa$FL,Florida,,
467421.jpg,Fourth of July Dinner at Bay State House,,1898,Worcester$MA,Massachusetts,,"birdie, turtle, rare"
467415.jpg,Wedding Day Menu - Cooper Wolff,,1898,Chicago$IL,Illinois,,"birdie, rare"
467416.jpg,Breakfast Menu on American Line To Montreal - AT SEA,,1898,,,,
467417.jpg,Dinner Menu on American Line To Montreal - AT SEA,,1898,,,,
467434.jpg,"CONEY ISLAND DINNER at VAN BUREN'S HOTEL - VAN BUREN'S HOTEL; CONEY ISLAND, NY",,1898,Coney?Island$NY,New?York,,
467455.jpg,Luncheon Menu at Vendome Hotel - Hotel Vendome,,1898,Boston$MA,Massachusetts,,
467462.jpg,"Luncheon for Governor Bushnell and Staff and Ohio Commissioners - MARKEL CAFE, OMAHA, NE",,1898,Omaha$NE,Nebraska,,
467463.jpg,Mayors' Day Menu at Trans-Mississippi and International Exposition - Trans Mississippi And International Exposition,,1898,Omaha$NE,Nebraska,,
467429.jpg,Luncheon Menu on Steamship North West - Northern Steamship Company,,1898,,,,"birdie, rare"
467465.jpg,"Dinner at New-York Hotel and Restaurant Co. Ltd. - NEW-YORK HOTEL AND RESTAURANT CO. LTD., CORTLANDT ST.",,1898,New?York$NY,New?York,,"birdie, turtle, rare"
467466.jpg,Governors' Day Menu at Trans-Mississippi and International Exposition - Trans Mississippi And International Exposition,,1898,Omaha$NEBRASKA,Nebraska,,
467467.jpg,Dinner at Delmonico's NY - U.S. Cruiser Brooklyn,,1898,New?York?City$NY,New?York,,
467470.jpg,Anniversary Dinner at Sherry's - Aztec Club,,1898,New?York$NY,New?York,,"birdie, rare"
467469.jpg,"ARMY NAVY DAY DINNER at MARKEL CAFE - MARKEL CAFE, Trans Mississippi And International Exposition",,1898,Omaha$NEBRASKA,Nebraska,,
467471.jpg,Luncheon for Civil Government Day - Trans Mississippi And International Exposition,,1898,Omaha$NE,Nebraska,,
467473.jpg,"Dinner at The Brunswick - THE BRUNSWICK, BOSTON, MA",,1898,Boston$MA,Massachusetts,,
467476.jpg,Century Club Dinner Menu,,1898,New?York$NY,New?York,,"birdie, rare"
467508.jpg,Thanksgiving Day Luncheon at Burnet House,,1898,Cincinnati$OHIO,Ohio,,
467509.jpg,Thanksgiving Day Breakfast at Grand Hotel,,1898,Indianapolis$IN,Indiana,,
467511.jpg,Breakfast at Bates Hotel - Bates (Hotel),,1898,Indianapolis$IN,Indiana,,
467499.jpg,"DINNER at AUBERGE LAFAYETTE - AUBERGE LAFAYETTE, PHILADELPHIA, PA",,1898,Philadelphia$PA,Pennsylvania,,
467487.jpg,DINNER at DELMONICO'S NY,,1898,New?York?City$NY,New?York,,
467480.jpg,Dinner Menu at Delmonico's NY - Delmonicos,,1898,New?York?City$NY,New?York,,
467530.jpg,SAINT NICHOLAS SOCIETY DINNER MENU,,1898,New?York$NY,New?York,,
467541.jpg,Delmonico's Dinner Menu,,1898,New?York?City$NY,New?York,,"birdie, rare"
467512.jpg,Luncheon Menu at Bates Hotel - Bates (Hotel),,1898,Indianapolis$IN,Indiana,,
467520.jpg,Daily Dinner Menu at Unnamed Hotel,,1898,,,,"turtle, rare"
467525.jpg,"Dinner for Frank C. Bone at Chrysanthemum Club - Chrysanthemum Club, Manhattan Hotel, New York, NY",,1898,New?York$NY,New?York,,"turtle, rare"
467537.jpg,"Annual Dinner Menu for Pain's Fireworks Co. Employees - Hunter's Hotel, Ocean Parkway",,1898,Brooklyn$NY,New?York,,
467563.jpg,New Year's Dinner at Magyar Paraszt Lakoma,,1899,New?York$NY,New?York,,
467564.jpg,New Year's Day Dinner at Bingham House,,1899,Philadelphia$PA,Pennsylvania,,
467558.jpg,Reception Menu at Union Club Of Cleveland,,1898,Cleveland$OH,Ohio,,"birdie, rare"
467567.jpg,Luncheon Menu on Holland America Line R.M.S. Rotterdam,,1899,,,,
467544.jpg,Dinner for Salesmen at Transportation Club - Edward Smith & Co.,,1898,New?York$NY,New?York,,"turtle, rare"
467547.jpg,Christmas Dinner at Bingham House,,1898,Philadelphia$PA,Pennsylvania,,"turtle, rare"
467579.jpg,Banquet for Foreign Missionary Boards - HOTEL MANHATTAN,,1899,New?York$NY,New?York,,"turtle, rare"
467592.jpg,"American-Irish Historical Society Dinner at Sherry's - American Irish Historical Society, New York City, NY",,1899,New?York?City$NY,New?York,,
467584.jpg,New York Central Supper Menu - New York Central Dining Car Service,,1899,New?York$New?York,New?York,,
467583.jpg,Breakfast Menu at New York Central Dining Car Service,,1899,New?York$NY,New?York,,
467581.jpg,"171st Annual Dinner & Meeting at Benjamin Trier Rest., Roof Garden - 143 Liberty St.",,1899,New?York$NY,New?York,,
467595.jpg,"Dinner Dance at Mrs. W.D. Sloane - 642 Fifth Ave, New York, NY",,1899,New?York$NY,New?York,,"turtle, rare"
467615.jpg,Annual Dinner Menu by Brooklyn College Of Pharmacy Alumni Association,,1899,Brooklyn$NY,New?York,,"birdie, rare"
467633.jpg,Annual Dinner Menu at NY Alumni Association of Colgate University - Manhattan Hotel NY,,1899,Manhattan$NY,New?York,,"birdie, rare"
467625.jpg,Tenth Wedding Anniversary Menu - Mr. & Mrs. John M. Tierney,,1899,Bedford?Park$NY,New?York,,"birdie, rare"
467598.jpg,Lunch at Waldorf-Astoria,,1899,New?York$NY,New?York,,
467599.jpg,Breakfast Menu at Waldorf Astoria,,1899,New?York$NY,New?York,,
467632.jpg,Supper in honor of James A. Herne at American Dramatists Club - MANHATTAN HOTEL NY,,1899,New?York?City$NY,New?York,,"birdie, rare"
467643.jpg,Patriotic Holiday Dinner at Ebbitt House,,1899,Washington$D.C.,Washington$D.C.,,
467689.jpg,Delmonicos Dinner Menu,,1899,New?York?City$NY,New?York,,
467678.jpg,Unitarian Club of New York Dinner Menu - Hotel Manhattan,,1899,New?York$NY,New?York,,
467702.jpg,Sunday Dinner at Hotel Metropole,,1899,Fargo$ND,North?Dakota,,
467677.jpg,Presidential Special Dinner Menu - Pullman Dining Car Service,,1899,Thomasville$GA,Georgia,,"turtle, rare"
467707.jpg,Easter Sunday Dinner at Hotel Savoy,,1899,New?York$NY,New?York,,"birdie, turtle, rare"
467716.jpg,Easter Sunday Dinner at Spokane Hotel,,1899,Spokane$WA,Washington,,"turtle, rare"
467711.jpg,Easter Sunday Breakfast at Haddon Hall,,1899,Atlantic?City$NJ,New?Jersey,,
467710.jpg,Easter Sunday Dinner at Luray Hotel,,1899,Atlantic?City$NJ,New?Jersey,,"turtle, rare"
467715.jpg,Easter Sunday Dinner at Republic House,,1899,Milwaukee$WI,Wisconsin,,"turtle, rare"
467718.jpg,Easter Sunday Dinner at Chamberlin Hotel,,1899,Old?Point?Comfort$VA,Virginia,,"birdie, turtle, rare"
467723.jpg,SAINT NICHOLAS SOCIETY PAAS FESTIVAL MENU - DELMONICO'S,,1899,New?York$NY,New?York,,
467750.jpg,Luncheon Menu at Ponce De Leon Hotel,,1899,Ponce?De?Leon?Hotel$City$STATE,Florida,,
467722.jpg,Delmonicos Menu,,1899,Delmonicos$New?York$NY,New?York,,
467725.jpg,MANHATTAN HOTEL MENU - Hotel Manhattan,,1899,New?York$NY,New?York,,"birdie, rare"
467761.jpg,"Eleventh Annual Dinner in Commemoration of Birth of Thomas Jefferson - Hotel Marlborough, New York City",,1899,New?York?City$NY,New?York,,"birdie, rare"
467781.jpg,Arrival of the Raleigh from Manila - Patriotic Holiday Menu - Hotel Claremont,,1899,Hotel?Claremont,,,"birdie, turtle, rare"
467785.jpg,"Lunch Menu at The Argyle - ARGYLE, THE",,1899,Brooklyn$NY,New?York,,
467798.jpg,First Annual Dinner Menu - New Rochelle Board Of Trade,,1899,New?Rochelle$NY,New?York,,
467783.jpg,"Delmonico's Dinner Menu - Delmonico's, Beaver St.",,1899,New?York?City$NY,New?York,,"birdie, turtle, rare"
467768.jpg,Josephine Luncheon Menu,,1899,Philadelphia$PA,Pennsylvania,,
467832.jpg,TWENTIETH ANNUAL BANQUET - AUDITORIUM HOTEL,,1899,Chicago$IL,Illinois,,"birdie, rare"
467833.jpg,"General Menu at Raimondo Braguglia's Cafe And Restaurant - 13 Broadway, NY",,1899,New?York$NY,New?York,,
467814.jpg,Closing Reception for 1898-99 Season - Booth Dramatic Society,,1899,,,,"birdie, rare"
467853.jpg,Metropole Hotel Dinner Menu - Hotel Metropole,,1899,Fargo$NORTH?DAKOTA,NORTH?DAKOTA,,
467807.jpg,Louis Sherry Cafe' Lunch or Dinner Menu,,1899,Louis?Sherry$New?York,New?York,,
467839.jpg,"Dinner in Honor of F. Hopkinson Smith - Providence Art Club, Rhode Island",,1899,Providence$Rhode?Island,Rhode?Island,,
467877.jpg,Breakfast Menu on R.M.S.Majestic,,1899,,,,
467865.jpg,"Imperial Council Luncheon at Ismalia Temple - Cataract House, Niagara Falls, NY",,1899,Niagara?Falls$NY,New?York,,
467886.jpg,Fourth of July Dinner at Deer Park Hotel,,1899,Deer?Park$MD,Maryland,,"birdie, turtle, rare"
467863.jpg,Hope High School Graduation Dinner,,1899,Providence$R.I.,Rhode?Island,,
467858.jpg,Daily Dinner Menu at Roanoke Hotel,,1899,Roanoke$VA,Virginia,,
467892.jpg,Lunch Menu on R.M.S.Majestic,,1899,,,,
467887.jpg,Fourth of July Dinner at Battery Park Hotel,,1899,Asheville$NC,North?Carolina,,
467888.jpg,Fourth of July Dinner at Hygeia Hotel,,1899,Old?Point?Comfort$VA,Virginia,,"birdie, turtle, rare"
467893.jpg,Lunch Menu at Grand Union,,1899,Saratoga?Springs$NY,New?York,,
467895.jpg,"Dinner Menu at Steamers New York and Albany - STEAMERS NEW YORK AND ALBANY, Hudson River Day Line",,1899,New?York$NY,New?York,,
467900.jpg,Lunch Menu at Hotel Baltimore,,1899,Baltimore$Maryland,Maryland,,
467899.jpg,Breakfast at Hotel Baltimore,,1899,Baltimore$MD,Maryland,,
467891.jpg,Banquet at The Bates - R.M.S. Majestic,,1899,Indianapolis$IN,Indiana,,
467901.jpg,Hotel Baltimore Dinner Menu,,1899,Baltimore$Maryland,Maryland,,"birdie, turtle, rare"
467911.jpg,Arkwright Club Of New York Dinner Menu,,1899,New?York$NY,New?York,,
467908.jpg,Breakfast at Imperial Hotel,,1899,Petoskey$MI,Michigan,,
467910.jpg,Imperial Hotel Supper Menu,,1899,Petoskey$MI,Michigan,,
467905.jpg,Dinner at New Gladstone (Hotel),,1899,Naragansett?Pier$RI,Rhode?Island,,
467909.jpg,Imperial Hotel Dinner Menu,,1899,Petoskey$MI,Michigan,,
467915.jpg,"Breakfast Menu on Pennsylvania Railroad Dining Cars - Arion Society, Pennsylvania Railroad Dining Cars en route New York to Chicago",,1899,New?York$NY,New?York,,
467916.jpg,Arion Society Luncheon Menu on Pennsylvania Railroad Dining Cars - PENNSYLVANIA RAILROAD DINING CARS EN ROUTE NEW YORK TO CHICAGO,,1899,New?York$NY,New?York,,
467917.jpg,"Dinner Menu on Pennsylvania Railroad Dining Cars - Arion Society, Pennsylvania Railroad Dining Cars en route New York to Chicago",,1899,New?York$NY,New?York,,
467912.jpg,Grand Union Dinner Menu,,1899,Saratoga?Springs$NY,New?York,,
467926.jpg,Daily Dinner Menu at New Gladstone,,1899,Narragansett?Pier$R.I.,Rhode?Island,,
467939.jpg,New Gladstone Luncheon Menu,,1899,Narragansett?Pier$R.I.,Rhode?Island,,
467935.jpg,Breakfast at New Gladstone,,1899,Narragansett?Pier$R.I.,Rhode?Island,,
467953.jpg,"Dinner Menu at Keystone Restaurant - Keystone Restaurant, P.R.R. Station Jersey City",,1899,Jersey?City$NJ,New?Jersey,,
467947.jpg,177th Regular Dinner at Van Buren's Hotel,,1899,Coney?Island$NY,New?York,,
467946.jpg,Dinner Menu at Mount Pleasant House,,1899,Mount?Pleasant$STATE,South?Carolina,,"birdie, rare"
467956.jpg,Special Dewey Lunch at Union League Club,,1899,New?York$NY,New?York,,"birdie, rare"
467942.jpg,Hotel Roanoke Dinner Menu,,1899,Roanoke$VA,Virginia,,"squirrel, rare"
467958.jpg,Table d'Hote de Bon Vivant - Evelyn Restaurant; The,,1899,New?York,New?York,,"birdie, turtle, rare"
467967.jpg,Daily Luncheon Menu at Martinique Apartments,,1899,New?York$NY,New?York,,
467966.jpg,Daily Breakfast Menu at Martinique Apartments,,1899,New?York$NY,New?York,,
467972.jpg,Luncheon on the President's Tour to Chicago & the Northwest - Penn. Rr Pullman Dining Car Service,,1899,,,,"birdie, rare"
467964.jpg,Opera Supper at Union Club,,,,,,"birdie, rare"
467971.jpg,Breakfast on the Tour of the President to Chicago & the Northwest - Penn Rr Pullman Dining Car Service,,1899,,,,
467961.jpg,Daily Lunch Luncheon at Vendome Hotel,,1899,Boston$MASS,Massachusetts,,
467973.jpg,Dinner on the Penn. RR - Pullman Dining Car Service - Pennsylvania Railroad Dining Car,,1899,,,,"turtle, rare"
467984.jpg,Breakfast Menu at PROVIDENCE LINE - STEAMER RHODE ISLAND,,1899,Providence$RI,Rhode?Island,,
467985.jpg,Dinner Menu at Steamer Rhode Island - Providence Line,,1899,Providence$Rhode?Island,Rhode?Island,,"turtle, rare"
467976.jpg,Anniversary Dinner at Sherry's NY - Aztec Club,,1899,New?York$NY,New?York,,
467993.jpg,Opera Supper at Union Club,,1899,Cleveland$OH,Ohio,,"birdie, rare"
468000.jpg,"Breakfast Menu for Trip of Pres. McKinley, His Cabinet & Guests - Pennsylvania Railroad",,1899,,,,"birdie, rare"
467996.jpg,Dinner to Sir Henry Irving at Lotos Club,,1899,New?York?City$NY,New?York,,
467991.jpg,Sherman Square Hotel Menu,,1899,New?York$NY,New?York,,
468001.jpg,"Dinner Menu for Trip of Pres. McKinley, His Cabinet & Guests - Pennsylvania Railroad",,1899,,,,"birdie, turtle, rare"
468009.jpg,DINNER MENU at SHERRY'S,,1899,New?York$NY,New?York,,"birdie, rare"
468002.jpg,"Dinner at Loving Cup Club - Loving Cup Club, Springside, Orange, NJ",,1899,Orange$NJ,New?Jersey,,"birdie, turtle, rare"
468022.jpg,Luncheon Menu for Santa Fe Route Dining Car Service,,1899,,,,
468024.jpg,Nineteenth Annual Dinner at Queen City Club,,1899,Cincinnati$OH,Ohio,,
468023.jpg,Dinner Menu for Santa Fe Route Dining Car Service,,1899,,,,
468026.jpg,Supper at Hotel Vendome,,1899,Boston$MA,Massachusetts,,
468073.jpg,Luncheon Menu at Hotel Vendome,,1899,Boston$MA,Massachusetts,,
468070.jpg,Vaudeville Entertainment Menu - Century Club,,1899,Cleveland$OH,Ohio,,"birdie, rare"
468060.jpg,Table d'hote meal - Bert Hough And Tony Franker,,1899,,,,"turtle, rare"
468028.jpg,Breakfast Menu - Santa Fe Route Dining Car Service,,1899,,,,
468039.jpg,Sunday Dinner at Cafe Boulevard - 156 SECOND AVENUE,,1899,New?York$NY,New?York,,
468096.jpg,Thanksgiving Dinner at C. & N. W. Passenger Station,,1899,Chicago$IL,Illinois,,
468075.jpg,Luncheon Menu at Broadway Central Hotel,,1899,New?York$NY,New?York,,
468076.jpg,Dinner Menu at Castleton Hotel - Hotel Castleton,,1899,New?Brighton$S.I.,New?York,,
468074.jpg,Dinner for President McKinley's trip to Paterson for Vice President Hobart's funeral - Pennsylvania Railroad Dining Cars,,1899,,,,"turtle, rare"
468100.jpg,Thanksgiving Dinner at Battery Park Hotel,,1899,Asheville$NC,North?Carolina,,"turtle, rare"
468106.jpg,Anniversary Celebration Menu - Lakewood Country Club,,1899,Lakewood$NJ,New?Jersey,,"birdie, turtle, rare"
468102.jpg,Thanksgiving Dinner at Plaza Hotel,,1899,New?York?City$NY,New?York,,"birdie, turtle, rare"
468110.jpg,DINNER at SHERRY'S NY,,1899,New?York$NY,New?York,,
468107.jpg,"Luncheon on Special Train for Sec'y of War, Elihu Root and Party - Pennsylvania Railroad, en route from Washington to Philadelphia & return",,1899,Philadelphia$PA,Pennsylvania,,"turtle, rare"
468108.jpg,"Dinner on Special Train for Sec'y of War Elihu Root and Party - Pennsylvania Railroad, enroute from Washington to Philadelphia",,1899,Philadelphia$PA,Pennsylvania,,
468111.jpg,SAINT NICHOLAS SOCIETY DINNER at DELMONICO'S NY,,1899,New?York?City$NY,New?York,,"turtle, rare"
468127.jpg,Luncheon Menu at Hotel Chamberlin,,1899,Old?Point?Comfort$VA,Virginia,,
468129.jpg,"St. Paul School Alumni Dinner at Hotel Manhattan - Hotel Manhattan, St. Paul School Alumni",,1899,Manhattan$New?York,New?York,,"birdie, rare"
468130.jpg,Dinner Menu for Phi Chapter Association Of Zeta Psi Event,,1899,,,,"birdie, rare"
468128.jpg,LUNCH at U.S.Flagship New York,,1899,NORTH?ATLANTIC?STATION?NAVY?YARD$NY,New?York,,
468115.jpg,Breakfast at Chamberlin Hotel,,1899,Old?Point?Comfort$VA,Virginia,,
468163.jpg,"Religious Holiday Dinner at Balmoral Hotel - Balmoral Hotel, Lenox Ave. 113 & 114 Street, NY",,1899,New?York$NY,New?York,,
468141.jpg,Breakfast at British Schools And Universities Club Of New York,,1899,New?York$NY,New?York,,
468150.jpg,Hotel Marlborough Dinner Menu,,1899,Marlborough$MA,Massachusetts,,
468159.jpg,Christmas Dinner at Westminster Hotel,,1899,Westminster$STATE,Westminster,,"turtle, rare"
468148.jpg,Hotel Manhattan Dinner Menu,,1899,New?York?City$NY,New?York,,
468185.jpg,Daily Dinner Menu at Masonic Temple Restaurant,,1900,,,,
468195.jpg,D&H Dining Car Service Dinner Menu,,1900,,,,
468186.jpg,Dinner Menu at Grand Trunk Railway System,,1900,London$ENGLAND,,,
468199.jpg,Southern Railway Breakfast Menu,,1900,,,,
468206.jpg,"Childs' Lunch Rooms Menu - 90 FULTON ST., NEW YORK, NY",,1900,New?York$NY,,,
468200.jpg,Southern Railway Lunch Menu,,1900,,,,
468202.jpg,Dinner Menu on the Washington and Southwestern Limited - Southern Railway,,1900,,,,
468210.jpg,Metropole Hotel Luncheon Menu,,1900,Fargo$NK,,,
468222.jpg,Russell House Luncheon Menu,,1900,Detroit$MI,,,
468209.jpg,Breakfast at Metropole Hotel,,1900,Fargo$ND,,,
468231.jpg,Breakfast on Special Pullman Vestibuled Train - Commercial Club Of Chicago,,1900,Chicago$IL,Illinois,,
468224.jpg,Colonial Hotel Luncheon Menu,,1900,Cleveland$OH,,,
468232.jpg,Dinner on Special Pullman Vestibuled Train - Commercial Club Of Chicago,,1900,Chicago$IL,,,
468234.jpg,Santa Fe' Route Luncheon Menu,,1900,,,,
468235.jpg,Southern Railway Dining Car Service Dinner Menu,,1900,,,,
468237.jpg,Dinner Menu at Russell House,,1900,Detroit$MICH.,,,
468238.jpg,"Dinner Menu at Cafe' Boulevard - Chateau Henri IV - Cafe' Boulevard Chateau Henri Iv, 156 2ND AVE. NY",,1900,New?York$NY,,,
468239.jpg,"AMERICAN MEDICAL EDITOR'S ASSOCIATION Annual Dinner at Hotel Dennis - Hotel Dennis, Atlantic City, NJ",,1900,Atlantic?City$NJ,,,
468268.jpg,"TIFFIN menu on SS RIO DE JANEIRO - SS RIO DE JANEIRO, Pacific Mail Steamship Co.",,1900,,,,
468306.jpg,Club Luncheon Menu at Baltimore Hotel,,1900,Baltimore$Maryland,Maryland,,
468305.jpg,"Annual Banquet Menu at Mechanics Hall - MECHANICS HALL, Boston, MA",,1900,Boston$MA,Massachusetts,,
468286.jpg,Lunch Menu on SS Gaelic - Occidental & Oriental Steamship Co.,,1900,,,,
468307.jpg,Luncheon Menu at Baltimore Hotel,,1900,Baltimore$Maryland,Maryland,,
468288.jpg,Dinner Menu at Hygeia Hotel,,1900,Old?Point?Comfort$VA,Virginia,,"turtle, rare"
468309.jpg,Cafe Luncheon at Baltimore Hotel,,1900,Baltimore$Maryland,Maryland,,"birdie, turtle, rare"
468308.jpg,Dinner Menu at Baltimore Hotel,,1900,Baltimore$Maryland,Maryland,,
468310.jpg,Cafe Dinner at Baltimore Hotel,,1900,Baltimore$Maryland,Maryland,,"birdie, turtle, rare"
468323.jpg,School Cafeteria Menu - Ward School Buildings,,1900,,,,
468311.jpg,LE PETIT SOUPER - Baltimore Hotel,,1900,Baltimore$Maryland,Maryland,,"birdie, rare"
468314.jpg,54th Annual Regatta Menu - New York Yacht Club,,1900,New?York$NY,,,"birdie, rare"
468325.jpg,U.S. ARMY TRANSPORT BREAKFAST,,1900,Warren$STATE,Warren,,
468326.jpg,Military Transport Menu - U.S. Army Transport,,1900,,,,
468336.jpg,SUPPER MENU - DINING CAR SERVICE - Canadian Pacific Railway,,1900,,,,
468334.jpg,Canadian Pacific Railway Luncheon Menu,,1900,,,,
468335.jpg,Dinner Menu on Canadian Pacific Railway Dining Car Service,,1900,,,,
468337.jpg,Planters Hotel Dining Menu,,1900,Savannah$Georgia,Georgia,,
468339.jpg,Breakfast Menu aboard U.S.A.(Army) Transport Warren,,1900,,,,
468338.jpg,Campus Dining Menu - Brown University,,1900,Providence$RI,Rhode?Island,,"turtle, rare"
468340.jpg,Lunch Menu aboard U.S.A.(Army) Transport Warren,,1900,,,,
468341.jpg,Military Transport Warren Menu - U.S.A.(Army) Transport Warren,,1900,,,,"birdie, rare"
468345.jpg,Planters Hotel Luncheon Menu,,1900,St.?Louis$MO,,,
468348.jpg,Meal Service Aboard U.S. Army Transport Warren - U.S.Army Transport Warren,,1900,,,,
468350.jpg,Dinner at Grand Union Hotel,,1900,Montreal$CANADA,,,
468352.jpg,U.S. ARMY TRANSPORT Dinner Menu,,1900,,,,
468370.jpg,Breakfast Menu on Santa Fe Route Dining Car Service,,1900,,,,
468367.jpg,"Complimentary Dinner for Non-Commissioned Officers at Hotel Manhattan - HOTEL MANHATTAN, MADISON AVE. & 42ND ST., NEW YORK, NY",,1900,New?York$NY,New?York,,
468363.jpg,Santa Fe Route Dining Car Supper Menu,,1900,,,,
468371.jpg,Supper Menu at Chesapeake Steamship Co.,,1900,,,,
468372.jpg,Breakfast at Hotel St. Andrew,,1900,New?York$NY,,,"birdie, rare"
468391.jpg,Breakfast Menu at Russell House,,1900,Detroit$MI,Michigan,,
468376.jpg,"Complimentary Dinner at Merion Cricket Club - MERION CRICKET CLUB, HAVERFORD, PA",,1900,Haverford$PA,,,
468410.jpg,July Fourth Dinner at Hotel North,,1900,Augusta$ME,,,
468405.jpg,Luncheon Menu at Alta Vista Hotel,,1900,Colorado?Springs$CO,,,
468396.jpg,Breakfast Menu at Alta Vista Hotel,,1900,Alta?Vista$City$STATE,,,
468418.jpg,Luncheon Menu at Alamo The,,1900,Colorado?Springs$CO,,,
468416.jpg,July Fourth Dinner at Alamo Hotel - Alamo Hotel(?),,1900,Colorado?Springs$CO,,,
468433.jpg,New Rockingham Luncheon Menu,,1900,Narragansett?Pier$RI,,,
468417.jpg,Breakfast Menu at Alamo The,,1900,Colorado?Springs$CO,,,
468434.jpg,"LARCHMONT TROLLEY PARTY LUNCH - HOTEL ST.GEORGE, NYACK-ON-HUDSON, NY",,1900,Nyack$NY,,,"birdie, rare"
468441.jpg,Breakfast at Planters Hotel,,1900,St.?Louis$MO,,,"birdie, rare"
468444.jpg,SUPPER MENU - NIAGARA TO THE SEA,,1900,,,,
468442.jpg,Breakfast Menu - Niagara to the Sea,,1900,,,,
468451.jpg,Sunday Supper at Catskill Mountain House,,1900,Catskill?Mountain?House$New?York,,,
468452.jpg,Breakfast at Hotel Victory,,1900,Put?in?Bay$Ohio,,,
468458.jpg,Hotel Colorado Luncheon Menu,,1900,Glenwood?Springs$CO,,,
468459.jpg,Breakfast Menu at Catskill Mountain House,,1900,Catskill?Mountain?House$New?York,,,
468460.jpg,Breakfast at Hotel Colorado,,1900,Glenwood?Springs$CO,Colorado,,
468463.jpg,Table d'hote at Russell House,,1900,Detroit$MI,Michigan,,
468467.jpg,Luncheon Menu on SS North Land - Northern Steamship Company/Great Northern Ry Line,,1900,,,,"birdie, rare"
468464.jpg,Dinner Menu on SS North Land - Northern Steamship Company/Great Northern Ry Line,,1900,,,,
468471.jpg,Supper Menu at Catskill Mountain House,,1900,Catskill?Mountain?House$New?York,New?York,,
468477.jpg,Dinner Menu aboard SS Chateaugay - Steamer Chateaugay,,1900,Lake?Champlain$NY,New?York,,
468474.jpg,Club Dinner Menu,,1900,,,,
468472.jpg,Steamer Chateaugay Menu,,1900,,,,
468478.jpg,"189th Regular Dinner at Central Restaurant - Central Restaurant, 143 Liberty Street, New York, NY",,1900,New?York$NY,New?York,,
468497.jpg,Dinner Menu on Steamer Horicon - ABOARD STEAMER HORICON,,1900,Lake?George$NY,New?York,,
468500.jpg,Special Breakfast at Hotel Velvet,,1900,Old?Orchard$ME,Maine,,
468488.jpg,Hotel Velvet Dinner Menu,,1900,Old?Orchard$ME,Maine,,"turtle, rare"
468487.jpg,Hotel Velvet Breakfast Menu,,1900,Old?Orchard$ME,Maine,,
468505.jpg,Velvet Hotel Menu,,1900,,,,"turtle, rare"
468510.jpg,Dinner at Haddon Hotel,,1900,Atlantic?City$NJ,New?Jersey,,"birdie, turtle, rare"
468507.jpg,Hotel Dining Menu - Del Prado Hotel,,1900,Del?Prado?Hotel$in?City$STATE?abbreivation?format$or?state?spelled?out.?If?not?a?city$state$leave?blank,STATE,,
468508.jpg,Luncheon Menu at Del Prado Hotel,,1900,Chicago$IL,Illinois,,
468511.jpg,Supper at Haddon Hotel,,1900,Atlantic?City$NJ,New?Jersey,,
468524.jpg,Lackawanna Railroad Luncheon Menu,,1900,,,,
468517.jpg,Luncheon at United States Hotel,,1900,Saratoga$NY,New?York,,
468519.jpg,Victory Hotel Dinner Menu,,1900,Put-in-Bay$OH,Ohio,,
468527.jpg,LACKAWANNA RAILROAD SUPPER MENU,,1900,,,,
468518.jpg,Dinner at United States Hotel,,1900,Saratoga$NY,,,"turtle, rare"
468528.jpg,"Daily Luncheon Menu - Russell House,The",,1900,Detroit$MI,,,
468532.jpg,Morning Meal at New State House - Gumpses Of Greater Waco,,1900,Waco$TX,,,
468531.jpg,Evening Meal at New State House - Gumpses Of Greater Waco,,1900,Waco$TX,,,
468536.jpg,Noonday Meal at New State House,,1900,Waco$TX,,,
468537.jpg,Breakfast Menu at Hotel Columbia,,1900,Belmar$NJ,,,
468549.jpg,Dinner at Hotel Del Coronado,,1900,Coronado?Beach$CA,,,
468538.jpg,LUNCHEON at Long Beach Hotel,,1900,Long?Beach$NY,New?York,,
468540.jpg,Princess Anne Supper Menu,,1900,Virginia?Beach$VA,,,
468546.jpg,Princess Anne Dinner Event Menu,,1900,Virginia?Beach$VA,,,
468556.jpg,Daily Breakfast Menu at Columbia Hotel,,1900,Belmar$NJ,,,
468560.jpg,Congress Hall Luncheon Menu,,1900,Saratoga?Springs$NY,,,
468557.jpg,Dinner at Columbia Hotel,,1900,Belmar$NJ,,,
468555.jpg,Dinner Menu at Del Coronado Hotel,,1900,Coronado?Beach$CA,,,
468563.jpg,Congress Hall Dinner Menu,,1900,Saratoga?Springs$NY,,,
468564.jpg,Dinner Menu on SS HGAIRGA - Nippon Yusen Kaisha,,1900,,,,
468565.jpg,Hoffman House Luncheon Menu,,1900,Hoffman?House$IL,,,"birdie, turtle, rare"
468566.jpg,Hoffman House Dinner Menu,,1900,,,,"birdie, turtle, rare"
468568.jpg,Breakfast at Grand Hotel,,1900,Mackinac?Island$MI,,,
468590.jpg,"Dinner Menu on R.M.S. Majestic, 2nd Saloon - R.M.S. MAJESTIC, 2ND SALOON, White Star Line",,1900,,,,
468583.jpg,Dinner at Steamer Ticonderoga,,1900,Lake?George$NY,New?York,,
468603.jpg,Dinner Menu at West Coast Dining Saloon,,1900,,,,
468596.jpg,Evening Dinner at Victory Hotel,,1900,Put-in-Bay$OH,,,
468589.jpg,"Lunch Menu on R.M.S. Majestic, 2nd Saloon - White Star Line",,1900,,,,
468595.jpg,Breakfast Menu at Victory Hotel,,1900,Put-in-Bay-Island$OH,,,
468604.jpg,Congress Hall Dinner Menu - Claremont Hotel,,1900,Saratoga?Springs$NY,New?York,,
468613.jpg,Hotel North Dinner Menu,,1900,Augusta$ME,,,
468618.jpg,Supper at Congress Hall,,1900,Saratoga?Springs$NY,,,
468605.jpg,Menu for SS Kamkura Maru onboard Nippon Yusen Kaisha,,1900,,,,
468642.jpg,Transportation Company Menu - Champlain Transportation Company,,1900,,,,
468649.jpg,Breakfast Menu on SS Kairga - Nippon Yusen Kaisa,,1900,,,,
468652.jpg,Daily Supper Menu at Long Beach Hotel,,1900,Long?Beach$NY,New?York,,
468650.jpg,TIFFIN menu aboard SS KAIRGA - EN ROUTE - SS KAIRGA,,1900,,,,
468685.jpg,Hotel Victory Dinner Menu,,1900,Put-in-Bay$OH,Ohio,,
468688.jpg,TIFFIN menu aboard SS Nippon Yusen Kaisha,,1900,,,,
468699.jpg,Noon Dinner Menu at Hotel Victory - Claremont Hotel,,1900,Put-in-Bay$OH,Ohio,,
468698.jpg,"Noon Dinner Menu at Hotel Victory - Hotel Victory, Put-in-Bay Island, Lake Erie, OH",,1900,Put-in-Bay$OH,Ohio,,
468643.jpg,Planters Hotel Co. Menu,,1900,St.?Louis$Missouri,Missouri,,
468700.jpg,Dinner Menu Aboard SS Kobe - Nippon Yusen Kaisha,,1900,,,,"turtle, rare"
468673.jpg,Hotel Del Coronado Luncheon Menu,,1900,Coronado?Beach$CA,,,
468705.jpg,Breakfast Menu at Hotel North - Claremont Hotel,,1900,Augusta$ME,Maine,,
468686.jpg,Breakfast Menu Aboard SS Nippon Yusen Kaisha,,1900,,,,
468706.jpg,Hotel North Breakfast Menu,,1900,Augusta$ME,Maine,,
468721.jpg,Southern Pacific Company Menu,,1900,,,,
468767.jpg,Breakfast Menu on the Southern Pacific Company Dining Car Service,,1900,,,,
468714.jpg,Japanese Cuisine Menu - Nippon Pusen Kaisha,,1900,,,,
468727.jpg,Breakfast Menu at Long Beach Hotel,,1900,Long?Beach$NY,,,
468703.jpg,Evening Dinner at Hotel Victory,,1900,Put-in-Bay-Island$Lake?Erie$OH,Ohio,,
468771.jpg,Dinner Menu on Canadian Pacific Railway Co. S.S. Athabasca,,1900,,,,
468769.jpg,Breakfast Menu on Canadian Pacific Railway Co. S.S.Athabasca,,1900,,,,
468778.jpg,Dinner Menu on Canadian Pacific Railway Co. S.S. Alberta,,1900,,,,
468770.jpg,Luncheon Menu on Canadian Pacific Railway Co. S.S.Athabasca,,1900,,,,
468768.jpg,Dinner Menu on Sunset Ogden & Shasta Route - Southern Pacific Company Dining Car Service,,1900,,,,
468775.jpg,Luncheon Menu on Canadian Pacific Railway Co. S.S. Alberta,,1900,,,,
468774.jpg,Breakfast Menu on Canadian Pacific Railway Co. S.S. Alberta,,1900,,,,
468780.jpg,Breakfast at Brown Palace Hotel,,1900,Denver$CO,,,
468779.jpg,Dinner Menu on CANDIAN PACIFIC RAILWAY CO. - S.S.MANITOBA - Candian Pacific Railway Co. S.S.Manitoba,,1900,,,,
468781.jpg,Breakfast - A La Carte at Brown Palace Hotel,,1900,Denver$CO,Colorado,,
468783.jpg,Daily Supper Menu at Essex Hotel,,1900,Essex?Hotel$Essex,,,"birdie, rare"
468784.jpg,Aerated Bread Company Menu,,1900,,,,
468810.jpg,"Breakfast Menu on SS Mount Desert - SS Mount Desert, Boston & Bangor Steamship Company",,1900,Boston$MA,Massachusetts,,
468841.jpg,Breakfast Menu Aboard Herzogin Sophie Charlotte - Nordeutscher Lloyd,,1900,,,,
468799.jpg,Steamship Company Menu - Boston & Bangor Steamship Company,,1900,Boston$MA,Massachusetts,,
468842.jpg,"Engineers Club Dinner Menu - Engineers Club, 374 Fifth Avenue, NY, NY",,1900,New?York$NY,,,
468843.jpg,Daily Menu at Brown Palace,,1900,Denver$CO,,,"birdie, turtle, rare"
468845.jpg,"Daily Menu at Engineers Club - Engineers Club, 374 Fifth Avenue, New York, NY",,1900,New?York$NY,,,"birdie, turtle, rare"
468844.jpg,Luncheon Menu at Brown Palace Hotel,,1900,Denver$CO,,,
468854.jpg,Dinner at Roissealmont - Roissealmont (?),,1900,Adirondacks$NY,New?York,,
468871.jpg,Japanese Cuisine Menu on S.S.Kasuga - Nippon Yusen Kaisa S.S.Kasuga,,1900,,,,
468866.jpg,Luncheon Menu at Oriental Hotel,,1900,Manhattan?Beach$NY,,,
468865.jpg,Dinner at Oriental Hotel,,1900,Manhattan?Beach$NY,New?York,,
468873.jpg,TIFFIN at EN ROUTE - Nippon Yusen Kaisha S.S.Kasuga,,1900,,,,
468879.jpg,Dinner Menu on TOYO KISEN KAISHA - SS HONG KONG MARU - Toyo Kisen Kaisha   Ss Hong Kong Maru,,1900,,,,"turtle, rare"
468872.jpg,Breakfast Menu on S.S.Kasuga - Nippon Yusen Kaisha S.S.Kasuga,,1900,,,,
468884.jpg,Dinner Menu on Nippon Yusen Kaisha -SS Kasuga - Nippon Yusen Kaisha  Ss Kasuga,,1900,,,,"turtle, rare"
468885.jpg,TIFFIN - Nippon Yusen Kaisha S.S. Rasugs Maru,,1900,,,,
468905.jpg,Daily Breakfast Menu aboard SS Hong Kong Maru - Toyo Kisen Kaisha,,1900,,,,
468926.jpg,DAILY MENU at TIFFIN event sponsored by TOYO KISEN KAISHA - EN ROUTE ABOARD SS HONG KONG MARU,,1900,,,,
468889.jpg,Daily Luncheon Menu on S.S.Kobe Liaru - Nippon Yusen Kaisha S.S.Kobe Liaru,,1900,,,,
468939.jpg,Lunch Menu at Oriente Hotel,,1900,Manila$PI,,,
468932.jpg,Daily Breakfast Menu aboard SS Kobe Maru - Nippon Yusen Kaisha,,1900,,,,
468888.jpg,Breakfast Menu on Nippon Yusen Kaisha S.S. Kobe Fiaru,,1900,,,,
468978.jpg,Breakfast Menu at Haddon Hall,,1900,Atlantic?City$NJ,New?Jersey,,
468985.jpg,Breakfast Menu on S.S. 'KOBE WARU' - Nippon Pusen Kaisha,,1900,,,,
469011.jpg,Midday Meal at Griswold House,,1900,Detroit$MI,Michigan,,
469002.jpg,Informal Dinner at Grand Pacific Hotel,,1900,Chicago$IL,Illinois,,"birdie, rare"
469015.jpg,TIFFIN - Nippon Yusen Kaisha S.S.Nasuga,,1900,,,,
469017.jpg,Dinner Menu on S.S. Kobi Maru - Nippon Yusen Kaisha S.S. Kobi Maru,,1900,,,,"turtle, rare"
469016.jpg,Dinner Menu on S.S.Nasuga - Nippon Yusen Kaisha S.S.Nasuga,,1900,,,,
469021.jpg,Dinner Menu on Nippon Yusen Kaisha S.S. Nasuga,,1900,,,,
469024.jpg,Century Club Dinner Menu,,1900,Cleveland$OHIO,Ohio,,
469027.jpg,Daily Menu at Louis Sherry,,1900,New?York$NY,New?York,,"birdie, turtle, rare"
469028.jpg,Breakfast Menu on Nippon Yusen Kaisha S.S.Nasuga,,1900,,,,
469032.jpg,Breakfast Menu on Lehigh Valley Railroad Dining Car Service,,1900,,,,
469033.jpg,Lehigh Valley Railroad Dining Car Luncheon Menu - Lehigh Valley Railroad Dining Car Service,,1900,,,,
469049.jpg,Lehigh Valley Railroad Luncheon Menu,,1900,,,,
469081.jpg,Luncheon Menu at Palace Hotel Restaurant,,1900,San?Francisco$CA,,,"birdie, turtle, rare"
469082.jpg,Lunch at Palace Hotel,,1900,San?Francisco$CA,,,
469070.jpg,Club Menu - New York Club,,1900,New?York$NY,New?York,,
469063.jpg,Daily Menu at Grill Room - Century Club,,1900,Cleveland$OH,Ohio,,
469104.jpg,Dinner at Grandon Hotel,,1900,Helena$MONTANA,,,
469096.jpg,Daily Menu aboard SS.K0BE MARU - Nippon Yusen Kaisha,,1900,,,,
469110.jpg,Dinner Menu on Nippon Yusen Kaisha S.S. Kobe Maru,,1900,,,,"birdie, turtle, rare"
469106.jpg,Palace Hotel Restaurant Dinner Menu,,1900,San?Francisco$CA,,,"birdie, turtle, rare"
469235.jpg,Patten Line Menu,,1901,,,,"birdie, rare"
469240.jpg,Statler's Hotel And Restaurant Menu,,1901,Buffalo$NY,New?York,,
469114.jpg,Breakfast menu on Toyo Kisen Kaisha - Hing Kong Maru - Toyo Kisen Kaisha Hing Kong Maru,,1900,,,,
469241.jpg,"LUNCHEON at STATLER'S HOTEL AND RESTAURANT - Statler's Hotel And Restaurant, ELLICOTT SQUARE, BUFFALO, NY",,1901,Buffalo$NY,New?York,,
469245.jpg,Hotel Del Coronado Menu,,1901,,,,
469264.jpg,John Eliot's Descendants Anniversary Menu,,1901,South?Natick$MA,,,
469242.jpg,"Dinner Menu at Statler's Hotel And Restaurant - Statler's Hotel And Restaurant, ELLICOTT SQUARE, BUFFALO, NY",,1901,Buffalo$NY,New?York,,
469250.jpg,"Breakfast Menu at Statler's Hotel And Restaurant - Statler's Hotel And Restaurant, Ellicott Square, Buffalo, NY",,1901,Buffalo$NY,New?York,,
469290.jpg,Daily Dinner Menu at Bull's Head Restaurant,,1901,,,,
469297.jpg,Breakfast Menu on Great Northern System Dining Cars,,1901,,,,
469296.jpg,Campus Dining Menu - Russell House,,1901,Columbia$SC,South?Carolina,,"birdie, rare"
469298.jpg,Buffet Breakfast Service on Great Northern System Dining Cars,,1901,,,,"turtle, rare"
469293.jpg,Patriotic Holiday Dinner on S.S. City Of Rome - Anchor Line S.S. City Of Rome,,1901,,,,"birdie, turtle, rare"
469305.jpg,Statler's Hotel Dinner Menu,,1901,Buffalo$NY,New?York,,
469304.jpg,Statler's Hotel Luncheon Menu,,1901,Buffalo$NY,New?York,,
469303.jpg,Statler's Hotel Breakfast Menu,,1901,Buffalo$NY,New?York,,
469315.jpg,"Statler's Hotel Dining Menu - Statler's Hotel, Buffalo, NY",,1901,Buffalo$NY,New?York,,
469329.jpg,Tatler's Hotel Luncheon Menu,,1901,Buffalo$NY,New?York,,"turtle, rare"
469330.jpg,"Tatler's Hotel Dinner Menu - Tatler's Hotel, Ellicott Square, Buffalo, NY",,1901,Buffalo$NY,New?York,,
469316.jpg,Lunch Menu at Statler's Hotel,,1901,Buffalo$NY,New?York,,
469350.jpg,Breakfast Menu in Dining Car - Great Northern System,,1901,,,,
469424.jpg,Hotel Cadillac Dinner Menu,,1901,Detroit$MI,,,
469415.jpg,"Daily Lunch Menu at Raleigh Hotel And Restaurant Co. - 663-665 Broadway, Raleigh Hotel And Restaurant Co.",,1901,Raleigh$North?Carolina,,,
469417.jpg,Breakfast Menu in Dining Car on Canadian Pacific Railway,,1901,,,,
469423.jpg,Breakfast at Hotel Cadillac,,1901,Detroit$MI,,,
469428.jpg,Breakfast Menu aboard SS Friedrich Der Grosse - Nordeutscher Lloyd Bremen,,1901,,,,
469458.jpg,Lunch Menu on Oceanic Steamship Company Sierra,,1901,,,,
469459.jpg,"Dinner Menu on Oceanic Sreamship Company - Sierra - Oceanic Sreamship Company, Sierra",,1901,,,,
469460.jpg,Dinner Menu on Oceanic Steamship Company Sierra,,1901,,,,
469457.jpg,Breakfast Menu - Oceanic Steamship Company Sierra,,1901,,,,
469431.jpg,Dinner Menu at O.D.,,1901,,,,"turtle, rare"
469456.jpg,DINNER MENU at EN ROUTE,,1901,,,,"turtle, rare"
469466.jpg,Dinner at Chateau Frontenac Hotel,,1901,Quebec$CANADA,,,"birdie, rare"
469464.jpg,Breakfast Menu on Great Northern System Dining Car,,1901,,,,
469465.jpg,"Daily Menu at Raleigh Hotel & Restaurant - 663 Broadway, NY",,1901,New?York$NY,,,
469463.jpg,Dinner Menu on Nippon Yusen Kaisha S.S. Rosetta Mam,,1901,,,,"birdie, rare"
469471.jpg,Dinner Menu on Oceanic Steamship Company Sierra,,1901,,,,"turtle, rare"
469473.jpg,"Luncheon Menu on S.S. Zealander - Oceanic Steamship Company, S.S. Zealander",,1901,,,,
469472.jpg,Breakfast Menu on S.S. Zealandia - Oceanic Steamship Company S.S. Zealandia,,1901,,,,"birdie, rare"
469467.jpg,Breakfast at Haddon Hall,,1901,Atlantic?City$NJ,,,
469468.jpg,Dinner Menu on Nippon Yusen Kaisha S.S. Rosetta Maru,,1901,,,,
469469.jpg,Breakfast Menu on Oceanic Steamship Company Sierra,,1901,,,,
469477.jpg,Cooley's Breakfast Menu,,1901,Springfield$MA,,,
469478.jpg,Cooley's Daily Supper Menu,,1901,Springfield$MA,,,
469483.jpg,Breakfast Menu on Oceanic Steamship Company Sierra,,1901,,,,
469484.jpg,Lunch Menu on Oceanic Steamship Company Sierra,,1901,,,,
469529.jpg,Grand Union Dinner Menu,,1901,Saratoga?Springs$NY,New?York,,
469485.jpg,Breakfast Menu on S.S.Zealander - Oceanic Steamship Company S.S.Zealander,,1901,,,,
469507.jpg,"Hotel Dining Menus - Grand Union, Claremont Hotel",,1901,,,,
469500.jpg,Lunch at Chateau Frontenac,,1901,Quebec?City$QC,,,
469504.jpg,Breakfast Menu aboard S.S. Zealandia - Oceanic Steamship Co.,,1901,,,,"birdie, rare"
469512.jpg,Hotel Colonial Menu,,1901,,,,
469542.jpg,Breakfast at Del Coronado Hotel,,1901,Coronado?Beach$CA,California,,"birdie, rare"
469532.jpg,Breakfast Menu on S.S. Zealandia Sonoma - Oceanic Steamship,,1901,,,,
469539.jpg,Dinner Menu at Del Coronado Hotel,,1901,Coronado?Beach$CA,California,,
469530.jpg,LUNCHEON MENU ON BOARD TRAIN,,1901,Erie$PA,Pennsylvania,,"turtle, rare"
469533.jpg,Oceanic Steamship Luncheon Menu,,1901,,,,
469549.jpg,Grand Union Luncheon Menu,,1901,Saratoga?Springs$NY,New?York,,
469548.jpg,Breakfast at Grand Union,,1901,Saratoga?Springs$NY,New?York,,
469544.jpg,Breakfast Menu on Board,,1901,Erie$PA,,,
469543.jpg,Dinner Menu at Royal Palace Hotel,,1901,Atlantic?City$NJ,New?Jersey,,"birdie, rare"
469546.jpg,Breakfast at Chamberlin Hotel,,1901,Old?Point?Comfort$VA,Virginia,,
469552.jpg,Supper at Dutcher House,,1901,Pawling$NY,New?York,,
469555.jpg,Rathskeller Menu,,1901,Rathskeller$Rathskeller,,,
469559.jpg,Dinner Menu on S.S. ZEALANDIA - Oceanic Steamship,,1901,,,,
469554.jpg,GRILL ROOM Menu,,1901,,,,
469564.jpg,Luncheon Menu Aboard S.S. Zealandia - Oceanic Steamship Co.,,1901,,,,"birdie, rare"
469566.jpg,Breakfast menu at Lambs' Club Special,,1901,,,,
469567.jpg,Breakfast Menu at Pullman Dining Car Service - Joint Special Committee Of Councils Of City Of Philadelphia On World's Columbian Exhibition,,1901,Philadelphia$PA,Pennsylvania,,
469575.jpg,Dinner at Appledore House,,1901,Portsmouth$NH,,,
469571.jpg,Luncheon Menu at Hotel Del Coronado,,1901,Coronado?Beach$CA,California,,
469581.jpg,Breakfast at Hotel Champlain,,1901,Hotel?Champlain$Clinton?Co.$NY,,,
469583.jpg,Lunch Menu aboard S.S. Zealandia - Oceanic Steamship Co.,,1901,,,,
469587.jpg,Breakfast Menu at Logan House,,1901,Altoona$PA,Pennsylvania,,
469585.jpg,Dinner Menu at Hotel Champlain,,1901,Hotel?Champlain$Clinton?Co.$NY,,,"birdie, turtle, rare"
469586.jpg,Dinner Menu at Logan House,,1901,Altoona$PA,Pennsylvania,,
469591.jpg,Dinner at Hotel Chamberlin,,1901,Old?Point?Comfort$VA,Virginia,,
469588.jpg,Supper at Logan House,,1901,Altoona$PA,Pennsylvania,,
469603.jpg,Breakfast Menu at Revelstoke Hotel,,1901,Revelstoke$BC,,,
469602.jpg,"Daily Menu at Electric Tower Restaurant - Electric Tower Restaurant, Bailey Catering Co.",,1901,Buffalo$NY,,,
469605.jpg,Breakfast Menu on S.S.Zealandia - Oceanic Steamship Co. S.S.Zealandia,,1901,,,,"birdie, rare"
469606.jpg,Luncheon Menu on S.S.Zealandia - Oceanic Steamship Co. S.S.Zealandia,,1901,,,,
469608.jpg,Dinner at Del Coronada Hotel,,1901,Coronada?Beach$CA,,,"turtle, rare"
469610.jpg,Luncheon Menu on S.S.Zealandia - Oceanic Steamship Co. S.S.Zealandia,,1891,,,,
469613.jpg,Breakfast at Del Coronada Hotel,,1901,Coronado?Beach$CA,,,"birdie, rare"
469609.jpg,Breakfast Menu on Oceanic Steamship Co. S.S.Zealandia,,1901,,,,
469615.jpg,Luncheon Menu on Oceanic Steamship Co. S.S.Zealandia,,1901,,,,
469617.jpg,Sunday Dinner at Cafe Boulard,,1901,New?York,,,"birdie, rare"
469625.jpg,Breakfast Menu at Champlain Hotel,,1901,Champlain$NY,,,
469626.jpg,Luncheon Menu at Champlain Hotel,,1901,Clinton?County$NY,New?York,,
469628.jpg,Dinner Menu at Champlain Hotel,,1901,Clinton?County$NY,New?York,,"turtle, rare"
469655.jpg,"Dinner Menu on SS MESABA - SS MESABA, Atlantic Transport Line",,1901,,,,"birdie, rare"
469642.jpg,Hotel Champlain Luncheon Menu,,1901,Clinton$NY,New?York,,
469632.jpg,Dinner Menu on S.S. Mesaba - Atlantic Transport Line S.S. Mesaba,,1901,,,,
469653.jpg,"DINNER at BEDELL HOUSE - BEDELL HOUSE, GRAND ISLAND, NY",,1901,Grand?Island$NY,New?York,,
469657.jpg,Summit House Supper Menu,,1901,Mount?Washington$NH,New?Hampshire,,
469658.jpg,"Luncheon Menu at Siegel Cooper Co. - SIXTH AVE AND 18TH & 19TH STS., NY",,1901,New?York$NY,New?York,,
469656.jpg,Lunch-Dinner Menu at Armstrongs Depot Restaurant,,1901,Portsmouth$NH,New?Hampshire,,
469688.jpg,Hotel Dining Menu - Del Coronado Hotel,,1901,Del?Coronado$California,California,,
469660.jpg,"Dinner Menu at Electric Tower Restaurant, Pan American Exposition",,1901,Buffalo$NY,New?York,,
469670.jpg,Dinner Menu at Summit House,,1901,Mount?Washington$NH,New?Hampshire,,
469716.jpg,Breakfast Menu on Sunset Ogden and Shasta Routes Dining Car - Southern Pacific Company,,1901,,,,
469717.jpg,Luncheon Menu on Sunset Ogden and Shasta Routes - Dining Car - Southern Pacific Company,,1901,,,,
469722.jpg,LUNCHEON MENU at THE PULLMAN COMPANY - THE PULLMAN COMPANY - EN ROUTE,,1901,,,,
469723.jpg,Dinner Menu on The Overland Limited - Pullman Company Dining Car - Union Pacific,,1901,,,,
469718.jpg,Limited Pennsylvania Cuisine Menu - Pennsylvania Limited,,1901,,,,
469721.jpg,Breakfast Menu on the Pennsylvania Limited - THE PULLMAN COMPANY - EN ROUTE,,1901,,,,
469729.jpg,Dutcher House Dinner Menu,,1901,,,,
469731.jpg,Breakfast Menu at Summit House,,1901,Mount?Washington$NH,,,
469732.jpg,Tour to Buffalo - Dinner - U.S. Diplomatic Corps,,1901,,,,
469737.jpg,DINNER MENU at THE PULLMAN COMPANY - EN ROUTE,,1901,,,,
469735.jpg,PAN AMERICAN EXPOSITION Menu - Bailey Catering Co.,,1901,Buffalo$NY,New?York,,
469747.jpg,Luncheon Menu on Louisville & Nashville Railroaad - The Pullman Co. - Louisville & Nashville Railroaad The Pullman Co.,,1901,,,,
469739.jpg,Tour to Buffalo Luncheon - U.S. Diplomatic Corps,,1901,,,,
469748.jpg,Luncheon Menu at Claremont Hotel,,1901,,,,
469750.jpg,Luncheon Menu at International Hotel,,1901,Niagara?Falls$NY,,,
469752.jpg,"Dinner Menu on Louisville & Nashville Railroad - The Pullmana Co. - Louisville & Nashville Railroad, The Pullmana Co.",,1901,,,,
469760.jpg,"TABLE D'HOTE DINNER at STEAMER NEW YORK - STEAMER NEW YORK, Hudson River Day Line",,1901,New?York$NY,New?York,,
469749.jpg,Dinner Menu on Pennsylvania Limited - The Pullman Co. - EN ROUTE,,1901,,,,
469761.jpg,SUPPER at UNION PACIFIC DINING CAR SERVICE,,1901,,,,
469779.jpg,Union Pacific Breakfast Dining Car Service,,1901,,,,
469806.jpg,"Dinner Menu at Mills Hotel Restaurant - Mills Hotel Restaurant, Bleecker, Thompson & Sullivan Streets",,1901,New?York$NY,,,
469782.jpg,Union Pacific Dining Car Supper Menu,,1901,,,,
469768.jpg,Union Pacific Luncheon Dining Car Service Menu,,1901,,,,
469824.jpg,Breakfast Menu in Dining Car - Union Pacific R.R. Co. Et Al,,1901,,,,
469829.jpg,Daily Supper Menu in Dining Car - Union Pacific R.R. Co. Et Al,,1901,,,,
469828.jpg,Dinner Menu on Union Pacific R.R. Co. Et Al Dining Car,,1901,,,,
469817.jpg,Luncheon Menu at Maplewood Hotel,,1901,White?Mountains$N.H.,,,
469818.jpg,Breakfast Menu at Union Pacific Dining Car Service,,1901,,,,
469826.jpg,"Union Pacific R.R. Co. Et Al LUNCHEON MENU - DINING CAR, Union Pacific R.R. Co. Et Al",,1901,,,,
469836.jpg,Dinner on Funeral Train of President McKinley - Pullman Dining Car Service,,1901,,,,
469844.jpg,Breakfast on Funeral Train of President McKinley - Pullman Dining Car Service,,1901,,,,
469845.jpg,Luncheon on Funeral Train of President McKinley - Pullman Dining Car Service,,1901,,,,
469874.jpg,Menu of the Supper - Mansion House,,1901,Greenfield$MA,Massachusetts,,
469873.jpg,Menu of the Dinner - Mansion House,,1901,Greenfield$MA,Massachusetts,,"birdie, rare"
469854.jpg,Hugot's Menu,,1901,St.?George$S.I.,,,
469881.jpg,Oregon Short Line Dining Car Service SUPPER Menu,,1901,,,,
469877.jpg,Breakfast Menu at Mansion House,,1901,Greenfield$MA,Massachusetts,,
469882.jpg,Breakfast Menu on Oregon Railroad & Navigation Co.,,1901,,,,
469879.jpg,Breakfast Menu for Oregon Short Line Dining Car Service,,1901,,,,
469880.jpg,Luncheon Menu for Oregon Short Line Dining Car Service,,1901,,,,
469883.jpg,Oregon Railroad & Navigation Co. Luncheon Menu - Claremont Hotel,,1901,,,,
469987.jpg,"Southern Railway Luncheon Menu - Southern Railway, Queen & Crescent Route, Dining Car Cincinnati",,1901,Cincinnati$OH,Ohio,,
469884.jpg,SUPPER at OREGON RAILROAD & NAVIGATION CO.,,1901,,,,
469979.jpg,Breakfast Menu on U.S.M.S.Philadelphia - EN ROUTE,,1901,,,,
469988.jpg,"Breakfast Menu on the Queen & Crescent Route Dining Car - Southern Railway, Queen & Crescent Route, Dining Car Cincinnati",,1901,Cincinnati$OH,Ohio,,
469917.jpg,LUNCHEON MENU at STEAMER PURITAN,,1901,Fall?River$MA,,,
469995.jpg,Breakfast Menu for State Department Special To The Pan American Congress - State Department Special To The Pan American Congress At The City Of Mexico,,1901,City?of?Mexico,,,
470033.jpg,LUNCH MENU ABOARD S.S. ZEELAND - EN ROUTE ABOARD S.S. ZEELAND,,1901,,,,
469989.jpg,Southern Railway Dinner Menu,,1901,Cincinnati$OH,Ohio,,
469990.jpg,Breakfast Menu on Southern Railway Company,,1901,,,,
470047.jpg,"DINNER at THE COLUMBIA - THE COLUMBIA, 14TH ST., NYC, NY",,1894,New?York$NY,New?York,,"birdie, rare"
470037.jpg,New Year Dinner at Hotel St. George,,1894,Nyack$NY,New?York,,"birdie, turtle, rare"
470066.jpg,Daily Menu at Louisville Hotel - Signor E Signora Salvini,,1894,Louisville$KY,Kentucky,,
470076.jpg,"Daily Bill of Fare at A.W. Dennett - 393 Fulton Street, NY",,1894,New?York?City$NY,New?York,,
470057.jpg,162nd Anniversary of Washington's Birthday at Delmonicos - Cincinnati Society,,1894,New?York$N.Y.,New?York,,
470063.jpg,Annual Banquet and Reception Menu - Garibaldi Pleasure Club,,1894,New?York$N.Y.,New?York,,
470081.jpg,Pullman Dining Car Luncheon - Hotel Men's Mutual Benefit Association,,1894,Denver$CO,Colorado,,
470034.jpg,Breakfast Menu Aboard S.S. Zeeland - Red Star Line,,1901,,,,
469994.jpg,Southern Railway Company Lunch Menu,,1901,,,,
470105.jpg,Breakfast Menu at Woodstock Inn,,1894,Woodstock$VT,Vermont,,
470107.jpg,Supper Menu at Woodstock Inn,,1894,Woodstock$VT,Vermont,,
470106.jpg,Dinner Menu - Woodstock Inn,,1894,Woodstock$VT,Vermont,,
470108.jpg,Bill of Fare - A.W. Dennett,,1894,New?York$NY,New?York,,
470148.jpg,"Hotel Savoy Dinner Menu - Hotel Savoy, 59th St. & 5th Ave.",,1894,New?York$NY,New?York,,
470111.jpg,"Complimentary Dinner Honoring Hon. William E.S. Fales, Vice Consul to Amoy - New York Press Club",,1894,New?York$NY,New?York,,
470151.jpg,New Year's Dinner at The Portland,,1895,Portland$OR,Oregon,,"turtle, rare"
470157.jpg,Luncheon Menu at Hotel Ponce De Leon,,1895,St.?Augustine$FL,Florida,,
470156.jpg,Delmonico's Menu at Patriarch's Event,,1895,New?York?City$NY,New?York,,
470181.jpg,Diner de la Literature Fin de Siecle - Providence Art Club,,1895,Providence$RI,Rhode?Island,,
470202.jpg,Easter Dinner at Chicago Beach Hotel,,1895,Chicago$IL,Illinois,,"birdie, turtle, rare"
470185.jpg,Washington's Birthday Dinner at Squantum Association,,1895,Squantum?Association$Rhode?Island,Rhode?Island,,
470208.jpg,Daily Dinner at Steamer Mary Powell,,1895,,,,
470205.jpg,5th Annual Dinner Menu - Master Printers Association Of Rhode Island,,1895,Providence$R.I.,Rhode?Island,,
470219.jpg,"THIRD ANNUAL BANQUET at MORELLO'S - MORELLO'S, NEW YORK, NY",,1895,New?York$NY,New?York,,"birdie, rare"
470212.jpg,Dinner Menu at Nelson House,,1895,Poughkeepsie$NY,New?York,,"birdie, rare"
470234.jpg,Breakfast Menu at The Oriental,,1895,Manhattan?Beach$Long?Island$NY,New?York,,
470224.jpg,"Roundabout Dining Club Menu - Hotel St. George, Nyack, NY",,1895,Nyack$NY,New?York,,
470230.jpg,Dinner for Rt. Rev. Bishop James Augustin Mc Paul - St. Stephen's Parish,,1895,Perth?Amboy$NJ,New?Jersey,,"birdie, rare"
470244.jpg,Luncheon Menu on Cunard Line R.M.S. Pavonia,,1895,,,,
470241.jpg,"Consecration Dinner at Hotel St. George - Hotel St. George, Nyack, NY",,1895,Nyack$NY,New?York,,"birdie, rare"
470227.jpg,CLIO Menu - The Windsor,,1895,New?York$NY,New?York,,
470235.jpg,"Dinner in Honor of George McGown at Masonic Hall - Masonic Hall, Adelphic Council No.7",,1895,Palmyra$NY,New?York,,
470242.jpg,Dinner Menu at Hotel De Sun,,1895,,,,"birdie, rare"
470248.jpg,"Dennett's Breakfast Menu - Dennett's, PARK ROW, NYC",,1895,New?York?City$NY,New?York,,
470256.jpg,Daily Menu at The Rockingham,,1895,Narragansett$RI,Rhode?Island,,
470254.jpg,"First Anniversary Banquet Tendered to the Saddlery Buyers of New York - Cosmopolitan Hotel, New York City",,1895,New?York?City$NY,New?York,,"birdie, turtle, rare"
470258.jpg,Supper Menu at The Rockingham,,1895,Narragansett?Pier$RI,Rhode?Island,,
470253.jpg,Fourth of July Dinner at Hotel Roanoke,,1895,Roanoke$VA,Virginia,,"birdie, turtle, rare"
470251.jpg,Fourth of July Dinner Menu - Chicago Beach Hotel,,1895,Chicago$IL,Illinois,,"birdie, turtle, rare"
470259.jpg,Dinner Menu - The Continental,,1895,Narragansett?Pier$RI,Rhode?Island,,
470245.jpg,Dinner at The Oriental - Parker House,,1895,Manhattan?Beach$Long?Island$NY,New?York,,"birdie, turtle, rare"
470260.jpg,Supper Menu - The Continental,,1895,Narragansett?Pier$RI,Rhode?Island,,
470301.jpg,Delmonico's Dinner Menu - Mr. J. Kennedy Tod 11 East 9th St.,,1895,New?York?City$NY,New?York,,
470268.jpg,Dinner Menu at Profile House,,1895,Franconia?Notch$NH,New?Hampshire,,"birdie, turtle, rare"
470284.jpg,Annual Banquet Menu at The Biclorama - Hotel S'George,,1895,Cleveland$OH,Ohio,,"birdie, rare"
470266.jpg,Breakfast Menu at The Rockingham,,1895,Narragansett?Pier$RI,Rhode?Island,,
470261.jpg,Breakfast Menu - The Continental,,1895,Narragansett?Pier$RI,Rhode?Island,,
470292.jpg,Fifth Annual Banquet at Windsor Hotel - Emma Willard Association,,1895,WINDSOR?HOTEL$NY,New?York,,
470290.jpg,"Lunch Menu at Hotel S'George - Hotel S'George, Nyack-on-the-Hudson, NY",,1895,Nyack$NY,New?York,,
470402.jpg,Supper Menu at The Waldorf,,1896,New?York$NY,New?York,,"birdie, turtle, rare"
470398.jpg,Easter Sunday Menu at Cincinnati's Grand Hotel,,1896,Cincinnati$OH,Ohio,,"turtle, rare"
470410.jpg,Breakfast at The Waldorf,,1896,New?York?City$NY,New?York,,"birdie, rare"
470401.jpg,SAINT NICHOLAS SOCIETY PAAS FESTIVAL at DELMONICO'S,,1896,New?York$NY,New?York,,
470418.jpg,Dinner Menu at The Arlington,,1896,Washington$DC,,,
470406.jpg,Dinner Menu at Hotel Chamberlin,,1896,Old?Point?Comfort$VA,Virginia,,"birdie, turtle, rare"
470424.jpg,Breakfast at Hotel Walton,,1896,Philadelphia$PA,Pennsylvania,,
470413.jpg,Dinner at The Waldorf,,1896,New?York?City$NY,New?York,,"birdie, turtle, rare"
470419.jpg,7th Annual Banquet at Mercantile Club - Trustees Of The Missouri Botanical Garden,,1896,St.?Louis$MO,Missouri,,"birdie, turtle, rare"
470423.jpg,Hotel Walton Luncheon Menu,,1896,Philadelphia$PA,Pennsylvania,,
470422.jpg,Hotel Walton Dinner Menu,,1896,Philadelphia$PA,Pennsylvania,,
470425.jpg,Supper at Hotel Walton,,1896,Philadelphia$PA,Pennsylvania,,
470441.jpg,Dinner for California Delegation at Republican National Convention - Union League Club Of San Francisco,,1896,St.?Louis$MO,Missouri,,"turtle, rare"
470438.jpg,"Lunch Menu on Pullman Vestibuled Train - PULLMAN VESTIBULED TRAIN, ST. JAMES, Minnesota Iron Company",,1896,St.?James$Minnesota,Minnesota,,
470439.jpg,"Dinner on Pullman Vestibuled Train - PULLMAN VESTIBULED TRAIN, ST. JAMES",,1896,St.?James$Minnesota,Minnesota,,
470432.jpg,Bank Clerks' Mutual Benefit Association Dinner Menu,,1896,,,,
470433.jpg,Dinner at The Universalist Club,,1896,NY,New?York,,
470447.jpg,Dinner Menu at Wagner Palace Car Co. - WAGNER PALACE CAR CO.ON ROUTE TO ST.LOUIS,,1896,,,,
470453.jpg,Dinner at Hotel Majestic,,1896,New?Haven$CT,Connecticut,,
470449.jpg,"Dinner Menu at Brooklyn Baptist Social Union - MANHATTAN BEACH HOTEL, Brooklyn, N.Y.",,1896,Brooklyn$NY,New?York,,
470450.jpg,Dinner Menu at Chicago Beach Hotel,,1896,Chicago$IL,Illinois,,
470461.jpg,"Dennett's Daily Menu - 25 PARK ROW, NEW YORK, NY",,1901,New?York$NY,New?York,,
470451.jpg,"Private Lunch Event at Hotel Claremont - Hotel Claremont, Ralph Lessee",,1896,Claremont$California,California,,"birdie, rare"
470479.jpg,"Delmonico's Breakfast, Lunch, and Dinner Menu",,1896,,,,
470489.jpg,Club Menu,,1896,,,,"birdie, turtle, rare"
470480.jpg,Breakfast menu on Cunard Line R.M.S. Pavonia,,1896,,,,
470467.jpg,Dinner Menu at Waumbek,,1896,Jefferson$NH,New?Hampshire,,
470466.jpg,Waumbek Supper Menu,,1896,Jefferson$NH,New?Hampshire,,
470485.jpg,Commercial Travelers' Day Dinner - Arlington,,1896,Binghamton$NY,New?York,,"turtle, rare"
470481.jpg,Luncheon menu on Cunard Line R.M.S. Pavonia,,1896,,,,
470490.jpg,Savarin's Cafe Lunch or Dinner Menu,,1896,New?York$NY,New?York,,"birdie, turtle, rare"
470495.jpg,Luncheon Menu on CANADIAN-AUSTRALIAN STEAMSHIP CO'S R.M.S. MIOWERA - Canadian Australian Steamship Co's R.M.S. Miowera,,1896,,,,
470500.jpg,Dinner at Hotel Marie Antoinette,,1896,New?York,New?York,,"birdie, turtle, rare"
470501.jpg,Dinner at Hotel Netherland,,1896,New?York$NY,New?York,,"birdie, turtle, rare"
470491.jpg,Universalist Club Dinner Menu,,1896,NY,New?York,,
470521.jpg,"50th Anniversary Dinner at Gesang Vereins - Krueger Auditorium, Newark, NJ",,1896,Newark$NJ,New?Jersey,,
470504.jpg,"DINNER MENU at HOFFMAN HOUSE - HOFFMAN HOUSE, MADISON SQUARE",,1896,New?York$NY,New?York,,
470505.jpg,ANNIVERSARY BANQUET at SCOVILLE HOUSE,,1896,Mt.?Morris,,,
470513.jpg,Thanksgiving Day Dinner at Butterfield,,1896,Utica$NY,New?York,,"birdie, rare"
470523.jpg,Dinner Menu at Round Table Club,,1896,,,,"turtle, rare"
470514.jpg,Thanksgiving Day Dinner at Windsor,,1896,Windsor$NY,New?York,,"turtle, rare"
470524.jpg,Hotel Cadillac Dinner Menu,,1896,Detroit$MI,Michigan,,"birdie, turtle, rare"
470538.jpg,Reception Menu at Union Club Of Cleveland,,1896,Cleveland$OH,Ohio,,
470527.jpg,"Austrian Dinner at Cafe Boulevard - Cafe Boulevard, Thirteen Club",,1896,New?York$NY,New?York,,
470543.jpg,New Year's Day Dinner at Union Club,,1897,Cleveland$OH,Ohio,,
470529.jpg,Hotel Dennis Lunch Menu,,1896,Atlantic?City$NJ,New?Jersey,,
470548.jpg,Dinner Menu - Fifth Avenue Hotel,,1897,New?York$NY,New?York,,"birdie, rare"
470542.jpg,New Year's Day Dinner at Fifth Avenue Hotel,,1897,New?York$NY,New?York,,"turtle, rare"
470530.jpg,Hotel Dennis Dinner Menu,,1896,Atlantic?City$NJ,New?Jersey,,"turtle, rare"
470578.jpg,Delmonico's Menu - Blooming Grove Park Association,,1897,New?York$NY,New?York,,"turtle, rare"
470609.jpg,"First Meeting Luncheon at Hotel Manhattan - Hotel Manhattan, NY",,1897,New?York$NY,New?York,,"birdie, rare"
470560.jpg,Universalist Club Dinner Menu,,1897,New?York$NY,New?York,,
470577.jpg,"NEW YORK MEDICAL UNION MENU at HOTEL MANHATTAN - HOTEL MANHATTAN, New York Medical Union",,1897,New?York$NY,New?York,,"turtle, rare"
470573.jpg,"Dinner honoring Isaac H. Terrell at Hoffman House - Hoffman House, New York, NY",,1897,New?York$NY,New?York,,
470586.jpg,"ST. VALENTINE'S DINNER at HOTEL WINDSOR - HOTEL WINDSOR, FIFTH AVENUE, NY",,1897,New?York$NY,New?York,,
470581.jpg,"ANNUAL BANQUET at HOFFMAN HOUSE - HOFFMAN HOUSE, NEW YORK, NY",,1897,New?York$NY,New?York,,
470631.jpg,Easter Sunday Dinner at Mansion House,,1897,Morristown$NJ,New?Jersey,,
470625.jpg,Daily Menu at Princess Anne,,1897,Virginia?Beach$VA,Virginia,,
470632.jpg,Easter Sunday Dinner at Bay State House,,1897,Worcester$MA,Massachusetts,,
470640.jpg,Sunday Lunch at Hotel Chamberlin,,1897,Fort?Monroe$VIRGINIA,Virginia,,
470610.jpg,DAILY BILL OF FARE at ? CLUB - CLUB DINING ROOM,,1897,,,,"birdie, turtle, rare"
470617.jpg,Dinner Menu at Fifth Avenue Hotel,,1897,New?York$NY,New?York,,"birdie, rare"
470641.jpg,Anniversary Lunch Menu at Hotel Claremont,,1897,Claremont$California,California,,"birdie, rare"
470670.jpg,Luncheon for the Universal Postal Congress - Citizens Of Philadelphia,,1897,Philadelphia$PA,Pennsylvania,,
470658.jpg,"Chamber Of Commerce Dinner at Delmonico's - Delmonico's, Chamber Of Commerce (NY)",,1897,New?York$NY,New?York,,
470651.jpg,Haddon Hall Lunch or Dinner Menu,,1897,Atlantic?City$NJ,New?Jersey,,"birdie, turtle, rare"
470672.jpg,Breakfast at Tennessee Centennial Exposition,,1897,Nashville$TN,Tennessee,,
470664.jpg,"Complimentary Dinner at Lawyers Club - Lawyers Club, New York",,1897,New?York$NY,New?York,,"turtle, rare"
470695.jpg,Dinner for Guests of Minnesota Iron Company on Pullman Car - Pullman Vestibuled Train,,1897,,,,
470674.jpg,Dinner at Tennessee Centennial Exposition - ENROUTE NASHVILLE TO WASHINGTON DC,,1897,Washington$DC,,,
470678.jpg,Dinner at Hoffman House for Comrades And Friends Of General Michael Kirwin,,1897,,,,
470681.jpg,Dinner Menu at Fifth Ave. Hotel,,1897,New?York$NY,New?York,,"turtle, rare"
470673.jpg,Tennessee Centennial Exposition Luncheon - ENROUTE NASHVILLE TO WASHINGTON DC,,1897,Washington$DC,,,
470700.jpg,Luncheon for Guests of Minnesota Iron Company on Pullman Car - Pullman Vestibuled Train,,1897,,,,
470697.jpg,Breakfast for Guests of Minnesota Iron Company on Pullman Car - Pullman Vestibuled Train,,1897,,,,"birdie, rare"
470744.jpg,Dinner for Dr. G.C. Weber and Friends at Union Club,,1897,Cleveland$OH,Ohio,,"birdie, rare"
470748.jpg,Dinner at Lamb's Club,,1897,San?Francisco$CA,California,,"birdie, rare"
470741.jpg,Diner-Gala at Queen Wilhelmina,,1897,Queen?Wilhelmina$AR,Arkansas,,
470740.jpg,Breakfast at Fabyan House,,1897,White?Mountains$NH,New?Hampshire,,
470739.jpg,Dinner at Fabyan House,,1897,White?Mountains$NH,New?Hampshire,,
470738.jpg,Supper at Fabyan House,,1897,White?Mountains$NH,New?Hampshire,,
470755.jpg,"RECEPTION TO MISS COSSIO Y. CISNEROS ON THE OCCASION OF HER RESTORATION TO FREEDOM - DELMONICO'S, NEW YORK, NY",,1897,New?York$NY,New?York,,
470799.jpg,SAINT NICHOLAS SOCIETY DINNER at DELMONICO'S,,1897,New?York$NY,New?York,,
470768.jpg,"DINNER MENU at NEW HAMPSHIRE CLUB, YOUNG'S HOTEL - YOUNG'S HOTEL, BOSTON, MA",,1897,Boston$MA,Massachusetts,,"birdie, rare"
470777.jpg,Camp Fireclub Dinner at Hotel Vendome,,1897,New?York$NY,New?York,,"birdie, rare"
470762.jpg,Buffet Car Breakfast Service - Canadian Pacific Railway,,1897,,,,"turtle, rare"
470803.jpg,"25th Annual Dinner at Savoy Hotel - SAVOY HOTEL, NEW YORK, NY",,1897,New?York$NY,New?York,,"birdie, rare"
470773.jpg,Farewell to Old Delmonico's - Delmonico's NY,,1897,New?York?City$NY,New?York,,
470822.jpg,Delmonico's Dinner Menu,,1897,New?York?City$NY,New?York,,
470771.jpg,Round Table Luncheon at Century Club,,1897,Cleveland$OHIO,Ohio,,
470826.jpg,New Year's Day Dinner at Union Club,,1898,Cleveland$OH,Ohio,,"birdie, rare"
470840.jpg,Annual Mess Dinner at Delmonico's NY,,1898,New?York?City$NY,New?York,,
470844.jpg,"Dinner Menu on R.M.S. 'EMPRESS OF INDIA' by Canadian Pacific Railway Company - R.M.S. 'EMPRESS OF INDIA', Canadian Pacific Railway Company",,1898,,,,"birdie, rare"
470862.jpg,Alcazar Hotel Luncheon Menu,,1901,St.?Augustine$FL,Florida,,
470897.jpg,Dinner at Hotel Royal Palm,,1901,Miami$FL,Florida,,
470854.jpg,Alumni Reunion Menu at Delmonico's NY,,1898,New?York?City$NY,New?York,,
470870.jpg,Royal Poinciana Breakfast Menu,,1901,Palm?Beach$FL,Florida,,
470894.jpg,SEMI-ANNUAL DINNER at NEW YORK ATHLETIC CLUB,,1901,New?York$NY,New?York,,"turtle, rare"
470904.jpg,LAUREL-IN-THE-PINES DINNER MENU - Laurel In The Pines,,1901,Lakewood$NJ,New?Jersey,,
470902.jpg,BREAKFAST at LAUREL-IN-THE-PINES - Laurel In The Pines,,1901,LAKEWOOD$NJ,New?Jersey,,
470923.jpg,Daily Bill of Fare at Childs' Lunch Rooms,,1901,New?York$NY,New?York,,
470954.jpg,Luncheon Menu at Hotel Royal Palm,,1901,Miami$FL,Florida,,
470922.jpg,Dinner at Alcazar Hotel,,1901,St.?Augustine$FL,Florida,,
470911.jpg,Lunch Menu at Tampa Bay Hotel,,1901,Tampa$FL,Florida,,
470929.jpg,Dinner at Old Coleman House - Metropolitan Hotel,,1901,New?York$NY,New?York,,
470916.jpg,Pullman Company Lunch or Dinner Menu,,1901,,,,
470942.jpg,"Cafe Service on Royal Blue Line, Waldorf - Baltimore And Ohio Rr",,1901,Baltimore$MD,Maryland,,
470903.jpg,LUNCH MENU at LAUREL-IN-THE-PINES - Laurel In The Pines,,1901,LAKEWOOD$NJ,New?Jersey,,
470846.jpg,Dinner at Radnor Hunt,,1898,Philadelphia$PA,Pennsylvania,,"turtle, rare"
470963.jpg,Hotel Alcazar Luncheon Menu,,1901,St.?Augustine$FL,Florida,,
470977.jpg,Dinner at Hotel Alcazar,,1901,St.?Augustine$FL,Florida,,
470995.jpg,Breakfast at Windsor Hotel,,1901,Jacksonville$FL,Florida,,
471037.jpg,St. Nicholas Society's Paas Festival Menu - Delmonico's,,1901,New?York$NY,New?York,,
470961.jpg,LUNCH menu at TAMPA BAY HOTEL,,1901,Tampa$FL,Florida,,"turtle, rare"
471031.jpg,Easter Dinner at Hotel Del Coronado,,1901,Coronado?Beach$CA,California,,
471112.jpg,Lunch for National Academy of Sciences at Museum Cafe - U.S. National Museum,,1901,Washington$D.C.,,,
470986.jpg,Royal Poinciana Luncheon Menu,,1901,Palm?Beach$FL,Florida,,
471121.jpg,37th Annual Dinner at Cooper Hall - Alpha Deuteron Phi Gamma Delta,,1901,,,,
470943.jpg,"Dinner Menu on the Royal Blue Line, Waldorf - Baltimore And Ohio Rr",,1901,Baltimore$Maryland,Maryland,,"turtle, rare"
471048.jpg,"Dinner Menu at Roger's Restaurant - 6 Park Place, Roger's Restaurant",,1901,Roger's?Restaurant$City,,,
471067.jpg,"Annual Banquet Menu at Waldorf-Astoria - Waldorf-Astoria, New York Association Alumni University Of Virginia",,1901,New?York$NY,New?York,,
471155.jpg,Special Bill of Fare - Curry & Burlingame,,1901,New?York$NY,New?York,,
471050.jpg,"Daily Menu at Smith's Dining Room - Smith's Dining Room, 300 Pearl Street, New York, NY",,1901,New?York$NY,New?York,,
471032.jpg,Easter Dinner at Chicago Beach Hotel,,1901,Chicago$IL,Illinois,,
471128.jpg,"Knickerbocker Cottage Dinner Menu - Knickerbocker Cottage, 456 Sixth Ave, New York, NY",,1901,New?York$NY,New?York,,
471160.jpg,Astor House Dinner Menu,,1901,New?York$NY,New?York,,
471146.jpg,JEWELERS' LEAGUE OF NEW YORK DINNER at MOUQIN'S DOWN-TOWN,,1901,New?York$NY,New?York,,
471132.jpg,"Haan's Luncheon Menu - Haan's, Park Row Building",,1901,New?York$NY,New?York,,"birdie, turtle, rare"
471163.jpg,Dinner Menu at Herald Square Hotel,,1901,New?York$NY,,,"birdie, turtle, rare"
471170.jpg,Dinner Menu at Proctor's Cafe,,1901,New?York$NY,,,"birdie, rare"
471169.jpg,Lunch Menu at Proctor's Cafe,,1901,New?York$NY,,,"birdie, rare"
471166.jpg,Table d'hote dinner at Rogers'restaurant,,1901,New?York$NY,,,
471174.jpg,"IN HONOR OF OUR VETERANS - COMPLIMENTARY/TESTIMONIAL - ASYLUM, MASONIC TEMPLE, BALTIMORE, MD",,1901,Baltimore$MD,Maryland,,"turtle, rare"
471168.jpg,Daily Menu - E.B. Orcutt Restaurant And Cafe,,1901,New?York$NY,New?York,,
471200.jpg,Hotel Hungaria Menu,,1901,,,,
471199.jpg,"Bill of Fare at Curry & Burlingame - Chambers Street, NYC",,1901,New?York?City$NY,,,
471203.jpg,Lunch Menu at Cafe St. Denis,,1901,New?York$NY,,,"turtle, rare"
471175.jpg,Luncheon Menu at Herald Square Hotel,,1901,New?York$NY,,,"birdie, rare"
471201.jpg,Hotel Dining Menu - Union Square Hotel,,1901,Union?Square$New?York$NY,New?York,,"birdie, rare"
471206.jpg,"David Lunch Counter Dinner Menu - 69 Liberty Street, New York City, NY",,1901,New?York?City$NY,,,"turtle, rare"
471207.jpg,Hotel Margaret Lunch Menu,,1901,Columbia?Heights,,,
471232.jpg,Daily Menu at Aschenbroedel Verein - 144 E.86 ST.NY,,1901,New?York$NY,New?York,,
471221.jpg,Pullman Dining Car Menu,,1901,,,,"turtle, rare"
471257.jpg,Dinner on the Eve of Departure at MOUQUIN'S UP-TOWN,,1901,New?York?City$NY,New?York,,"birdie, rare"
471233.jpg,Ladies Day Dinner at Drug Trade Club,,1901,,,,
471267.jpg,Breakfast Menu at New York And Cuba Mail Steamship Co.,,1901,New?York$NY,New?York,,"birdie, rare"
471276.jpg,TOUR OF THE PRESIDENT TO THE PACIFIC COAST-BREAKFAST - Pullman Dining Car Service,,1901,,,,
471305.jpg,Supper at Fifth Avenue Hotel,,1901,New?York$NY,New?York,,
471304.jpg,Luncheon Menu at Fifth Avenue Hotel,,1901,New?York$NY,New?York,,
471277.jpg,TOUR OF THE PRESIDENT TO THE PACIFIC COAST-DINNER - Pullman Dining Car Service,,1901,,,,"turtle, rare"
471318.jpg,"Presidential Tour to the Pacific Coast, April 29-June 15, 1901 - U.S. Goverbment(?)",,1901,,,,
471319.jpg,"Childs' Lunch Room Daily Menu - 130 Broadway, New York",,1901,New?York$NY,,,
471329.jpg,"Fortieth Anniversary Dinner at Sphinx Club - Sphinx Club, Waldorf-Astoria",,1901,,,,"birdie, rare"
471328.jpg,Table d'hote luncheon at Macy's,,1901,New?York$NY,,,
471368.jpg,Dinner Event on Tour of the President to the Pacific Coast - Pullman Dining Car Service,,1901,,,,
471373.jpg,"Breakfast Menu on SS 'LAHN' - Nordeutscher Lloyd, Bremen",,1901,Bremen,,,
471342.jpg,Luncheon Menu on U.S.M.S St. Paul,,1901,,,,
471377.jpg,Presidential Tour Menu Aboard Railroad - U.S.Government,,1901,,,,
471402.jpg,Dinner Menu at Metropolitan Club,,1901,Washington$DC,,,"birdie, turtle, rare"
471407.jpg,Dinner at Sherry's hosted by New York Society Of The Order Of The Founders And Patriots Of America,,1901,New?York$NY,New?York,,"birdie, rare"
471421.jpg,Lunch Menu - Presidential Tour to the Pacific Coast - EN ROUTE ABOARD RAILROAD,,1901,,,,
471434.jpg,"Breakfast Menu at SS ST PAUL - SS ST PAUL, Usms",,1901,,,,
471433.jpg,Lunch on Tour of the President to the Pacific Coast - Pullman Dining Car,,1901,,,,
471461.jpg,Daily Lunch Menu at SS ST PAUL - Claremont Hotel,,1901,Claremont$California,California,,
471436.jpg,DINNER ON LAST DAY at SS ST PAUL,,1901,Usms,,,"birdie, turtle, rare"
471435.jpg,LUNCH menu at SS ST PAUL - U.S.M.S St. Paul,,1901,St.?Paul$U.S.M.S?St.?Paul,Minnesota,,
471474.jpg,"Daily Lunch Menu at SS ST PAUL - SS ST PAUL, Usms",,1901,,,,
471472.jpg,Breakfast at Hotel Westminster,,1901,Los?Angeles$CA,,,
471473.jpg,Hotel Westminster Lunch Menu,,1901,Los?Angeles$CA,,,
471462.jpg,Daily Dinner Menu at SS ST PAUL - Usms,,1901,,,,"birdie, turtle, rare"
471476.jpg,"Oceanic Steamship Company Luncheon Menu - Oceanic Steamship Company, Sonoma",,1901,,,,
471466.jpg,"Dinner on SS ST PAUL - SS ST PAUL, Usms",,1901,,,,"birdie, rare"
471477.jpg,Luncheon - Second Cabin on Oceanic Steamship Company Sonoma,,1901,,,,
471483.jpg,Breakfast at Westminister Hotel,,1901,Los?Angeles$CAL,,,
471478.jpg,"Dinner - Second Cabin on Oceanic Steamship Company - Oceanic Steamship Company, Sonoma",,1901,,,,
471486.jpg,Bailey Catering Co. Daily Lunch and/or Dinner Menu at Pan-American Exposition,,1901,,,,"turtle, rare"
471484.jpg,Dinner Menu at Westminister Hotel,,1901,Los?Angeles$CA,,,
471485.jpg,Westminister Hotel Luncheon Menu,,1901,Los?Angeles$CA,,,
471492.jpg,Dinner Menu on Pullman Dining Car Service The President,,1901,,,,"turtle, rare"
471502.jpg,Breakfast Menu at Westminster Hotel,,1901,Westminster$STATE,Westminster,,
471491.jpg,Lunch Menu on Pullman Dining Car Serfvice The President,,1901,,,,
471496.jpg,Dinner Menu on Oceanic Steamship Company Sonoma,,1901,,,,
471490.jpg,Breakfast Menu on Pullman Dining Car Service The President,,1901,,,,
471498.jpg,"Oceanic Steamship Company Dinner Menu - Oceanic Steamship Company, Ventura",,1901,Ventura$California,,,"birdie, rare"
471505.jpg,Breakfast Menu at Oceanic Steamship Company,,1901,Sonoma,,,
471537.jpg,Hotel Westminster Luncheon Menu,,1901,Los?Angeles$CA,California,,
471503.jpg,Luncheon Menu at Westminster Hotel,,1901,Westminster$STATE,Westminster,,
471504.jpg,Dinner Menu at Westminster Hotel,,1901,Westminster$STATE,Westminster,,
471538.jpg,Hotel Westminster Dinner Menu,,1901,Los?Angeles$CA,California,,
471508.jpg,Luncheon in Second Cabin on Oceanic Steamship Company,,1901,Sonoma,,,
471539.jpg,Government Cafeteria Menu - United States Government,,1901,,,,
471547.jpg,Lunch Menu at U.S.M.S.St. Paul,,1901,St.?Paul$Minnesota,Minnesota,,
471567.jpg,"Luncheon Menu - Second Cabin, Oceanic Steamship Co.",,1901,,,,
471564.jpg,Dinner Menu at Prince Of Wales Hotel,,1901,Southport$England,,,"turtle, rare"
471540.jpg,Dinner Menu Aboard Ventura - Oceanic Steamship Co.,,1901,,,,"birdie, rare"
471585.jpg,Breakfast Menu - Second Cabin on Ventura - Oceanic Steamship Co.,,1901,,,,
471594.jpg,75th Anniversary & 4th Ladies Reception - Geo.T.Trimble & Alumni Association Of Old Public School #7,,1901,New?York$NY,New?York,,
471610.jpg,"Breakfast Menu on Oceanic Steamship Co. - Ventura - Oceanic Steamship Co., Ventura",,1901,Ventura$California,California,,
471584.jpg,"Dinner Menu - Second Cabin, Oceanic Steamship Co.",,1901,,,,
471611.jpg,Oceanic Steamship Co. Luncheon Menu,,1901,Ventura$California,California,,
471568.jpg,Breakfast - Second Cabin Menu Aboard Ventura - Oceanic Steamship Co.,,1901,,,,
471601.jpg,Breakfast Menu on Oceanic Steamship Co. Sonoma,,1901,,,,
471632.jpg,Lunch Menu at White House Hotel - Societa Vespro Siciliano,,1901,Staten?Island$NY,New?York,,
471657.jpg,Dinner Menu on SS Ventura - Oceanic Steamship Company,,1901,,,,
471668.jpg,Anniversary Dinner at Rhode Island Medical Society,,1901,Providence$RI,,,
471634.jpg,"Daily Menu at Columbia Restaurant - 48 East 14th Street, New York, NY",,1901,New?York$NY,New?York,,
471639.jpg,Daily Lunch Menu on SS Ventura - Oceanic Steamship Company,,1901,,,,
471626.jpg,Dinner Menu on Oceanic Steamship Co. - Ventura,,1901,Ventura$California,California,,
471656.jpg,Lunch Menu on SS Ventura - Oceanic Steamship Company,,1901,,,,
471684.jpg,"Banquet in Honor of the National Association of Railroad Commissioners of the United States - PALACE HOTEL, SAN FRANCISCO, CA",,1901,San?Francisco$CA,,,"birdie, rare"
471672.jpg,Breakfast menu aboard SS Sierra - Oceanic Steamship Company,,1901,,,,
471703.jpg,Breakfast Menu on Oceanic Steamship Co. Sierra,,1901,,,,
471670.jpg,Breakfast - Second Cabin aboard SS Ventura - Oceanic Steamship Company,,1901,,,,
471693.jpg,Lunch Menu on Oceanic Steamship Co.,,1901,Ventura$CA,,,
471695.jpg,Breakfast Menu on Oceanic Steamship Co. Sierra,,1901,,,,
471705.jpg,Dinner Menu on Oceanic Steamship Co. Sierra,,1901,,,,
471787.jpg,"LUNCHEON menu on SS SONOMA - 2ND CABIN, SS SONOMA",,1901,,,,
471704.jpg,Lunch Menu on Oceanic Steamship Co. Sierra,,1901,,,,
471741.jpg,Railway Dining Menu - Denver And Rio Grand Rr & The Rio Grande Western Railway,,1901,Denver$Colorado,Colorado,,
471790.jpg,Breakfast Menu on S.S. Zeeland - Red Star Line,,1901,Antwerpen$New?York,New?York,,
471788.jpg,Anniversary Dinner at Mills Hotel,,1901,New?York$NY,New?York,,
471757.jpg,Classic Pub Fare Menu - Falmouth Arms,,1901,Falmouth$Massachusetts,Massachusetts,,
471812.jpg,"Breakfast Menu on S.S. Zeeland - Red Star Line, Antwerpen, NY",,1901,Antwerpen$NY,,,
471798.jpg,Luncheon menu on S.S. Zeeland - Red Star Line Anterpwn Ny,,1901,,,,
471813.jpg,"Luncheon Menu on S.S. Zeeland - Red Star Line, Antwerpen, NY",,1901,Antwerpen$NY,New?York,,
471803.jpg,Turkey Dinner at Mills Hotel on Election Day,,1901,New?York$NY,New?York,,
471808.jpg,"Breakfast Menu on S.S Zeeland - Red Star Line, Antwerpen, NY",,1901,Antwerpen$NY,New?York,,
471858.jpg,"Dinner at St. Denis Hotel by Magnetic Club - ST. DENIS HOTEL, Magnetic Club",,1901,St.?Denis$Magnetic?Club,,,
471822.jpg,Sixth Annual Dinner at Delmonico's - British Schools And Universities Club,,1901,New?York$NY,New?York,,
471829.jpg,"Dinner to the National Academy of Sciences at Bellevue Hotel - BELLEVUE HOTEL, PHILADELPHIA, PA",,1901,Philadelphia$PA,Pennsylvania,,"birdie, turtle, rare"
471836.jpg,Luncheon Menu on S.S. Zeeland - Red Star Line,,1901,,,,
471817.jpg,Breakfast at En Route S.S. Zeeland - Red Star Line,,1901,Antwerpen$NY,New?York,,
471865.jpg,Breakfast Menu - En Route S.S. Zeeland - Red Star Line Antwerpen Ny,,1901,Antwerpen$NY,New?York,,
471872.jpg,Founders Day Lunch or Dinner Menu - Union League Of Philadelphia Founders Day,,1901,Philadelphia$PA,Pennsylvania,,"turtle, rare"
471869.jpg,Luncheon Menu on S.S. Vaderland - Red Star Line Antwerpen NY,,1901,Antwerpen$NY,New?York,,
471866.jpg,"Luncheon Menu on S.S. Zeeland - Red Star Line, Antwerpen, NY",,1901,Antwerpen$NY,New?York,,
471874.jpg,"Luncheon Menu on S.S. Zeeland - Red Star Line, Antwerpen Ny",,1901,Antwerpen$NY,New?York,,
471877.jpg,Luncheon Menu on S.S. Vaderland - Red Star Line Antwerpen Ny,,1901,Antwerpen$NY,New?York,,
471875.jpg,"Dinner at Red Star Line - Antwerpen NY - Red Star Line, Antwerpen Ny",,1901,Antwerpen$NY,New?York,,"birdie, rare"
471879.jpg,"Breakfast Menu on S.S. Zeeland - Red Star Line, Antwerpen Ny",,1901,Antwerpen$NY,New?York,,
471883.jpg,"Luncheon Menu on S.S. Vaderland - Red Star Line, Antwerp, NY",,1901,Antwerp$NY,New?York,,
471885.jpg,Luncheon Menu - Southern Railway Dining Car Service,,1901,,,,
471882.jpg,Breakfast Menu on S.S. Vaderland - Red Star Line Antwerpen Ny,,1901,Antwerpen$NY,New?York,,
471880.jpg,"Luncheon Menu on S.S. Zeeland - Red Star Line, Antwerpen, NY",,1901,Antwerpen$NY,New?York,,
471891.jpg,Dinner Menu at Fifth Avenue Hotel,,1905,New?York$NY,New?York,,
471907.jpg,"Daily Menu, Dinner Specialities - Sportsmans Grill",,1905,New?York$NY,New?York,,"birdie, rare"
471893.jpg,Dinner on Tour via Southern Railway - Equitable Life Assurance Society,,1905,Pittsburgh$PA,Pennsylvania,,
471900.jpg,Breakfast at Haddon Hall,,1905,Atlantic?City$NJ,New?Jersey,,
471908.jpg,Dinner in Honor of Mr. Frank Pollock at Reisenweber's,,1905,New?York?City$NY,New?York,,
471916.jpg,Easter Breakfast at Haddon Hall,,1905,Atlantic?City$NJ,New?Jersey,,
471897.jpg,Luncheon on Tour via Southern Railway - Equitable Life Assurance Society,,1905,Pittsburgh$PA,Pennsylvania,,
471940.jpg,137th Annual Meeting Luncheon at Delmonico's - Chamber Of Commerce Of The State Of New York,,1905,New?York$NY,New?York,,
471932.jpg,"3rd Annual Luncheon to the Presbrey Girls at Harry M.Stevens - VICTORIA HOTEL, NY",,1905,New?York$NY,New?York,,"birdie, rare"
471961.jpg,"Breakfast for Delegates to International Railway Congress at Logan House - LOGAN HOUSE, ALTOONA, PA",,1905,Altoona$PA,Pennsylvania,,
471943.jpg,"Commemorative Dinner in Honor of General Wallace - Columbia Club, Indianapolis, Indiana",,1905,Indianapolis$IN,Indiana,,
471917.jpg,Easter Dinner at Hotel Chamberlin,,1905,Fortress?Monroe$VA,Virginia,,"turtle, rare"
471962.jpg,"Luncheon for Delegates to International Railway Congress at Logan House - LOGAN HOUSE, ALTOONA, PA",,1905,Altoona$PA,Pennsylvania,,"birdie, rare"
471981.jpg,Dinner in Honor of the Vice President and Visiting Congressional Committee - Lewis And Clark Centennial Exposition,,1905,Lewis?And?Clark?Centennial?Exposition$Portland$OR,Oregon,,"birdie, rare"
471925.jpg,Dinner at Rector's - Ninth Regiment Armory,,1905,New?York$NY,New?York,,
471919.jpg,Anniversary Dinner - Louisiana Bankers Association,,1905,New?Orleans$LA,Louisiana,,
471984.jpg,Dinner at Eagle Hotel,,1905,Gettysburg$PA,Pennsylvania,,
471990.jpg,Daily Breakfast Menu at Hotel St. Regis,,1905,New?York$NY,New?York,,"birdie, rare"
472003.jpg,Daily Luncheon Menu at Hotel St. Regis,,1905,New?York$NY,New?York,,"birdie, turtle, rare"
471996.jpg,"Daily Dinner Menu at Cafe Des Ambassadeurs - Cafe Des Ambassadeurs, 108-110 West 38th Street, New York, NY",,1905,New?York$NY,New?York,,"birdie, rare"
472002.jpg,"Daily Luncheon Menu at Hotel Imperial - Hotel Imperial, Broadway at 32nd Street, New York, NY",,1905,New?York$NY,New?York,,"birdie, turtle, rare"
471998.jpg,Daily Menu at New Grand Hotel,,1905,New?York$NY,New?York,,"birdie, turtle, rare"
472005.jpg,Daily Breakfast Menu at New Grand Hotel,,1905,New?York$NY,New?York,,
472006.jpg,Daily Luncheon Menu at New Grand Hotel,,1905,New?York$NY,New?York,,"birdie, turtle, rare"
472008.jpg,Daily Luncheon Menu at Shanley's,,1905,New?York$NY,New?York,,"birdie, turtle, rare"
472009.jpg,Daily Business Lunch Menu - Shanley's,,1905,New?York$NY,New?York,,"birdie, turtle, rare"
472017.jpg,Luncheon at St. Regis Hotel,,1905,New?York$NY,New?York,,"birdie, turtle, rare"
472025.jpg,Evening Dinner at Victory Hotel,,1905,Put-in-Bay$OH,Ohio,,
472027.jpg,Breakfast Menu at Victory Hotel,,1905,Put-in-Bay$OH,Ohio,,
472034.jpg,Twenty-Fifth Anniversary Celebration Menu - Larchmont Yacht Club,,1905,Larchmont$New?York,New?York,,"birdie, turtle, rare"
472031.jpg,DEJEUNER FOURCHETTE/LUNCHEON at St. Regis Hotel,,1905,New?York$NY,New?York,,"birdie, rare"
472029.jpg,Dejeuner Fourchette/ Luncheon at St. Regis Hotel,,1905,New?York$NY,New?York,,"birdie, rare"
472032.jpg,Diner/Dinner at St. Regis Hotel,,1905,New?York$NY,New?York,,"birdie, rare"
472028.jpg,Noon Dinner Menu at Victory Hotel,,1905,Put-in-Bay$OH,Ohio,,
472035.jpg,Fortieth Anniversary Celebration Menu - NEW ALGONQUIN CLUB,,1905,Boston$MA,Massachusetts,,
472063.jpg,Breakfast Menu on S.S.ZEELAND - ENROUTE S.S.ZEELAND - EAST BOUND,,1905,,,,
472046.jpg,Luncheon at Briarcliff Lodge,,1905,Briarcliffe?Manor$NY,New?York,,
472050.jpg,LUNCHEON at N.Y.&P.R.S.S.CO. - U.S.M.S. COAMO - EN ROUTE,,1905,,,,
472037.jpg,"Dinner Menu at 238 Eighth Avenue - 238 Eighth Avenue, between 22nd and 23rd Streets, New York, NY",,1905,New?York$NY,New?York,,
472086.jpg,"Dining Room Menu at Rocking Stone Restaurant - Rocking Stone Restaurant, New York Zoological Park",,1905,New?York$NY,New?York,,
472085.jpg,"Lunch Room Menu at Rocking Stone Restaurant - Rocking Stone Restaurant, New York Zoological Park",,1905,New?York$NY,New?York,,
472081.jpg,Breakfast Menu - New York And Porto Rico Steamship Company - EN ROUTE,,1905,,,,
472075.jpg,Breakfast Menu - En Route - N.Y.&P.R.S.S.Co. U.S.M.S. Coamo,,1905,,,,
472069.jpg,Dinner honoring Gov. Myron T. Herrick of Ohio & Gov. B.B. Brook of Wyoming - Lewis & Clark Centennial Exposition,,1905,,,,"birdie, rare"
472083.jpg,Dinner Menu - N.Y.&P.R.S.S.CO. - U.S.M.S. COAMO - N.Y.&P.R.S.S.Co. U.S.M.S. Coamo,,1905,,,,
472091.jpg,"Dinner Menu on Holland-America Line's Statendam - EN ROUTE 'STATENDAM', Holland America Line",,1905,,,,
472098.jpg,St. Saveur Lunch Menu at Bar Harbor,,1905,Bar?Harbor$ME,Maine,,
472092.jpg,"Dinner Menu - Second Cabin - EN ROUTE 'STATENDAM', Holland America Line",,1905,,,,
472093.jpg,"Breakfast Menu on Holland-America Line's Statendam - EN ROUTE 'STATENDAM', Holland America Line",,1905,,,,
472100.jpg,"Dinner at American Inn - American Inn, Portland, OR",,1905,Portland$OR,Oregon,,
472109.jpg,Daily Dinner Menu at St. Sauveur,,1905,Bar?Harbor$ME,Maine,,
472119.jpg,Daily Dinner Menu at Abenaqui Club House,,1905,Rye?Beach$NH,New?Hampshire,,
472116.jpg,Anniversary Dinner Menu - Long Beach Hotel,,1905,Long?Beach$NY,New?York,,"birdie, rare"
472120.jpg,"Dinner for 150 Guests at Rosecliff - Rosecliff, Newport, RI",,1905,Newport$RI,Rhode?Island,,
472139.jpg,Daily Luncheon Menu at Hotel Vendome,,1905,Boston$MA,Massachusetts,,"birdie, rare"
472113.jpg,Daily Breakfast Menu - St. Sauveur,,1905,Bar?Harbor$MAINE,Maine,,
472118.jpg,Dinner at Farragut House,,1905,Farragut?House,,,
472155.jpg,Opening Collation at Brooklyn Germania,,1905,Brooklyn$NY,New?York,,
472154.jpg,ANNIVERSARY DINNER - AUDITORIUM HOTEL,,1905,Chicago$IL,Illinois,,"birdie, rare"
472159.jpg,Breakfast at Waldorf Astoria,,1905,New?York$NY,New?York,,"birdie, rare"
472144.jpg,Dinner at Home Market Club - Hotel Somerset,,1905,Boston$MA,Massachusetts,,"turtle, rare"
472160.jpg,Supper at Waldorf Astoria,,1905,New?York$NY,New?York,,"birdie, turtle, rare"
472169.jpg,Daily Dinner Menu at Fifth Avenue Hotel,,1905,New?York$NY,New?York,,"birdie, turtle, rare"
472168.jpg,Daily Luncheon Menu at Fifth Avenue Hotel,,1905,New?York$NY,New?York,,"birdie, turtle, rare"
472172.jpg,Daily Supper Menu at Hotel St. Regis,,1905,New?York$NY,New?York,,"birdie, turtle, rare"
472178.jpg,"Dinner to Members of the Boston Army Club at Somerset Club - SOMERSET CLUB, BOSTON, MA",,1905,Boston$MA,Massachusetts,,
472186.jpg,Dinner at St. Regis Hotel,,1905,New?York$NY,New?York,,"birdie, turtle, rare"
472177.jpg,Daily Dinner Menu at Hotel St. Regis,,1905,New?York$NY,New?York,,"birdie, turtle, rare"
472179.jpg,"Dinner at St. Regis Hotel - ST. REGIS HOTEL, NEW YORK, NY",,1905,New?York$NY,New?York,,"birdie, rare"
472187.jpg,DEJEUNER/FOURCHETTE at ST. REGIS HOTEL - Hotel St. Regis,,1905,New?York$NY,New?York,,"birdie, turtle, rare"
472188.jpg,Dinner at St. Regis Hotel,,1905,New?York$NY,New?York,,"birdie, rare"
472200.jpg,Dinner to H.R.H. Prince Louis of Battenberg - Rear Admiral A.H. Sands,,1905,Annapolis$MD,Maryland,,"turtle, rare"
472228.jpg,Inspection Trip Luncheon Menu - Southern Railway Inspection Trip,,1905,,,,
472208.jpg,"Fifteenth Annual Banquet at Hotel Manhattan - Hotel Manhattan, New York",,1905,New?York$NY,New?York,,
472224.jpg,Breakfast at Planters Hotel,,1905,St.?Louis$MO,Missouri,,
472221.jpg,Dinner at Hotel Touraine,,1905,Chicago$IL,Illinois,,"birdie, rare"
472197.jpg,Dinner in Honor of George Hector Clemes - HOFFMAN HOUSE; MOORISH ROOM,,1905,New?York$NY,New?York,,"birdie, rare"
472216.jpg,Annual Dinner Menu at Richmond Club,,1905,New?Orleans$LA,Louisiana,,"turtle, rare"
472230.jpg,Dinner at Planters Hotel,,1905,St.?Louis$MO,Missouri,,"birdie, turtle, rare"
472240.jpg,Breakfast Menu for Southern Railway Inspection Trip,,1905,Birmingham$AL,Alabama,,"birdie, rare"
472237.jpg,Inspection Trip Luncheon Menu - Southern Railway Inspection Trip,,1905,,,,"turtle, rare"
472239.jpg,"Boston Jeweler's Club Dinner at Hotel Somerset - Hotel Somerset, Boston Jeweler's Club",,1905,Boston$MA,Massachusetts,,"birdie, rare"
472243.jpg,Southern Railway Inspection Trip Dinner Menu,,1905,Chattanooga$TN,Tennessee,,
472244.jpg,"REGULAR CALL DINNER at NEW WILLARD - NEW WILLARD, THE, WASHINGTON, DC",,1905,Washington$DC,,,
472249.jpg,"Dinner for Officers and Representatives of Ames Iron Works - Republican Club, New York, NY",,1905,New?York$NY,New?York,,
472251.jpg,Dinner on Southern Railway Inspection Trip,,1905,Knoxville$TN,Tennessee,,
472245.jpg,CARTE DU JOUR - Fred Harvey,,1905,Chicago$IL,Illinois,,"birdie, turtle, rare"
472254.jpg,"Inspection Trip Diner Menu - Southern Railway, En Route from Greensboro to Washington",,1905,Greensboro$NC,North?Carolina,,"birdie, turtle, rare"
472250.jpg,"Southern Railway Inspection Trip Luncheon - EN ROUTE, KNOXVILLE-SALISBURY",,1905,Knoxville$TN,Tennessee,,
472252.jpg,Inspection Trip Breakfast at Southern Railway,,1905,Salisbury$NC,North?Carolina,,
472253.jpg,Inspection Trip Luncheon - Southern Railway,,1905,Greensboro$NC,North?Carolina,,
472286.jpg,Thanksgiving Dinner at Hotel Normandie,,1905,Detroit$MI,Michigan,,"birdie, turtle, rare"
472287.jpg,Thanksgiving Dinner at National Arts Club,,1905,New?York?City$NY,New?York,,
472274.jpg,Thanksgiving Dinner at Hotel Rodman,,1905,Philadelphia$PA,Pennsylvania,,"turtle, rare"
472325.jpg,"Auditorium Dinner Menu - 236 WEST 116TH STREET, NEW YORK",,1905,New?York$NY,New?York,,"birdie, turtle, rare"
472309.jpg,Daily Breakfast Menu at R.H. Macy & Co.,,1905,New?York$NY,New?York,,
472288.jpg,Dinner Menu at Fifth Avenue Hotel,,1905,New?York$NY,New?York,,"birdie, turtle, rare"
472310.jpg,"Daily Menu, Five O'Clock Tea - R.H. Macy & Co.",,1905,New?York$NY,New?York,,
472346.jpg,The Otsego Menu,,1905,,,,
472328.jpg,"Auditorium Luncheon Menu - 236 WEST 116TH STREET, NEW YORK",,1905,New?York$NY,New?York,,"birdie, turtle, rare"
472362.jpg,Bachelors Ball Menu,,1905,,,,
472329.jpg,Anniversary Dinner at Hotel Astor - Calman Varnish Co.,,1905,New?York$NY,New?York,,"birdie, rare"
472364.jpg,Daily Menu at St. Mark's Cafe,,1905,Venice$CA,,,
472377.jpg,New Year's Dinner at Park Avenue Hotel,,1906,New?York$NY,New?York,,"birdie, turtle, rare"
472363.jpg,Classic American Cuisine Menu - Murray's,,1905,Murray$Utah,Utah,,"birdie, turtle, rare"
472373.jpg,Daily Dinner Menu at Park Avenue Hotel,,1905,New?York$NY,,,
472382.jpg,New Year's Day Dinner at The New St. Charles,,1906,New?Orleans$LA,Louisiana,,"turtle, rare"
472399.jpg,Dinner at The Corinthian Yacht Club,,1906,Philadelphia$PA,Pennsylvania,,
472384.jpg,"Dolan's Restaurant Daily Menu - Dolan's Restaurant, 33 Park Row, New York City",,1906,New?York?City$NY,New?York,,
472392.jpg,"ASSEMBLY DANCE at HOTEL SOMERSET - HOTEL SOMERSET, Assembly",,1906,Boston$MA,Massachusetts,,
472383.jpg,New Year's Day Supper - Waldorf Astoria,,1906,New?York$NY,New?York,,"birdie, turtle, rare"
472401.jpg,Dinner to President Theodore Roosevelt - The Arlington,,1906,Washington$DC,,,"turtle, rare"
472403.jpg,"Annual Dinner at The Pomham Club - The Pomham Club, Providence, RI",,1906,Providence$RI,Rhode?Island,,
472416.jpg,Daily Dinner Menu at Waldorf Astoria,,1906,New?York$NY,New?York,,"birdie, turtle, rare"
472408.jpg,Dinner in Honor of Dr. Robert Fletcher,,1906,Washington$DC,,,"turtle, rare"
472405.jpg,"Boost Club Anniversary Banquet at Savoy - Boost Club, Savoy",,1906,New?York$NY,New?York,,
472434.jpg,Daily Breakfast Menu at Waldorf Astoria,,1906,New?York$NY,New?York,,"birdie, rare"
472441.jpg,"ANNUAL DINNER at THE BELLEVUE-STRATFORD - THE BELLEVUE-STRATFORD, PHILADELPHIA, PA",,1906,Philadelphia$PA,Pennsylvania,,
472462.jpg,Thirteenth Annual Reunion and Dinner at Artic Club,,1906,New?York$NY,New?York,,"turtle, rare"
472480.jpg,Dinner Menu at Hotel St.Regis,,1906,,,,"birdie, turtle, rare"
472478.jpg,Luncheon Menu at Hotel St. Regis - Hotel St.Regis,,1906,,,,"birdie, turtle, rare"
472487.jpg,Hotel St. Regis Luncheon Menu,,1906,,,,"birdie, turtle, rare"
472475.jpg,White Dinner at Chicago Automobile Show,,1906,Chicago$IL,Illinois,,"birdie, rare"
472482.jpg,Complete Daily Menu at Victor Baracca Rest,,1906,New?York?City$NY,New?York,,
472497.jpg,Breakfast at Hotel St. Regis,,1906,,,,"birdie, rare"
472528.jpg,Banquet and Ball Menu at Teutonia Lodge 617 F. & A.M. - Teutonia Assembly Rooms,,1906,New?York$NY,New?York,,"turtle, rare"
472498.jpg,Hotel St. Regis Supper Menu,,1906,Detroit$MI,Michigan,,"birdie, rare"
472531.jpg,Dinner at St. Regis Hotel,,1906,New?York$NY,New?York,,"birdie, turtle, rare"
472505.jpg,"Westminster Kennel Club Luncheon at Madison Square Garden - Westminster Kennel Club, Madison Square Garden",,1906,New?York$NY,New?York,,
472536.jpg,"Dinner Tendered to Brooklyn Lodge No. 22 at Stanwix Hotel - STANWIX HOTEL, ALBANY, NY",,1906,Albany$NY,New?York,,
472559.jpg,54th Annual Reunion Menu - Ancient Accepted Scottish Rite Of Freemasonry,,1906,Cincinnati$OH,Ohio,,
472563.jpg,Second Annual Dinner at Hotel Astor,,1906,New?York$NY,New?York,,
472547.jpg,Dinner at Hotel St. Regis,,1906,New?York,New?York,,"birdie, turtle, rare"
472532.jpg,THIRD ANNUAL DINNER at ST. DENIS HOTEL,,1906,Flushing$NY,New?York,,"turtle, rare"
472560.jpg,"Anniversary Dinner at Fraunces Tavern - Fraunces Tavern, New York, NY",,1906,New?York$NY,New?York,,
472561.jpg,Dinner to Above - Complimentary/Testimonial - Alice Roosevelt Longworth And President Estrada Palmet,,1906,Miramar,,,
472570.jpg,Annual Dinner Menu - American Academy Of Music,,1906,,,,
472605.jpg,Luncheon at St. Regis Hotel - Hotel St. Regis,,1906,New?York$NY,New?York,,"birdie, turtle, rare"
472606.jpg,Dinner at St. Regis Hotel - Hotel St. Regis,,1906,New?York$NY,New?York,,"birdie, turtle, rare"
472594.jpg,Luncheon at St. Regis Hotel,,1906,New?York$NY,New?York,,"birdie, turtle, rare"
472575.jpg,DINNER TO THE PENNSYLVANIA DELEGATION IN CONGRESS - WILLARD HOTEL,,1906,Washington$D.C.,Washington$D.C.,,"turtle, rare"
472631.jpg,Dinner at Crusader Commandery No. 56 Knights Templar,,1907,Brewster$NY,New?York,,
472620.jpg,Second Annual Banquet Menu - Navy League Of The United States,,1907,Washington$DC,,,"birdie, turtle, rare"
472634.jpg,"Longfellow Centenary Dinner - National Arts Club, New York, NY",,1907,New?York$NY,New?York,,"birdie, rare"
472638.jpg,"Dinner at U.S. National Lawn Tennis Association Event - Waldorf Astoria, The, New York, NY",,1907,New?York$NY,New?York,,
472649.jpg,U.S. Flagship Charleston Menu,,1907,SAN?DIEGO$CA,California,,
472618.jpg,"Kalil's Restaurant Sunday Lunch Menu - Kalil's Restaurant, 61 Cortlandt St., New York, NY",,1906,New?York$NY,New?York,,"turtle, rare"
472654.jpg,Sons Of American Revolution Menu,,1907,Baltimore$MD,Maryland,,"birdie, rare"
472720.jpg,"Dinner to Above - Complimentary/Testimonial Event - 833 Fifth Avenue, New York",,1907,New?York$NY,New?York,,
472680.jpg,"Banquet Menu at S.S.B. Counsel Of Spelling Simplification - Waldorf-Astoria, New York City",,1907,New?York?City$NY,New?York,,
472657.jpg,FIFTH ANNUAL BANQUET at ST. DENIS HOTEL,,1907,New?York$NY,New?York,,"turtle, rare"
472762.jpg,Anniversary Luncheon at The Inside Inn - THE INSIDE INN - JAMESTOWN EXPOSITION,,1907,Jamestown$VA,Virginia,,
472738.jpg,Table d'Hote Dinner Menu - Martinique Hotel,,1907,New?York$NY,New?York,,"birdie, rare"
472779.jpg,Fourth Annual White Breakfast at Rubinstein Club - Waldorf-Astoria,,1907,New?York?City$NY,New?York,,
472797.jpg,COACHING CLUB Menu,,1907,Claremont,,,"birdie, rare"
472790.jpg,"Annual Banquet Menu at Murray Hill Hotel - Murray Hill Hotel, New York City",,1907,New?York?City$NY,New?York,,"birdie, turtle, rare"
472799.jpg,General Kuroki Luncheon Menu,,1907,Washington$DC,,,"birdie, rare"
472800.jpg,"Complimentary Ball Event at King Haakon VII - PALAIS ROYAL, CHRISTIANA",,1907,CHRISTIANA,,,
472805.jpg,Lowell Lunch Menu,,1907,New?York$NY,New?York,,
472814.jpg,Dinner Menu at Cafe Lafayette,,1907,New?York$NY,New?York,,"turtle, rare"
472807.jpg,"Annual Meeting Menu at Delmonico's - DELMONICO'S. NEW YORK, NY",,1907,New?York$NY,New?York,,"birdie, rare"
472829.jpg,Informal Dinner at Little Hungary - Associates Of The Interborough Rapid Transit Co.,,1928,New?York?City$NY,New?York,,
472808.jpg,Planked Shad Dinner at American Cotton Manufacturers' Association - Washington Park on the Delaware,,1907,Washington$DC,,,"turtle, rare"
472839.jpg,"Childs' Daily Menu - 90 Fulton Street, New York",,1907,New?York$NY,New?York,,
472844.jpg,"Daily Lunch Menu at Childs' - 130 Broadway, New York",,1907,New?York$NY,New?York,,
472849.jpg,"Annual Dinner of the Section on Nervous and Mental Diseases - MARLBOROUGH-BLENHEIM HOTEL, ATLANTIC CITY, NJ",,1907,Atlantic?City$NJ,New?Jersey,,
472861.jpg,Daily Luncheon Menu - Congress Hotel Company,,1907,Chicago$IL,Illinois,,
472843.jpg,"Daily Breakfast Menu at Childs' - 130 Broadway, 440 Bway, New York",,1907,New?York$NY,New?York,,
472869.jpg,Congress Hotel Company Luncheon Menu,,1907,Chicago$IL,Illinois,,"birdie, rare"
472895.jpg,Luncheon Menu - Congress Hotel Company,,1907,Chicago$IL,Illinois,,"birdie, rare"
472872.jpg,Congress Hotel Company Dinner Menu,,1907,Chicago$IL,Illinois,,
472862.jpg,Dinner Menu at Congress Hotel Company,,1907,Chicago$IL,Illinois,,
472875.jpg,"Dinner to Friends at Belle Erre Club - Belle Erre Club, Port Jefferson, NY",,1907,Port?Jefferson$NY,New?York,,"birdie, rare"
472881.jpg,Daily Menu at Congress Hotel Company,,1907,Chicago$IL,Illinois,,"birdie, turtle, rare"
472901.jpg,Special Luncheon at Congress Hotel Company,,1907,Chicago$IL,Illinois,,
472898.jpg,Table d'hote dinner at Congress Hotel Company,,1907,Chicago$IL,Illinois,,"birdie, rare"
472904.jpg,CARTE DU JOUR - Congress Hotel Association,,1907,Chicago$IL,Illinois,,"birdie, turtle, rare"
472910.jpg,"Twelfth Annual Meeting Menu - ATANTIC HOTEL, Ocean City, MD",,1907,Ocean?City$MD,Maryland,,"turtle, rare"
472922.jpg,Breakfast Menu on S.S. KROONLAND,,1907,,,,
472979.jpg,The Washington Luncheon Menu,,1907,St.?Louis$MO,Missouri,,"birdie, turtle, rare"
472919.jpg,"LUNCHEON MENU on S.S. KROONLAND by RED STAR LINE - S.S. KROONLAND, Red Star Line",,1907,,,,
472913.jpg,Luncheon Menu - Fraunces' Tavern,,1907,New?York$NY,New?York,,"birdie, turtle, rare"
473008.jpg,Luncheon to Gentlemen Accompanying August Belmont on First Train Through Belmont Tunnel - Hotel Belmont,,1907,New?York$NY,New?York,,
472992.jpg,Fifty-Fifth Annual Meeting Shore Dinner at Dreamland - American Pharmaceutical Association,,1907,Coney?Island$NY,New?York,,
473012.jpg,"Daily Menu at McDonald's Oyster House - 300 Bowery, New York",,1907,New?York$NY,New?York,,
473015.jpg,Anniversary Dinner at Medinah Temple,,1907,Chicago$IL,Illinois,,"birdie, turtle, rare"
473017.jpg,Supper at The Plaza,,1907,New?York$NY,New?York,,"birdie, turtle, rare"
473024.jpg,Dinner for 2500 Delegates at Convention Hall - Lakes To The Gulf Steamers,,1907,Memphis$TN,Tennessee,,
473006.jpg,MURRAY'S DINNER MENU,,1907,Murray's$in?Murray's$STATE,STATE,,"birdie, turtle, rare"
473029.jpg,"Dinner Menu at Gallatin Hotel - Gallatin Hotel, West 46 St.",,1907,New?York?City$NY,New?York,,
473044.jpg,Breakfast Menu at Waldorf Astoria,,1907,New?York$NY,New?York,,"birdie, rare"
473038.jpg,Dinner in Honor of the Lord Bishop of London - THE PLAZA,,1907,New?York$NY,New?York,,
473030.jpg,Dinner at Rider Hotel - P.H.M.A.,,1907,Cambridge?Springs$PA,Pennsylvania,,
473041.jpg,Dinner at Fraunces' Tavern,,1907,New?York?City,New?York,,
473040.jpg,Fraunces' Tavern Luncheon Menu,,1907,New?York?City,New?York,,"turtle, rare"
473054.jpg,Anniversary Dinner at Marlborough-Blenheim - Hildreth Tarnish Co.?,,1907,Atlantic?City$NJ,New?Jersey,,"birdie, turtle, rare"
473097.jpg,Dinner Menu on United States Ship Vermont - Aboard United States Ship Vermont,,1907,,,,
473092.jpg,"Dinner in Honor of Central American Peace Delegates - THE NEW WILLARD, Washington, DC",,1907,Washington$DC,,,"turtle, rare"
473077.jpg,"Twenty-Sixth Annual Dinner at Waldorf-Astoria - Waldorf-Astoria, The, New York, NY",,1907,New?York$NY,New?York,,
473072.jpg,Luncheon at Broadway Central Hotel,,1907,New?York$NY,New?York,,
473081.jpg,Dinner at Broadway Central Hotel,,1907,New?York$NY,New?York,,
473096.jpg,"DINNER TO PRIZE WINNERS at HOTEL WOODSTOCK - HOTEL WOODSTOCK, Minneapolis Tribune",,1907,Minneapolis$MN,Minnesota,,
473071.jpg,SOCIETY OF COLONIAL WARS IN THE STATE OF NEW JERSEY Menu at WALDORF-ASTORIA,,1907,New?York$NY,New?York,,
473099.jpg,Dinner at Crescent Athletic Club,,1907,Brooklyn$NY,New?York,,
473105.jpg,50th Anniversary Dinner - La Clemente Amitie Cosmopolite 410 F.& A.M.,,1907,Union?Square$NY,New?York,,
473111.jpg,139th Annual Meeting Luncheon at Delmonico's - Chamber Of Commerce Of The State Of New York,,1907,New?York?City$NY,New?York,,
473124.jpg,"Daily Luncheon Menu at Mills Hotel - 7th Avenue & 36th Street, New York City",,1907,New?York?City$NY,New?York,,"turtle, rare"
473125.jpg,"Daily Luncheon Menu on R.M.S. 'Mauretania' - ON BOARD R.M.S. 'MAURETANIA', Cunard Line",,1907,,,,
473114.jpg,"Daily Dinner Menu at Mills Hotel - 7th Avenue & 36th Street, New York City",,1907,New?York?City$NY,New?York,,"turtle, rare"
473132.jpg,Hotel Dining Menu - Mills Hotel,,1907,Mills?Hotel$New?York$NY,New?York,,
473118.jpg,Complimentary Dinner for West Point Military Academy Officers and Cadets - Madison Square Garden,,1907,New?York?City$NY,New?York,,"birdie, rare"
473151.jpg,Hotel Dining Menu - Ohio State Hotel Association,,1907,Columbus$Ohio,Ohio,,
473126.jpg,Daily Menu at The New Falmouth Hotel,,1907,Portland$ME,Maine,,"turtle, rare"
473131.jpg,Annual Dinner Menu at Hotel Stenton,,1907,Philadelphia$PA,Pennsylvania,,
473136.jpg,Waldorf Astoria Luncheon Menu,,1907,New?York$NY,New?York,,"birdie, turtle, rare"
473137.jpg,Dinner at Waldorf Astoria,,1907,New?York$NY,New?York,,"birdie, turtle, rare"
473160.jpg,"Ohio State Hotel Association Luncheon at St. Nicholas Hotel - ST.NICHOLAS HOTEL, CINCINNATI, OH",,1907,Cincinnati$OH,Ohio,,
473164.jpg,Daily Dinner Menu at Hotel Langwell,,1907,Elmira$NY,New?York,,
473153.jpg,"APRE LE THEATRE SUPPER - PALACE HOTEL, CINCINNATI, OH",,1907,Cincinnati$OH,Ohio,,"birdie, rare"
473174.jpg,"Daily Luncheon Menu at Hotel Thorndike - Hotel Thorndike, Boylston Street, Boston, MA",,1907,Boston$MA,Massachusetts,,"birdie, turtle, rare"
473186.jpg,"DINNER at THE NEW WILLARD - THE NEW WILLARD, Washington, DC",,1907,Washington$DC,,,"turtle, rare"
473189.jpg,Christmas Breakfast at Park Hotel,,1907,Franklin$PA,Pennsylvania,,
473181.jpg,Dinner in honor of Mr. William T. Evans - The Lotus Club,,1907,New?York?City$NY,New?York,,
473175.jpg,"Hotel Thorndike Daily Dinner Menu - Hotel Thorndike, Boylston Street, Boston, MA",,1907,Boston$MA,Massachusetts,,"birdie, turtle, rare"
473188.jpg,Dinner at The Ideala Club - Waldorf-Astoria,,1907,New?York?City$NY,New?York,,
473284.jpg,DINNER TO ABOVE at THE ST. NICHOLAS,,1908,Cincinnati$OH,Ohio,,
473268.jpg,"GEORGETOWN UNIVERSITY ALUMNI BANQUET (FOUNDERS'DAY) - RAUSCHER'S, Washington, DC",,1908,Washington$DC,,,
473300.jpg,DINNER TO THE GRIDIRON CLUB at THE NEW WILLARD,,1908,Washington$DC,,,"birdie, turtle, rare"
473214.jpg,Annual Banquet Menu at Touro Club,,1907,Hartford$CT,Connecticut,,
473265.jpg,Dinner at Delmonico's,,1908,New?York$NY,New?York,,"turtle, rare"
473293.jpg,Dinner Menu at British Schools And Universities Club,,1908,New?York?City$NY,New?York,,
473297.jpg,Dinner at Bellevue-Stratford,,1908,Philadelphia$PA,Pennsylvania,,
473305.jpg,"Dinner honoring J.F. Burke and H.M. Gerrans at Hotel Iroquois - HOTEL IROQUOIS, BUFFALO, NY",,1908,Buffalo$NY,New?York,,
473393.jpg,"Shrine Banquet at Oriental Hotel - Oriental Hotel, Dallas, TX",,1906,Dallas$TX,Texas,,
473394.jpg,"Sixteenth Annual Dinner at St. Lawrence Club - Astor Hotel, New York, NY",,1906,New?York$NY,New?York,,"birdie, rare"
473343.jpg,St. Regis Hotel Luncheon Menu - St.Regis Hotel,,1906,New?York?City$NY,New?York,,"birdie, turtle, rare"
473345.jpg,Dinner Menu at St. Regis Hotel - St.Regis Hotel,,1906,,,,"birdie, turtle, rare"
473339.jpg,Banquet to the Phoenix & Maricopa County Board of Trade - Hotel Adams,,1906,Phoenix$ARIZONA,Arizona,,
473428.jpg,"Dinner to Frank Hurd Robinson, Grand Master at Masonic Club",,1906,NY,New?York,,
473414.jpg,"Daily Price List at Clover Club - 41 WEST 23RD STREET, New York",,1906,New?York$NY,New?York,,
473444.jpg,"Anniversary Dinner at THE NEW WILLARD - THE NEW WILLARD, Piano Manufacturers",,1906,Washington$DC,,,
473447.jpg,"Ninth Annual Dinner at Hotel Savoy - HOTEL SAVOY, 5TH AVENUE AND 59TH STREET; NEW YORK",,1906,New?York$NY,New?York,,"birdie, rare"
473446.jpg,"ANNIVERSARY DINNER at THE NEW WILLARD - THE NEW WILLARD, Washington, DC",,1906,Washington$DC,,,"birdie, rare"
473434.jpg,"Dinner at Rector's hosted by Mr.T.N.Jarvis - Rector's, Mr.T.N.Jarvis",,1906,New?York$NY,New?York,,
473463.jpg,"Ancient Accepted Scottish Rite Festival Reunion Menu - Masonic Hall, New York, NY",,1906,New?York$NY,New?York,,
473476.jpg,Supper at The Maplewood,,1906,Pittsfield$MA,Massachusetts,,
473478.jpg,"DINNER TO AMERICAN PRESS HUMORISTS - PEN AND PENCIL CLUB; PHILADELPHIA, PA",,1906,Philadelphia$PA,Pennsylvania,,
473506.jpg,"Hotel Columbian Dinner Menu - Hotel Columbian, Thousand Island Park, St. Lawrence River",,1906,Thousand?Island?Park$New?York,New?York,,
473509.jpg,Yale College '96S Decennial Anniversary Menu,,1906,New?Haven$CT,Connecticut,,
473508.jpg,Yale College 1900s Sexennial Anniversary Menu,,1906,New?Haven$CT,Connecticut,,
473519.jpg,"Daily Dinner Menu on S.S. 'Caledonia' - Aboard S.S. 'Caledonia', Anchor Line",,1906,,,,"birdie, turtle, rare"
473625.jpg,Dinner at Manhasset House,,1906,Shelter?Island$NY,New?York,,
473613.jpg,Daily Menu at Supper's Hotel & Restaurant,,1906,BROOKLYN$NY,New?York,,
473521.jpg,"Daily Luncheon Menu aboard R.M.S. 'Etruria' - Aboard R.M.S. 'Etruria', Cunard Steam Ship Company Limited",,1906,,,,
473628.jpg,SUPPER at POCANO MOUNTAIN HOUSE,,1906,MT.?POCANO$PA,Pennsylvania,,
473626.jpg,Breakfast Menu at Pocono Mountain House,,1906,Mt.?Pocono$PA,Pennsylvania,,
473684.jpg,Supper to Mrs. Langtry at Keen's - Keen's (formerly Lambs' Club House),,1906,New?York$NY,New?York,,"birdie, turtle, rare"
473627.jpg,DINNER MENU at Pocono Mountain House,,1906,MT.?POCANO$PA,Pennsylvania,,"birdie, rare"
473722.jpg,"Daily Menu at The Navy Yard - 233 Sands Street, Brooklyn, NY",,1906,Brooklyn$NY,New?York,,
473718.jpg,Dinner Menu at Round Table Club,,1906,,,,
473693.jpg,Daily Menu at The Worthy,,1906,Springfield$MA,Massachusetts,,"birdie, turtle, rare"
473723.jpg,"Sunday Dinner at The Navy Yard Ladies And Gents Restaurant - 233 Sands Street, Brooklyn, NY",,1906,Brooklyn$NY,New?York,,
473726.jpg,Anniversary Dinner at Auditorium Hotel,,1906,Chicago$IL,Illinois,,"birdie, rare"
473730.jpg,"DAILY MENU at U.S.S. LOUISIANA - U.S.S. Louisiana, AT SEA",,1906,,,,
473744.jpg,"Daily Menu at Ye Tea Cup Inne - 48 Bush St. San Francisco, CA",,1906,San?Francisco$CA,California,,
473764.jpg,"Dinner hosted by Alexander Agassiz, President of the National Academy of Sciences - Hotel Somerset, Commonwealth Avenue, Boston, MA",,1906,Boston$MA,Massachusetts,,"turtle, rare"
473763.jpg,Daily Menu at The Wanamaker Store Tea Room,,1906,New?York$NY,New?York,,
473735.jpg,Athelstan Club Annual Banquet Menu,,1906,Mobile$AL,Alabama,,
473785.jpg,"Dinner at Manhattan Hotel - 42 St. & Mad. Ave, Manhattan Hotel",,1906,Manhattan$NY,New?York,,"birdie, turtle, rare"
473798.jpg,Tasting Dinner of Stewards & Officers at Delmonico's,,1906,New?York$NY,New?York,,
473860.jpg,"BREAKFAST MENU at FLATIRON RESAURANT AND CAFE - BROADWAY AND 23RD STREET, NY",,1906,New?York$NY,New?York,,"birdie, rare"
473806.jpg,Annual Dinner at Charleston Club,,1906,Charleston$SC,South?Carolina,,"birdie, rare"
473795.jpg,LUNCH at Old Poodle Dog Restaurant,,1906,SAN?FRANCISCO$CA,California,,
473809.jpg,Dinner at Rector's,,1906,Rector's,,,
473864.jpg,"LUNCH MENU at FLATIRON RESAURANT AND CAFE - BROADWAY AND 23RD STREET, NY",,1906,New?York$NY,New?York,,"birdie, rare"
473866.jpg,BREAKFAST at Hotel Havlin,,1906,CINCINNATI$OH,Ohio,,"birdie, rare"
473889.jpg,Daily Supper Menu at Hotel Knickerbocker,,1906,New?York$NY,New?York,,"birdie, turtle, rare"
473869.jpg,Daily Luncheon Menu at Hotel Knickerbocker,,1906,New?York,New?York,,"birdie, rare"
473880.jpg,Hotel Rodman Menu,,1906,,,,
473836.jpg,Annual Dinner at Minneapolis Club - Harvard Club Of Minneapolis,,1906,Minneapolis$MN,Minnesota,,"turtle, rare"
473876.jpg,Christmas Supper at The Rockafellow,,1906,Hot?Springs$AR,Arkansas,,
473895.jpg,Anniversary Dinner at The Chemists - Waldorf-Astoria,,1906,New?York?City$NY,New?York,,
473906.jpg,"Specials of the Day at Bristol's Dining Rooms - 161 Bowery, New York",,1906,New?York$NY,,,"turtle, rare"
473905.jpg,"M.F.LYONS Supper and Breakfast Menu - 259 Bowery, New York",,1906,New?York$NY,,,"birdie, rare"
473904.jpg,"M.F.LYONS Lunch and Dinner Menu - 259 Bowery, New York",,1906,New?York$NY,,,"birdie, rare"
473911.jpg,"Dinner Menu at Fleischmann's Vienna Model Bakery - Fleischmann's Vienna Model Bakery, Broadway and Tenth Street, New York",,1906,New?York$NY,,,"turtle, rare"
473912.jpg,"Daily Menu at Haim's Quick Lunch Restaurant - 358 Bowery, New York City",,1906,New?York?City$NY,,,
473914.jpg,Daily Dinner Menu at Hotel St. Regis,,1906,New?York?City$NY,New?York,,"birdie, turtle, rare"
473930.jpg,Daily Luncheon Menu at Hotel St. Regis,,1907,New?York?City,New?York,,"birdie, rare"
473918.jpg,Daily Supper Menu at Hotel St. Regis,,1907,New?York?City$NY,New?York,,"birdie, turtle, rare"
473916.jpg,"New Year's Dinner at Flat Iron Restaurant - Flat Iron Restaurant, 22nd & 23rd Sts, New York City",,1907,New?York?City$NY,New?York,,
473928.jpg,"Daily Menu at Lafayette Place Restaurant and Cafe - 16, 18 and 20 Lafayette Place, New York City",,1907,New?York?City$NY,New?York,,"birdie, turtle, rare"
473946.jpg,Lunch Menu at Hotel Knickerbocker,,1907,New?York$NY,New?York,,"birdie, rare"
473931.jpg,Hotel St. Regis Daily Dinner Menu,,1907,New?York?City$NY,New?York,,"birdie, turtle, rare"
473938.jpg,Dinner to Commodore (Alfred) Marshall - Larchmont Yacht Club,,1907,Larchmont$NY,New?York,,"turtle, rare"
473933.jpg,Dinner to Judge Norman S. Dike - Complimentary/Testimonial - Fellow Members Of The Geographical Society Of The Hamilton Club,,1907,Brooklyn$NY,New?York,,"birdie, turtle, rare"
473941.jpg,Breakfast Menu at Hotel Knickerbocker,,1907,New?York$NY,New?York,,"birdie, rare"
473934.jpg,Childs Restaurant Daily Menu - 54 Beaver St. New York City,,1907,New?York?City$NY,New?York,,
473952.jpg,"Dinner Menu at Flat Iron Restaurant and Cafe - 23rd Street, New York",,1907,New?York$NY,New?York,,"birdie, rare"
473951.jpg,"Breakfast Menu at Flat Iron Restaurant and Cafe - 23rd Street, New York",,1907,New?York$NY,New?York,,"birdie, rare"
473959.jpg,Supper at Fifth Avenue Hotel,,1907,New?York$NY,New?York,,
473950.jpg,"Lunch Menu at Flat Iron Restaurant & Cafe - Flat Iron Restaurant & Cafe, 23rd Street, New York",,1907,New?York$NY,New?York,,"birdie, rare"
473964.jpg,Daily Cafe Breakfast Menu - Fifth Avenue Hotel,,1907,New?York$NY,New?York,,
473966.jpg,"The Ansonia Luncheon Menu - Broadway and 73rd Street, New York",,1907,New?York$NY,New?York,,"birdie, rare"
473949.jpg,"DINNER at THE TEMPLE by NEW PALESTINE COMMANDERY 11918 - THE TEMPLE, New Palestine Commandery 11918",,1907,New?York$NY,New?York,,"birdie, rare"
473986.jpg,"Dinner at The Ansonia - BROADWAY AND 73RD STREET, NEW YORK",,1907,New?York$NY,New?York,,"birdie, turtle, rare"
473968.jpg,"Breakfast at The Ansonia - BROADWAY AND 73RD STREET, NEW YORK",,1907,New?York$NY,New?York,,"birdie, rare"
473970.jpg,"DINNER MENU at FLATIRON RESAURANT AND CAFE - BROADWAY AND 23RD STREET, NY",,1906,New?York$NY,New?York,,"birdie, rare"
473969.jpg,"Eighteenth Annual Ball Menu - Convention Hall, Buffalo Fire Department Beneficiary Association",,1907,Buffalo$NY,New?York,,
473982.jpg,Supper at Hotel Knickerbocker,,1907,New?York$NY,New?York,,"birdie, turtle, rare"
473967.jpg,"SUPPER at THE ANSONIA - BROADWAY AND 73RD STREET, NEW YORK",,1907,New?York$NY,New?York,,"birdie, rare"
474002.jpg,Daily Lunch Menu at Hotel Knickerbocker,,1907,New?York?City,New?York,,"birdie, rare"
474034.jpg,Ninth Annual Dinner at New York Athletic Club - Veterans Of The New York Athletic Club,,1907,New?York$NY,New?York,,"birdie, rare"
473987.jpg,Hotel Knickerbocker Luncheon Menu,,1907,New?York$NY,New?York,,"birdie, rare"
474037.jpg,St. George Hotel Luncheon Menu - Hotel St. George,,1907,Brooklyn$NY,New?York,,
473991.jpg,Tenth Wedding Anniversary Menu - ST. NICHOLAS HOTEL,,1907,New?York$NY,New?York,,
474039.jpg,Lunch Ready - Flat Iron Restaurant And Cafe,,1907,New?York$NY,New?York,,"birdie, rare"
474045.jpg,SUPPER BALL at THE BENEDICT'S,,1907,Washington$D.C.,,,
474040.jpg,Dinner Specials - Flat Iron Restaurant And Cafe,,1907,New?York$NY,New?York,,"birdie, rare"
474074.jpg,"Daily Luncheon Menu at Hotel Gallatin - Hotel Gallatin, 70 and 72 West 46th Street, New York City",,1907,New?York?City$NY,New?York,,
474054.jpg,"Daily Menu at Ye Olde Dutch Tavern - Ye Olde Dutch Tavern, 23 John Street, New York",,1907,New?York$NY,New?York,,"birdie, rare"
474105.jpg,Valentine Breakfast at Hotel Astor,,1907,New?York$NY,New?York,,"birdie, rare"
474089.jpg,"31ST ANNUAL DOG SHOW LUNCHEON at Westminster Kennel Club - MADISON SQUARE GARDEN, NEW YORK CITY",,1907,NEW?YORK?CITY$NY,New?York,,"birdie, rare"
474117.jpg,FOURTH DINNER-DISCUSSION at THE ECONOMIC CLUB OF NEW HAVEN - TONTINE HOTEL,,1907,New?Haven$CT,Connecticut,,
474122.jpg,55th Annual Reunion Menu - Ancient Accepted Scottish Rite,,1907,Cincinnati$OH,Ohio,,
474146.jpg,Commemoration of Evacuation of NYC by the British - Delmonico's,,1883,New?York?City$NY,New?York,,
474119.jpg,FOURTH ANNUAL DINNER at COLLEGE ALUMNI - ST. DENIS HOTEL,,1907,New?York?City$NY,New?York,,
474116.jpg,Luncheon for Ohio Council of Deliberation Members - Ancient Accepted Scottish Rite,,1907,CINCINNATI$OH,Ohio,,"turtle, rare"
474157.jpg,Annual Dinner Menu by New England Society - New England Society In The City Of New York,,1883,New?York?City$NY,New?York,,
474173.jpg,Opening Celebration Menu for Steamer Sam Sloan - New York Produce Exchange,,1884,New?York$NY,New?York,,
474170.jpg,Breakfast at Delmonico,,1884,New?York$NY,New?York,,
474153.jpg,LAUREL HOUSE DINNER MENU,,1883,LAKEWOOD$NJ,New?Jersey,,
474186.jpg,Dinner at Willard's Hotel - WILLARD'S HOTEL WASH.DC,,1884,Washington$DC,,,"turtle, rare"
474198.jpg,Annual Dinner Menu at Delmonico,,1885,New?York$NY,New?York,,
474201.jpg,101st Anniversary Dinner at Friendly Sons Of St.Patrick,,1885,New?York$NY,New?York,,
474200.jpg,Dinner Menu at The Antlers,,1885,Colorado?Springs$CO,Colorado,,
474189.jpg,Dinner at Free Trade Club,,1884,New?York$NY,New?York,,
474212.jpg,Frigate La Flore Event Menu - Admiral Lacombe,,1885,New?York$NY,New?York,,
474223.jpg,Annual Dinner Menu at Delmonico's,,1885,New?York$NY,New?York,,"birdie, rare"
474219.jpg,Beacon Society Event Menu - Parker House,,1885,Boston$MA,Massachusetts,,"birdie, turtle, rare"
474222.jpg,"Professor John W. Burgess Dinner - 323 West 57th Street, New York, N.Y.",,1885,New?York$N.Y.,New?York,,
474211.jpg,Dinner Menu for Fifty Million Club Annual Reunion - Commemoration of Death of U.S. Grant,,1885,,,,"birdie, rare"
474272.jpg,Private Dinner Menu - Mr. And Mrs. Bancroft Dans,,1887,Washington,Washington,,
474288.jpg,SAINT NICHOLAS DAY DINNER at DELMONICO'S,,1887,New?York$NY,New?York,,
474274.jpg,Reunion of Class of '86 Menu - Wellesley College Club,,1887,Wellesley$MA,Massachusetts,,
474269.jpg,Dinner at Commonwealth Club,,1887,Commonwealth?Club,,,
474224.jpg,Sunday Menu at Hotel St. George,,1885,Brooklyn$NY,New?York,,"turtle, rare"
474265.jpg,"Second Annual Yale Dinner Complimentary to President Dwight - Clarendon Hotel, New Haven, CT",,1887,New?Haven$CT,Connecticut,,
474278.jpg,Decennial Celebration Menu - Staten Island Athletic Club,,1887,West?New?Brighton$Staten?Island$NY,New?York,,
474290.jpg,"COMMONWEALTH CLUB Menu at METROPOLITAN HOTEL - METROPOLITAN HOTEL, Commonwealth Club",,1887,Commonwealth?Club$San?Francisco$CA,California,,
474305.jpg,Mrs. Cornelius Vanderbilt Ball Menu - 1 West 57 St. NY,,1888,New?York$NY,New?York,,
474329.jpg,Dinner at Delmonico's NY,,1888,New?York?City$NY,New?York,,"birdie, rare"
474302.jpg,Old Guard Ball Menu - Old Guard Ball at Metropolitan Opera House,,1888,,,,
474323.jpg,Fifth Annual Dinner at Delmonico's - Irving Club,,1888,New?York$NY,New?York,,
474368.jpg,"Dinner in Honor of Hon. James T. Stranhan - THE HAMILTON CLUB, BROOKLYN NY",,1888,Brooklyn$NY,New?York,,
474371.jpg,Delmonico's Dinner Menu,,1888,New?York$NY,New?York,,"birdie, rare"
474337.jpg,"Complimentary Dinner for Mr. James F. Graham at Morello's - MORELLO'S, New York, N.Y.",,1888,New?York$N.Y.,New?York,,"birdie, rare"
474363.jpg,"Jubilee Banquet at Metropolitan Hotel - METROPOLITAN HOTEL, NEW YORK, NY",,1888,New?York$NY,New?York,,
474372.jpg,Dinner at Secretary Of State (Mr Bayard's?),,1888,,,,"turtle, rare"
474449.jpg,Merchants Central Club Menu,,1889,New?York$NY,New?York,,
474376.jpg,Lunch Menu at The Albany,,1888,Denver$CO,,,
474395.jpg,Five O'Clock Club Philadelphia Menu,,1889,Philadelphia$PA,Pennsylvania,,"turtle, rare"
474378.jpg,French Dinner at Hoffman House - Cercle Francais De L'harmonie,,1889,Hoffman?House$New?York,New?York,,
474448.jpg,Daily Menu at Metropolitan Club,,1889,Washington$D.C.,Washington$D.C.,,
474443.jpg,DAILY MENU - The Grand,,1889,PUEBLO$COLORADO,Colorado,,
474373.jpg,Annual Dinner Menu at Delmonico's,,1888,New?York$NY,New?York,,
474457.jpg,Table d'hote dinner at Hotel Duquesne,,1889,,,,
474463.jpg,Dinner to Hon. Henry W. Grady and Party at Delmonicos - John H. Inman,,1889,New?York$NY,New?York,,
474465.jpg,DINNER TO THE DELEGATES OF THE INTERNATIONAL MARINE CONFERENCE - CHAMBERLIN'S,,1889,Washington$D.C.,Washington$D.C.,,"turtle, rare"
474474.jpg,Menu at Delmonico's - Stationers' Board Of Trade,,1890,New?York$NY,New?York,,
474471.jpg,22nd Regiment Reception Menu - Metropolitan Opera House,,1890,New?York$NY,New?York,,
474473.jpg,"UNDERWRITERS ANNUAL DINNER at THE ARLINGTON - THE ARLINGTON, Washington, D.C.",,1890,Washington$D.C.,Washington$D.C.,,"turtle, rare"
474477.jpg,"Annual Dinner at Hotel Brunswick - Hotel Brunswick, New York, NY",,1890,New?York$NY,New?York,,"turtle, rare"
474498.jpg,Anniversary Dinner Menu at National Academy Of Design,,1890,New?York$NY,New?York,,
474504.jpg,Dinner at The Hygeia Hotel,,1890,Old?Point?Comfort$VA,Virginia,,"turtle, rare"
474505.jpg,Dinner Menu at The Arlington,,1890,Washington$D.C.,,,"birdie, rare"
474496.jpg,"Dinner at The Autocrat Club - Burlando's Providence, RI",,1890,Providence$RI,Rhode?Island,,
474508.jpg,Hotel Lafayette Dinner Menu,,1890,Philadelphia$PA,Pennsylvania,,
474512.jpg,"Annual Banquet at Trustees of the Missouri Botanical Garden - Southern Hotel, St. Louis",,1890,St.?Louis$MO,Missouri,,
474521.jpg,Dinner Menu at The Nobscussett,,1890,Dennis$Cape?Cod$MA,Massachusetts,,
474531.jpg,Sunday Dinner at Poland Springs House,,1890,Poland?Springs$Maine,Maine,,"turtle, rare"
474526.jpg,Cold Dinner at Oak Bluffs Club,,1890,Buffalo$NY,New?York,,
474530.jpg,Dinner at Oak Bluffs Club,,1890,Buffalo$NY,New?York,,"birdie, rare"
474651.jpg,Dinner Menu at Paul Smith's,,1891,Paul?Smith's$NY,New?York,,
474631.jpg,"DINNER TO GROVER CLEVELAND - SANDWICH, MA",,1891,SANDWICH$MA,Massachusetts,,
474656.jpg,Dinner Menu at Hotel Ampersand,,1891,Hotel?Ampersand$Saranac?Lake$NY,New?York,,
474635.jpg,"Breakfast honoring Admiral John Grimes Walker and the White Squadron - Lawyer's Club, New York City",,1891,New?York?City$NY,New?York,,
474628.jpg,Patriotic Holiday Dinner - Monterey Hotel,,1891,Atlantic?City$NJ,New?Jersey,,
474652.jpg,SUPPER at PAUL SMITH'S,,1891,Paul?Smith's$NY,New?York,,
474682.jpg,"Eleventh Annual Dinner at Queen City Club - Queen City Club, Cincinnati, Ohio",,1891,Cincinnati$OH,Ohio,,"turtle, rare"
474713.jpg,Mrs. Bradley Martin Reception and Ball Menu - 22 West 20th St. NYC,,1892,New?York$NY,New?York,,
474686.jpg,Thanksgiving Dinner at Murray Hill Hotel,,1891,New?York$NY,New?York,,"birdie, turtle, rare"
474723.jpg,DINNER at MAZZETI,,1892,Philadelphia$PA,Pennsylvania,,
474714.jpg,Commonwealth Club Dinner at Morello's - MORELLO'S 4 WEST 29TH ST. NYC,,1892,New?York?City$NY,New?York,,"birdie, rare"
474683.jpg,Celebration of the Evacuation of the City of New York - DELMONICO'S,,1891,New?York$NY,New?York,,
474715.jpg,Dinner at Preble House,,1892,Portland$ME,Maine,,
474738.jpg,Table d'hote dinner menu - Metropolitan Club,,1892,Washington$D.C.,,,
474743.jpg,Dinner Menu at Mountain Park Hotel,,1892,Hot?Springs$N.C.,North?Carolina,,
474765.jpg,LUNCHEON at LAUREL-IN-THE-PINES - Laurel In The Pines,,1892,LAKEWOOD$NJ,New?Jersey,,
474758.jpg,Jaeger's Opening Banquet - Madison Ave. and 59th St.,,1892,New?York?City$NY,New?York,,
474787.jpg,Breakfast Menu at Maplewood Hotel,,1892,White?Mountains$NH,New?Hampshire,,
474769.jpg,"Breakfast Menu on S.S.WAESLAND by Red Star Line - S.S.WAESLAND, Red Star Line",,1892,,,,
474791.jpg,Planet Mars Gustatory Club Dinner at Hotel Champlain,,1892,Hotel?Champlain$Clinton?County$NY,New?York,,"birdie, rare"
474778.jpg,Daily Dinner Menu at Mme.Fannie Berliner,,1892,New?York$NY,New?York,,
474775.jpg,Daily Dinner Menu - Restaurant Griffou,,1892,New?York$NY,New?York,,
474800.jpg,Fest-Bankett at Der Liederkranz Halle - National Verbandes Deutsch Amerikanischer Journalisten Und Schriftsteller (Unusual),,1892,,,,
474804.jpg,"Luncheon Menu on R.M.S. 'CITY OF PARIS' - R.M.S. 'CITY OF PARIS', operated by Inman and International Steamship Company Limited",,1892,,,,
474813.jpg,Daily Dinner at Hotel Lyon,,1892,,,,
474820.jpg,Thanksgiving Dinner at Robert Emmet Mac Alarney's Home,,1892,Harrisburg$PA,Pennsylvania,,
474828.jpg,BILL OF FARE - Cafe Savarin,,1892,,,,"birdie, turtle, rare"
474831.jpg,"Fifth Annual Ball Menu - West End Hotel, Coney Island Fire Dept.",,1892,Coney?Island$NY,New?York,,
474810.jpg,"Dennett's Daily Bill of Fare - Dennett's, 190 Fulton St, NY",,1892,New?York$NY,New?York,,
474833.jpg,"Grand Banquet and Social Re-Union Menu - COLUMBIA BANQUET ROOMS, New York",,1892,New?York$NY,New?York,,
474879.jpg,Dinner Menu at Pennsylvania Railroad Dining Car,,1893,Pennsylvania?Railroad?Dining?Car,Pennsylvania,,
474856.jpg,Musicale & Cotillion at Cordova Tonight - Hotel Ponce De Leon,,1893,St.?Augustine$FL,Florida,,"birdie, rare"
474878.jpg,Lunch Menu at The Lakewood,,1893,LAKEWOOD$NJ,New?Jersey,,
474881.jpg,"DINNER at NARRAGANSETT HOTEL - NARRAGANSETT HOTEL, PROVIDENCE RI",,1893,Providence$RI,Rhode?Island,,
474876.jpg,Dinner Menu for Pennsylvania RR Dining Cars,,1893,Pennsylvania?Rr?Dining?Cars,Pennsylvania,,
474884.jpg,DINNER MENU at THE LAKEWOOD,,1893,LAKEWOOD$N.J.,New?Jersey,,"birdie, rare"
474886.jpg,Easter Dinner at Stanwix Hall,,1893,Albany$N.Y.,New?York,,
474900.jpg,Pennsylvania Railroad Luncheon Menu - Pennsylvania Railroad Dining Cars,,1893,Penn$Pennsylvania,Pennsylvania,,
474901.jpg,Pennsylvania Railroad Dinner Menu,,1893,Penn$Pennsylvania,Pennsylvania,,
474912.jpg,ALMUERZO at EULALIA SPECIAL - Ferrocarril Pensilvania,,1893,New?York$NY,New?York,,
474905.jpg,"Testimonial Dinner at Hotel De Logerot - Hotel De Logerot, New York, NY",,1893,New?York$NY,New?York,,"birdie, rare"
474917.jpg,"Dinner for Hon. Anthony Howells at St. David's Society of the State of NY - Clark's, New York City, NY",,1893,New?York?City$NY,New?York,,
474907.jpg,Dinner Menu for The Admiralty Special - Pennsylvania Railroad,,1893,Chicago$IL,Illinois,,
474922.jpg,Lunch Menu at Chicago Beach Hotel,,1893,Chicago$IL,Illinois,,
474923.jpg,Dinner Menu at Columbia Casino Restaurant,,1893,Chicago$IL,Illinois,,
474929.jpg,Dinner Menu at Ocean House,,1893,Ocean?House$Rhode?Island,Rhode?Island,,
474933.jpg,Dinner at The Gerlagh - 55 W.27 ST.,,1893,New?York$NY,New?York,,
474924.jpg,Hotel Claremont Dinner Menu,,1893,Claremont$California,California,,"birdie, turtle, rare"
474934.jpg,"Lunch Menu at The Marcaret - The Marcaret, Orange Street",,1893,Columbia?Heights$Washington$D.C.,Washington$D.C.,,
474942.jpg,Lunch Menu at Watson House,,1893,Babylon$L.I.$N.Y.,New?York,,
474941.jpg,"Breakfast at Watson House - Watson House, Babylon, L.I., N.Y.",,1893,Babylon$L.I.$N.Y.,New?York,,
474943.jpg,"Sunday Dinner at Watson House - Watson House, Babylon, L.I. N.Y.",,1893,Babylon$L.I.?N.Y.,New?York,,
474966.jpg,Westchester Hunting Club Dinner at Union Club NY,,1893,New?York$NY,New?York,,"turtle, rare"
474948.jpg,Monday Dinner at Columbia Casino,,1893,Columbia$STATE,,,
474969.jpg,"218th Anniversary of the 'Great Swamp Fight' at The Waldorf - THE WALDORF, NEW YORK, NY",,1893,New?York$NY,New?York,,"turtle, rare"
474993.jpg,Christmas Dinner at Van Nuys,,1899,Los?Angeles$CA,California,,
474982.jpg,Christmas Dinner at Savoy Hotel,,1899,New?York$NY,New?York,,"birdie, turtle, rare"
474999.jpg,"Feast of Saint John the Evangelist at Masonic Temple - Masonic Temple, Grand Lodge Of Massachusetts",,1899,Boston$MA,Massachusetts,,
474991.jpg,BANCHETTO at HOTEL COLOMBO,,1899,New?York$NY,New?York,,
474974.jpg,Christmas Dinner at Hotel San Remo,,1893,New?York$NY,New?York,,"birdie, turtle, rare"
475004.jpg,New Year's Dinner at Hotel Netherland,,1900,New?York?City$NY,New?York,,"birdie, turtle, rare"
475006.jpg,2ND ANNUAL BANQUET at ST. CHARLES HOTEL,,1900,Milwaukee$WI,Wisconsin,,
475027.jpg,Luncheon Menu at Union Square Hotel,,1900,Union?Square$New?York,New?York,,"birdie, rare"
475042.jpg,Dinner at Hotel Savoy,,1900,New?York$NY,New?York,,"birdie, rare"
475023.jpg,Dinner Menu at Roanoke Hotel,,1900,Roanoke$VA,Virginia,,
475028.jpg,Banquet Tendered to Hon. Philip Bloch - Friends Of Hon. Philip Bloch,,1900,New?York$NY,New?York,,
475076.jpg,"Dinner Menu at Schulz Restaurant And Summer Garden - 45 Second Avenue, New York, NY",,1900,New?York$NY,New?York,,
475072.jpg,Siegel Cooper Luncheon Menu,,1900,New?York$NY,New?York,,"turtle, rare"
475074.jpg,"Cafeteria Lunch Menu for All Meals - 57 Broad Street, NY",,1900,New?York$NY,New?York,,
475067.jpg,"Imperial Restaurant Dinner Menu - Imperial Restaurant, 83 Second Avenue, NY",,1900,New?York$NY,New?York,,
475043.jpg,Fourth Annual Dinner at Penataquit Corinthian Yacht Club,,1900,Manhattan$NY,New?York,,"birdie, rare"
475084.jpg,Sunday Breakfast at Presbyterian Church,,1900,Waco$TEXAS,Texas,,
475086.jpg,Breakfast Menu on Red Star Line SS Friesland,,1900,,,,
475088.jpg,Dinner Menu on Red Star Line S.S. Friesland,,1900,,,,
475090.jpg,Carte du Jour at Grand Hotel,,1900,New?York$NY,New?York,,"birdie, turtle, rare"
475087.jpg,Lunch Menu on S.S. Friesland - Red Star Line S.S. Friesland,,1900,,,,"birdie, rare"
475092.jpg,DAILY MENU at Burke's Hotel & Restaurant - 527 SIXTH AVE. NY,,1900,New?York$NY,New?York,,
475112.jpg,Lunch Menu at Restaurant Brevoort,,1900,New?York$NY,New?York,,
475102.jpg,Supper at Union Square Hotel,,1900,New?York$NY,New?York,,"birdie, turtle, rare"
475091.jpg,Dinner at Waldorf-Astoria Hotel - Waldorf Astoria Hotel,,1900,New?York$NY,New?York,,"birdie, rare"
475099.jpg,"Daily Breakfast at St, Denis Hotel",,1900,New?York$NY,New?York,,
475123.jpg,Breakfast Menu at Brevoort House,,1900,New?York$NY,New?York,,
475125.jpg,Luncheon Menu at Netherland Hotel,,1900,New?York$NY,New?York,,"birdie, turtle, rare"
475129.jpg,Bill of Fare - Naething Bros.,,1900,New?York$NY,New?York,,
475114.jpg,Dinner Menu at Restaurant Martin,,1900,New?York$NY,New?York,,"birdie, rare"
475130.jpg,Bill of Fare - Pioneer Restaurant,,1900,New?York$NY,New?York,,
475144.jpg,Hotel Chamberlin Luncheon Menu,,1900,Old?Point?Comfort$VA,Virginia,,
475146.jpg,Breakfast at Hotel Nethrland,,1900,New?York$NY,New?York,,"birdie, rare"
475153.jpg,Healy's Oyster House Dinner or Lunch Menu,,1900,,,,
475137.jpg,Breakfast & Luncheon Menu at Leon Flouret Cafe & Hotel,,1900,New?York$NY,New?York,,
475200.jpg,Supper Menu at Murray Hill Hotel,,1900,New?York$NY,New?York,,
475205.jpg,Daily Specials at Murray Hill Hotel,,1900,New?York$NY,New?York,,"birdie, turtle, rare"
475201.jpg,Dinner at Murray Hill Hotel,,1900,New?York$NY,New?York,,"birdie, rare"
475199.jpg,Luncheon Menu at Westminister Hotel,,1900,New?York$NY,New?York,,
475241.jpg,"Daily Lunch Menu at Ideal Dining And Lunch Room - Ideal Dining And Lunch Room, 119 Fifth Ave, New York, NY",,1900,New?York$NY,New?York,,
475237.jpg,Luncheon at Broadway Central Hotel,,1900,New?York$NY,New?York,,
475218.jpg,Dinner from 6 to 8 at Park Avenue Hotel,,1900,New?York$NY,New?York,,
475242.jpg,Daily Menu at Casino Central Park,,1900,Casino?Central?Park$Las?Vegas$NV,Nevada,,"birdie, turtle, rare"
475239.jpg,Luncheon Menu at Gerard Hotel,,1900,Gerard?Hotel$City$STATE,STATE,,
475248.jpg,Lunch Menu at Au Lion D'or,,1900,New?York$NY,New?York,,
475247.jpg,"Breakfast Menu at Stuart House - Broadway and 41st St, Stuart House",,1900,New?York$NY,New?York,,
475244.jpg,Daily Menu - Shanley's,,1900,Shanley's$NY,New?York,,"birdie, turtle, rare"
475249.jpg,PLAZA LUNCH AND DINNER,,1900,Plaza,,,"birdie, turtle, rare"
475253.jpg,Daily Lunch Menu at Plaza Hotel,,1900,New?York$NY,New?York,,
475260.jpg,Child's Lunch Rooms Daily Menu,,1900,New?York$NY,New?York,,
475255.jpg,Hotel Vendome Lunch Menu,,1900,New?York$NY,New?York,,
475259.jpg,"Lunch Menu at Muro Hotel - Muro Hotel, 116 West 14 St., New York, NY",,1900,New?York$NY,New?York,,
475270.jpg,Annual Dinner at Sherry's - American Irish Historical Society,,1900,New?York$NY,New?York,,
475268.jpg,Annual Supper at Queen City Club,,1900,Cincinnati$OHIO,Ohio,,
475258.jpg,"Dinner Menu at Muro Hotel - Muro Hotel, 116 WEST 14 ST. NY",,1900,New?York$NY,New?York,,"turtle, rare"
475296.jpg,Daily Menu at Childs',,1900,New?York$NY,New?York,,
475272.jpg,"Breakfast Menu at Kensington Hotel - Kensington Hotel, 5th Ave. & 15th St., New York, NY",,1900,New?York$NY,New?York,,"birdie, rare"
475286.jpg,"Belvedere House Luncheon Menu - Belvedere House, 4th Ave. & 18th St, New York, NY",,1900,New?York$NY,New?York,,
475284.jpg,"Extras for Today Menu - 132 Third Avenue, near 14th St.",,1900,New?York$NY,New?York,,
475276.jpg,"Lunch Menu at O. L. Cushman & Co. - 147 Third Ave., Cor. 15th St.",,1900,New?York$NY,New?York,,
475274.jpg,CARTE DU JOUR - Kensington Hotel,,1900,New?York$NY,New?York,,"birdie, turtle, rare"
475304.jpg,"Irving's Restaurant Dinner Menu - Irving's Restaurant, 37 John Street, NY",,1900,New?York$NY,New?York,,
475316.jpg,"Putney's Daily Menu - 481 Broadway and 54 Mercer Street, NY",,1900,New?York$NY,New?York,,"birdie, turtle, rare"
475315.jpg,"Dennett's Daily Menu - 25 Park Row, New York",,1900,New?York$NY,New?York,,
475306.jpg,"SECOND ANNUAL BANQUET at HOTEL COLOMBO - HOTEL COLOMBO, 149 BLEECKER STREET",,1900,New?York$NY,New?York,,
475321.jpg,LUNCH Menu at STEAMER PLYMOUTH,,1900,Fall?River$Massachusetts,Massachusetts,,
475303.jpg,Wedding Menu at Grand Pacific Hotel,,1900,Chicago$IL,Illinois,,
475311.jpg,"Standard Restaurant Daily Menu - 15 and 17 West Houston Street, New York City, NY",,1900,New?York?City$NY,New?York,,
475328.jpg,"Dinner Menu at Virginia Hotel - 59th Street and Broadway, Virginia Hotel",,1900,New?York$NY,New?York,,
475332.jpg,Special Single Breakfasts at Hotel Manhattan,,1900,New?York$NY,New?York,,
475340.jpg,Breakfast at Hotel Vendome,,1900,New?York$NY,New?York,,"birdie, rare"
475333.jpg,Table d'hote dinner at J.C. Hartmann's Restaurnt And Cafe - MILLS BLDG. 15 BROAD STREET,,1900,New?York$NY,New?York,,
475329.jpg,"Table d'hote menu at Virginia Hotel - Virginia Hotel, 59th Street and Broadway, New York, NY",,1900,New?York$NY,New?York,,
475337.jpg,"Daily Menu at Riggs' Dining Rooms - Riggs' Dining Rooms, 120 University Place, NY, NY",,1900,New?York$NY,New?York,,
475339.jpg,Table d'hote lunch at Hotel Vendome,,1900,New?York$NY,New?York,,
475341.jpg,Carte du Jour at Hotel Vendome,,1900,New?York$NY,New?York,,"birdie, turtle, rare"
475342.jpg,"Daily Menu at Shanleys - 1478 Broadway, New York, NY",,1900,New?York$NY,New?York,,"birdie, turtle, rare"
475344.jpg,"Hotel Empire Breakfast Menu - Hotel Empire, Broadway and 63rd Street",,1900,New?York?City$NY,New?York,,"birdie, rare"
475343.jpg,"Breakfast Menu at Hotel Manhattan - Hotel Manhattan, 42nd Street and Madison Avenue, New York",,1900,New?York$NY,New?York,,"birdie, rare"
475345.jpg,"Hotel Lincoln Luncheon Menu - Hotel Lincoln, Broadway and 52nd Street, New York",,1900,New?York$NY,New?York,,"birdie, turtle, rare"
475385.jpg,Breakfast Menu on S.S. 'FRIESLAND' - Red Star Line,,1900,,,,
475400.jpg,Sunday Table d'Hote Dinner at Hotel Empire,,1900,New?York$NY,New?York,,"birdie, turtle, rare"
475402.jpg,Sunday Menu at Smith & McNell,,1900,,,,"turtle, rare"
475425.jpg,"Dinner at Hotel Savoy - HOTEL SAVOY, 5TH AVE & 59TH STREET, NEW YORK",,1900,New?York$NY,New?York,,
475421.jpg,"Special Breakfast at The New York Quick Lunch Restaurant - 1515 Broadway, New York, NY",,1900,New?York$NY,New?York,,
475386.jpg,"Lunch Menu on S.S. 'FRIESLAND' by RED STAR LINE - S.S. 'FRIESLAND', Red Star Line",,1900,,,,
475422.jpg,"Dinner Menu at The New York Quick Lunch Restaurant And Bakery - 1515 Broadway, New York, NY",,1900,New?York$NY,New?York,,
475438.jpg,Supper at Hotel Majestic,,1900,New?York$NY,New?York,,"birdie, turtle, rare"
475391.jpg,Wedding Menu at Waldorf-Astoria Hotel - Waldorf Astoria Hotel,,1900,New?York$NY,New?York,,
475463.jpg,"Bill of Fare - Daily Menu - 3 William St., New York, NY",,1900,New?York$NY,New?York,,"birdie, rare"
475398.jpg,Hotel Empire Luncheon Menu,,1900,New?York$NY,New?York,,"birdie, rare"
475462.jpg,Supper Menu at Waldorf-Astoria Hotel - Waldorf Astoria Hotel,,1900,New?York$NY,New?York,,"birdie, turtle, rare"
475428.jpg,"Breakfast Menu at Hotel Marie Antoinette - Hotel Marie Antoinette, SIXTY-SIXTH STREET & BROADWAY, NEW YORK, NY",,1900,New?York$NY,New?York,,
475457.jpg,Dinner Menu on S.S. FRIESLAND - Red Star Line,,1900,,,,
475473.jpg,Breakfast & Supper Menu - Smith & Mc Nell,,1900,New?York$NY,New?York,,
475471.jpg,CARTE DU JOUR - DAILY HOTEL MENU - Majestic Hotel,,1900,Majestic?Hotel$City$STATE,STATE,,
475427.jpg,Special Dishes of To-Day at Hotel St. Andrew,,1900,New?York$NY,New?York,,
475478.jpg,Daily Menu at Cafe Savarin,,1900,,,,"birdie, turtle, rare"
475432.jpg,Table d'hote dinner at Putnam House,,1900,New?York$NY,New?York,,"birdie, rare"
475466.jpg,"Carte du Jour at Down Town Club - 60 Pine St., New York, NY",,1900,New?York$NY,New?York,,"birdie, turtle, rare"
475522.jpg,BILL OF FARE - Childs' Lunch Rooms,,1900,NY?CITY,New?York,,
475531.jpg,"Dinner Menu at Colombo Hotel - 149 Bleecker St, Colombo Hotel, New York, NY",,1900,New?York$NY,New?York,,"turtle, rare"
475468.jpg,"4th Annual Banquet at Windsor Hotel - Windsor Hotel, Jacksonville, FL",,1900,Jacksonville$FL,Florida,,
475536.jpg,"Home Made Lunch Room Daily Menu - 160 Sixth Ave, New York, NY",,1900,New?York$NY,New?York,,
475549.jpg,"DAILY MENU at THE GREEK RESTAURANT - THE GREEK RESTAURANT, 46 EAST 42ND ST., NEW YORK, NY",,1900,New?York$NY,New?York,,"turtle, rare"
475550.jpg,Louis Sherry Dinner Menu,,1900,New?York$NY,New?York,,
475480.jpg,Breakfast Menu on Steamer Richard Peck - Aboard Steamer Richard Peck,,1900,,,,
475479.jpg,Daily Menu at Plaza,,1900,Plaza,,,"birdie, turtle, rare"
475551.jpg,DEJEUNER/LUNCHEON - Louis Sherry,,1900,New?York$NY,New?York,,"birdie, turtle, rare"
475600.jpg,"Daily Menu at Adams Hotel And Restaurant - 373-375 WEST STREET, NEW YORK, NY",,1900,New?York$NY,New?York,,
475539.jpg,Carleton Restaurant Breakfast Menu - Hotel Park View,,1900,New?York$NY,New?York,,
475598.jpg,"Daily Menu at Columbia Dairy Kitchen - 48 EAST 14TH STREET, UNION SQUARE, NY",,1900,New?York$NY,New?York,,
475593.jpg,"Mrs. Geo. Boldt Luncheon Menu - 13 West 33rd St., New York, NY",,1900,New?York$NY,New?York,,"birdie, rare"
475637.jpg,Breakfast Menu at RMS OCEANIC,,1900,,,,
475654.jpg,Dinner Menu at RMS OCEANIC,,1900,,,,"birdie, rare"
475571.jpg,SUPPER menu on SS NACOOCHEE - Ocean Steamship Co.,,1900,,,,
475587.jpg,Bill of Fare at Colombo Hotel,,1900,New?York$NY,New?York,,
475630.jpg,"Daily Menu at Wm.Schwegler's - Wm.Schwegler's, 408 East 34 Street, New York, NY",,1900,New?York$NY,New?York,,
475642.jpg,DINNER MENU at RMS OCEANIC,,1900,,,,
475581.jpg,Daily Menu - Laurel In The Pines,,1900,Lakewood$NJ,New?Jersey,,"birdie, rare"
475601.jpg,"Daily Menu at Buckley's Home Made Hotel - 284 Greenwich Street, New York, NY",,1900,New?York$NY,New?York,,"turtle, rare"
475693.jpg,Breakfast Menu on RMS OCEANIC,,1900,,,,
475673.jpg,"Hotel Claremont Daily Menu - Hotel Claremont, Riverside Drive, New York City, NY",,1900,New?York?City$NY,New?York,,"birdie, turtle, rare"
475703.jpg,Dinner Menu at Marie Antoinette Hotel,,1900,New?York$NY,New?York,,"birdie, turtle, rare"
475694.jpg,LUNCHEON MENU at RMS OCEANIC,,1900,,,,
475710.jpg,Luncheon Menu at Marie Antoinette Hotel,,1900,New?York$NY,,,
475709.jpg,"TABLE D'HOTE LUNCH at Evelyn Restaurant - CORNER 78TH ST., OPPOSITE MUSEUM OF NATURAL HISTORY, NEW YORK, NY",,1900,New?York$NY,,,
475638.jpg,LUNCH MENU at RMS OCEANIC,,1900,,,,
475702.jpg,Luncheon Menu at Pullman Dining Car Casa Monica,,1900,,,,
475704.jpg,Sullivan's Menu,,1900,Sullivan's,,,"turtle, rare"
475705.jpg,Bill of Fare at Sullivan's Restaurant - 2351 3RD AVE. NEAR 128TH ST,,1900,,,,"turtle, rare"
475668.jpg,"Table d'hote at Hotel Empire - Hotel Empire, Broadway and 63rd St.",,1900,New?York$NY,New?York,,"birdie, rare"
475707.jpg,Breakfast Menu on Personally Conducted Tour Through Mexico and California - Pennsylvania Railroad,,1900,,,,
475723.jpg,Breakfast Menu on R.M.S. Oceanic,,1900,,,,
475681.jpg,Luncheon Menu on R.M.S. Oceanic,,1900,,,,
475711.jpg,Luncheon Menu at San Remo Hotel,,1900,New?York$NY,,,
475715.jpg,"Breakfast at Empire Hotel - Empire Hotel, BWAY & 63RD ST. NY",,1900,New?York?City$NY,,,"birdie, rare"
475716.jpg,"Empire Hotel Luncheon Menu - Empire Hotel, BWAY & 63RD ST. NY",,1900,New?York?City$NY,,,"birdie, rare"
475720.jpg,Breakfast Menu on SS Westernland - Red Star Line SS Westernland,,1900,,,,
475722.jpg,Dinner Menu on SS Westernland - Red Star Line   Ss Westernland,,1900,,,,"birdie, rare"
475734.jpg,Daily Breakfast Menu at USMS St Louis,,1900,St.?Louis$MO,Missouri,,
475728.jpg,Dinner at Windsor Hotel,,1900,Jacksonville$FLA.,Florida,,
475732.jpg,"Lunch Menu on RMS CAMPANIA by CUNARD LINE - RMS CAMPANIA, Cunard Line",,1900,,,,"birdie, rare"
475758.jpg,Transportation Club New York Menu,,1900,,,,
475760.jpg,U.S.M.S MENU,,1900,ST.?LOUIS$U.S.M.S,,,
475751.jpg,U.S.M.S. Luncheon Menu,,1900,New?York$NY,,,
475736.jpg,USMS St. Louis Dinner Menu,,1900,St.?Louis$MO,Missouri,,"birdie, rare"
475749.jpg,"Personally Conducted Tour Through Mexico & California - Pennsylvania Railroad, Pullman, En Route",,1900,,,,
475738.jpg,USMS New York Luncheon Menu,,1900,New?York$NY,New?York,,
475724.jpg,Dinner Menu for Pennsylvania RR Conducted Tour,,1900,,,,"birdie, rare"
475779.jpg,U.S.M.S. Dinner Menu,,1900,New?York$NY,New?York,,
475748.jpg,Daily Menu at McGown's Pass Tavern,,1900,New?York$NY,,,"birdie, turtle, rare"
475775.jpg,Dinner Menu at St. Louis Club,,1900,St.?Louis$MO,Missouri,,"birdie, rare"
475771.jpg,U.S.M.S BREAKFAST MENU,,1900,ST.?LOUIS$MO,Missouri,,
475762.jpg,U.S.M.S Dinner Event Menu,,1900,New?York$NY,New?York,,"birdie, rare"
475804.jpg,Dinner Menu at Putnam House,,1900,New?York$NY,New?York,,"birdie, rare"
475773.jpg,Dinner at U.S.M.S.,,1900,St.?Louis$MO,Missouri,,"birdie, turtle, rare"
475801.jpg,U.S.M.S. St. Louis Luncheon Menu,,1900,,,,
475807.jpg,Breakfast Menu aboard R.M.S. Etruria - Cunard Steamship Company Ltd.,,1900,,,,
475815.jpg,Breakfast at Bartholdi Hotel,,1900,NY,,,
475805.jpg,Hotel Manhattan Dinner Menu,,1900,New?York$NY,New?York,,"birdie, turtle, rare"
475809.jpg,U.S.M.S. New York Luncheon Menu,,1900,,,,
475808.jpg,Breakfast Menu on U.S.M.S. New York,,1900,,,,
475806.jpg,LUNCHEON MENU - CUNARD STEAMSHIP COMPANY LTD. - EN ROUTE ABOARD R.M.S. ETRURIA,,1900,,,,"birdie, rare"
475829.jpg,Dinner Menu on Red Star Line S.S. Southwark,,1900,,,,
475832.jpg,"Haan's Lunch Menu - Haan's, 75th Street and Columbus Ave, New York, NY",,1900,New?York$NY,New?York,,
475830.jpg,"Dinner Menu at Marie Antoinette Hotel - Marie Antoinette Hotel, 66 St. & B'way, NY",,1900,New?York?City$NY,,,"birdie, turtle, rare"
475817.jpg,Haan's Daily Supper Menu - 75 St. & Columbus Ave. NY,,1900,New?York$NY,,,"birdie, turtle, rare"
475818.jpg,"Luncheon Menu at Marie Antoinette Hotel - Marie Antoinette Hotel, 66 St. & Bway, NY",,1900,New?York$NY,,,"birdie, rare"
475841.jpg,Breakfast Menu at USMS New York,,1900,Usms?New?York,New?York,,
475836.jpg,"Dinner Menu at Stevens House - Stevens House, 21 Broadway, New York, NY",,1900,New?York$NY,New?York,,"birdie, rare"
475849.jpg,Breakfast at Battery Park Hotel,,1900,Asheville$NC,North?Carolina,,
475846.jpg,Diverse Cuisine Delights - Usms New York,,1900,New?York$NY,New?York,,"turtle, rare"
475848.jpg,Oceanic Delights Menu - Rms Ocianic,,1900,,,,
475857.jpg,"Haskin's Restaurant Daily Menu - 117 WEST 34TH STREET, NEW YORK, NY",,1900,New?York$NY,,,
475852.jpg,"Haskin's Restaurant Breakfast Menu - 117 WEST 34TH STREET, NEW YORK, NY",,1900,New?York$NY,New?York,,
475855.jpg,"Haskin's Restaurant Dinner Menu - 117 WEST 34TH STREET, New York, NY",,1900,New?York$NY,,,
475853.jpg,Oceanic Delights Menu - Rms Oceanic,,1900,,,,"turtle, rare"
475858.jpg,"Hotel Marie Antoinette Luncheon Menu - Hotel Marie Antoinette, 66th Street and Broadway, New York, NY",,1900,New?York$NY,,,
475878.jpg,SUPPER menu on S.S. NACOOCHEE - Ocean Steamshop Co.,,1900,,,,
475861.jpg,"Hotel Marie Antoinette Dinner Menu - Hotel Marie Antoinette, 66th Street and Broadway, New York, NY",,1900,New?York$NY,,,"birdie, turtle, rare"
475876.jpg,Putnam House Luncheon Menu,,1900,New?York?City$NY,,,"birdie, rare"
475885.jpg,Ebbitt House Menu,,1900,Washington$D.C.,,,"turtle, rare"
475894.jpg,ROANOKE HOTEL MENU,,1900,Roanoke$VA,,,"turtle, rare"
475888.jpg,Luncheon Carte Du Jour at Manhattan Hotel,,1900,New?York$NY,New?York,,"birdie, rare"
475906.jpg,Breakfast Menu on U.S.M.S New York,,1900,,,,
475909.jpg,Luncheon Menu on R.M.S. Oceanic,,1900,,,,
475915.jpg,Grand Trunk Railway Luncheon Menu - Grand Trunk Railway System,,1900,,,,
475925.jpg,Breakfast Menu on S.S. Southwark - Red Star Line S.S. Southwark,,1900,,,,
475921.jpg,"Daily Menu at Lambert's Restaurant - Lambert's Restaurant, 84 Beaver and 131 Pearl Streets, NY",,1900,New?York$NY,New?York,,"turtle, rare"
475924.jpg,"Daily Menu at Mills Hotel Restaurant - Mills Hotel Restaurant, Bleecker, Thompson and Sullivan Streets",,1900,,,,
475926.jpg,Lunch Menu on Red Star Line S.S. Southwark,,1900,,,,
475930.jpg,Dinner Menu at Tampa Bay Hotel,,1900,Tampa$FLORIDA,Florida,,"birdie, rare"
475946.jpg,TIFFIN at Nippon Yusen Kaisha S.S.Kasuga,,1900,,,,
475943.jpg,TIFFIN at NIPPON YUSEN KAISHA - S.S. KOBE MARU - Nippon Yusen Kaisha S.S. Kobe Maru,,1900,,,,
475944.jpg,Dinner Menu on Nipppon Yusen Kaisha S.S. Kobe Maru,,1900,,,,
475947.jpg,Dinner Menu on Nippon Yusen Kaisha S.S. Kasuga,,1900,,,,"turtle, rare"
475952.jpg,Dinner Menu on Nippon Yusen Kaisha S.S. Kobe Maru,,1900,,,,"birdie, rare"
475951.jpg,TIFFIN at Nippon Yusen Kaisha S.S. Kobe Maru,,1900,,,,
475950.jpg,Breakfast Menu on S.S.Kobe Maru - Nippon Yusen Kaisha S.S.Kobe Maru,,1900,,,,
476027.jpg,Evening Meal at Provident Building,,1900,Waco$TX,,,
475958.jpg,Dinner Menu on S.S.Kasuga by Nippon Yusen Kaisha - Nippon Yusen Kaisha S.S.Kasuga,,1900,,,,
475957.jpg,TIFFIN at NIPPON YUSEN KAISHA - S.S. KASUGA - Nippon Yusen Kaisha S.S. Kasuga,,1900,,,,
475984.jpg,"TWO HUNDREDTH BANQUET - HOTEL FLEURET, 5 AVE-18 ST.NY",,1900,New?York$NY,New?York,,"birdie, rare"
475953.jpg,Breakfast menu on TOYO KISEN KAISHA -HONG KONG MARU,,1900,Hong?Kong,,,
476100.jpg,Yacht Club Dining Menu - Imperial Yacht Club Of St. Petersburg,,1900,St.?Petersburg$FL,Florida,,
476067.jpg,Daily Luncheon Menu at Griswold House,,1900,Detroit$MI,,,
476060.jpg,Daily Menu - Palace Hotel Restaurant And Ladies Grill Room,,1900,San?Francisco$CA,,,"turtle, rare"
476028.jpg,Palace Hotel Grill Room Menu,,1900,,,,"turtle, rare"
476075.jpg,Dinner at Hotel Grunewald,,1900,New?Orleans$LA,,,
476124.jpg,Luncheon Menu at Chicago Beach Hotel,,1900,Chicago$IL,Illinois,,
476122.jpg,Daily Menu - Palace Hotel Restaurat And Ladies Grill Room,,1900,San?Francisco$CA,California,,
476127.jpg,Dinner Menu at Palace Hotel Restaurat,,1900,San?Francisco$CA,California,,"birdie, turtle, rare"
476123.jpg,Breakfast Menu at Chicago Beach Hotel,,1900,Chicago$IL,Illinois,,
476128.jpg,Breakfast Menu at Palace Hotel Cafe,,1900,San?Francisco$CA,California,,
476130.jpg,Breakfast at Palace Hotel,,1900,San?Francisco$CA,California,,
476129.jpg,Palace Hotel Cafe Supper Menu - Claremont Hotel,,1900,San?Francisco$CA,California,,"birdie, turtle, rare"
476132.jpg,Palace Hotel Dinner Menu,,1900,San?Francisco$CA,California,,"turtle, rare"
476146.jpg,Religious Holiday Luncheon - Denver & Rio Grande Railroad And Rio Grande Western Railway,,1900,Denver$Colorado,Colorado,,
476143.jpg,Dinner Menu for Sunset Ogden & Shasta Routes - Southern Pacific Company,,1900,,,,
476136.jpg,Hotel Grunewald Lunch Menu,,1900,New?Orleans$LA,Louisiana,,
476141.jpg,Luncheon Menu at Southern Pacific Company,,1900,,,,
476138.jpg,Breakfast Menu on Sunset Ogden & Shasta Routes - Southern Pacific Company,,1900,,,,
476160.jpg,Evening Meal at New State House,,1900,Waco$TX,Texas,,
476159.jpg,Dinner at Grunewald Hotel,,1900,New?Orleans$LA,Louisiana,,
476157.jpg,Lunch Menu at Round Table Club,,1900,,,,
476154.jpg,Dinner in Honor of H.I.M. Mutsu-Hito 47th Birthday - Toyo Kisen Kaisha,,1900,,,,"birdie, turtle, rare"
476167.jpg,Breakfast at Del Coronado Hotel,,1900,Coronado?Beach$CA,California,,
476168.jpg,Dinner Menu at Del Coronadao Hotel,,1900,Coronado?Beach$CA,California,,"birdie, rare"
476169.jpg,Colonial Hotel Dinner Menu,,1900,Cleveland$OH,Ohio,,"birdie, rare"
476171.jpg,Colonial Hotel Breakfast Menu,,1900,Cleveland$OH,Ohio,,
476183.jpg,TIFFIN at NIPPON YUSEN KAISHA - S.S.KINSHIN MARU - Nippon Yusen Kaisha S.S.Kinshin Maru,,1900,,,,
476176.jpg,TIFFIN at NIPPON PUSEN KAISHA - S.S. KINSHIN MARU,,1900,,,,
476184.jpg,Dinner Menu on Nippon Yusen Kaisha S.S.Kinshin Maru,,1900,,,,
476191.jpg,Dinner Menu on S.S.Kinshin Maru - Nippon Yusen Kaisha S.S.Kinshin Maru,,1900,,,,
476182.jpg,Breakfast Menu on Nippon Yusen Kaisha S.S.Kinshin Maru,,1900,,,,
476194.jpg,TIFFIN at Nippon Yusen Kaisha S.S.Kinshin Maru,,1900,,,,
476199.jpg,Maritime Dining Experience - Nippon Yusen Maru S.S.Kinshin Maru,,1900,,,,
476208.jpg,Daily Breakfast Menu on Pullman Dining Car Enroute Mexico-California - Raymond & Whitcombis Tours,,1900,,,,
476195.jpg,Maritime Dining Experience - Nippon Yusen Kaisha Kinshin Maru,,1900,,,,
476210.jpg,Daily Dinner Menu on Pullman Dining Car Enroute Mexico-California - Raymond & Whitcombis Tours,,1900,,,,
476229.jpg,"Thanksgiving Lunch at Hotel Manhattan - Hotel Manhattan, Madison Ave & 42nd St, NY",,1900,New?York$NY,,,"birdie, turtle, rare"
476209.jpg,Pullman Dining Car Enroute Mexico-California Lunch Menu - Raymond & Whitcombis Tours,,1900,,,,
476230.jpg,"Thanksgiving Dinner at Hotel Manhattan - Hotel Manhattan, Madison Ave & 42nd St, New York, NY",,1900,New?York$NY,,,"birdie, turtle, rare"
476255.jpg,Historical Military Menu - Albany Zouave Cadets Old Guard,,1900,,,,"turtle, rare"
476243.jpg,Royal Blue Line Menu,,1900,,,,"turtle, rare"
476244.jpg,Park Avenue Hotel Menu,,1900,Park?Avenue?Hotel$New?York$NY,New?York,,"turtle, rare"
476238.jpg,Classic American Fare Menu - Bay State House,,1900,Bay?State?House$Boston$MA,Massachusetts,,
476260.jpg,Press Club Menu - New York Press Club,,1900,New?York$NY,New?York,,"turtle, rare"
476269.jpg,Dinner to Meet Charles Schwab at University Club,,1900,New?York?City$NY,New?York,,"turtle, rare"
476259.jpg,Friends Of Dwight Kinney Menu,,1900,,,,"turtle, rare"
476271.jpg,Daily Dinner Menu at U.S.M.S. New York,,1900,,,,
476256.jpg,Saint Nicholas Society Menu,,1900,,,,"turtle, rare"
476274.jpg,Half Portion Breakfast at Park Avenue Hotel,,1900,New?York$NY,New?York,,"birdie, rare"
476267.jpg,Yacht Club Dining Menu - Imperial Yacht Club Of St.Petersburg,,1900,St.?Petersburg$FL,Florida,,
476287.jpg,"A.U.S.V. Reunion Menu - MANHATTAN HOTEL, NEW YORK, NY",,1900,New?York$NY,New?York,,
476275.jpg,"MENU at MANHATTAN HOTEL - MANHATTAN HOTEL, NEW YORK, NY",,1900,New?York$NY,New?York,,"turtle, rare"
476288.jpg,"Dinner Tendered to Delegates at the Savoy Hotel - SAVOY HOTEL, NEW YORK, NY",,1900,New?York$NY,New?York,,"birdie, rare"
476276.jpg,"Baptist Social Union Of New York Menu - MANHATTAN HOTEL, NEW YORK, NY",,1900,New?York$NY,New?York,,"birdie, rare"
476290.jpg,Breakfast Menu at Windsor Hotel,,1900,Jacksonville$FL,Florida,,
476313.jpg,DINER D'ADIEU at U.S.M.S. - ON BOARD 'NEW YORK',,1900,,,,"turtle, rare"
476320.jpg,Dinner Menu for USMS New York Event - EN ROUTE ABOARD NEW YORK,,1900,,,,
476302.jpg,"DINNER MENU ON BOARD 'NEW YORK' - ON BOARD 'NEW YORK', U.S.M.S New York",,1900,New?York$NY,New?York,,"birdie, rare"
476292.jpg,Supper Menu at Windsor Hotel,,1900,Jacksonville$FL,Florida,,
476328.jpg,"Christmas Lunch at Colonnade Restaurant - 726 Broadway, NY",,1900,New?York$NY,New?York,,
476347.jpg,Christmas Dinner at Ebbitt House,,1900,Washington$DC,,,"turtle, rare"
476321.jpg,"Haan's Dinner Menu - Haan's, PARK ROW BUILDING",,1900,New?York$NY,New?York,,"birdie, turtle, rare"
476338.jpg,Dinner Menu on Royal Blue Line-Waldorf Car - Baltimore And Ohio Rr,,1900,Baltimore$MD,Maryland,,"birdie, turtle, rare"
476364.jpg,Christman Dinner at Dakota; The,,1900,New?York$NY,New?York,,
476375.jpg,Hospital Graduates' Club Menu,,1900,,,,"birdie, turtle, rare"
476374.jpg,Stanton House Menu,,1900,Stanton?House$City$STATE,STATE,,
476366.jpg,"Christmas Dinner at U.S. Military Hospital - U.S. Military Hospital, Headquarters 47th Infantry U.S. Volunteers",,1900,Sorsogon$Luzon$P.I.,,,
476387.jpg,Breakfast Menu on Southern Railway Dining Car Service,,1900,,,,
476388.jpg,Supper at Neil House,,1900,Columbus$OHIO,,,
476391.jpg,Breakfast Menu Aboard 'New York' on U.S.M.S.,,1900,,,,
476377.jpg,Stanton House Luncheon Menu,,1900,Chattanooga$TENN.,,,
476409.jpg,Park Avenue Hotel Luncheon Menu,,1901,New?York$NY,New?York,,
476412.jpg,New Year's Day Dinner at Logan House,,1901,Altoona$PA,Pennsylvania,,"turtle, rare"
476411.jpg,Dinner at Park Avenue Hotel,,1901,New?York$NY,New?York,,"birdie, turtle, rare"
476419.jpg,New Year's Ball Menu - Century Ball,,1901,Kansas?City$MO,Missouri,,
476416.jpg,New Year's Day Dinner at Willard's Hotel,,1901,Washington$DC,,,"turtle, rare"
476414.jpg,New Year's Day Dinner at Grand Hotel,,1901,Mackinac?Island$MI,Michigan,,rare
476425.jpg,Special Supper at Colonial Hotel,,1901,Cleveland$OH,Ohio,,"birdie, turtle, rare"
476424.jpg,Colonial Hotel Breakfast Menu,,1901,Cleveland$OH,Ohio,,
476429.jpg,St. Charles Hotel Breakfast Menu,,1901,Milwaukee$WI,Wisconsin,,
476440.jpg,Luncheon Menu at Stanton House,,1901,Chattanooga$TN,Tennessee,,
476455.jpg,"Anniversary Dinner at Savoy Hotel - SAVOY HOTEL, NEW YORK, NY",,1901,New?York$NY,New?York,,
476451.jpg,St. Charles Hotel Luncheon Menu,,1901,Milwaukee$WI,Wisconsin,,
476470.jpg,Dinner to the Press at the Opening of New Club House - New York Yacht Club,,1901,New?York$NY,New?York,,
476453.jpg,Supper at St. Charles Hotel,,1901,Milwaukee$WI,Wisconsin,,
476469.jpg,CARTE DU JOUR - Colonial Hotel,,1901,Cleveland$OH,Ohio,,"turtle, rare"
476494.jpg,Supper at Holly Inn,,1901,Pinehurst$N.C.,North?Carolina,,
476504.jpg,Breakfast Menu at Holly Inn,,1901,Pinehurst$NC,North?Carolina,,
476475.jpg,"Dinner & Dance for Daughter - 684 Fifth Avenue, New York, NY",,1901,New?York$NY,New?York,,
476498.jpg,Lunch Menu at Pine Forest Inn,,1901,Summerville$S.C.,South?Carolina,,
476500.jpg,Dinner at Ponce De Leon Hotel,,1901,St.?Augustine$FL,Florida,,
476497.jpg,Breakfast at Pine Forest Inn,,1901,Summerville$S.C.,South?Carolina,,
476483.jpg,Dinner Menu at Holly Inn,,1901,Pinehurst$N.C.,North?Carolina,,
476541.jpg,Banquet to Committees at St. Louis Club Board Of Governors,,1901,St.?Louis$MO,Missouri,,
476525.jpg,"AMHERST ALUMNI ASSOCIATION REUNION MENU - SHERRY'S, NEW YORK, NY",,1901,New?York$NY,New?York,,
476535.jpg,Dinner at Hotel Ponce De Leon,,1901,St.?Augustine$FL,Florida,,
476561.jpg,Daily Menu - Neil House Cafe,,1901,Columbus$OH,Ohio,,"turtle, rare"
476559.jpg,Royal Ponciana Dinner Menu,,1091,Palm?Beach$FL,Florida,,"turtle, rare"
476526.jpg,Luncheon Menu at Ponce De Leon Hotel,,1901,St.?Augustine$FL,Florida,,
476571.jpg,Luncheon Menu at Tampa Bay Hotel,,1901,Tampa$FL,Florida,,
476572.jpg,Dinner Menu at Tampa Bay Hotel,,1901,Tampa$FL,Florida,,"turtle, rare"
476577.jpg,Dinner Menu at St. Louis Club - ST.LOUIS CLUB,,1901,St.?Louis$MO,Missouri,,
476579.jpg,Neil House Lunch &/or Dinner Menu,,1901,Columbus$OH,Ohio,,"birdie, rare"
476596.jpg,Breakfast at Neil House,,1901,Columbus$OHIO,Ohio,,
476588.jpg,Stanton House Dinner Menu,,1901,Chattanooga$TENN.,Tennessee,,
476595.jpg,Lunch &/or Dinner Menu at Neil House Cafe,,1901,Columbus$OHIO,Ohio,,
476617.jpg,Breakfast at St. Louis Club,,1901,St.?Louis$MO,Missouri,,
476618.jpg,Dinner Menu at St. Louis Club,,1901,St.?Louis$MO,Missouri,,"birdie, rare"
476619.jpg,Daily Supper Menu at St. Louis Club,,1901,St.?Louis$MO,Missouri,,
476642.jpg,"Annual Meeting Menu at Hartford Golf Club - Hartford Golf Club, Hartford, CT",,1901,Hartford$CT,Connecticut,,
476649.jpg,Royal Palm Hotel Menu,,1901,Miami$FL,Florida,,"birdie, turtle, rare"
476641.jpg,Complimentary/Testimonial Menu for Victor S. Herbert & The Pittsburgh Orchestra - Manhattan Hotel,,1901,New?York$NY,New?York,,
476622.jpg,Dinner Menu at Royal Poinciana,,1901,Palm?Beach$FL,Florida,,
476661.jpg,Annual Dinner at Northport Yacht Club,,1901,New?York$NY,New?York,,"turtle, rare"
476678.jpg,NO. IV OF FIVE SUBSCRIPTION COTILLIONS at Sherry's,,1901,New?York$NY,New?York,,
476656.jpg,TAMPA BAY HOTEL MENU,,1901,Tampa$FL,Florida,,
476663.jpg,Good Fellowship Dinner Menu at Kimball House,,1901,Atlanta$GA,Georgia,,
476689.jpg,Dinner Menu at St. Louis Club,,1901,St.?Louis$MO,Missouri,,
476700.jpg,"2nd Annual Dinner at Hotel Manhattan - Hotel Manhattan, Point O'Woods Association",,1901,Manhattan$NY,New?York,,
476710.jpg,"Annual Dinner at Quill Club - Quill Club, Hotel Manhattan",,1901,Manhattan$NY,New?York,,
476722.jpg,Dinner Tendered to Captain John Cooney - NAVARRE HOTEL,,1901,New?York$NY,New?York,,"birdie, turtle, rare"
476741.jpg,Dinner at Royal Poinciana Hotel,,1901,Palm?Beach$FL,Florida,,"turtle, rare"
476711.jpg,Mardi Gras Bal Masque at Mark Hopkins Institute Of Art,,1901,San?Francisco$CA,California,,"turtle, rare"
476759.jpg,Luncheon Menu at Royal Poinciana Hotel,,1901,Palm?Beach$FL,Florida,,
476750.jpg,Royal Palm Hotel Dinner Menu,,1901,Miami$FL,Florida,,"birdie, turtle, rare"
476738.jpg,Washington's Birthday Dinner at Chicago Beach Hotel,,1901,Chicago$IL,Illinois,,
476764.jpg,Breakfast Menu at Russell House,,1901,Detroit$MICH.,Michigan,,
476774.jpg,Windsor Hotel Menu,,1901,Jacksonville$FL,Florida,,
476856.jpg,Dinner at Aalcazar Hotel,,1901,St.?Augustine$FL,Florida,,"turtle, rare"
476789.jpg,U.S.M.S. Luncheon Menu,,1901,St.?Louis$MO,Missouri,,
476825.jpg,Breakfast Menu at Hotel Royal Palm,,1901,Miami$FL,Florida,,
476790.jpg,U.S.M.S. Dinner Menu at St. Louis,,1901,St.?Louis$U.S.M.S.,Missouri,,
476786.jpg,Breakfast Menu at Royal Palm Hotel,,1901,Miami$FL,Florida,,
476899.jpg,Breakfast Menu on New York & Liverpool U.S. Mail Steamer Arctic,,1853,New?York$NY,New?York,,"birdie, rare"
476849.jpg,Luncheon at Royal Palm Hotel,,1901,Miami$FL,Florida,,
476876.jpg,"38th Dinner at Sphinx Club - Waldorf-Astoria, The",,1901,New?York$NY,New?York,,
476895.jpg,Daily Menu at City Hotel,,1851,Hartford$CT,Connecticut,,"turtle, rare"
476806.jpg,"Dinner at University Club - University Club, Providence, RI",,1901,Providence$RI,Rhode?Island,,
476897.jpg,Daily Menu at Cozzens' West Point Hotel,,1852,West?Point$New?York,New?York,,"birdie, rare"
476796.jpg,U.S.M.S. Breakfast Event Menu - U.S.M.S. St. Louis,,1901,St.?Louis$MO,Missouri,,
476894.jpg,Daily Menu at American House,,1851,,,,"birdie, rare"
476858.jpg,Luncheon Menu at Tampa Bay Hotel,,1901,Tampa$FL,Florida,,
476912.jpg,Convention Supper at Delta Kappa Epsilon Frat,,1858,Brunswick$ME,Maine,,"birdie, rare"
476900.jpg,Dinner at Astor House,,1854,New?York$NY,New?York,,"birdie, turtle, rare"
476906.jpg,Daily Breakfast at Mansion,,1856,Buffalo$NY,New?York,,
476901.jpg,Daily Menu at Delavan House,,1854,Albany,New?York,,"birdie, rare"
476904.jpg,Daily Menu at Troy House,,1856,Troy$NY,New?York,,
476918.jpg,"Franklin Club Supper at Parker House - Franklin Club, Parker House",,1861,Parker?House$Boston$MA,Massachusetts,,"birdie, rare"
476921.jpg,150th Anniversary Celebration Menu - Town Of Abington,,1862,Abington$MA,Massachusetts,,
476915.jpg,Breakfast Menu at New York Hotel,,1859,New?York$NY,New?York,,
476914.jpg,Breakfast Menu at Metropolitan Hotel,,1859,New?York$NY,New?York,,
476916.jpg,Breakfast & Dinner Menu - Tremont House,,1859,Tremont?House,,,
476954.jpg,The De Lesseps Dinner at Delmonico's,,1880,New?York?City$NY,New?York,,"birdie, rare"
476927.jpg,Carte du Jour - Dinner Menu - Everett House,,1865,New?York$NY,New?York,,"birdie, turtle, rare"
476920.jpg,"Dinner Menu at Continental Hotel - Continental Hotel, Philadelphia, PA",,1862,Philadelphia$PA,Pennsylvania,,"birdie, turtle, rare"
476923.jpg,Daily Menu at Ocean House,,1864,Ocean?House$Rhode?Island,Rhode?Island,,
476933.jpg,Daily Dinner Menu at St. Nicholas Hotel,,1866,St.?Nicholas?Hotel$New?York$NY,New?York,,
476965.jpg,Commencement Dinner at Bowdoin College,,1880,Brunswick$ME,Maine,,
476974.jpg,DINNER at NEW HAMPSHIRE CLUB at YOUNG'S HOTEL,,1880,New?Hampshire?Club,New?Hampshire,,"turtle, rare"
476987.jpg,Dinner at Library Association Of The United Kingdom,,1881,,,,"birdie, turtle, rare"
477011.jpg,Breakfast at Purcell House,,1881,Wilmington$NC,North?Carolina,,
476993.jpg,"CRANE RE-UNION DINNER at MARTINELLI'S - MARTINELLI'S, NEW YORK, NY",,1881,New?York$NY,New?York,,
476976.jpg,Daily Supper Menu at United States Hotel,,1880,Saratoga?Springs$NY,New?York,,
477012.jpg,SUPPER at THE ARLINGTON,,1881,,,,
476988.jpg,Breakfast Menu at Fifth Avenue Hotel,,1881,New?York?City$NY,New?York,,
477017.jpg,Breakfast at The Windsor,,1881,Elizabethtown$NY,New?York,,
477043.jpg,Dinner at College Of The City Of New York,,1882,New?York?City,New?York,,
5031359.jpg,Hotel Casey Dining Menu,,1912,Scranton$PA,Pennsylvania,,
477015.jpg,Supper Menu at Profile House,,1881,Profile?House$Franconia$NH,New?Hampshire,,
5031304.jpg,Bellevue Hotel Dining Menu,,1912,Bellevue$WA,Washington,,
477033.jpg,Annual Dinner Menu at DELMONICO,,1882,New?York$NY,New?York,,
5031396.jpg,El Kalah Temple Menu,,1912,,,,
5031390.jpg,Yacht Club House Menu - Larchmont Yacht Club House,,1912,Larchmont$New?York,New?York,,"birdie, turtle, rare"
5031436.jpg,Narragansett Hotel Dining Menu,,1912,Narragansett$Rhode?Island,Rhode?Island,,"birdie, rare"
5031361.jpg,Albany Hotel Menu,,1912,Albany$New?York,New?York,,"birdie, turtle, rare"
5031404.jpg,Cafe Boulevard Menu,,1912,,,,
5031432.jpg,Navy Yard Sponsor Menu,,1912,Navy?Yard$Washington$D.C.,Washington$D.C.,,
5031385.jpg,Pontchartrain Hotel Menu,,1912,,,,"birdie, rare"
5031453.jpg,Delmonico's Menu,,1912,,,,"birdie, turtle, rare"
5031437.jpg,Traditional German Cuisine Menu - Hofbraü Restaurant,,0001,,,,
5031446.jpg,Plaza Menu,,1912,,,,
5031455.jpg,Metropolitan Club Menu,,1912,,,,"birdie, rare"
5031477.jpg,Park Avenue Hotel Menu,,1912,,,,"birdie, rare"
5031439.jpg,Waldorf-Astoria Menu,,0001,,,,
5033748.jpg,Railway Dining Menu - New York New Haven & Hartford Lines: New York Central Lines,,1912,New?York$NY,New?York,,
5031457.jpg,Healy's Restaurant Menu,,1912,,,,"turtle, rare"
5035992.jpg,Hotel Astor Dining Menu,,1912,New?York?City$NY,New?York,,"birdie, rare"
5033844.jpg,New York Press Club Menu,,1912,New?York$NY,New?York,,
5033751.jpg,Waldorf-Astoria Menu,,1912,,,,"birdie, turtle, rare"
5033805.jpg,Madison Square Garden Menu,,1912,New?York?City$NY,New?York,,"birdie, rare"
5033790.jpg,South Gate Menu - Waldorf-Astoria: South Gate,,1912,,,,"birdie, turtle, rare"
5036039.jpg,Healy's Menu,,1912,,,,"birdie, rare"
5036068.jpg,Merchants Club Menu,,1912,,,,"turtle, rare"
5036005.jpg,Folies Bergères Menu,,1912,,,,
5036173.jpg,New Willard Menu,,1912,New?Willard$STATE,Willard,,"turtle, rare"
5036132.jpg,Copley-Plaza Hotel Dining Menu,,1912,Boston$MA,Massachusetts,,
5036216.jpg,Terrace Garden Menu,,1912,,,,
5036034.jpg,Hutchins Hotel Menu,,1912,Hutchins$Texas,Texas,,
5036228.jpg,Manhattan Casino Menu,,1912,Manhattan$New?York,New?York,,
5036250.jpg,Kismet Temple Menu,,1912,,,,
5038092.jpg,Manhattan Club Menu,,1912,Manhattan$New?York,New?York,,"birdie, rare"
5038181.jpg,Brooklyn Academy of Music Sponsor Menu,,1912,Brooklyn$New?York,New?York,,"birdie, turtle, rare"
5038148.jpg,Tea Room Menu - Greenhut-Siegel Cooper Co. Tea Room,,1912,,,,
5038144.jpg,Daylight Luncheon: Third Floor,,1912,,,,
5038193.jpg,Cotillion Club Menu,,1912,,,,"birdie, turtle, rare"
5038173.jpg,Stock Yard Inn Menu,,1912,,,,
5038237.jpg,Hotel Sherman Dining Menu,,1912,Chicago$IL,Illinois,,"birdie, rare"
5038175.jpg,Elks' Home Menu,,1912,,,,
5038210.jpg,Joe's Restaurant Menu,,1912,,,,"birdie, turtle, rare"
5038222.jpg,Kaiser-Hof Restaurant Menu,,1912,,,,
5038219.jpg,Hotel Manhattan Dining Menu,,1912,Hotel?Manhattan$New?York,New?York,,
5038216.jpg,Eclectic Fusion Cuisine Menu,,1912,,,,"turtle, rare"
5038207.jpg,Pennsylvania Lines Dining Menu - Pennsylvania Lines: West of Pittsburgh,,1912,,,,"turtle, rare"
5038233.jpg,Doyle's Gardens Menu,,1912,,,,"birdie, turtle, rare"
5038290.jpg,Taylor's Restaurant Menu - St. Denis Hotel: Taylor's Restaurant,,1912,St.?Denis$State,,,"birdie, turtle, rare"
5038286.jpg,Astor House Menu,,1912,Astor?House$in?City$STATE?abbreivation?format$or?state?spelled?out.?If?not?a?city$state$leave?blank,New?York,,"birdie, turtle, rare"
5038249.jpg,Touro Club Menu,,1912,,,,
5038244.jpg,Barker's Restaurant and Lunch Room Menu,,1912,,,,
5038274.jpg,Building Trades Club Menu,,1912,,,,"birdie, rare"
5038310.jpg,American Seamen's Friend Society Menu,,1912,,,,
5055361.jpg,Plankinton House Menu,,1912,Plankinton$in?City$STATE?abbreivation?format$or?state?spelled?out.?If?not?a?city$state$leave?blank,South?Dakota,,"birdie, turtle, rare"
5055390.jpg,Trenton House Menu,,1912,Trenton$New?Jersey,New?Jersey,,"birdie, turtle, rare"
5055387.jpg,Bellevue-Stratford Menu,,1912,Bellevue-Stratford,,,"birdie, rare"
5055377.jpg,Yorkville Casino Menu,,1912,,,,
5038263.jpg,Hotel St. George Dining Menu,,1912,Brooklyn$NY,New?York,,"birdie, turtle, rare"
5055374.jpg,Guilford Point House Menu,,1912,Guilford$Connecticut,Connecticut,,
5055434.jpg,Dean House and Cottages Menu,,1912,,,,
5055401.jpg,Press Club Menu,,1912,,,,"birdie, turtle, rare"
5055394.jpg,Hotel St. Andrew Menu,,1912,,,,"turtle, rare"
5055443.jpg,Eclectic Fusion Cuisine Menu,,1912,,,,"birdie, turtle, rare"
5055399.jpg,Hotel Chelsea Menu,,1912,,,,
5055438.jpg,Allyn House Menu,,1912,,,,
5055444.jpg,Crawford House Menu,,1912,,,,
5055445.jpg,Ulmer Park Menu,,1912,Ulmer?Park$New?York,New?York,,
5055431.jpg,Golf and Country Club Menu - Deal Golf and Country Club,,1912,,,,
5055513.jpg,Savoy Hotel Menu,,1912,,,,
5055457.jpg,14th Regiment Armory Event Menu,,1912,,,,"birdie, rare"
5055490.jpg,N.C.R. Officers Club Menu,,1912,,,,
5055485.jpg,U.S. Grant Hotel Dining Menu,,1912,San?Diego$CA,California,,
5070006.jpg,Park Avenue Hotel Menu,,1913,,,,
5055455.jpg,Country Club Dining Menu - South Shore Country Club,,1912,,,,
5069980.jpg,Souper de Luxe Menu,,1913,,,,
5055459.jpg,Maplewood Hotel Menu,,1912,Maplewood$New?York,New?York,,
5055464.jpg,Turn Verein Menu,,1912,,,,"birdie, rare"
5070375.jpg,Casino Dining Menu - Burland Casino,,1913,,,,"birdie, rare"
5070085.jpg,Imperial Hotel Menu,,1913,,,,"birdie, turtle, rare"
5070020.jpg,Ritz Carlton New York Dining Menu,,1913,New?York$NY,New?York,,
5070061.jpg,Hotel Bossert Dining Menu,,1913,Brooklyn$NY,New?York,,"birdie, rare"
5070074.jpg,Broadway Auditorium Menu,,1913,,,,
5070026.jpg,Buffalo Club Menu,,1913,Buffalo$NY,New?York,,"birdie, rare"
5070090.jpg,Imperial Sponsor Menu,,1913,Imperial$CA,California,,"birdie, rare"
5070300.jpg,City Club Menu,,1913,,,,
5070282.jpg,Long Island Business College South Menu,,1913,Long?Island$New?York,New?York,,
5070384.jpg,Hotel Copley-Plaza Dining Menu,,1913,Boston$MA,Massachusetts,,"birdie, rare"
5070133.jpg,Broadway Tabernacle Church Menu,,1913,,,,
5070190.jpg,Hotel Pontchartrain Menu,,1913,,,,"birdie, rare"
5070306.jpg,Hotel Karldon Menu,,1913,,,,"turtle, rare"
5104691.jpg,St. Charles Sponsor Menu,,1913,St.?Charles$MO,Missouri,,"turtle, rare"
5104720.jpg,Rauscher's Menu,,1913,,,,"birdie, turtle, rare"
5070109.jpg,Hotel Lafayette Dining Menu,,1913,Buffalo$NY,New?York,,"birdie, rare"
5104866.jpg,Crawford's Menu,,1913,,,,"turtle, rare"
5104696.jpg,Seaside House Menu,,1913,,,,"birdie, turtle, rare"
5070143.jpg,Masonic Temple Dining Menu - Brooklyn Masonic Temple,,1913,Brooklyn$NY,New?York,,"birdie, rare"
5104733.jpg,Hotel Baltimore Dining Menu,,1913,Baltimore$Maryland,Maryland,,
5106584.jpg,Gerdner & Smith Menu,,1913,,,,
5106524.jpg,New York Athletic Club Menu,,1913,New?York$NY,New?York,,"birdie, turtle, rare"
5070422.jpg,Bay Shore House Menu,,1913,Bay?Shore$NY,New?York,,
5106563.jpg,Sagamore Restaurant and Lunch Room Menu,,1913,,,,
5106514.jpg,New York Press Club Menu,,1913,New?York?City$NY,New?York,,"birdie, rare"
5106615.jpg,Café Safran Menu,,1913,,,,
5106646.jpg,Regular Menu - Mills Building Restaurant,,1913,,,,"birdie, turtle, rare"
5106624.jpg,Military Dining Menu - West Point Army Mess,,1913,West?Point$NY,New?York,,
5106626.jpg,Cortland Sponsor Menu,,1913,Cortland$NY,New?York,,"turtle, rare"
5106636.jpg,Henry J. Wollenhaupt Menu,,1913,,,,
5106643.jpg,Beekman Café Co. Menu,,1913,,,,"turtle, rare"
5106530.jpg,Copley-Plaza Menu,,1913,Copley-Plaza,,,"birdie, rare"
5106658.jpg,Merchant's Club Menu,,1913,,,,"turtle, rare"
5106666.jpg,Mercantile Lunch Co. Menu,,1913,,,,
5106652.jpg,Buffet Menu - Barron's Buffet,,1913,,,,
5106656.jpg,City Midday Club Menu,,1913,,,,"birdie, rare"
5106651.jpg,Jansen's Restaurant Menu,,1913,,,,
5106680.jpg,Ambrose Restaurant Menu,,1913,,,,
5106682.jpg,C.F. Wetzel Menu,,1913,,,,
5106567.jpg,Saint Paul Sponsor Menu,,1913,Saint?Paul$MN,Minnesota,,
5106668.jpg,Pabst Sponsored Menu,,1913,,,,
5106607.jpg,Michaud's Menu,,1913,,,,"birdie, rare"
5106676.jpg,Rigg's Twentieth Street Restaurant Menu,,1913,,,,
5106628.jpg,Sprague Restaurant and Café Menu,,1913,,,,
5106698.jpg,Café and Restaurant Menu - Kemm's Café and Restaurant,,1913,,,,
5106684.jpg,E. Ettinger Café and Restaurant Menu,,1913,,,,"birdie, rare"
5106695.jpg,Gregory's Restaurant Menu,,1913,,,,"turtle, rare"
5106436.jpg,Eureka Restaurant Menu,,1913,,,,
5106459.jpg,Hotel Marseilles Menu,,1913,,,,
5106724.jpg,Kirkwood Sponsor Menu,,1913,Kirkwood$MO,Missouri,,"birdie, turtle, rare"
5106702.jpg,Smith & Post's Restaurant Menu,,1913,,,,
5144223.jpg,Whites Menu,,1913,,,,
5106686.jpg,Gardner & Smith Menu,,1913,,,,
5106690.jpg,Hazeltine's Menu,,1913,,,,
5120218.jpg,German Cuisine Menu - Gaertner's German Restaurant,,1913,,,,
5120159.jpg,German Liederkranz Menu,,1913,,,,"birdie, turtle, rare"
5120185.jpg,Planters Hotel Menu,,1913,,,,
5120180.jpg,Republican Club of the City of New York Menu,,1913,,,,
5144283.jpg,Hotel Oakland Dining Menu,,1913,Oakland$CA,California,,"birdie, turtle, rare"
5144413.jpg,Trenton House Menu,,1913,Trenton$New?Jersey,New?Jersey,,"turtle, rare"
5144303.jpg,Rotisserie Menu - Moderne Rotisserie,,1913,,,,
5144403.jpg,Casino Dining Menu - McKinley Square Casino,,1913,,,,
5120161.jpg,The Cortland Menu,,1913,,,,
5144377.jpg,Republican Club Menu,,1913,,,,
5144301.jpg,Hotel Rennert Menu,,1913,,,,"birdie, rare"
5120206.jpg,University Club of Brooklyn Menu,,1913,Brooklyn$New?York,New?York,,"birdie, turtle, rare"
5144332.jpg,BPOE Racine Lodge 252 Menu,,1913,,,,"birdie, turtle, rare"
5144264.jpg,Claremont Sponsor Menu,,1913,Claremont$California,California,,
5148911.jpg,Crystal Garden Menu - Hugot's Crystal Garden,,1913,,,,
5144313.jpg,Kernan's Avon Beach Hall Menu,,1913,Avon$STATE,Avon,,
5144445.jpg,Hanover Lunch Menu,,1913,Hanover$NH,New?Hampshire,,
5144550.jpg,Adams' Restaurant Menu,,1913,,,,
5144307.jpg,Hotel Washington Dining Menu,,1913,Washington$D.C.,,,
5148925.jpg,Terrace Garden Menu,,1913,,,,
5144571.jpg,Woolworth Building Menu,,1913,,,,"birdie, turtle, rare"
5144340.jpg,Yale University Dining Menu,,1913,,,,"turtle, rare"
5144427.jpg,Hotel Majestic Menu,,1913,,,,
5144684.jpg,Model Restaurant Menu,,1913,,,,"turtle, rare"
5144465.jpg,Hotel St. George Menu,,1913,,,,"birdie, rare"
5149042.jpg,Garret Restaurant Menu,,1913,,,,"turtle, rare"
5144484.jpg,Dairy Lunch Menu - New York Dairy Lunch,,1913,New?York$NY,New?York,,
5148969.jpg,Detroit Club Menu,,1913,Detroit$MI,Michigan,,"birdie, turtle, rare"
5149135.jpg,Hofbräu Haus Menu,,1913,,,,
5148982.jpg,Stauch's Menu,,1913,,,,
5148967.jpg,Briarcliff Manor Menu,,1913,Briarcliff?Manor$NY,New?York,,
5149053.jpg,Spilker's Restaurant and Café Menu,,1913,,,,
5149157.jpg,Explorers Club Menu,,1913,,,,
5149073.jpg,Richmond Sponsor Menu,,1913,Richmond$VA,Virginia,,
5149142.jpg,Cafeteria Buffet Menu,,1913,,,,
5148960.jpg,Yale Club Menu,,1913,,,,
5149183.jpg,Seelbach Menu,,1913,,,,
5149063.jpg,Cortlandt Sponsor Menu,,1913,Cortlandt$New?York,New?York,,
5149093.jpg,Hotel St. Andrew Menu,,1913,,,,"birdie, turtle, rare"
5150385.jpg,Hutchins Hotel Menu,,1913,,,,
5150371.jpg,Hotel Statler Menu,,1913,,,,"birdie, rare"
5150136.jpg,Cosmopolitan Hotel Menu,,1913,,,,"turtle, rare"
5149069.jpg,Riggs' Menu,,1913,,,,
5149105.jpg,Young Men's Christian Association Menu,,1913,,,,
5150364.jpg,American Line Menu,,1913,,,,"turtle, rare"
5150167.jpg,Cosmopolitan Hotel Menu,,1913,Las?Vegas$NV,Nevada,,"turtle, rare"
5188327.jpg,Traditional German Cuisine Menu - Hofbrau Haus,,1913,,,,"birdie, turtle, rare"
5150221.jpg,Chop House Menu - Farrish's Chop House,,1913,,,,
5189173.jpg,Hotel Kernan Dining Menu,,1913,Baltimore$MD,Maryland,,
5189186.jpg,Au Chat Noir Menu,,1913,,,,
5150416.jpg,Jersey City Club Menu,,1913,Jersey?City$NJ,New?Jersey,,"birdie, turtle, rare"
5150408.jpg,Adam's Restaurant Menu,,1913,,,,
5150505.jpg,Hotel Kaaterskill Menu,,1913,,,,"birdie, turtle, rare"
5150434.jpg,Lunch Menu - Herald Lunch,,1913,,,,
5150454.jpg,Travers Island Menu,,1913,,,,"birdie, rare"
5150405.jpg,Castle Stevens Menu,,1913,,,,"turtle, rare"
5189174.jpg,Regular Menu - Anheuser-Busch Cafe Restaurant,,1913,,,,
5189175.jpg,The White Menu,,1913,,,,
5189168.jpg,Denver Country Club Menu,,1913,Denver$Colorado,Colorado,,
5189419.jpg,The Shelburne Menu,,1913,,,,"birdie, turtle, rare"
5189350.jpg,Jardin de Danse Menu,,1913,,,,
5188336.jpg,Smith's Menu,,1913,,,,
5189170.jpg,U. S. S. Wyoming Menu,,1913,,,,
5189386.jpg,Winthrop Hotel Menu,,1913,,,,
5150483.jpg,Hampton Institute Dining Menu,,1913,,,,
5189238.jpg,Greenhut-Siegel Cooper Co. Menu,,1913,,,,
5189466.jpg,Chop House Menu - Degenhardt's Chop House,,1913,,,,"birdie, turtle, rare"
5189449.jpg,Spilker's Restaurant and Grill Room Menu,,1913,,,,"birdie, rare"
5189494.jpg,Dennett's Menu,,1913,,,,
5189464.jpg,The Richmond Menu,,1913,,,,"birdie, rare"
5189183.jpg,Hotel LaSalle Dining Menu,,1913,Chicago$IL,Illinois,,
5189202.jpg,The Spalding Menu,,1913,,,,"turtle, rare"
5189474.jpg,Pabst 14th Street Menu,,1913,Pabst?14th?Street$in?City$STATE?abbreivation?format$or?state?spelled?out.?If?not?a?city$state$leave?blank,New?York,,
5189428.jpg,Copley-Plaza Hotel Dining Menu,,1913,Boston$MA,Massachusetts,,
5189309.jpg,Lorber's Menu,,1913,,,,
5189191.jpg,Drake's Restaurant Menu,,1913,,,,
5189460.jpg,Meridian Club Menu,,1913,,,,"turtle, rare"
5189463.jpg,The Merchant's Club Menu,,1913,,,,"birdie, rare"
5189491.jpg,Woolpack Hotel Menu,,1913,,,,"birdie, rare"
,,,,,,,