filename,title,location,fam,rare,cuisine,animal,luxury,year
4000019568.jpg,Dinner aboard Paquebot La Lorraine by Compagnie General Transatlantique,ABOARD?PAQUEBOT?LA?LORRAINE,,,,,,1906
466541.jpg,Farewell Banquet to the S.A. Bushmen's Corps - Right Worshipful The Mayor (A.W.Ware),ADELAIDE$AUSTRALIA,,,,,,1900
467285.jpg,Lunch at York Hotel,ADELAIDE$AUSTRALIA,,,,,,1900
467296.jpg,"Daily Lunch Menu at York Hotel - York Hotel, Adelaide, Australia",ADELAIDE$AUSTRALIA,,,,,,1900
4000011462.jpg,Zouave Cadets Dining Menu - Albany Zouave Cadets,ALBANY$NY,,,,,,1900
468396.jpg,Breakfast at Alta Vista Hotel,ALTA?VISTA?HOTEL$IN?CITY$STATE?ABBREIVATION?FORMAT,,,,,,1900
4000008319.jpg,"Washington's Birthday Dinner at Logan House - LOGAN HOUSE, ALTOONA, PA",ALTOONA$PA,,,,,,1900
4000011301.jpg,Altoona Academy Of Medicine & Surgery Menu,ALTOONA$PA,,,,,,1900
4000014105.jpg,Citizens Of Altoona Menu,ALTOONA$PENNSYLVANIA,,,,,,1901
4000008380.jpg,SS Southwarez Lunch Menu - Red Star Line,ANTWERP$ANTWERP,,,,,,1900
4000008107.jpg,S.S. Westernland Dinner Menu - Red Star Line,ANTWERP$BELGIUM,,,,,,1900
4000008220.jpg,Red Star Line Menu,ANTWERP$BELGIUM,,,,,,1900
4000008229.jpg,Red Star Line Menu,ANTWERP$BELGIUM,,,,,,1900
4000008372.jpg,RMS Oceanic Lunch Menu - Red Star Line,ANTWERP$BELGIUM,,,,,,1900
4000008376.jpg,SS Westernland Dinner Menu - Red Star Line,ANTWERP$BELGIUM,,,,,,1900
4000008379.jpg,SS SOUTHWAREZ Breakfast Menu - Red Star Line,ANTWERP$BELGIUM,,,,,,1900
4000008381.jpg,"Daily Dinner on the Red Star Line - SS SOUTHWAREZ, Red Star Line",ANTWERP$BELGIUM,,,,,,1900
4000008492.jpg,S.S. Westernland Dinner Menu - Red Star Line,ANTWERP$BELGIUM,,,,,,1900
4000008574.jpg,Red Star Line Menu,ANTWERP$BELGIUM,,,,,,1900
4000013350.jpg,Arnold's Restaurant & Dairy Menu,ARNOLD$PENNSYLVANIA,,,,,,1901
4000013352.jpg,Classic American Diner Fare - Arnold's Restaurant & Dairy,ARNOLD$PENNSYLVANIA,,,,,,1901
4000008830.jpg,Dinner at the Battery Park Hotel,ASHEVILLE$NC,,,,,,1900
4000008829.jpg,Battery Park Hotel Dinner Menu,ASHEVILLE$NC,,,,,,1900
4000009125.jpg,Battery Park Hotel Dinner Menu,ASHEVILLE$NC,,,,,,1900
4000009126.jpg,Battery Park Hotel Dinner Menu,ASHEVILLE$NC,,,,,,1900
4000011222.jpg,Medical Association Luncheon Menu - Buncombe County Medical Association,ASHEVILLE$NC,,,,,,1900
4000011544.jpg,"Sunday Dinner at New Hotel Berkeley,The",ASHEVILLE$NC,,,,,,1900
466908.jpg,"Historic Hotel Dining Menu - Battery Park Hotel, Asheville, North Carolina",ASHEVILLE$NC,,,,,,1900
4000007995.jpg,Breakfast on R.M.S. Campania - Cunard Line,AT?SEA,,,,,,1900
4000008056.jpg,"Dinner Menu, SS Westernland - Red Star Line, SS Westernland",AT?SEA,,,,,,1900
4000008151.jpg,"Breakfast Menu, Cunard Steamship Company - En route aboard R.M.S. Etruria",AT?SEA,,,,,,1900
4000008165.jpg,Dinner Menu - S.S. Southwark - Red Star Line S.S. Southwark,AT?SEA,,,,,,1900
4000008196.jpg,"Breakfast Menu, SS Etruria, Cunard Line",AT?SEA,,,,,,1900
4000008363.jpg,Cunard Line Breakfast Menu - RMS Etruria,AT?SEA,,,,,,1900
4000008398.jpg,R.M.S. Campania Luncheon Menu - Cunard Line,AT?SEA,,,,,,1900
4000008430.jpg,Cunard Line Luncheon Menu - En Route on Board R.M.S. Campania,AT?SEA,,,,,,1900
4000008433.jpg,"Dinner Menu, Red Star Line - En Route Aboard S.S. Westernland, Red Star Line",AT?SEA,,,,,,1900
4000008432.jpg,"Red Star Line Dinner Menu - Red Star Line, En Route aboard S.S. Westernland",AT?SEA,,,,,,1900
4000008441.jpg,S.S. Southwark Breakfast Menu - Red Star Line,AT?SEA,,,,,,1900
4000008485.jpg,"Dinner Menu, RMS Campania - RMS Campania, Cunard Line",AT?SEA,,,,,,1900
4000008489.jpg,Cunard Line Lunch Menu - RMS Campania,AT?SEA,,,,,,1900
4000009008.jpg,"Cunard Line Luncheon Menu - R.M.S. LUCANIA, Cunard Line",AT?SEA,,,,,,1900
4000009009.jpg,"Cunard Line Dinner on R.M.S. LUCANIA - R.M.S. LUCANIA, Cunard Line",AT?SEA,,,,,,1900
4000009035.jpg,"Cunard Line Dinner on R.M.S. Lucania - R.M.S. Lucania, Cunard Line",AT?SEA,,,,,,1900
4000009041.jpg,Cunard Line Dining Menu,AT?SEA,,,,,,1900
4000009042.jpg,"Cunard Line Luncheon on R.M.S. Lucania - R.M.S. Lucania, Cunard Line",AT?SEA,,,,,,1900
4000009043.jpg,"Cunard Line Dinner on R.M.S. Lucania - R.M.S. Lucania, Cunard Line",AT?SEA,,,,,,1900
4000009051.jpg,"Cunard Line Breakfast Menu on R.M.S. Lucania - R.M.S. Lucania, Cunard Line",AT?SEA,,,,,,1900
4000009052.jpg,Cunard Line Dining Menu,AT?SEA,,,,,,1900
4000009053.jpg,Culinary Delights at Sea,AT?SEA,,,,,,1900
4000009061.jpg,"Cunard Line Luncheon on R.M.S. Lucania - R.M.S. Lucania, Cunard Line",AT?SEA,,,,,,1900
4000009060.jpg,"Cunard Line Breakfast Menu on R.M.S. 'LUCANIA' - R.M.S. 'LUCANIA', Cunard Line",AT?SEA,,,,,,1900
4000009062.jpg,"Cunard Line Dinner on R.M.S. Lucania - R.M.S. Lucania, Cunard Line",AT?SEA,,,,,,1900
4000009205.jpg,"Dinner on the S.S. 'DORIC' - S.S. 'DORIC', Occidental & Oriental Steamship Company",AT?SEA,,,,,,1900
4000009206.jpg,Dinner on the S.S. 'DORIC' - S.S. 'DORIC' on the Occidental & Oriental Steamship Company route,AT?SEA,,,,,,1900
4000009329.jpg,"Cunard Line Daily Dinner Menu on RMS Lucania - RMS Lucania, Cunard Line",AT?SEA,,,,,,1900
4000009328.jpg,"Daily Luncheon Menu on RMS Lucania - RMS Lucania, Cunard Line",AT?SEA,,,,,,1900
4000009382.jpg,"Cunard Line Luncheon on R.M.S. Lusitania - R.M.S. Lusitania, Cunard Line",AT?SEA,,,,,,1900
4000009954.jpg,"Dinner on the SS Gaelic - SS Gaelic, Occidental & Oriental Steamship Company",AT?SEA,,,,,,1900
4000009996.jpg,"Dinner on the SS Gaelic - SS Gaelic, Occidental & Oriental Steamship Co.",AT?SEA,,,,,,1900
4000010018.jpg,Pacific Mail Steamship Company Dining Menu - Pacific Ocean,AT?SEA,,,,,,1900
4000013966.jpg,"Oceanic Steamship Company Dinner Menu on SS Ventura - SS Ventura, Oceanic Steamship Company",AT?SEA,,,,,,1901
4000013996.jpg,"Oceanic Steamship Company Dinner Menu on SS Ventura - SS Ventura, Oceanic Steamship Company",AT?SEA,,,,,,1901
4000013995.jpg,"Oceanic Steamship Company Dinner Menu on SS Ventura - SS Ventura, Oceanic Steamship Company",AT?SEA,,,,,,1901
4000014015.jpg,"Oceanic Steamship Company Dinner Menu on SS Ventura - SS Ventura, Oceanic Steamship Company",AT?SEA,,,,,,1901
4000014014.jpg,"Oceanic Steamship Company Dinner Menu on SS Ventura - SS Ventura, Oceanic Steamship Company",AT?SEA,,,,,,1901
4000014633.jpg,Oceanic Steamship Company Dining Menu - Oceanic Steamship Company S.S. Zealander,AT?SEA,,,,,,1901
4000014634.jpg,Oceanic Steamship Company Dining Menu - Oceanic Steamship Company S.S. Zealander,AT?SEA,,,,,,1901
4000014727.jpg,"Dinner on the S.S. ZEALANDIA - S.S. ZEALANDIA, Oceanic Steamship Company",AT?SEA,,,,,,1901
4000014728.jpg,"Oceanic Steamship Company Dinner on S.S. ZEALANDIA - S.S. ZEALANDIA, Oceanic Steamship Company",AT?SEA,,,,,,1901
466390.jpg,"Daily Dinner Menu on RMS CAMPANIA - RMS CAMPANIA, Cunard Line",AT?SEA,,,,,,1900
466410.jpg,"Cunard Line Luncheon Menu - R.M.S. CAMPANIA, Cunard Line",AT?SEA,,,,,,1900
466408.jpg,"Dinner on the R.M.S. 'CAMPANIA' - R.M.S. 'CAMPANIA', Cunard Line",AT?SEA,,,,,,1900
466436.jpg,"Cunard Line Luncheon Menu - EN ROUTE ON BOARD R.M.S. CAMPANIA, Cunard Line",AT?SEA,,,,,,1900
466453.jpg,"Breakfast on the High Seas - Aboard R.M.S. Campania, Cunard Line",AT?SEA,,,,,,1900
466479.jpg,"Lunch on the SS COPTIC - SS COPTIC, Occidental & Oriental Steamship Co.",AT?SEA,,,,,,1900
466483.jpg,"CUNARD LINE Breakfast on RMS CAMPANIA - RMS CAMPANIA, Cunard Line",AT?SEA,,,,,,1900
466484.jpg,"Dinner on the RMS CAMPANIA - RMS CAMPANIA, Cunard Line",AT?SEA,,,,,,1900
466497.jpg,"Breakfast on the S.S. COPTIC - S.S. COPTIC, Occidental & Oriental Steamship Company",AT?SEA,,,,,,1900
466498.jpg,"Lunch Menu on S.S. COPTIC by Occidental & Oriental Steamship Company - S.S. COPTIC, Occidental & Oriental Steamship Company",AT?SEA,,,,,,1900
466505.jpg,"Cunard Line Dining Experience - R.M.S. ETRURIA, Cunard Line",AT?SEA,,,,,,1900
466517.jpg,"Dinner on the R.M.S. ETRURIA - R.M.S. ETRURIA, Cunard Line",AT?SEA,,,,,,1900
466515.jpg,"Breakfast on the R.M.S. ETRURIA - R.M.S. ETRURIA, Cunard Line",AT?SEA,,,,,,1900
466564.jpg,"Cunard Line Dinner Menu - R. M. S. ETRURIA, Cunard Line",AT?SEA,,,,,,1900
466569.jpg,"Cunard Line Dinner on R. M. S. ETRURIA - R. M. S. ETRURIA, Cunard Line",AT?SEA,,,,,,1900
466577.jpg,"CUNARD LINE BREAKFAST - R. M. S. ETRURIA, Cunard Line",AT?SEA,,,,,,1900
466582.jpg,"Breakfast on the SS COPTIC - SS COPTIC, Occidental & Oriental Steamship Company",AT?SEA,,,,,,1900
466583.jpg,"Lunch Menu on SS COPTIC - SS COPTIC, Occidental & Oriental Steamship Company",AT?SEA,,,,,,1900
466591.jpg,"Lunch Menu on SS COPTIC - SS COPTIC, Occidental & Oriental Steamship Company",AT?SEA,,,,,,1900
466590.jpg,"Breakfast on the R.M.S. ETRURIA - R.M.S. ETRURIA, Cunard Line",AT?SEA,,,,,,1900
466615.jpg,"Lunch on the S.S. 'COPTIC' - S.S. 'COPTIC', Occidental & Oriental Steamship Co.",AT?SEA,,,,,,1900
466614.jpg,"Breakfast on the S.S. 'COPTIC' - S.S. 'COPTIC', Occidental & Oriental Steamship Co.",AT?SEA,,,,,,1900
466824.jpg,"Cunard Line Dinner Menu on R.M.S. LUCANIA - R.M.S. LUCANIA, Cunard Line",AT?SEA,,,,,,1900
466823.jpg,"Cunard Line Luncheon Menu - R.M.S. LUCANIA, Cunard Line",AT?SEA,,,,,,1900
466846.jpg,"Cunard Line Dinner on R.M.S. 'LUCANIA' - R.M.S. 'LUCANIA', Cunard Line",AT?SEA,,,,,,1900
466851.jpg,"Cunard Line Luncheon on R.M.S. Lucania - R.M.S. Lucania, Cunard Line",AT?SEA,,,,,,1900
466852.jpg,"Dinner on the R.M.S. Lucania - R.M.S. Lucania, operated by Cunard Line",AT?SEA,,,,,,1900
466857.jpg,"Breakfast on the R.M.S. Lucania - R.M.S. Lucania, Cunard Line",AT?SEA,,,,,,1900
466862.jpg,Cunard Line Breakfast Menu - R.M.S. 'LUCANIA' - Cunard Line,AT?SEA,,,,,,1900
466863.jpg,"Cunard Line Luncheon on R.M.S. Lucania - R.M.S. Lucania, Cunard Line",AT?SEA,,,,,,1900
466864.jpg,"Dinner on the R.M.S. 'LUCANIA' - R.M.S. 'LUCANIA', Cunard Line",AT?SEA,,,,,,1900
466997.jpg,"Breakfast on the SS Doric - SS Doric, Occidental & Oriental Steamship Company",AT?SEA,,,,,,1900
466998.jpg,"Lunch on the SS Doric - SS Doric, Occidental & Oriental Steamship Company",AT?SEA,,,,,,1900
467002.jpg,"Cunard Line Luncheon Menu - RMS Lucania, Cunard Line",AT?SEA,,,,,,1900
467003.jpg,"Cunard Line Dinner Menu on RMS Lucania - RMS Lucania, Cunard Line",AT?SEA,,,,,,1900
467037.jpg,Breakfast on the S.S. 'DORIC' - S.S. 'DORIC' on the Occidental & Oriental Steamship Co.,AT?SEA,,,,,,1900
467031.jpg,"Cunard Line Luncheon Menu - R.M.S. Lusitania, Cunard Line",AT?SEA,,,,,,1900
468270.jpg,"Breakfast on the SS Gaelic - SS Gaelic, Occidental & Oriental Steamship Co.",AT?SEA,,,,,,1900
468271.jpg,"Lunch on the SS Gaelic - SS Gaelic, Occidental & Oriental Steamship Co.",AT?SEA,,,,,,1900
468278.jpg,"Breakfast on the SS Gaelic - SS Gaelic, Occidental & Oriental Steamship Co.",AT?SEA,,,,,,1900
468285.jpg,"Breakfast on the SS Gaelic - SS Gaelic, Occidental & Oriental Steamship Co.",AT?SEA,,,,,,1900
468289.jpg,"Breakfast on the SS Gaelic - SS Gaelic, Occidental & Oriental Steamship Co.",AT?SEA,,,,,,1900
468290.jpg,"Lunch on the SS Gaelic - SS Gaelic, Occidental & Oriental Steamship Co.",AT?SEA,,,,,,1900
468295.jpg,"Breakfast on the SS Gaelic - SS Gaelic, Occidental & Oriental Steamship Co.",AT?SEA,,,,,,1900
4000009327.jpg,"Cunard Line Breakfast Menu - RMS Lucania, Cunard Line",AT?SEA$INTERNATIONAL?WATERS,,,,,,1900
4000014855.jpg,Wine List on the Rails - Dining car on the Atlanta And West Point Railroad Co.,ATLANTA$GEORGIA,,,,,,1901
4000009832.jpg,Dinner at Windsor Hotel,ATLANTIC?CITY$N.J.,,,,,,1900
466764.jpg,Dinner at Haddon Hall,ATLANTIC?CITY$NJ,,,,,,1900
466922.jpg,Easter Breakfast at Hotel Dennis,ATLANTIC?CITY$NJ,,,,,,1900
468239.jpg,"Annual Dinner at Hotel Dennis - Hotel Dennis, Atlantic City, NJ",ATLANTIC?CITY$NJ,,,,,,1900
468510.jpg,Dinner at Haddon Hotel,ATLANTIC?CITY$NJ,,,,,,1900
468511.jpg,Supper at Haddon Hotel,ATLANTIC?CITY$NJ,,,,,,1900
4000007997.jpg,"Dinner Menu, R.M.S. Campania - Cunard Line, R.M.S. Campania",ATLANTIC?OCEAN,,,,,,1900
4000008077.jpg,"RMS Campania Breakfast Menu - Cunard Line, RMS Campania",ATLANTIC?OCEAN,,,,,,1900
4000008089.jpg,"Dinner Menu, SS Westernland - Red Star Line",ATLANTIC?OCEAN,,,,,,1900
4000008120.jpg,Dinner Menu - S.S. Westernland - Red Star Line,ATLANTIC?OCEAN,,,,,,1900
4000008142.jpg,"Breakfast Menu, Cunard Line - R.M.S. ""CAMPANIA"", Cunard Line",ATLANTIC?OCEAN,,,,,,1900
4000008139.jpg,"Breakfast Menu, Cunard Line - Cunard Line, R.M.S. ""Campania""",ATLANTIC?OCEAN,,,,,,1900
4000008145.jpg,"Luncheon on the U.S.M.S. St. Louis - U.S.M.S. St. Louis, En Route",ATLANTIC?OCEAN,,,,,,1900
4000008150.jpg,Luncheon on the Cunard Steamship Company's R.M.S. Etruria - Aboard R.M.S. Etruria,ATLANTIC?OCEAN,,,,,,1900
4000008155.jpg,"Breakfast Menu, Cunard Steamship Company Ltd. - En Route Aboard R.M.S. Etruria",ATLANTIC?OCEAN,,,,,,1900
4000008305.jpg,"Cunard Line Dinner Menu - En route aboard the R.M.S. Etruria, Cunard Line",ATLANTIC?OCEAN,,,,,,1900
4000008304.jpg,Cunard Line Menu,ATLANTIC?OCEAN,,,,,,1900
4000008348.jpg,"Dinner Menu, S.S. Southwark - En Route, Red Star Line S.S. Southwark",ATLANTIC?OCEAN,,,,,,1900
4000008368.jpg,"Breakfast Menu, RMS Campania - RMS Campania, Cunard Line",ATLANTIC?OCEAN,,,,,,1900
4000008369.jpg,"Cunard Line Luncheon Menu - RMS Campania, Cunard Line",ATLANTIC?OCEAN,,,,,,1900
4000008427.jpg,Cunard Line Luncheon Menu - En Route on Board R.M.S. Campania,ATLANTIC?OCEAN,,,,,,1900
4000008428.jpg,Cunard Line Dinner Menu - En Route on Board R.M.S. Campania,ATLANTIC?OCEAN,,,,,,1900
4000008429.jpg,Cunard Line Breakfast Menu - En Route on board R.M.S. Campania,ATLANTIC?OCEAN,,,,,,1900
4000008431.jpg,"Dinner Menu on Cunard Line's R.M.S. Campania - En Route on Board R.M.S. Campania, Cunard Line",ATLANTIC?OCEAN,,,,,,1900
4000008440.jpg,"Dinner Menu - En Route aboard S.S. Southwark, Red Star Line",ATLANTIC?OCEAN,,,,,,1900
4000008444.jpg,"Breakfast Service, Cunard Line - Cunard Line, En Route aboard R.M.S. Campania",ATLANTIC?OCEAN,,,,,,1900
4000008484.jpg,"Breakfast Menu, RMS Campania - RMS Campania, Cunard Line",ATLANTIC?OCEAN,,,,,,1900
4000008558.jpg,Breakfast aboard R.M.S. Etruria,ATLANTIC?OCEAN,,,,,,1900
4000008559.jpg,Luncheon Menu aboard R.M.S. Etruria,ATLANTIC?OCEAN,,,,,,1900
4000008078.jpg,"Cunard Line, Daily Lunch Menu - RMS Campania, Cunard Line",ATLANTIC?OCEAN$NA,,,,,,1900
4000008158.jpg,"Dinner Menu, Red Star Line - En Route Aboard S.S. Westernland",ATLANTIC?OCEAN$NA,,,,,,1900
4000008350.jpg,"Dinner Menu, S.S.Westernland - Red Star Line S.S.Westernland",ATLANTIC?OCEAN$NA,,,,,,1900
4000010166.jpg,Wine List Event - Northern Steamship Company,AUCKLAND$NEW?ZEALAND,,,,,,1900
4000014947.jpg,"Maritime-inspired Fare at Northern Steamship Company - Northern Steamship Company, 122 Quay St, Auckland, New Zealand",AUCKLAND$NEW?ZEALAND,,,,,,1901
4000014948.jpg,Maritime-inspired Menu - Northern Steamship Company,AUCKLAND$NEW?ZEALAND,,,,,,1901
4000014946.jpg,"Maritime-inspired Menu - Northern Steamship Company, 122 Quay St, Auckland, New Zealand",AUCKLAND$NEW?ZEALAND,,,,,,1901
468410.jpg,July Fourth Dinner at Hotel North,AUGUSTA$ME,,,,,,1900
4000013956.jpg,Ocean Steamship Co. Daily Dinner Menu,BACIOCHIE$ITALY,,,,,,1901
4000013957.jpg,Daily Dinner Menu on Ocean Steamship Co.,BACIOCHIE$OCEAN,,,,,,1901
4000010640.jpg,Hotel Kurhaus Dining Menu,BADEN-BADEN$GERMANY,,,,,,1900
4000010636.jpg,Hotel Kurhaus Dining Menu,BADEN-BADEN$GERMANY,,,,,,1900
4000009470.jpg,"Cafe Service Meals on the Baltimore and Ohio RR Royal Blue Line - CAR ASTORIA, Baltimore And Ohio Rr Royal Blue Line",BALTIMORE$MARYLAND,,,,,,1900
4000009471.jpg,"Cafe Service Meals on the Baltimore and Ohio RR Royal Blue Line - CAR SAVOY, Baltimore And Ohio Rr Royal Blue Line",BALTIMORE$MARYLAND,,,,,,1900
4000011634.jpg,Baltimore & Ohio R.R. Dining Car Menu,BALTIMORE$MARYLAND,,,,,,1900
4000011635.jpg,Railway Dining Menu - Baltimore & Ohio R.R.,BALTIMORE$MARYLAND,,,,,,1900
467085.jpg,Cafe Service Meals on the Royal Blue Line - Baltimore And Ohio Rr Royal Blue Line,BALTIMORE$MARYLAND,,,,,,1900
467088.jpg,"Dining Car Service Meals on the Baltimore and Ohio RR Royal Blue Line - CAR APPIUS, Baltimore And Ohio Rr Royal Blue Line",BALTIMORE$MARYLAND,,,,,,1900
467087.jpg,"Dining Car Service Meals on the Baltimore and Ohio RR Royal Blue Line - CAR SAVOY, Baltimore And Ohio Rr Royal Blue Line",BALTIMORE$MARYLAND,,,,,,1900
467086.jpg,"Cafe Service Meals on Baltimore and Ohio RR Royal Blue Line - CAR SAVOY, Baltimore And Ohio Rr Royal Blue Line",BALTIMORE$MARYLAND,,,,,,1900
467090.jpg,"Dining Car Service Meals on the Baltimore and Ohio RR Royal Blue Line - CAR MANHATTAN, Baltimore And Ohio Rr Royal Blue Line",BALTIMORE$MARYLAND,,,,,,1900
467091.jpg,"Dining Car Service Meals on Baltimore and Ohio RR Royal Blue Line - CAR LIVIUS, Baltimore And Ohio Rr Royal Blue Line",BALTIMORE$MARYLAND,,,,,,1900
467092.jpg,"Royal Blue Line Breakfast Menu - CAR LIVIUS, Baltimore And Ohio Rr Royal Blue Line",BALTIMORE$MARYLAND,,,,,,1900
467093.jpg,Royal Blue Line Breakfast Menu - Baltimore And Ohio Rr Royal Blue Line,BALTIMORE$MARYLAND,,,,,,1900
467094.jpg,Royal Blue Line Breakfast Menu - Baltimore And Ohio Rr Royal Blue Line,BALTIMORE$MARYLAND,,,,,,1900
467096.jpg,"SUPPER at BALTIMORE AND OHIO RR ROYAL BLUE LINE - CAR WALTON, Baltimore And Ohio Rr Royal Blue Line",BALTIMORE$MARYLAND,,,,,,1900
467095.jpg,"Royal Blue Line Breakfast Menu - CAR HOLLAND, Baltimore & Ohio R.R.",BALTIMORE$MARYLAND,,,,,,1900
467097.jpg,"Royal Blue Line Supper Menu - CAR CARROLLTON, Baltimore And Ohio Rr Royal Blue Line",BALTIMORE$MARYLAND,,,,,,1900
467098.jpg,"LUNCHEON on the BALTIMORE AND OHIO RR ROYAL BLUE LINE - CAR WALTON, Baltimore And Ohio Rr Royal Blue Line",BALTIMORE$MARYLAND,,,,,,1900
467099.jpg,"Dinner on the Royal Blue Line - CAR BRUNSWICK, Baltimore And Ohio Rr Royal Blue Line",BALTIMORE$MARYLAND,,,,,,1900
467156.jpg,"SUPPER, A LA CARTE at DINING CAR 'PALMER' - DINING CAR 'PALMER' on the B&O Blue Line",BALTIMORE$MARYLAND,,,,,,1900
467282.jpg,"Supper A La Carte on B.& O. Blue Line Dining Car 'Holland' - B.& O. Blue Line, Dining Car Service, Car 'Holland'",BALTIMORE$MARYLAND,,,,,,1900
468306.jpg,Club Luncheon at Baltimore Hotel,BALTIMORE$MARYLAND,,,,,,1900
468308.jpg,Dinner at Baltimore Hotel,BALTIMORE$MARYLAND,,,,,,1900
468307.jpg,Luncheon at Baltimore Hotel,BALTIMORE$MARYLAND,,,,,,1900
468309.jpg,Cafe Luncheon at Baltimore Hotel,BALTIMORE$MARYLAND,,,,,,1900
468310.jpg,Cafe Dinner at Baltimore Hotel,BALTIMORE$MARYLAND,,,,,,1900
468311.jpg,LE PETIT SOUPER at Baltimore Hotel,BALTIMORE$MARYLAND,,,,,,1900
467089.jpg,"Dining Car Service Meals on the Baltimore and Ohio RR Royal Blue Line - CAR ASTORIA, Baltimore And Ohio Rr Royal Blue Line",BALTIMORE$MD,,,,,,1900
4000010784.jpg,"Complimentary Dinner for Warrant Officers of U.S. and British North Atlantic Squadrons - THE LOUISBURG, Bar Harbor, ME",BAR?HARBOR$ME,,,,,,1900
4000009505.jpg,Dinner at Battle Creek Sanitarium,BATTLE?CREEK$MI,,,,,,1900
4000009507.jpg,Dinner at Battle Creek Sanitarium,BATTLE?CREEK$MI,,,,,,1900
4000009506.jpg,Dinner at Battle Creek Sanitarium,BATTLE?CREEK$MI,,,,,,1900
4000009578.jpg,Breakfast at Battle Creek Sanitarium,BATTLE?CREEK$MI,,,,,,1900
4000009580.jpg,Breakfast at Battle Creek Sanitarium,BATTLE?CREEK$MI,,,,,,1900
4000009579.jpg,Breakfast at Battle Creek Sanitarium,BATTLE?CREEK$MI,,,,,,1900
4000009046.jpg,Annual Banquet for Churchill Hotel Fire Sufferers,BAY?CITY$MI,,,,,,1900
4000014754.jpg,Lawn Party & Band Concert Menu - Olympic Club,BAY?SHORE$NY,,,,,,1901
4000014753.jpg,Lawn Party & Band Concert Menu - Olympic Club,BAY?SHORE$NY,,,,,,1901
4000009044.jpg,CLAREMONT HOTEL MENU,BERKELEY$CALIFORNIA,,,,,,1900
4000009331.jpg,Channing Club Menu,BERKELEY$CALIFORNIA,,,,,,1900
4000010602.jpg,"Classic European Cuisine - Kempinski Restaurant, Berlin, Germany",BERLIN$GERMANY,,,,,,1900
4000010709.jpg,Daily Menu at Cassels Hotel & Restaurant,BERLIN$GERMANY,,,,,,1900
4000010759.jpg,Lunch Menu at Zum Franciskaner/Oscar Begauer - Georgen-Strasse Nr. 13,BERLIN$GERMANY,,,,,,1900
4000010760.jpg,Lunch Menu at Zum Franciskaner/Oscar Begauer - Georgen-Strasse Nr. 13,BERLIN$GERMANY,,,,,,1900
4000010761.jpg,Lunch Menu at Zum Franciskaner/Oscar Begauer - Georgen-Strasse Nr. 13,BERLIN$GERMANY,,,,,,1900
4000010762.jpg,Dinner Menu at Zum Franciskaner/Oscar Begauer - Georgen-Strasse Nr. 13,BERLIN$GERMANY,,,,,,1900
4000010787.jpg,Daily Menu at Aschinger's Bier Quelle,BERLIN$GERMANY,,,,,,1900
4000010943.jpg,"Hotel Restaurant Grosser Kurfurst Menu - Hotel Restaurant Grosser Kurfurst, Berlin, Germany",BERLIN$GERMANY,,,,,,1900
4000010944.jpg,"Hotel Restaurant Grosser Kurfurst Menu - Hotel Restaurant Grosser Kurfurst, Berlin, Germany",BERLIN$GERMANY,,,,,,1900
4000010945.jpg,"Hotel Restaurant Grosser Kurfurst Menu - Hotel Restaurant Grosser Kurfurst, Berlin, Germany",BERLIN$GERMANY,,,,,,1900
466514.jpg,Breakfast at Princess Hotel,BERMUDA,,,,,,1900
4000008062.jpg,"Farewell Dinner at the Grand Hotel - GRAND HOTEL, Mr. S.R.Bloomfield",BLOOMFIELD$NJ,,,,,,1900
4000000055.jpg,"Banquet at Revere House and Parker House - Revere House and Parker House, Boston, MA",BOSTON$MA,,,,,,1865
4000000056.jpg,"Banquet at Revere House or Parker House - Revere House or Parker House, Boston, MA",BOSTON$MA,,,,,,1865
4000000057.jpg,"Banquet Menu - Revere House, Boston, MA",BOSTON$MA,,,,,,1865
4000008913.jpg,Daily Menu at Gould's Hotel Cafe,BOSTON$MA,,,,,,1900
4000008915.jpg,Daily Menu at Gould's Hotel Cafe,BOSTON$MA,,,,,,1900
4000008914.jpg,Daily Menu - Gould's Hotel Cafe,BOSTON$MA,,,,,,1900
4000009214.jpg,"Annual Meeting Menu at Boston Boot & Shoe Club - BRUNSWICK HOTEL, BOSTON, MA",BOSTON$MA,,,,,,1900
4000009387.jpg,Banquet to the National Association of Manufacturers at Mechanics' Hall - Citizens Mechanics Building,BOSTON$MA,,,,,,1900
4000009391.jpg,Custom House Restaurant Menu,BOSTON$MA,,,,,,1900
4000009392.jpg,Custom House Restaurant Menu,BOSTON$MA,,,,,,1900
4000009527.jpg,"Freshman Class Dinner at Hotel Vendome - Hotel Vendome, Boston, MA",BOSTON$MA,,,,,,1900
4000009666.jpg,"NEW ENGLAND SHORTHAND REPORTER'S ASSOCIATION SEMI-ANNUAL DINNER - UNITED STATES HOTEL, BOSTON, MA",BOSTON$MA,,,,,,1900
4000009818.jpg,"Unitarian Festival Dinner at Tremont Temple - Tremont Temple, Boston, Massachusetts",BOSTON$MA,,,,,,1900
4000009883.jpg,Oyster House Menu - Boston Oyster House,BOSTON$MA,,,,,,1900
4000010233.jpg,Hotel Touraine Dining Menu,BOSTON$MA,,,,,,1900
4000010234.jpg,"Hotel Touraine Dining Menu - Hotel Touraine, Boston, Massachusetts",BOSTON$MA,,,,,,1900
4000010235.jpg,"Hotel Touraine Dining Menu - Hotel Touraine, Boston, Massachusetts",BOSTON$MA,,,,,,1900
4000010236.jpg,"Hotel Touraine Dining Menu - Hotel Touraine, Boston, Massachusetts",BOSTON$MA,,,,,,1900
4000010237.jpg,Hotel Touraine Dining Menu,BOSTON$MA,,,,,,1900
4000010238.jpg,"Hotel Touraine Dining Menu - Hotel Touraine, Boston, Massachusetts",BOSTON$MA,,,,,,1900
4000010239.jpg,"Hotel Touraine Dining Menu - Hotel Touraine, Boston, Massachusetts",BOSTON$MA,,,,,,1900
4000010240.jpg,Hotel Touraine Dining Menu,BOSTON$MA,,,,,,1900
4000010242.jpg,"Hotel Touraine Dining Menu - Hotel Touraine, Boston, Massachusetts",BOSTON$MA,,,,,,1900
4000010241.jpg,"Hotel Touraine Dining Menu - Hotel Touraine, Boston, Massachusetts",BOSTON$MA,,,,,,1900
4000010243.jpg,"Hotel Touraine Dining Menu - Hotel Touraine, Boston, Massachusetts",BOSTON$MA,,,,,,1900
4000010244.jpg,Hotel Touraine Dining Menu,BOSTON$MA,,,,,,1900
4000010245.jpg,"Hotel Touraine Dining Menu - Hotel Touraine, Boston, Massachusetts",BOSTON$MA,,,,,,1900
4000010246.jpg,"Hotel Touraine Dining Menu - Hotel Touraine, Boston, Massachusetts",BOSTON$MA,,,,,,1900
4000010247.jpg,"Hotel Touraine Dining Menu - Hotel Touraine, Boston, Massachusetts",BOSTON$MA,,,,,,1900
4000010741.jpg,Dinner at Profile House/Hotel Vendome,BOSTON$MA,,,,,,1900
4000010742.jpg,Dinner at Profile House/Hotel Vendome,BOSTON$MA,,,,,,1900
4000015496.jpg,"New England Shorthand Reporters' Association Semi-Annual Dinner - American House, Boston, Massachusetts",BOSTON$MA,,,,,,1901
4000015597.jpg,"Daily Menu at Hotel Dreyfus French Restaurant - Hotel Dreyfus French Restauranr, Hayward Place, Boston, MA",BOSTON$MA,,,,,,1901
4000015598.jpg,"Daily Menu at Hotel Dreyfus French Restaurant - Hotel Dreyfus French Restauranr, Hayward Place, Boston, MA",BOSTON$MA,,,,,,1901
4000015599.jpg,"Daily Menu at Hotel Dreyfus French Restaurant - Hotel Dreyfus French Restauranr, Hayward Place, Boston, MA",BOSTON$MA,,,,,,1901
4000021773.jpg,"Twentieth Century Aldermanir Association Dinner at Copley Square Hotel - Copley Square Hotel, Boston, MA",BOSTON$MA,,,,,,1907
4000021774.jpg,"Twentieth Century Aldermanir Association Dinner at Copley Square Hotel - Copley Square Hotel, Boston, MA",BOSTON$MA,,,,,,1907
4000021854.jpg,Daily Menu at The Thorndike Hotel,BOSTON$MA,,,,,,1907
4000021853.jpg,Daily Menu at The Thorndike Hotel,BOSTON$MA,,,,,,1907
4000021856.jpg,"Daily Breakfast Menu at Hotel Thorndike - Hotel Thorndike, Boylston Street, Boston, MA",BOSTON$MA,,,,,,1907
4000021857.jpg,"Hotel Thorndike Daily Breakfast Menu - Hotel Thorndike, Boylston Street, Boston, MA",BOSTON$MA,,,,,,1907
4000021879.jpg,"Eclectic Literary Dining Experience - Club Of Odd Volumes, Boston, Massachusetts",BOSTON$MA,,,,,,1907
4000021946.jpg,Boston Merchants Association Menu,BOSTON$MA,,,,,,1907
466792.jpg,Breakfast at Vendome Hotel,BOSTON$MA,,,,,,1900
468203.jpg,Oyster House Menu - Boston Oyster House,BOSTON$MA,,,,,,1900
468305.jpg,"Annual Banquet at Mechanics Hall - MECHANICS HALL, Boston, MA",BOSTON$MA,,,,,,1900
4000013421.jpg,"Dinner aboard 'Barbarossa' on Norddeutscher Lloyd - Norddeutscher Lloyd, Bremen",BREMEN,,,,,,1901
4000013422.jpg,"Dinner aboard 'Barbarossa' on Norddeutscher Lloyd - Norddeutscher Lloyd, Bremen",BREMEN,,,,,,1901
4000008382.jpg,"Dinner Menu, SS Kaiser Wilhelm II - SS ""KAISER WLHELM II"", Bremen Norddeutscher Lloyd",BREMEN$BREMEN,,,,,,1900
4000008383.jpg,"Dinner Menu, Norddeutscher Lloyd - SS ""KAISER WLHELM II""",BREMEN$BREMEN,,,,,,1900
4000009057.jpg,Dinner on Dampfer Kaiser Wilhelm der Grosse - Norddeutscher Lloyds Bremen,BREMEN$GERMANY,,,,,,1900
4000009058.jpg,Dinner on DAMPFER 'KAISER WILHELM DER GROSSE' - Norddeutscher Lloyds Bremen,BREMEN$GERMANY,,,,,,1900
4000009075.jpg,Dinner aboard Kaiser Wilhelm der Grosse - EN ROUTE ABOARD KAISER WILHELM DER GROSSE,BREMEN$GERMANY,,,,,,1900
4000009076.jpg,"Dinner aboard Kaiser Wilhelm der Grosse by Norddeutscher Lloyd Bremen - En route aboard Kaiser Wilhelm der Grosse, operated by Norddeutscher Lloyd Bremen",BREMEN$GERMANY,,,,,,1900
4000009085.jpg,"Dinner aboard Kaiser Wilhelm der Grosse by Norddeutscher Lloyd Bremen - EN ROUTE ABOARD KAISER WILHELM DER GROSSE, Norddeutscher Lloyd Bremen",BREMEN$GERMANY,,,,,,1900
4000009086.jpg,"Dinner aboard Kaiser Wilhelm der Grosse - EN ROUTE ABOARD KAISER WILHELM DER GROSSE, Norddeutscher Lloyd Bremen",BREMEN$GERMANY,,,,,,1900
4000009133.jpg,Norddeutsch Lloyd Bremen Dining Menu,BREMEN$GERMANY,,,,,,1900
4000009139.jpg,Norddeutscher Lloyd Bremen Menu,BREMEN$GERMANY,,,,,,1900
4000009138.jpg,Norddeutscher Lloyd Bremen Menu,BREMEN$GERMANY,,,,,,1900
4000009173.jpg,Norddeutscher Lloyd Bremen Dining Menu,BREMEN$GERMANY,,,,,,1900
4000009174.jpg,Dinner aboard the DAMPFER KAISER WILHELM DER GROSSE - Norddeutscher Lloyd Bremen,BREMEN$GERMANY,,,,,,1900
4000009175.jpg,Dinner aboard Dampfer Kaiser Wilhelm der Grosse - Norddeutscher Lloyd Bremen,BREMEN$GERMANY,,,,,,1900
4000009183.jpg,Dinner aboard Dampfer Kaiser Wilhelm der Grosse - Norddeutscher Lloyd Bremen,BREMEN$GERMANY,,,,,,1900
4000009184.jpg,Dinner aboard the Dampfer Kaiser Wilhelm der Grosse - Norddeutscher Lloyd Bremen,BREMEN$GERMANY,,,,,,1900
4000009378.jpg,Dinner on Dampfer Kaiser Wilhelm der Grosse - Norddeutscher Lloyd Bremen,BREMEN$GERMANY,,,,,,1900
4000009379.jpg,Dinner on Dampfer Kaiser Wilhelm der Grosse - Norddeutscher Lloyd Bremen,BREMEN$GERMANY,,,,,,1900
4000009442.jpg,"Dinner on SS Kaiser Wilhelm der Grosse - SS Kaiser Wilhelm der Grosse, Norddeutscher Lloyd Bremen",BREMEN$GERMANY,,,,,,1900
4000009443.jpg,"Dinner on SS Kaiser Wilhelm der Grosse - SS Kaiser Wilhelm der Grosse, Norddeutscher Lloyd Bremen",BREMEN$GERMANY,,,,,,1900
4000009897.jpg,Norddeutscher Lloyd Bremen Menu,BREMEN$GERMANY,,,,,,1900
4000009896.jpg,Norddeutscher Lloyd Bremen Dining Menu,BREMEN$GERMANY,,,,,,1900
4000010056.jpg,Norddeutscher Lloyd Bremen Menu,BREMEN$GERMANY,,,,,,1900
4000010055.jpg,Norddeutscher Lloyd Bremen Dining Menu,BREMEN$GERMANY,,,,,,1900
4000010103.jpg,"Norddeutscher Lloyd Bremen Lunch and Dinner Menu - SS/Dampfer Lahn, Norddeutscher Lloyd Bremen",BREMEN$GERMANY,,,,,,1900
4000010104.jpg,"Norddeutscher Lloyd Bremen Dining Experience - SS/Dampfer Lahn, Norddeutscher Lloyd Bremen",BREMEN$GERMANY,,,,,,1900
4000011007.jpg,"Dinner on the Steamship 'ALLER' by Nordeutscher Lloyd Bremen - Nordeutscher Lloyd Bremen, DAMPFER 'ALLER'",BREMEN$GERMANY,,,,,,1900
4000011008.jpg,"Dinner on the Steamship 'Aller' by Nordeutscher Lloyd Bremen - Dampfer 'Aller', Nordeutscher Lloyd Bremen",BREMEN$GERMANY,,,,,,1900
4000013382.jpg,Norddeutscher Lloyd Bremen Menu,BREMEN$GERMANY,,,,,,1901
4000013383.jpg,Norddeutscher Lloyd Bremen Menu,BREMEN$GERMANY,,,,,,1901
4000013384.jpg,Norddeutscher Lloyd Bremen Menu,BREMEN$GERMANY,,,,,,1901
4000013434.jpg,"Norddeutcher Lloyd Dining Menu - Norddeutcher Lloyd, Bremen",BREMEN$GERMANY,,,,,,1901
4000013471.jpg,"Dinner on SS BARBAROSSA - SS BARBAROSSA, Norddeutscher Lloyd Bremen",BREMEN$GERMANY,,,,,,1901
4000013481.jpg,"NORDDEUTSCHER LLOYD BREMEN Dinner Menu on SS BARBAROSSA - SS BARBAROSSA, Norddeutscher Lloyd Bremen",BREMEN$GERMANY,,,,,,1901
4000013482.jpg,"Dinner on SS Barbarossa by Norddeutscher Lloyd Bremen - SS Barbarossa, Norddeutscher Lloyd Bremen",BREMEN$GERMANY,,,,,,1901
4000013495.jpg,"NORDDEUTSCHER LLOYD BREMEN MITTAGESSEN - DINNER - Dampfer 'Barbarossa', Norddeutscher Lloyd Bremen",BREMEN$GERMANY,,,,,,1901
4000013472.jpg,"Dinner on SS BARBAROSSA - SS BARBAROSSA, Norddeutscher Lloyd Bremen",BREMEN$GERMANY,,,,,,1901
4000013496.jpg,"Mittagessen - Dinner on Dampfer Barbarossa - Dampfer Barbarossa, Norddeutscher Lloyd Bremen",BREMEN$GERMANY,,,,,,1901
4000013508.jpg,Norddeutscher Lloyd Bremen Menu,BREMEN$GERMANY,,,,,,1901
4000013601.jpg,"Dinner on SS LAHN - Norddeutscher Lloyd, Bremen",BREMEN$GERMANY,,,,,,1901
4000013615.jpg,"NORDDEUTSCHER LLOYD - BREMEN Dinner Menu on SS LAHN - Norddeutscher Lloyd, Bremen",BREMEN$GERMANY,,,,,,1901
4000013602.jpg,Dinner on SS LAHN - Norddeutscher Lloyd Bremen,BREMEN$GERMANY,,,,,,1901
4000013629.jpg,"NORDDEUTSCHER LLOYD DINNER aboard DAMPFER LAHN - Norddeutscher Lloyd, Bremen",BREMEN$GERMANY,,,,,,1901
4000013628.jpg,"NORDDEUTSCHER LLOYD Dinner Menu aboard DAMPFER LAHN - Norddeutscher Lloyd, Bremen",BREMEN$GERMANY,,,,,,1901
4000013616.jpg,"Dinner aboard SS 'LAHN' - Norddeutscher Lloyd, Bremen",BREMEN$GERMANY,,,,,,1901
4000013637.jpg,"NORDDEUTSCHER LLOYD DINNER ABOARD DAMPFER LAHN - Norddeutscher Lloyd, Bremen",BREMEN$GERMANY,,,,,,1901
4000013636.jpg,"NORDDEUTSCHER LLOYD DINNER ABOARD DAMPFER LAHN - Norddeutscher Lloyd, Bremen",BREMEN$GERMANY,,,,,,1901
4000014051.jpg,"Dinner aboard Konigin Luise by Norddeutscher Lloyd - EN ROUTE ABOARD KONIGIN LUISE, Norddeutscher Lloyd, Bremen",BREMEN$GERMANY,,,,,,1901
4000014052.jpg,"Dinner aboard Konigin Luise - Norddeutscher Lloyd, Bremen",BREMEN$GERMANY,,,,,,1901
4000014093.jpg,"Daily Dinner Menu on SS Konigin Luise - SS Konigin Luise, Norddeutscher Lloyd Bremen",BREMEN$GERMANY,,,,,,1901
4000014094.jpg,"Dinner on SS Konigin Luise - SS Konigin Luise, Norddeutscher Lloyd Bremen",BREMEN$GERMANY,,,,,,1901
4000014096.jpg,"Daily Supper on SS Konigin Luise - SS Konigin Luise, Norddeutscher Lloyd Bremen",BREMEN$GERMANY,,,,,,1901
4000014117.jpg,"Dinner on SS Konigin Luise - SS Konigin Luise, Norddeutscher Lloyd Bremen",BREMEN$GERMANY,,,,,,1901
4000014097.jpg,"Supper on SS Konigin Luise - SS Konigin Luise, Norddeutscher Lloyd Bremen",BREMEN$GERMANY,,,,,,1901
4000014116.jpg,"Supper on SS Konigin Luise - SS Konigin Luise, Norddeutscher Lloyd Bremen",BREMEN$GERMANY,,,,,,1901
4000014118.jpg,"Dinner on SS Konigin Luise - SS Konigin Luise, Norddeutscher Lloyd Bremen",BREMEN$GERMANY,,,,,,1901
4000014127.jpg,Norddeutscher Lloyd Bremen Menu,BREMEN$GERMANY,,,,,,1901
4000014128.jpg,Norddeutscher Lloyd Bremen Menu,BREMEN$GERMANY,,,,,,1901
4000014131.jpg,"Supper on SS Konigin Luise - SS Konigin Luise, Norddeutscher Lloyd Bremen",BREMEN$GERMANY,,,,,,1901
4000014132.jpg,Norddeutscher Lloyd Bremen Menu,BREMEN$GERMANY,,,,,,1901
4000014135.jpg,Norddeutscher Lloyd Bremen Menu,BREMEN$GERMANY,,,,,,1901
4000014133.jpg,Norddeutscher Lloyd Bremen Dining Menu,BREMEN$GERMANY,,,,,,1901
4000014146.jpg,Norddeutscher Lloyd Bremen Menu,BREMEN$GERMANY,,,,,,1901
4000014147.jpg,Norddeutscher Lloyd Bremen Dining Menu,BREMEN$GERMANY,,,,,,1901
4000014155.jpg,"Dinner on SS Friedrich der Grosse - SS Friedrich der Grosse, Norddeutscher Lloyd Bremen",BREMEN$GERMANY,,,,,,1901
4000014156.jpg,"Dinner on SS Friedrich der Grosse - SS Friedrich der Grosse, Norddeutscher Lloyd Bremen",BREMEN$GERMANY,,,,,,1901
4000014165.jpg,Norddeutscher Lloyd Bremen Dining Menu,BREMEN$GERMANY,,,,,,1901
4000014168.jpg,"NORDDEUTSCHER LLOYD BREMEN Lunch Menu on SS KONIGEN LUISE - SS KONIGEN LUISE, Norddeutscher Lloyd Bremen",BREMEN$GERMANY,,,,,,1901
4000014166.jpg,Norddeutscher Lloyd Bremen Dining Menu,BREMEN$GERMANY,,,,,,1901
4000014169.jpg,"NORDDEUTSCHER LLOYD BREMEN Lunch Menu on SS KONIGEN LUISE - SS KONIGEN LUISE, Norddeutscher Lloyd Bremen",BREMEN$GERMANY,,,,,,1901
4000014183.jpg,"Dinner on SS 'FRIEDRICH DER GROSSE' - SS 'FRIEDRICH DER GROSSE', Norddeutscher Lloyd Bremen",BREMEN$GERMANY,,,,,,1901
4000014202.jpg,"Dinner Menu on Steamship Friedrich der Grosse - EN ROUTE ABOARD DAMPFER FRIEDRICH DER GROSSE, Norddeutscher Lloyd Bremen",BREMEN$GERMANY,,,,,,1901
4000014193.jpg,"Dinner on SS 'FRIEDRICH DER GROSSE' - SS 'FRIEDRICH DER GROSSE', Norddeutscher Lloyd Bremen",BREMEN$GERMANY,,,,,,1901
4000014192.jpg,"Dinner on SS 'FRIEDRICH DER GROSSE' by NORDDEUTSCHER LLOYD BREMEN - SS 'FRIEDRICH DER GROSSE', Norddeutscher Lloyd Bremen",BREMEN$GERMANY,,,,,,1901
4000014184.jpg,"Dinner on SS 'FRIEDRICH DER GROSSE' - SS 'FRIEDRICH DER GROSSE', Norddeutscher Lloyd Bremen",BREMEN$GERMANY,,,,,,1901
4000014203.jpg,"Dinner aboard Dampfer Friedrich der Grosse - EN ROUTE ABOARD DAMPFER FRIEDRICH DER GROSSE, Norddeutscher Lloyd Bremen",BREMEN$GERMANY,,,,,,1901
4000014402.jpg,"Lunch aboard Dampfer Friedrich Der Grosser by Norddeutscher Lloyd Bremen - EN ROUTE ABOARD DAMPFER FRIEDRICH DER GROSSER, Norddeutscher Lloyd Bremen",BREMEN$GERMANY,,,,,,1901
4000014472.jpg,"Dinner on SS Friedrich der Grosse - SS Friedrich der Grosse, Norddeutscher Lloyd Bremen",BREMEN$GERMANY,,,,,,1901
4000014473.jpg,"Dinner on SS Friedrich der Grosse - SS Friedrich der Grosse, Norddeutscher Lloyd Bremen",BREMEN$GERMANY,,,,,,1901
4000014490.jpg,"Dinner on SS Friedrich der Grosse - SS Friedrich der Grosse, Norddeutscher Lloyd Bremen",BREMEN$GERMANY,,,,,,1901
4000014491.jpg,"Dinner on SS Friedrich der Grosse - SS Friedrich der Grosse, Norddeutscher Lloyd Bremen",BREMEN$GERMANY,,,,,,1901
4000014549.jpg,"Dinner aboard SS Friedrich Der Grosse by Nordeutscher Lloyd Bremen - EN ROUTE ABOARD SS FRIEDRICH DER GROSSE, Nordeutscher Lloyd Bremen",BREMEN$GERMANY,,,,,,1901
4000014878.jpg,"Dinner on SS Friedrich der Grosse - SS Friedrich der Grosse, Norddeutscher Lloyd Bremen",BREMEN$GERMANY,,,,,,1901
4000014879.jpg,"Dinner on SS Friedrich der Grosse - SS Friedrich der Grosse, Norddeutscher Lloyd Bremen",BREMEN$GERMANY,,,,,,1901
4000014886.jpg,"Lunch on SS Friedrich der Grosse - SS Friedrich der Grosse, Norddeutscher Lloyd Bremen",BREMEN$GERMANY,,,,,,1901
4000014889.jpg,"Daily Lunch Menu on SS Friedrich der Grosse - SS Friedrich der Grosse, Norddeutscher Lloyd Bremen",BREMEN$GERMANY,,,,,,1901
4000014890.jpg,"Lunch on SS Friedrich der Grosse - SS Friedrich der Grosse, Norddeutscher Lloyd Bremen",BREMEN$GERMANY,,,,,,1901
4000014892.jpg,"Dinner on SS Friedrich der Grosse - SS Friedrich der Grosse, Norddeutscher Lloyd Bremen",BREMEN$GERMANY,,,,,,1901
4000014887.jpg,"Lunch on SS Friedrich der Grosse - SS Friedrich der Grosse, Norddeutscher Lloyd Bremen",BREMEN$GERMANY,,,,,,1901
4000014893.jpg,"Dinner on SS Friedrich der Grosse - SS Friedrich der Grosse, Norddeutscher Lloyd Bremen",BREMEN$GERMANY,,,,,,1901
4000014900.jpg,"MITTAGESSEN on SS 'FRIEDRICH DER GROSSE' - SS 'FRIEDRICH DER GROSSE', Norddeutscher Lloyd Bremen",BREMEN$GERMANY,,,,,,1901
4000014901.jpg,"MITTAGESSEN on SS 'FRIEDRICH DER GROSSE' - SS 'FRIEDRICH DER GROSSE', Norddeutscher Lloyd Bremen",BREMEN$GERMANY,,,,,,1901
4000014943.jpg,Norddeutscher Lloyd Bremen Menu,BREMEN$GERMANY,,,,,,1901
4000014944.jpg,Norddeutscher Lloyd Bremen Menu,BREMEN$GERMANY,,,,,,1901
4000014950.jpg,"FRUHSTUCK on SS 'FRIEDRICH DER GROSSE' - SS 'FRIEDRICH DER GROSSE', Norddeutscher Lloyd Bremen",BREMEN$GERMANY,,,,,,1901
4000014953.jpg,Norddeutscher Lloyd Bremen Menu,BREMEN$GERMANY,,,,,,1901
4000014954.jpg,Norddeutscher Lloyd Bremen Menu,BREMEN$GERMANY,,,,,,1901
4000014951.jpg,"FRUHSTUCK on SS 'FRIEDRICH DER GROSSE' - SS 'FRIEDRICH DER GROSSE', Norddeutscher Lloyd Bremen",BREMEN$GERMANY,,,,,,1901
4000014970.jpg,"MITTAGESSEN on SS 'FRIEDRICH DER GROSSE' - SS 'FRIEDRICH DER GROSSE', Norddeutscher Lloyd Bremen",BREMEN$GERMANY,,,,,,1901
4000014967.jpg,"FRUHSTUCK on SS 'FRIEDRICH DER GROSSE' - SS 'FRIEDRICH DER GROSSE', Norddeutscher Lloyd Bremen",BREMEN$GERMANY,,,,,,1901
4000014966.jpg,"FRUHSTUCK on SS 'FRIEDRICH DER GROSSE' - SS 'FRIEDRICH DER GROSSE', Norddeutscher Lloyd Bremen",BREMEN$GERMANY,,,,,,1901
4000014969.jpg,"MITTAGESSEN on SS 'FRIEDRICH DER GROSSE' - SS 'FRIEDRICH DER GROSSE', Norddeutscher Lloyd Bremen",BREMEN$GERMANY,,,,,,1901
4000014975.jpg,Norddeutscher Lloyd Bremen Menu,BREMEN$GERMANY,,,,,,1901
4000014981.jpg,"Dinner aboard SS Friedrich Der Grosse by Nordeutscher Lloyd Bremen - EN ROUTE ABOARD SS FRIEDRICH DER GROSSE, Nordeutscher Lloyd Bremen",BREMEN$GERMANY,,,,,,1901
4000014976.jpg,Norddeutscher Lloyd Bremen Menu,BREMEN$GERMANY,,,,,,1901
4000015050.jpg,"MITTAGESSEN on SS 'FRIEDRICH DER GROSSE' - SS 'FRIEDRICH DER GROSSE', Norddeutscher Lloyd Bremen",BREMEN$GERMANY,,,,,,1901
4000015061.jpg,"Breakfast and Lunch Menu on SS 'FRIEDRICH DER GROSSE' - SS 'FRIEDRICH DER GROSSE', Norddeutscher Lloyd Bremen",BREMEN$GERMANY,,,,,,1901
4000015062.jpg,"Breakfast/Lunch Menu on SS Friedrich der Grosse - SS Friedrich der Grosse, Norddeutscher Lloyd Bremen",BREMEN$GERMANY,,,,,,1901
4000015064.jpg,"Dinner on SS 'FRIEDRICH DER GROSSE' by NORDDEUTSCHER LLOYD BREMEN - SS 'FRIEDRICH DER GROSSE', Norddeutscher Lloyd Bremen",BREMEN$GERMANY,,,,,,1901
4000015065.jpg,"Dinner on SS 'FRIEDRICH DER GROSSE' by NORDDEUTSCHER LLOYD BREMEN - SS 'FRIEDRICH DER GROSSE', Norddeutscher Lloyd Bremen",BREMEN$GERMANY,,,,,,1901
4000015071.jpg,"Lunch on SS 'FRIEDRICH DER GROSSE' by NORDDEUTSCHER LLOYD BREMEN - SS 'FRIEDRICH DER GROSSE', Norddeutscher Lloyd Bremen",BREMEN$GERMANY,,,,,,1901
4000015085.jpg,"Lunch on SS 'FRIEDRICH DER GROSSE' - SS 'FRIEDRICH DER GROSSE', Norddeutscher Lloyd Bremen",BREMEN$GERMANY,,,,,,1901
4000015072.jpg,"MITTAGESSEN on SS 'FRIEDRICH DER GROSSE' - SS 'FRIEDRICH DER GROSSE', Norddeutscher Lloyd Bremen",BREMEN$GERMANY,,,,,,1901
4000015069.jpg,"NORDDEUTSCHER LLOYD BREMEN Breakfast/Lunch Menu on SS 'FRIEDRICH DER GROSSE' - SS 'FRIEDRICH DER GROSSE', Norddeutscher Lloyd Bremen",BREMEN$GERMANY,,,,,,1901
4000015086.jpg,"Lunch on SS 'FRIEDRICH DER GROSSE' by NORDDEUTSCHERRR LLOYD BREMEN - SS 'FRIEDRICH DER GROSSE', Norddeutscher Lloyd Bremen",BREMEN$GERMANY,,,,,,1901
4000015097.jpg,Lunch on 'Friedrich der Grosse' - Norddeutscher Lloyd Bremen,BREMEN$GERMANY,,,,,,1901
4000015089.jpg,Norddeutscher Lloyd Bremen Menu,BREMEN$GERMANY,,,,,,1901
4000015096.jpg,Norddeutscher Lloyd Bremen Menu,BREMEN$GERMANY,,,,,,1901
4000015098.jpg,Lunch on board 'Friedrich der Grosse' by Norddeutscher Lloyd Bremen,BREMEN$GERMANY,,,,,,1901
4000015106.jpg,Lunch on board the 'Friedrich der Grosse' - Norddeutscher Lloyd Bremen,BREMEN$GERMANY,,,,,,1901
4000015100.jpg,Dinner aboard 'Friedrich der Grosse' by Norddeutscher Lloyd Bremen,BREMEN$GERMANY,,,,,,1901
4000015101.jpg,Dinner aboard 'Friedrich der Grosse' by Norddeutscher Lloyd Bremen,BREMEN$GERMANY,,,,,,1901
4000015107.jpg,Lunch on board the 'Friedrich der Grosse' - Norddeutscher Lloyd Bremen,BREMEN$GERMANY,,,,,,1901
4000015110.jpg,Norddeutscher Lloyd Bremen Menu,BREMEN$GERMANY,,,,,,1901
4000015109.jpg,Norddeutscher Lloyd Bremen Menu,BREMEN$GERMANY,,,,,,1901
4000015137.jpg,"Dinner on board the 'FRIEDRICH DER GROSSE' - Norddeutscher Lloyd Bremen, EN ROUTE 'FRIEDRICH DER GROSSE'",BREMEN$GERMANY,,,,,,1901
4000015138.jpg,Dinner aboard 'Friedrich der Grosse' by Norddeutscher Lloyd Bremen,BREMEN$GERMANY,,,,,,1901
4000015135.jpg,Lunch on board the 'Friedrich der Grosse' by Norddeutscher Lloyd Bremen,BREMEN$GERMANY,,,,,,1901
4000015143.jpg,"Lunch on board the 'FRIEDRICH DER GROSSE' by NORDDEUTSCHER LLOYD BREMEN - Norddeutscher Lloyd Bremen, EN ROUTE 'FRIEDRICH DER GROSSE'",BREMEN$GERMANY,,,,,,1901
4000015134.jpg,Lunch on board the 'Friedrich der Grosse' - Norddeutscher Lloyd Bremen,BREMEN$GERMANY,,,,,,1901
4000015144.jpg,Lunch on board the 'Friedrich der Grosse' - Norddeutscher Lloyd Bremen,BREMEN$GERMANY,,,,,,1901
4000015146.jpg,Dinner aboard the 'Friedrich der Grosse' ship - Norddeutscher Lloyd Bremen,BREMEN$GERMANY,,,,,,1901
4000015154.jpg,Lunch aboard 'Friedrich der Grosse' on Norddeutscher Lloyd Bremen,BREMEN$GERMANY,,,,,,1901
4000015147.jpg,Dinner aboard the 'Friedrich der Grosse' ship - Norddeutscher Lloyd Bremen,BREMEN$GERMANY,,,,,,1901
4000015155.jpg,Lunch on board the 'Friedrich der Grosse' - Norddeutscher Lloyd Bremen,BREMEN$GERMANY,,,,,,1901
4000015157.jpg,Norddeutscher Lloyd Bremen Menu,BREMEN$GERMANY,,,,,,1901
4000015158.jpg,Norddeutscher Lloyd Bremen Menu,BREMEN$GERMANY,,,,,,1901
4000015298.jpg,Norddeutscher Lloyd Bremen Menu,BREMEN$GERMANY,,,,,,1901
4000015299.jpg,Norddeutscher Lloyd Bremen Menu,BREMEN$GERMANY,,,,,,1901
4000015303.jpg,Norddeutscher Lloyd Bremen Dining Menu,BREMEN$GERMANY,,,,,,1901
4000015304.jpg,Norddeutscher Lloyd Bremen Menu,BREMEN$GERMANY,,,,,,1901
4000015309.jpg,Lunch on Dampfer 'Kronprinz Wilhelm' - Norddeutscher Lloyd Bremen,BREMEN$GERMANY,,,,,,1901
4000015312.jpg,"Dinner on the Steamship 'Kronprinz Wilhelm' - NORDDEUTSCHER LLOYD BREMEN, DAMPFER 'KRONPRINZ WILHLEM'",BREMEN$GERMANY,,,,,,1901
4000015318.jpg,"Dinner on the Steamship 'Kronprinz Wilhelm' - NORDDEUTSCHER LLOYD BREMEN, DAMPFER 'KRONPRINZ WILHLEM'",BREMEN$GERMANY,,,,,,1901
4000015313.jpg,"Dinner on the Steamship 'Kronprinz Wilhelm' - NORDDEUTSCHER LLOYD BREMEN, DAMPFER 'KRONPRINZ WILHLEM'",BREMEN$GERMANY,,,,,,1901
4000015317.jpg,"Dinner on the Steamship 'Kronprinz Wilhelm' - NORDDEUTSCHER LLOYD BREMEN, DAMPFER 'KRONPRINZ WILHLEM'",BREMEN$GERMANY,,,,,,1901
4000015326.jpg,Norddeutscher Lloyd Bremen Menu,BREMEN$GERMANY,,,,,,1901
4000015327.jpg,Norddeutscher Lloyd Bremen Menu,BREMEN$GERMANY,,,,,,1901
4000015395.jpg,"Dinner aboard Dampfer Kronprinz Wilhelm - EN ROUTE ABOARD DAMPFER KRONPRINZ WILHELM, Norddeutscher Lloyd Bremen",BREMEN$GERMANY,,,,,,1901
466870.jpg,"Lunch Menu on Kaiser Wilhelm der Grosse - EN ROUTE ABOARD KAISER WILHELM DER GROSSE, Norddeutscher Lloyd Bremen",BREMEN$GERMANY,,,,,,1900
466879.jpg,"Lunch aboard Kaiser Wilhelm der Grosse - EN ROUTE ABOARD KAISER WILHELM DER GROSSE, Norddeutscher Lloyd Bremen",BREMEN$GERMANY,,,,,,1900
466880.jpg,"Breakfast aboard Kaiser Wilhelm der Grosse - EN ROUTE ABOARD KAISER WILHELM DER GROSSE, Norddeutscher Lloyd Bremen",BREMEN$GERMANY,,,,,,1900
466883.jpg,Breakfast aboard Kaiser Wilhelm der Grosse - Norddeutscher Lloyd Bremen,BREMEN$GERMANY,,,,,,1900
466884.jpg,"Lunch Menu on Kaiser Wilhelm der Grosse - EN ROUTE ABOARD KAISER WILHELM DER GROSSE, Norddeutscher Lloyd Bremen",BREMEN$GERMANY,,,,,,1900
466893.jpg,"Breakfast aboard Kaiser Wilhelm der Grosse - EN ROUTE ABOARD KAISER WILHELM DER GROSSE, Norddeutscher Lloyd Bremen",BREMEN$GERMANY,,,,,,1900
466894.jpg,"Lunch aboard Kaiser Wilhelm der Grosse - EN ROUTE ABOARD KAISER WILHELM DER GROSSE, Norddeutscher Lloyd Bremen",BREMEN$GERMANY,,,,,,1900
466911.jpg,Norddeutsch Lloyd Bremen Menu,BREMEN$GERMANY,,,,,,1900
466912.jpg,Norddeutsch Lloyd Bremen Menu,BREMEN$GERMANY,,,,,,1900
466931.jpg,Breakfast on the Dampfer Kaiser Wilhelm der Grosse - Norddeutscher Lloyd Bremen,BREMEN$GERMANY,,,,,,1900
466932.jpg,Lunch on the Dampfer Kaiser Wilhelm der Grosse - Norddeutscher Lloyd Bremen,BREMEN$GERMANY,,,,,,1900
466941.jpg,Lunch on the Dampfer Kaiser Wilhelm der Grosse - Norddeutscher Lloyd Bremen,BREMEN$GERMANY,,,,,,1900
466940.jpg,Breakfast on the Schnelldampfer Kaiser Wilhelm der Grosse - Norddeutscher Lloyd Bremen,BREMEN$GERMANY,,,,,,1900
467028.jpg,"Lunch on the Steamship Kaiser Wilhelm der Grosse - NORDDEUTSCHER LLOYD BREMEN, DAMPFER KAISER WILHELM DER GROSSE",BREMEN$GERMANY,,,,,,1900
467070.jpg,"Lunch on SS KAISER WILHELM DER GROSSE - SS KAISER WILHELM DER GROSSE, Norddeutscher Lloyd Bremen",BREMEN$GERMANY,,,,,,1900
467069.jpg,"Breakfast on SS Kaiser Wilhelm der Grosse - SS Kaiser Wilhelm der Grosse, Norddeutscher Lloyd Bremen",BREMEN$GERMANY,,,,,,1900
467238.jpg,Norddeutscher Lloyd Bremen Dining Menu,BREMEN$GERMANY,,,,,,1900
467239.jpg,Norddeutscher Lloyd Bremen Menu,BREMEN$GERMANY,,,,,,1900
467240.jpg,Norddeutscher Lloyd Bremen Dining Menu,BREMEN$GERMANY,,,,,,1900
468211.jpg,Breakfast on the Dampfer 'Wilhelm der Grosse' - Norddeutscher Lloyd Bremen,BREMEN$GERMANY,,,,,,1900
468215.jpg,Breakfast on the Dampfer 'Wilhelm der Grosse' - Norddeutscher Lloyd Bremen Line,BREMEN$GERMANY,,,,,,1900
468216.jpg,Lunch on Dampfer 'Wilhelm der Grosse' - Norddeutscher Lloyd Bremen Line,BREMEN$GERMANY,,,,,,1900
4000014899.jpg,"MITTAGESSEN on SS 'FRIEDRICH DER GROSSE' - SS 'FRIEDRICH DER GROSSE', Norddeutscher Lloyd Bremen",BREMEN$IN?BREMEN$GERMANY,,,,,,1901
4000015068.jpg,"NORDDEUTSCHER LLOYD BREMEN Breakfast/Lunch Menu on SS 'FRIEDRICH DER GROSSE' - SS 'FRIEDRICH DER GROSSE', Norddeutscher Lloyd Bremen",BREMEN$IN?BREMEN$GERMANY,,,,,,1901
4000015079.jpg,MITTAGESEN on SCHNELLPOSTDAMPFER 'KRONPRINZ WILHELM' - Norddeutscher Lloyd Bremen,BREMEN$IN?BREMEN$GERMANY,,,,,,1901
4000015394.jpg,"Dinner Menu on Dampfer Kronprinz Wilhelm - EN ROUTE ABOARD DAMPFER KRONPRINZ WILHELM, Norddeutscher Lloyd Bremen",BREMEN$IN?BREMEN$GERMANY,,,,,,1901
4000011808.jpg,New England Society Dinner at the Academy of Music - ART ROOMS OF THE ACADEMY OF MUSIC,BROOKLYN$NEW?YORK,,,,,,1900
4000011809.jpg,New England Society Dinner at the Academy of Music - ART ROOMS OF THE ACADEMY OF MUSIC,BROOKLYN$NEW?YORK,,,,,,1900
4000021832.jpg,Brooklyn League Menu,BROOKLYN$NEW?YORK,,,,,,1907
4000021972.jpg,Crescent Athletic Club Menu,BROOKLYN$NEW?YORK,,,,,,1907
4000014801.jpg,"Brooklyn Dinner Delights - Brooklyn, NY",BROOKLYN$NY,,,,,,1901
467064.jpg,35th Anniversary Dinner at Brooklyn Club,BROOKLYN$NY,,,,,,1900
4000013397.jpg,Hotel Hungaria Dining Experience,BUDAPEST$HUNGARY,,,,,,1901
4000014877.jpg,"Electric Tower Restaurant Dinner Menu at Pan American Exposition - Electric Tower Restaurant, Pan American Exposition",BUFFALO$NEW?YORK,,,,,,1901
4000009419.jpg,"25th Annual Meeting & Banquet at Iroquois - Alumni Association, University of Buffalo",BUFFALO$NY,,,,,,1900
4000013769.jpg,Pan-American Exposition Lunch and Dinner Menu - Bailey Catering Co.,BUFFALO$NY,,,,,,1901
4000013835.jpg,Daily Menu at Luchow's Pan American Restaurant Co. - Luchow's Pan American Restauant Co.,BUFFALO$NY,,,,,,1901
4000013836.jpg,Daily Menu at Luchow's Pan American Restaurant Co. - Luchow's Pan American Restauant Co.,BUFFALO$NY,,,,,,1901
4000013837.jpg,Daily Menu at Luchow's Pan American Restaurant Co. - Luchow's Pan American Restauant Co.,BUFFALO$NY,,,,,,1901
4000013976.jpg,"Baily Catering Co. Luncheon at Pan-American Exposition - Mirror Lake Pergola, Pan-American Exposition",BUFFALO$NY,,,,,,1901
4000014227.jpg,"INTERNATIONAL ACETYLENE ASSOCIATION ANNUAL DINNER at ELLICOTT CLUB - ELLICOTT CLUB, BUFFALO, NY",BUFFALO$NY,,,,,,1901
4000014343.jpg,"Spring Reunion and Convention Dinner at Ellicott Club - ELLICOTT CLUB, BUFFALO, NY",BUFFALO$NY,,,,,,1901
4000014368.jpg,"Dinner to the President and Board of Directors of the Pan American Exposition - ELICOTT CLUB, Buffalo, NY",BUFFALO$NY,,,,,,1901
4000014771.jpg,Daily Menu at Electric Tower Restaurant,BUFFALO$NY,,,,,,1901
4000014772.jpg,Daily Menu at Electric Tower Restaurant,BUFFALO$NY,,,,,,1901
4000014773.jpg,Daily Menu at Electric Tower Restaurant,BUFFALO$NY,,,,,,1901
4000014814.jpg,"Daily Menu at Electric Tower Restaurant - Electric Tower Restaurant, Bailey Catering Co.",BUFFALO$NY,,,,,,1901
4000014930.jpg,"15th Annual Convention Menu at Ellicott Club - ELLICOTT CLUB, BUFFALO, NY",BUFFALO$NY,,,,,,1901
4000015000.jpg,PAN AMERICAN EXPOSITION Menu - Bailey Catering Co.,BUFFALO$NY,,,,,,1901
467219.jpg,"Statler's Dinner at Ellicott Square - Statler's, Ellicott Square, Buffalo, NY",BUFFALO$NY,,,,,,1900
468515.jpg,Statler's Dinner Menu,BUFFALO$NY,,,,,,1900
4000009922.jpg,Burlington Route A.E.White Commissary Menu,BURLINGTON$IOWA,,,,,,1900
4000009921.jpg,Burlington Route A.E.White Commissary Menu,BURLINGTON$IOWA,,,,,,1900
4000010071.jpg,Vintage Dining on the Burlington Route,BURLINGTON$IOWA,,,,,,1900
4000010074.jpg,Vintage Dining on the Burlington Route,BURLINGTON$IOWA,,,,,,1900
4000010072.jpg,Burlington Route Dining Menu,BURLINGTON$IOWA,,,,,,1900
4000010075.jpg,Burlington Route Dining Menu,BURLINGTON$IOWA,,,,,,1900
4000013707.jpg,Ohio Society Ladies Luncheon - The Ladies Of The Ohio Society Of California,CALIFORNIA,,,,,,1901
4000010121.jpg,"Class of '77 Examination Paper Menu - Parker's, Class Of '77 Of Harvard College",CAMBRIDGE$MA,,,,,,1900
4000014293.jpg,Harvard Class of 1889 Menu - Class Of 1889 Harvard,CAMBRIDGE$MA,,,,,,1901
4000014292.jpg,Harvard Class of 1889 Menu - Class Of 1889 Harvard,CAMBRIDGE$MA,,,,,,1901
4000014294.jpg,Harvard Class of 1889 Menu - Class Of 1889 Harvard,CAMBRIDGE$MA,,,,,,1901
4000014295.jpg,Harvard Class of 1889 Menu - Class Of 1889 Harvard,CAMBRIDGE$MA,,,,,,1901
467283.jpg,Russell House Dinner Menu,CAMBRIDGE$MA,,,,,,
4000009423.jpg,Degree Team Banquet at Camden Lodge #1 A.O.U.W. - Degree Team Camden Lodge #1 A.O.U.W.,CAMDEN$NEW?JERSEY,,,,,,1900
466977.jpg,Lunch aboard R.M.S. Empress of China - EN ROUTE ABOARD R.M.S. EMPRESS OF CHINA,CANADIAN?PACIFIC?RAILWAY,,,,,,1900
467033.jpg,Breakfast on the Canadian Pacific Railway,CANADIAN?PACIFIC?RAILWAY,,,,,,1900
466935.jpg,Dinner on the R.M.S. Empress of China,CANADIAN?PACIFIC?RAILWAY?COMPANY,,,,,,1900
466951.jpg,Breakfast on the R.M.S. Empress of China,CANADIAN?PACIFIC?RAILWAY?COMPANY,,,,,,1900
466952.jpg,Luncheon on the R.M.S. Empress of China,CANADIAN?PACIFIC?RAILWAY?COMPANY,,,,,,1900
4000010257.jpg,Dinner at Catskill Mountain House,CATSKILL?MOUNTAIN?HOUSE$IN?CATSKILL$NEW?YORK,,,,,,1900
468451.jpg,Sunday Supper at Catskill Mountain House,CATSKILL?MOUNTAIN?HOUSE$IN?CATSKILL$NEW?YORK,,,,,,1900
468459.jpg,Breakfast at Catskill Mountain House,CATSKILL?MOUNTAIN?HOUSE$IN?CATSKILL$NEW?YORK,,,,,,1900
468471.jpg,Supper at Catskill Mountain House,CATSKILL?MOUNTAIN?HOUSE$IN?CATSKILL$NEW?YORK,,,,,,1900
4000010376.jpg,Dinner at Catskill Mountain House,CATSKILL?MOUNTAIN?HOUSE$IN?CATSKILL$NY,,,,,,1900
4000010191.jpg,July Fourth Dinner at Catskill Mountain House,CATSKILL?MOUNTAIN?HOUSE$NY,,,,,,1900
4000009764.jpg,Illinois Central Railroad Luncheon Menu,CENTRAL?MISSISSIPPI?VALLEY$IN?ILLINOIS,,,,,,1900
4000009765.jpg,Illinois Central Railroad Supper Menu,CENTRAL?MISSISSIPPI?VALLEY$IN?ILLINOIS,,,,,,1900
4000010298.jpg,Railway Dining Car Menu - Central Passenger Association,CENTRAL?PASSENGER?ASSOCIATION$IN?CITY$STATE?ABBREIVATION?FORMAT,,,,,,1900
4000009254.jpg,Wilson College Alumnae Association Anniversary Dinner at Hoel Flanders,CHAMBERSBURG$PENNSYLVANIA,,,,,,1900
4000009934.jpg,Alumnae Of Wilson College Banquet Menu,CHAMBERSBURG$PENNSYLVANIA,,,,,,1900
4000017093.jpg,"First Banquet at Chrysanthemum Club of the U.S. Flagship Texas - ARGYLE HOTEL, Charleston, SC",CHARLESTON$SC,,,,,,1905
4000021864.jpg,Hotel Keepers' Association Of Charleston Menu,CHARLESTON$SOUTH?CAROLINA,,,,,,1907
4000014354.jpg,"Dinner honoring Judge John J. Jackson at Hotel Ruffner - Hotel Ruffner, Charleston, WV",CHARLESTON$WV,,,,,,1901
4000011885.jpg,Christmas Dinner at Central Hotel,CHARLOTTE$NC,,,,,,1900
468371.jpg,Supper Menu on Chesapeake Steamship Co.,CHESAPEAKE,,,,,,1900
467153.jpg,Luncheon on the Rails - Dining Car on Chesapeake & Ohio Railway,CHESAPEAKE?&?OHIO?RAILWAY,,,,,,1900
467281.jpg,Breakfast on the FFV Limited Dining Cars - Chesapeake & Ohio Railway,CHESAPEAKE?&?OHIO?RAILWAY,,,,,,1900
4000008027.jpg,Board of Trade Menu - Board Of Trade Of City Of Chicago,CHICAGO$IL,,,,,,1900
4000008458.jpg,"Banquet in Honor of Judge Peter S. Grosscup & Judge Christian C. Kohlsaat - The Auditorium, Chicago, Ill.",CHICAGO$IL,,,,,,1900
4000008740.jpg,"Daily Luncheon Menu at Wm.Mangler Catering Co. - 119-121 LA SALLE ST.,CHICAGO,IL",CHICAGO$IL,,,,,,1900
4000008942.jpg,"Daily Menu - 137 E. MADISON ST.,CHICAGO,ILL.",CHICAGO$IL,,,,,,1900
4000008941.jpg,"Daily Menu - 137 E. MADISON ST.,CHICAGO,ILL.",CHICAGO$IL,,,,,,1900
4000008950.jpg,"Daily Menu at German Restaurant & Buffet - 137 E. MADISON ST. CHICAGO, ILL.",CHICAGO$IL,,,,,,1900
4000008951.jpg,"German Restaurant Daily Menu - 137 E. MADISON ST. CHICAGO, ILL.",CHICAGO$IL,,,,,,1900
4000009338.jpg,University Alumni Dining Experience - Eastern Alumni Of The University Of Chicago,CHICAGO$IL,,,,,,1900
4000009466.jpg,Dinner for the Admiral of the Navy - University Club,CHICAGO$IL,,,,,,1900
4000009622.jpg,"Daily Menu at German Restaurant And Buffet - 137 E. MADISON ST. CHICAGO, IL",CHICAGO$IL,,,,,,1900
4000009623.jpg,"German Restaurant And Buffet Daily Menu - 137 E. MADISON ST. CHICAGO, IL",CHICAGO$IL,,,,,,1900
4000009774.jpg,Oyster House and Restaurant Menu - Chicago Oyster House And Restaurant,CHICAGO$IL,,,,,,1900
4000009775.jpg,Oyster House and Restaurant Menu - Chicago Oyster House And Restaurant,CHICAGO$IL,,,,,,1900
4000009776.jpg,Oyster House and Restaurant Menu - Chicago Oyster House And Restaurant,CHICAGO$IL,,,,,,1900
4000009777.jpg,Oyster House and Restaurant Menu - Chicago Oyster House And Restaurant,CHICAGO$IL,,,,,,1900
4000009843.jpg,Buffet Luncheon on Chicago Great Western Railway,CHICAGO$IL,,,,,,1900
4000009844.jpg,Luncheon Buffet Service on Chicago Great Western Railway,CHICAGO$IL,,,,,,1900
4000010158.jpg,A La Carte Menu at Hamilton Club Of Chicago,CHICAGO$IL,,,,,,1900
4000010157.jpg,A La Carte Menu - Hamilton Club Of Chicago,CHICAGO$IL,,,,,,1900
4000010322.jpg,"24th Annual Banquet at Chicago Beach Hotel - Chicago Beach Hotel, Chicago, IL",CHICAGO$IL,,,,,,1900
4000010368.jpg,Dinner at Del Prado Hotel,CHICAGO$IL,,,,,,1900
4000011030.jpg,National Coopers Association Banquet at Chicago Beach Hotel,CHICAGO$IL,,,,,,1900
4000011168.jpg,Dinner at Chicago Beach Hotel,CHICAGO$IL,,,,,,1900
4000011533.jpg,First Annual Banquet at Kentucky Club of Chicago - Grand Pacific Hotel,CHICAGO$IL,,,,,,1900
4000011623.jpg,Chicago Beach Hotel Menu,CHICAGO$IL,,,,,,1900
4000011877.jpg,"DINNER at Wisconsin Central Railway Co. - PASSENGER STATION, CHICAGO, IL",CHICAGO$IL,,,,,,1900
4000011876.jpg,"Dinner at Wisconsin Central Railway Co. Passenger Station - PASSENGER STATION, Chicago, IL",CHICAGO$IL,,,,,,1900
4000011963.jpg,Victoria The Dinner Menu,CHICAGO$IL,,,,,,1900
4000015535.jpg,"Complimentary Dinner for Chicago Representatives by American Brass Company - Chicago Athletic Association, Chicago, IL",CHICAGO$IL,,,,,,1901
4000015571.jpg,Bill of Fare at Chicago Athletic Association,CHICAGO$IL,,,,,,1901
4000015572.jpg,Bill of Fare at Chicago Athletic Association,CHICAGO$IL,,,,,,1901
4000015573.jpg,Bill of Fare at Chicago Athletic Association,CHICAGO$IL,,,,,,1901
4000015574.jpg,BILL OF FARE - Chicago Athletic Association,CHICAGO$IL,,,,,,1901
4000015575.jpg,Bill of Fare at Chicago Athletic Association,CHICAGO$IL,,,,,,1901
4000015576.jpg,Bill of Fare - Chicago Athletic Association,CHICAGO$IL,,,,,,1901
4000015577.jpg,Bill of Fare at Chicago Athletic Association,CHICAGO$IL,,,,,,1901
4000015578.jpg,Bill of Fare at Chicago Athletic Association,CHICAGO$IL,,,,,,1901
4000015579.jpg,Bill of Fare - Chicago Athletic Association,CHICAGO$IL,,,,,,1901
4000015581.jpg,Bill of Fare at Chicago Athletic Association,CHICAGO$IL,,,,,,1901
4000015580.jpg,Bill of Fare at Chicago Athletic Association,CHICAGO$IL,,,,,,1901
4000015582.jpg,Bill of Fare at Chicago Athletic Association,CHICAGO$IL,,,,,,1901
4000015583.jpg,Bill of Fare at Chicago Athletic Association,CHICAGO$IL,,,,,,1901
4000015584.jpg,Bill of Fare at Chicago Athletic Association,CHICAGO$IL,,,,,,1901
4000015585.jpg,Bill of Fare at Chicago Athletic Association,CHICAGO$IL,,,,,,1901
4000015586.jpg,Bill of Fare at Chicago Athletic Association,CHICAGO$IL,,,,,,1901
4000015587.jpg,Bill of Fare at Chicago Athletic Association,CHICAGO$IL,,,,,,1901
4000015589.jpg,Bill of Fare at Chicago Athletic Association,CHICAGO$IL,,,,,,1901
4000015590.jpg,Bill of Fare at Chicago Athletic Association,CHICAGO$IL,,,,,,1901
4000015591.jpg,Bill of Fare - Chicago Athletic Association,CHICAGO$IL,,,,,,1901
4000021980.jpg,Chicago Athletic Association Menu,CHICAGO$IL,,,,,,1907
4000021981.jpg,Chicago Athletic Association Menu,CHICAGO$IL,,,,,,1907
4000021982.jpg,Chicago Athletic Association Menu,CHICAGO$IL,,,,,,1907
4000021984.jpg,Chicago Athletic Association Menu,CHICAGO$IL,,,,,,1907
4000021985.jpg,Chicago Athletic Association Menu,CHICAGO$IL,,,,,,1907
4000021983.jpg,Chicago Athletic Association Dining Menu,CHICAGO$IL,,,,,,1907
4000021986.jpg,Chicago Athletic Association Menu,CHICAGO$IL,,,,,,1907
4000021987.jpg,Chicago Athletic Association Dining Menu,CHICAGO$IL,,,,,,1907
4000021989.jpg,Chicago Athletic Association Menu,CHICAGO$IL,,,,,,1907
4000021990.jpg,Chicago Athletic Association Dining Menu,CHICAGO$IL,,,,,,1907
4000021988.jpg,Chicago Athletic Association Menu,CHICAGO$IL,,,,,,1907
4000021992.jpg,Chicago Athletic Association Dining Menu,CHICAGO$IL,,,,,,1907
4000021991.jpg,Chicago Athletic Association Dining Menu,CHICAGO$IL,,,,,,1907
4000021994.jpg,Chicago Athletic Association Menu,CHICAGO$IL,,,,,,1907
4000021993.jpg,Chicago Athletic Association Dining Menu,CHICAGO$IL,,,,,,1907
4000021995.jpg,Athletic Club Dining Menu - Chicago Athletic Association,CHICAGO$IL,,,,,,1907
4000021996.jpg,Chicago Athletic Association Menu,CHICAGO$IL,,,,,,1907
4000021998.jpg,Chicago Athletic Association Dining Menu,CHICAGO$IL,,,,,,1907
4000021997.jpg,Chicago Athletic Association Dining Menu,CHICAGO$IL,,,,,,1907
4000021999.jpg,Chicago Athletic Association Menu,CHICAGO$IL,,,,,,1907
4000022000.jpg,Chicago Athletic Association Menu,CHICAGO$IL,,,,,,1907
466671.jpg,Evening Dinner at Bert Hough & Tony Franker Pabst Blue Ribbon,CHICAGO$IL,,,,,,1900
466680.jpg,"Daily Luncheon Menu at Wm. Mangler Catering Co. - 119-121 La Salle St., Chicago, IL",CHICAGO$IL,,,,,,1900
466704.jpg,"Evening Dinner at Pabst Blue Ribbon - 122-124 S. Clark Street, Chicago, IL",CHICAGO$IL,,,,,,1900
467065.jpg,Gunther's Luncheon Menu,CHICAGO$IL,,,,,,1900
467083.jpg,Dinner for the Admiral of the Navy at University Club,CHICAGO$IL,,,,,,1900
467286.jpg,Menu - Chicago Oyster House And Restaurant,CHICAGO$IL,,,,,,1900
467305.jpg,"Mangler's Daily Dinner Menu - La Salle St. Chicago, IL",CHICAGO$IL,,,,,,1900
467308.jpg,Pure Food Cafes - Annex No. 1 Daily Table d'Hote Menu - 102 East Madison St.,CHICAGO$IL,,,,,,1900
468230.jpg,En Route Dining Experience - Commercial Club Of Chicago,CHICAGO$IL,,,,,,1900
468232.jpg,Special Pullman Train Dinner - Commercial Club Of Chicago,CHICAGO$IL,,,,,,1900
468508.jpg,Del Prado Hotel Luncheon Menu,CHICAGO$IL,,,,,,1900
4000010430.jpg,Transatlantic Cuisine - Cie Gle Transatlantique,CIE?GLE?TRANSATLANTIQUE,,,,,,1900
4000011279.jpg,"Complimentary Dinner for Directors of the First Fall Festival of Cincinnati - EXCHANGE HALL, CINCINNATI, OH",CINCINNATI$OH,,,,,,1900
4000011501.jpg,27th Annual Dinner at Cuvier Club,CINCINNATI$OH,,,,,,1900
4000015179.jpg,Daily Menu at Gibson House,CINCINNATI$OH,,,,,,1901
4000015178.jpg,Daily Menu at Gibson House,CINCINNATI$OH,,,,,,1901
4000015469.jpg,"Golden Jubilee Celebration at Hanselamann Loge No. 208 - Scottish Rite Cathedral, Cincinnati, OH",CINCINNATI$OH,,,,,,1901
4000015610.jpg,Twenty-Eighth Annual Dinner at Cuvier Club,CINCINNATI$OH,,,,,,1901
466804.jpg,Hotel Alms Dinner Menu,CINCINNATI$OH,,,,,,1900
4000013938.jpg,Syrian Temple Annual Dinner,CINCINNATI$OHIO,,,,,,1901
4000009518.jpg,Daily Dinner Menu on Pacific Mail Steamship Company,CITY?OF?RIO?DE?JANEIRO$BRAZIL,,,,,,1900
467175.jpg,Tiffin Menu aboard City of Rio de Janeiro - Pacific Mail Steamship Company,CITY?OF?RIO?DE?JANEIRO$BRAZIL,,,,,,1900
4000017080.jpg,Hotel Antler Menu,CITY$STATE,,,,,,1905
466854.jpg,CLAREMONT HOTEL MENU,CLAREMONT,,,,,,1900
4000011096.jpg,Century Club Event Menu,CLEVELAND$OH,,,,,,1900
4000011098.jpg,Century Club Event Menu,CLEVELAND$OH,,,,,,1900
4000011102.jpg,Century Club Event Menu,CLEVELAND$OH,,,,,,1900
4000011132.jpg,Century Club Luncheon Menu,CLEVELAND$OH,,,,,,1900
4000011131.jpg,Century Club Luncheon Menu,CLEVELAND$OH,,,,,,1900
4000011373.jpg,Second Anniversary Dinner at Colonial Hotel,CLEVELAND$OH,,,,,,1900
4000011900.jpg,Christmas Dinner at Ye Hotel Colonial,CLEVELAND$OH,,,,,,1900
4000015481.jpg,"Banquet for Ohio Bankers Association at Hollenden Hotel - HOLLENDEN HOTEL, Cleveland, OH",CLEVELAND$OH,,,,,,1901
468224.jpg,Colonial Hotel Luncheon Menu,CLEVELAND$OH,,,,,,1900
4000011089.jpg,Daily Menu at Century Club,CLEVELAND$OHIO,,,,,,1900
4000011090.jpg,Daily Menu at Century Club,CLEVELAND$OHIO,,,,,,1900
4000011097.jpg,Century Club Event Menu,CLEVELAND$OHIO,,,,,,1900
4000011099.jpg,Century Club Event Menu,CLEVELAND$OHIO,,,,,,1900
4000011100.jpg,Century Club Event Menu,CLEVELAND$OHIO,,,,,,1900
4000011103.jpg,Century Club Event Menu,CLEVELAND$OHIO,,,,,,1900
4000011101.jpg,Century Club Event Menu,CLEVELAND$OHIO,,,,,,1900
4000010184.jpg,Dinner at Alta Vista Hotel,COLORADO?SPRINGS$CO,,,,,,1900
468404.jpg,Breakfast at Alta Vista Hotel,COLORADO?SPRINGS$CO,,,,,,1900
468405.jpg,Luncheon at Alta Vista Hotel,COLORADO?SPRINGS$CO,,,,,,1900
468417.jpg,Breakfast at Alamo The,COLORADO?SPRINGS$CO,,,,,,1900
468416.jpg,July Fourth Dinner at Alamo Hotel - Alamo Hotel(?),COLORADO?SPRINGS$CO,,,,,,1900
468418.jpg,Luncheon at Alamo The,COLORADO?SPRINGS$CO,,,,,,1900
4000010379.jpg,Colorado Hotel Dinner Menu,COLORADO?SPRINGS$COLORADO,,,,,,1900
466679.jpg,Daily Lunch Menu on SS Louisiana - Cromwell Steamship Company,CROMWELL,,,,,,1900
466721.jpg,Maritime Dining Experience - Cromwell Steamship Company,CROMWELL$CONNECTICUT,,,,,,1900
466726.jpg,Dinner at Cromwell Steamship Company,CROMWELL$CONNECTICUT,,,,,,1900
4000010264.jpg,Crosby's Restaurant Menu,CROSBY$NORTH?DAKOTA,,,,,,1900
4000010265.jpg,Crosby's Restaurant Menu,CROSBY$NORTH?DAKOTA,,,,,,1900
4000010266.jpg,Classic American Diner Menu - Crosby's Restaurant,CROSBY$NORTH?DAKOTA,,,,,,1900
4000010268.jpg,Crosby's Restaurant Menu,CROSBY$NORTH?DAKOTA,,,,,,1900
4000010269.jpg,Classic American Diner Menu - Crosby's Restaurant,CROSBY$NORTH?DAKOTA,,,,,,1900
4000010270.jpg,Crosby's Restaurant Regular Menu,CROSBY$NORTH?DAKOTA,,,,,,1900
4000010273.jpg,Crosby's Restaurant Menu,CROSBY$NORTH?DAKOTA,,,,,,1900
4000010271.jpg,Classic American Diner Menu - Crosby's Restaurant,CROSBY$NORTH?DAKOTA,,,,,,1900
4000010275.jpg,Crosby's Restaurant Regular Menu,CROSBY$NORTH?DAKOTA,,,,,,1900
4000010267.jpg,Crosby's Restaurant Menu,CROSBY$NORTH?DAKOTA$ND,,,,,,1900
4000010272.jpg,"Classic American Diner Fare - Crosby's Restaurant, Crosby, North Dakota",CROSBY$NORTH?DAKOTA$ND,,,,,,1900
466488.jpg,Daily Lunch Menu on RMS CAMPANIA by CUNARD LINE,CUNARD?LINE,,,,,,1900
467001.jpg,Daily Breakfast Menu on RMS Lucania,CUNARD?LINE,,,,,,1900
468489.jpg,Dinner at Gran Hotel Europa,CURAZAO,,,,,,1900
4000009874.jpg,D&H Dining Car Service Daily Dinner Menu,D&H?DINING?CAR?SERVICE$IN?UNKNOWN,,,,,,1900
4000010632.jpg,Hotel Kurhaus Dining Menu,DAVOS$SWITZERLAND,,,,,,1900
4000010638.jpg,Hotel Kurhaus Dining Menu,DAVOS$SWITZERLAND,,,,,,1900
468507.jpg,"Del Prado Hotel Dining Menu - Del Prado Hotel, Havana, Cuba",DEL?PRADO?HOTEL$IN?HAVANA$CUBA,,,,,,1900
4000008199.jpg,Sons Of The American Revolution Menu - Sons Of The American Revolution In The State Of Delaware,DELAWARE$DE,,,,,,1900
4000010692.jpg,Daily Bill of Fare at Brown Palace Hotel,DENVER$CO,,,,,,1900
4000010691.jpg,Breakfast - A La Carte at Brown Palace Hotel,DENVER$CO,,,,,,1900
4000010694.jpg,Daily Bill of Fare at Brown Palace Hotel,DENVER$CO,,,,,,1900
4000010693.jpg,Daily Bill of Fare at Brown Palace Hotel,DENVER$CO,,,,,,1900
4000014138.jpg,Railway Dining Menu - Denver And Rio Grand Rr & The Rio Grande Western Railway,DENVER$COLORADO,,,,,,1901
4000014141.jpg,Railway Dining Menu - Denver And Rio Grand Rr & The Rio Grande Western Railway,DENVER$COLORADO,,,,,,1901
4000011872.jpg,Christmas Dinner at Depew Inn,DEPEW$NY,,,,,,1900
4000008225.jpg,Moslem Temple Menu - Nobles Of Moslem Temple,DETROIT$MI,,,,,,1900
4000010111.jpg,Fifth Anniversary Dinner at Griswold House,DETROIT$MI,,,,,,1900
4000010738.jpg,Dinner at Griswold House,DETROIT$MI,,,,,,1900
4000010739.jpg,Dinner at Griswold House,DETROIT$MI,,,,,,1900
4000011256.jpg,Daily Dinner Menu at Griswold House,DETROIT$MI,,,,,,1900
4000011805.jpg,Possum Club Banquet at Griswold House,DETROIT$MI,,,,,,1900
4000011845.jpg,Christmas Dinner at Russell House,DETROIT$MI,,,,,,1900
4000011890.jpg,Christmas Dinner at Griswald House,DETROIT$MI,,,,,,1900
4000021928.jpg,"Dinner in Honor of Frank E. Beal at Hotel Pontchartrain - Hotel Pontchartrain, Detroit, MI",DETROIT$MI,,,,,,1907
467241.jpg,Dinner at Russell House,DETROIT$MI,,,,,,1900
468222.jpg,Luncheon at Russell House,DETROIT$MI,,,,,,1900
468237.jpg,Dinner at Russell House,DETROIT$MI,,,,,,1900
468463.jpg,Table d'hote at Russell House,DETROIT$MI,,,,,,1900
468528.jpg,"Daily Luncheon Menu - Russell House,The",DETROIT$MI,,,,,,1900
4000015055.jpg,Dutcher House Dinner Menu,DUTCHER?HOUSE$IN?CITY$STATE?ABBREIVATION?FORMAT$OR?STATE?SPELLED?OUT.?IF?NOT?A?CITY$STATE$LEAVE?BLANK,,,,,,1901
4000010089.jpg,Hotel Earlington Dining Menu,EARLINGTON$KENTUCKY,,,,,,1900
4000010092.jpg,Hotel Earlington Dining Menu,EARLINGTON$KENTUCKY,,,,,,1900
468344.jpg,Hotel Earlington Dining Menu,EARLINGTON$KENTUCKY,,,,,,1900
466847.jpg,Hotel Dining Menu - Eastman Hotel,EASTMAN$GEORGIA,,,,,,1900
4000010441.jpg,Elka Park Association Menu,ELKA?PARK$IN?ELKA?PARK$NY,,,,,,1900
4000010442.jpg,Elka Park Association Menu,ELKA?PARK$IN?ELKA?PARK$NY,,,,,,1900
4000011458.jpg,Ellicott Club Menu,ELLICOTT?CITY$MD,,,,,,1900
4000010704.jpg,"Woodbury Hotel & Restaurant Company Menu - Elmer Woodbury Hotel & Restaurant Company, Elmer, New Jersey",ELMER$IN?ELMER$NEW?JERSEY,,,,,,1900
4000010699.jpg,"Woodbury Hotel & Restaurant Company Menu - Elmer Woodbury Hotel & Restaurant Company, Elmer, New Jersey",ELMER$NEW?JERSEY,,,,,,1900
4000010701.jpg,Woodbury Hotel Dinner Menu - Elmer Woodbury Hotel & Restaurant Company,ELMER$NEW?JERSEY,,,,,,1900
4000010702.jpg,Woodbury Hotel Dining Menu - Elmer Woodbury Hotel & Restaurant Company,ELMER$NEW?JERSEY,,,,,,1900
4000010705.jpg,Elmer Woodbury Hotel Dinner Menu - Elmer Woodbury Hotel & Restaurant Company,ELMER$NEW?JERSEY,,,,,,1900
4000008560.jpg,Dinner aboard R.M.S. Etruria - Cunard Line,EN?ROUTE,,,,,,1900
4000009781.jpg,Breakfast on the Northern Pacific Railway - Northern Pacific Railway Dining Car Service,EN?ROUTE,,,,,,1900
4000011094.jpg,Dinner on Lehigh Valley Railroad Dining Car - Lehigh Valley Railroad Dining Car Service,EN?ROUTE,,,,,,1900
4000013572.jpg,LUNCHEON on U.S.M.S St. Paul,EN?ROUTE,,,,,,1901
4000014077.jpg,Breakfast on the Oceanic Steamship Co. Sierra,EN?ROUTE,,,,,,1901
466463.jpg,LUNCH on Red Star Line S.S. Westernland,EN?ROUTE,,,,,,1900
467287.jpg,Northern Pacific Railway Dining Card Service Breakfast Menu,EN?ROUTE,,,,,,1900
468340.jpg,Lunch Menu on U.S.A.(Army) Transport Warren,EN?ROUTE?ABOARD?ABOVE,,,,,,1900
4000009911.jpg,"Dinner aboard City of Para, Pacific Mail Steamship Company Panama Line",EN?ROUTE?ABOARD?CITY?OF?PARA$PACIFIC?OCEAN,,,,,,1900
4000011904.jpg,CHRISTMAS DINNER ABOARD COPTIC - O. And O.S.S. Coptic,EN?ROUTE?ABOARD?COPTIC,,,,,,1900
4000011903.jpg,Christmas Dinner on the O. And O.S.S. Coptic,EN?ROUTE?ABOARD?O.?AND?O.S.S.?COPTIC,,,,,,1900
4000009241.jpg,Dinner aboard Panama Line Steamship City of Para - Pacific Mail Steamship Co.,EN?ROUTE?ABOARD?PANAMA?LINE?STEAMSHIP?CITY?OF?PARA,,,,,,1900
4000009242.jpg,Dinner aboard Panama Line Steamship City of Para - Pacific Mail Steamship Co.,EN?ROUTE?ABOARD?PANAMA?LINE?STEAMSHIP?CITY?OF?PARA,,,,,,1900
4000009279.jpg,Dinner aboard Panama Line Steamship City of Para - Pacific Mail Steamship Co.,EN?ROUTE?ABOARD?PANAMA?LINE?STEAMSHIP?CITY?OF?PARA,,,,,,1900
4000009278.jpg,Dinner aboard Panama Line Steamship City of Para - Pacific Mail Steamship Co.,EN?ROUTE?ABOARD?PANAMA?LINE?STEAMSHIP?CITY?OF?PARA,,,,,,1900
4000009315.jpg,Dinner aboard Panama Line Steamship City of Para - Pacific Mail Steamship Co.,EN?ROUTE?ABOARD?PANAMA?LINE?STEAMSHIP?CITY?OF?PARA,,,,,,1900
4000009314.jpg,Dinner aboard Panama Line Steamship City of Para - Pacific Mail Steamship Co.,EN?ROUTE?ABOARD?PANAMA?LINE?STEAMSHIP?CITY?OF?PARA,,,,,,1900
466962.jpg,Breakfast Menu on Pacific Mail Steamship Co.'s Panama Line Steamship City of Para,EN?ROUTE?ABOARD?PANAMA?LINE?STEAMSHIP?CITY?OF?PARA,,,,,,1900
466971.jpg,Breakfast Menu on Pacific Mail Steamship Co.'s City of Para,EN?ROUTE?ABOARD?PANAMA?LINE?STEAMSHIP?CITY?OF?PARA,,,,,,1900
466878.jpg,Breakfast Menu on R.M.S. Empress of China - Canadian Pacific Railway Company,EN?ROUTE?ABOARD?R.M.S.?EMPRESS?OF?CHINA,,,,,,1900
466886.jpg,LUNCHEON MENU ABOARD R.M.S. EMPRESS OF CHINA - Canadian Pacific Railway Company,EN?ROUTE?ABOARD?R.M.S.?EMPRESS?OF?CHINA,,,,,,1900
466887.jpg,BREAKFAST MENU ABOARD R.M.S. EMPRESS OF CHINA - Canadian Pacific Railway Company,EN?ROUTE?ABOARD?R.M.S.?EMPRESS?OF?CHINA,,,,,,1900
466899.jpg,BREAKFAST MENU ABOARD R.M.S. EMPRESS OF CHINA - Canadian Pacific Railway Company,EN?ROUTE?ABOARD?R.M.S.?EMPRESS?OF?CHINA,,,,,,1900
466898.jpg,LUNCHEON MENU ABOARD R.M.S. EMPRESS OF CHINA - Canadian Pacific Railway Company,EN?ROUTE?ABOARD?R.M.S.?EMPRESS?OF?CHINA,,,,,,1900
466957.jpg,Breakfast aboard R.M.S. Empress of China - Canadian Pacific Railway,EN?ROUTE?ABOARD?R.M.S.?EMPRESS?OF?CHINA,,,,,,1900
466538.jpg,LUNCHEON MENU ABOARD R.M.S. ETRURIA - Cunard Line,EN?ROUTE?ABOARD?R.M.S.?ETRURIA,,,,,,1900
466539.jpg,Dinner Menu on R.M.S. Etruria - Cunard Line,EN?ROUTE?ABOARD?R.M.S.?ETRURIA,,,,,,1900
4000009071.jpg,DINNER MENU ABOARD R.M.S. LUCANIA - Cunard Line,EN?ROUTE?ABOARD?R.M.S.?LUCANIA,,,,,,1900
4000009070.jpg,LUNCHEON MENU ABOARD R.M.S. LUCANIA - Cunard Line,EN?ROUTE?ABOARD?R.M.S.?LUCANIA,,,,,,1900
4000009092.jpg,DINNER MENU ABOARD R.M.S. LUCANIA - Cunard Line,EN?ROUTE?ABOARD?R.M.S.?LUCANIA,,,,,,1900
4000009091.jpg,LUNCHEON MENU ABOARD R.M.S. LUCANIA - Cunard Line,EN?ROUTE?ABOARD?R.M.S.?LUCANIA,,,,,,1900
4000009090.jpg,Breakfast aboard R.M.S. Lucania - Cunard Line,EN?ROUTE?ABOARD?R.M.S.?LUCANIA,,,,,,1900
4000009409.jpg,LUNCHEON MENU aboard R.M.S. LUCANIA - Cunard Line,EN?ROUTE?ABOARD?R.M.S.?LUCANIA,,,,,,1900
4000009410.jpg,BREALFAST menu aboard R.M.S. Lucania - Cunard Line,EN?ROUTE?ABOARD?R.M.S.?LUCANIA,,,,,,1900
466876.jpg,CUNARD LINE LUNCHEON ABOARD R.M.S. LUCANIA,EN?ROUTE?ABOARD?R.M.S.?LUCANIA,,,,,,1900
466877.jpg,DINNER MENU ABOARD R.M.S. LUCANIA - Cunard Line,EN?ROUTE?ABOARD?R.M.S.?LUCANIA,,,,,,1900
466888.jpg,Breakfast aboard R.M.S. Lucania - Cunard Line,EN?ROUTE?ABOARD?R.M.S.?LUCANIA,,,,,,1900
466890.jpg,Dinner aboard R.M.S. Lucania - Cunard Line,EN?ROUTE?ABOARD?R.M.S.?LUCANIA,,,,,,1900
466889.jpg,LUNCHEON MENU ABOARD R.M.S. LUCANIA - Cunard Line,EN?ROUTE?ABOARD?R.M.S.?LUCANIA,,,,,,1900
466985.jpg,Dinner aboard R.M.S. Lucania - Canadian Pacific Railway Company,EN?ROUTE?ABOARD?R.M.S.?LUCANIA,,,,,,1900
467049.jpg,LUNCHEON aboard R.M.S. LUCANIA - Cunard Line,EN?ROUTE?ABOARD?R.M.S.?LUCANIA,,,,,,1900
467050.jpg,BREALFAST menu aboard R.M.S. Lucania - Cunard Line,EN?ROUTE?ABOARD?R.M.S.?LUCANIA,,,,,,1900
466533.jpg,BREAKFAST aboard S.S. COPTIC - Occidental & Oriental Steamship Co.,EN?ROUTE?ABOARD?S.S.?COPTIC,,,,,,1900
4000009236.jpg,Dinner Menu on S.S. Doric - Occidental And Oriental Steamship Co.,EN?ROUTE?ABOARD?S.S.?DORIC,,,,,,1900
4000009235.jpg,Dinner Menu on S.S. Doric - Occidental And Oriental Steamship Co.,EN?ROUTE?ABOARD?S.S.?DORIC,,,,,,1900
4000009282.jpg,Dinner aboard S.S. Doric - Occidental And Oriental Steamship Co.,EN?ROUTE?ABOARD?S.S.?DORIC,,,,,,1900
4000009288.jpg,Dinner Menu on S.S. Doric - Occidental And Oriental Steamship Co.,EN?ROUTE?ABOARD?S.S.?DORIC,,,,,,1900
4000009283.jpg,Dinner Menu on S.S. Doric - Occidental And Oriental Steamship Co.,EN?ROUTE?ABOARD?S.S.?DORIC,,,,,,1900
4000009289.jpg,Dinner Menu on S.S. Doric - Occidental And Oriental Steamship Co.,EN?ROUTE?ABOARD?S.S.?DORIC,,,,,,1900
466967.jpg,LUNCH menu aboard S.S. Doric - Occidental And Oriental Steamship Co.,EN?ROUTE?ABOARD?S.S.?DORIC,,,,,,1900
466973.jpg,LUNCH menu aboard S.S. Doric by Occidental And Oriental Steamship Co.,EN?ROUTE?ABOARD?S.S.?DORIC,,,,,,1900
466974.jpg,BREAKFAST menu aboard S.S. DORIC - Occidental And Oriental Steamship Co.,EN?ROUTE?ABOARD?S.S.?DORIC,,,,,,1900
466989.jpg,LUNCH MENU ON S.S. DORIC - Occidental And Oriental Steamship Co.,EN?ROUTE?ABOARD?S.S.?DORIC,,,,,,1900
466449.jpg,DINNER MENU ABOARD S.S. SOUTHWARK - Red Star Line,EN?ROUTE?ABOARD?S.S.?SOUTHWARK,,,,,,1900
466442.jpg,DINNER aboard S.S. WESTERNLAND by RED STAR LINE,EN?ROUTE?ABOARD?S.S.?WESTERNLAND,,,,,,1900
4000014655.jpg,Dinner aboard S.S.ZEALANDIA - Oceanic Steamship Co.,EN?ROUTE?ABOARD?S.S.ZEALANDIA,,,,,,1901
4000014656.jpg,Dinner aboard S.S.ZEALANDIA - Oceanic Steamship Co.,EN?ROUTE?ABOARD?S.S.ZEALANDIA,,,,,,1901
4000014024.jpg,DINNER - SECOND CABIN - Oceanic Steamship Company,EN?ROUTE?ABOARD?SS?VENTURA,,,,,,1901
4000014025.jpg,DINNER - SECOND CABIN - Oceanic Steamship Company,EN?ROUTE?ABOARD?SS?VENTURA,,,,,,1901
4000013856.jpg,Oceanic Steamship Co. Dinner Menu Aboard Ventura,EN?ROUTE?ABOARD?VENTURA,,,,,,1901
4000013872.jpg,DINNER - SECOND CABIN - Oceanic Steamship Co.,EN?ROUTE?ABOARD?VENTURA,,,,,,1901
466437.jpg,Dinner on board R.M.S. Campania - Cunard Line,EN?ROUTE?ON?BOARD?R.M.S.?CAMPANIA,,,,,,1900
466440.jpg,Dinner on R.M.S. Campania - Cunard Line,EN?ROUTE?ON?BOARD?R.M.S.?CAMPANIA,,,,,,1900
466439.jpg,LUNCHEON menu on board R.M.S. CAMPANIA - Cunard Line,EN?ROUTE?ON?BOARD?R.M.S.?CAMPANIA,,,,,,1900
466438.jpg,Breakfast on board R.M.S. Campania - Cunard Line,EN?ROUTE?ON?BOARD?R.M.S.?CAMPANIA,,,,,,1900
468188.jpg,"English Hotel Restaurant Menu - English Hotel Restaurant, London, England",ENGLISH?HOTEL$LONDON$ENG,,,,,,1900
4000014398.jpg,Dinner service along the Erie Railroad,ERIE?RAILROAD,,,,,,1901
4000014693.jpg,"Historic Hotel Dining Experience - Claremont Hotel, Erie (Rr)",ERIE$PA,,,,,,1901
4000014678.jpg,Classic Erie Cuisine - Erie (Rr),ERIE$PA,,,,,,1901
4000010695.jpg,Daily Supper at Essex Hotel,ESSEX?HOTEL$IN?CHICAGO$IL,,,,,,1900
4000009359.jpg,Classic American Fare - Everett House,EVERETT$WASHINGTON,,,,,,1900
4000009360.jpg,Classic Comfort Dining - Everett House,EVERETT$WASHINGTON,,,,,,1900
4000015335.jpg,Luncheon on the Fall River Line Steamer Puritan,FALL?RIVER$MASSACHUSETTS,,,,,,1901
468210.jpg,Metropole Hotel Luncheon Menu,FARGO$ND,,,,,,1900
468209.jpg,Breakfast at Metropole Hotel,FARGO$ND,,,,,,1900
4000011243.jpg,"Banquet Honoring Judging Colleagues at Internationale Kochkunst Ausstellung - GRAND HOTEL, PARISER HOF, Frankfurt A.M., Germany",FRANKFURT?A.M.$GERMANY,,,,,,1900
4000008103.jpg,"Banquet for Sun Life Insurance Company Staffs - TREMONT HOTEL, GALVESTON, TX",GALVESTON$TX,,,,,,1900
4000008767.jpg,Chamber of Commerce Menu - Galveston Chamber Of Commerce,GALVESTON$TX,,,,,,1900
4000013391.jpg,George W. Smith Menu,GEORGE?W.?SMITH,,,,,,1901
4000009155.jpg,"Princess Hotel Dining Menu - Princess Hotel, Georgetown, Guyana",GEORGETOWN$GUYANA,,,,,,1900
466891.jpg,Royal Hotel Gibralter Dinner Menu,GIBRALTAR,,,,,,1900
468400.jpg,Fourth of July Celebration at the Consulate of the United States of America - Claremont Hotel,GIBRALTAR$SPAIN,,,,,,1900
466742.jpg,"Dinner at Hotel Des Temples in Girgenti, Sicily",GIRGENTI$SICILY,,,,,,1900
466748.jpg,"Dinner at Hotel Des Temples in Girgenti, Sicily",GIRGENTI$SICILY,,,,,,1900
466747.jpg,"Dinner at Hotel Des Temples in Girgenti, Sicily",GIRGENTI$SICILY,,,,,,1900
4000010179.jpg,Fourth of July Dinner at Hotel Colorado,GLENWOOD?SPRINGS$CO,,,,,,1900
4000010254.jpg,Hotel Colorado Dinner Menu,GLENWOOD?SPRINGS$CO,,,,,,1900
468455.jpg,Dinner at Hotel Colorado,GLENWOOD?SPRINGS$CO,,,,,,1900
468458.jpg,Hotel Colorado Luncheon Menu,GLENWOOD?SPRINGS$CO,,,,,,1900
468460.jpg,Breakfast at Hotel Colorado,GLENWOOD?SPRINGS$CO,,,,,,1900
4000010712.jpg,Daily Menu at W.Zahn & Sohn,GOESCHENEN$SWITZERLAND,,,,,,1900
4000010811.jpg,Artisan Bread Menu - Golden Grain Bread Co. Ltd.,GOLDEN$COLORADO,,,,,,1900
4000010813.jpg,Artisan Bread Menu - Golden Grain Bread Co. Ltd.,GOLDEN$COLORADO,,,,,,1900
4000010425.jpg,Grand Hotel Dining Menu,GRAND?HOTEL$MACKINAC?ISLAND$MI,,,,,,1900
4000013991.jpg,"Dinner at National Association Of Manufacturers Of The United States Of America - Country Club, Grosse Pointe, MI",GROSSE?POINTE$MI,,,,,,1901
4000008594.jpg,Hamburg Amerika Linie Menu,HAMBURG$GER,,,,,,1900
4000008615.jpg,Hamburg Amerika Linie Menu,HAMBURG$GER,,,,,,1900
4000008617.jpg,Hamburg Amerika Linie Menu,HAMBURG$GER,,,,,,1900
4000008625.jpg,Breakfast/Lunch Menu on the Hamburg Amerika Linie Express Steamer - SCHNELLDAMPFER (EXPRESS STEAMER) AUGUST VICTORIA,HAMBURG$GER,,,,,,1900
4000008628.jpg,"Dinner on the SchnellDampfer August Victoria - SCHNELLDAMPFER (EXPRESS STEAMER) AUGUST VICTORIA, Hamburg Amerika Linie",HAMBURG$GER,,,,,,1900
4000008646.jpg,"Dinner aboard the August Victoria, Hamburg Amerika Linie - SCHNELLDAMPFER (EXPRESS STEAMER) AUGUST VICTORIA",HAMBURG$GER,,,,,,1900
4000008645.jpg,"Dinner aboard the AUGUST VICTORIA Express Steamer - SCHNELLDAMPFER (EXPRESS STEAMER) AUGUST VICTORIA, Hamburg Amerika Linie",HAMBURG$GER,,,,,,1900
4000008842.jpg,"Dinner on the Auguste Victoria - SCHNELLDAMPFER ""AUGUSTE VICTORIA""",HAMBURG$GER,,,,,,1900
4000008867.jpg,"Dinner on the Auguste Victoria - SCHNELLDAMPFER ""AUGUSTE VICTORIA""",HAMBURG$GER,,,,,,1900
4000008868.jpg,"Dinner on the Auguste Victoria - SCHNELLDAMPFER ""AUGUSTE VICTORIA""",HAMBURG$GER,,,,,,1900
4000008877.jpg,Dinner aboard the Auguste Victoria - EN ROUTE ABOARD SCHNELLDAMPFER (EXPRESS STEAMER) AUGUSTE VICTORIA,HAMBURG$GER,,,,,,1900
4000008899.jpg,Dinner Menu aboard the Auguste Victoria - EN ROUTE ABOARD SCNELLDAMPFER (EXPRESS STEAMER) AUGUSTE VICTORIA,HAMBURG$GER,,,,,,1900
4000008593.jpg,Hamburg Amerika Linie Menu,HAMBURG$GERMANY,,,,,,1900
4000008614.jpg,Hamburg Amerika Linie Menu,HAMBURG$GERMANY,,,,,,1900
4000008618.jpg,Hamburg Amerika Linie Menu,HAMBURG$GERMANY,,,,,,1900
4000008626.jpg,Breakfast/Lunch Menu on the Hamburg Amerika Linie Express Steamer - SCHNELLDAMPFER (EXPRESS STEAMER) AUGUST VICTORIA,HAMBURG$GERMANY,,,,,,1900
4000008629.jpg,"Dinner aboard the SchnellDampfer August Victoria - SCHNELLDAMPFER (EXPRESS STEAMER) AUGUST VICTORIA, Hamburg Amerika Linie",HAMBURG$GERMANY,,,,,,1900
4000008720.jpg,"Wedding Reception Menu - HANSA-GESELLSCHAFTSHAUS, Hamburg-GERMANY",HAMBURG$GERMANY,,,,,,1900
4000008843.jpg,"Dinner on the Auguste Victoria - SCHNELLDAMPFER ""AUGUSTE VICTORIA""",HAMBURG$GERMANY,,,,,,1900
4000008876.jpg,"Dinner aboard the Auguste Victoria - En Route aboard SchnellDampfer (Express Steamer) Auguste Victoria, Hamburg Amerika Linie",HAMBURG$GERMANY,,,,,,1900
4000008879.jpg,Dinner aboard the Auguste Victoria - Hamburg Amerika Linie,HAMBURG$GERMANY,,,,,,1900
4000008880.jpg,Dinner Menu aboard the Auguste Victoria - EN ROUTE ABOARD SCHNELLDAMPFER (EXPRESS STEAMER) AUGUSTE VICTORIA,HAMBURG$GERMANY,,,,,,1900
4000008895.jpg,Dinner Menu aboard the Auguste Victoria - EN ROUTE ABOARD SCNELLDAMPFER (EXPRESS STEAMER) AUGUSTE VICTORIA,HAMBURG$GERMANY,,,,,,1900
4000008896.jpg,"Dinner aboard the Auguste Victoria - En Route aboard SchnellDampfer (Express Steamer) Auguste Victoria, Hamburg Amerika Linie",HAMBURG$GERMANY,,,,,,1900
4000008901.jpg,Dinner Menu Aboard the Auguste Victoria - EN ROUTE ABOARD SCNELLDAMPFER (EXPRESS STEAMER) AUGUSTE VICTORIA,HAMBURG$GERMANY,,,,,,1900
4000008898.jpg,"Dinner aboard Express Steamer Auguste Victoria - En route aboard SchnellDampfer Auguste Victoria, Hamburg Amerika Linie",HAMBURG$GERMANY,,,,,,1900
4000008902.jpg,Dinner aboard the Auguste Victoria - EN ROUTE ABOARD SCNELLDAMPFER (EXPRESS STEAMER) AUGUSTE VICTORIA,HAMBURG$GERMANY,,,,,,1900
4000009607.jpg,"Dinner aboard Post-Dampfer Graf Waldersee - EN ROUTE ABOARD POST-DAMPFER GRAF WALDERSEE, Hamburg American Line",HAMBURG$GERMANY,,,,,,1900
4000014237.jpg,Hamburg Amerika Linie Menu,HAMBURG$GERMANY,,,,,,1901
4000014238.jpg,Hamburg Amerika Linie Menu,HAMBURG$GERMANY,,,,,,1901
4000014244.jpg,Silver Wedding Anniversary Celebration Menu - Max Prale And Wife Geb. Kahle,HAMBURG$GERMANY,,,,,,1901
4000014286.jpg,"Dinner on the SS FURST BISMARCK - SS FURST BISMARCK, Hamburg Amerika Linie",HAMBURG$GERMANY,,,,,,1901
4000014241.jpg,"Breakfast Menu on Hamburg-Amerika Linie's Furst Bismarck - EN ROUTE ABOARD FURST BISMARCK, Hamburg Amerika Linie",HAMBURG$GERMANY,,,,,,1901
4000014285.jpg,"Dinner on the SS FURST BISMARCK - SS FURST BISMARCK, Hamburg Amerika Linie",HAMBURG$GERMANY,,,,,,1901
4000014310.jpg,"Breakfast on the SS Furst Bismarck - SS FURST BISMARCK, Hamburg Amerika Linie",HAMBURG$GERMANY,,,,,,1901
4000014311.jpg,"Breakfast on the SS Furst Bismarck - SS FURST BISMARCK, Hamburg Amerika Linie",HAMBURG$GERMANY,,,,,,1901
4000014435.jpg,Dinner on Hamburg-Amerika Linie Steamer Furst Bismarck - Hamburg Amerika Linie Steamer Furst Bismarck,HAMBURG$GERMANY,,,,,,1901
4000014436.jpg,Dinner on Hamburg-Amerika Linie Steamer Furst Bismarck - Hamburg Amerika Linie Steamer Furst Bismarck,HAMBURG$GERMANY,,,,,,1901
4000014448.jpg,Breakfast on the Hamburg-Amerika Express Steamer Furst Bismarck - Hamburg Amerika Express Steamer Furst Bismarck,HAMBURG$GERMANY,,,,,,1901
4000014452.jpg,Luxury Dining on Steamer Furst Bismarck - Hamburg Amerika Linie Steamer Furst Bismarck,HAMBURG$GERMANY,,,,,,1901
4000014451.jpg,Luxury Dining on Steamer Furst Bismarck - Hamburg Amerika Linie Steamer Furst Bismarck,HAMBURG$GERMANY,,,,,,1901
4000014449.jpg,Breakfast on the Hamburg-Amerika Express Steamer Furst Bismarck - Hamburg Amerika Express Steamer Furst Bismarck,HAMBURG$GERMANY,,,,,,1901
4000014484.jpg,"Dinner on SS FURST BISMARCK - SS FURST BISMARCK, Hamburg Amerika Linie",HAMBURG$GERMANY,,,,,,1901
4000014479.jpg,"Breakfast on the SS Furst Bismarck - SS FURST BISMARCK, Hamburg Amerika Linie",HAMBURG$GERMANY,,,,,,1901
4000014478.jpg,"Breakfast on the SS Furst Bismarck - SS FURST BISMARCK, Hamburg Amerika Linie",HAMBURG$GERMANY,,,,,,1901
4000014485.jpg,"Dinner on SS FURST BISMARCK - SS FURST BISMARCK, Hamburg Amerika Linie",HAMBURG$GERMANY,,,,,,1901
4000014498.jpg,"Breakfast on the SS FURST BISMARCK - SS FURST BISMARCK, Hamburg Amerika Linie",HAMBURG$GERMANY,,,,,,1901
4000014499.jpg,"Breakfast on the SS Furst Bismarck - SS FURST BISMARCK, Hamburg Amerika Linie",HAMBURG$GERMANY,,,,,,1901
4000014503.jpg,"Dinner on SS FURST BISMARCK - SS FURST BISMARCK, Hamburg Amerika Linie",HAMBURG$GERMANY,,,,,,1901
4000014504.jpg,"Dinner on the SS FURST BISMARCK - SS FURST BISMARCK, Hamburg Amerika Linie",HAMBURG$GERMANY,,,,,,1901
4000014569.jpg,"Breakfast on the Furst Bismarck - EN ROUTE ABOARD EXPRESS STEAMER FURST BISMARCK, Hamburg Amerika Linie",HAMBURG$GERMANY,,,,,,1901
4000014572.jpg,"Dinner aboard Express Steamer Furst Bismarck - EN ROUTE ABOARD EXPRESS STEAMER FURST BISMARCK, Hamburg Amerika Linie",HAMBURG$GERMANY,,,,,,1901
4000014571.jpg,"Dinner aboard Express Steamer Furst Bismarck - EN ROUTE ABOARD EXPRESS STEAMER FURST BISMARCK, Hamburg Amerika Linie",HAMBURG$GERMANY,,,,,,1901
4000014596.jpg,Luxury Dining on Steamer Furst Bismarck - Hamburg Amerika Linie Steamer Furst Bismarck,HAMBURG$GERMANY,,,,,,1901
4000014595.jpg,Luxury Dining on Steamer Furst Bismarck - Hamburg Amerika Linie Steamer Furst Bismarck,HAMBURG$GERMANY,,,,,,1901
4000014614.jpg,Luxury Dining on Steamer Furst Bismarck - Hamburg Amerika Linie Steamer Furst Bismarck,HAMBURG$GERMANY,,,,,,1901
4000014615.jpg,Luxury Dining on the Steamer Furst Bismarck - Hamburg Amerika Linie Steamer Furst Bismarck,HAMBURG$GERMANY,,,,,,1901
4000014617.jpg,Dinner on Hanburg-Amerika Linie Steamer Furst Bismarck - Hanburg Amerika Linie Steamer Furst Bismarck,HAMBURG$GERMANY,,,,,,1901
4000014618.jpg,Dinner on Hanburg-Amerika Linie Steamer Furst Bismarck - Hanburg Amerika Linie Steamer Furst Bismarck,HAMBURG$GERMANY,,,,,,1901
4000014636.jpg,Hamburg Amerika Linie Menu,HAMBURG$GERMANY,,,,,,1901
4000014637.jpg,Hamburg Amerika Linie Menu,HAMBURG$GERMANY,,,,,,1901
4000014639.jpg,Dinner aboard Hamburg-Amerika Linie's Express Steamer Furst Bismarck - EN ROUTE ABOARD EXPRESS STEAMER FURST BISMARCK,HAMBURG$GERMANY,,,,,,1901
4000014649.jpg,Dinner aboard Hamburg-Amerika Linie's Express Steamer Furst Bismarck - EN ROUTE ABOARD EXPRESS STEAMER FURST BISMARCK,HAMBURG$GERMANY,,,,,,1901
4000014650.jpg,"Dinner aboard Express Steamer Furst Bismarck - EN ROUTE ABOARD EXPRESS STEAMER FURST BISMARCK, Hamburg Amerika Linie",HAMBURG$GERMANY,,,,,,1901
4000014652.jpg,"Breakfast on the High Seas - EN ROUTE ABOARD EXPRESS STEAMER FURST BISMARCK, Hamburg Amerika Linie",HAMBURG$GERMANY,,,,,,1901
4000014653.jpg,"Breakfast on the High Seas - EN ROUTE ABOARD EXPRESS STEAMER FURST BISMARCK, Hamburg Amerika Linie",HAMBURG$GERMANY,,,,,,1901
4000014666.jpg,"Breakfast on the High Seas - EN ROUTE ABOARD EXPRESS STEAMER FURST BISMARCK, Hamburg Amerika Linie",HAMBURG$GERMANY,,,,,,1901
4000014663.jpg,"Dinner aboard Express Steamer Furst Bismarck - EN ROUTE ABOARD EXPRESS STEAMER FURST BISMARCK, Hamburg Amerika Linie",HAMBURG$GERMANY,,,,,,1901
4000014667.jpg,"Breakfast on the Furst Bismarck Steamer - EN ROUTE ABOARD EXPRESS STEAMER FURST BISMARCK, Hamburg Amerika Linie",HAMBURG$GERMANY,,,,,,1901
4000014664.jpg,"Dinner aboard Express Steamer Furst Bismarck - EN ROUTE ABOARD EXPRESS STEAMER FURST BISMARCK, Hamburg Amerika Linie",HAMBURG$GERMANY,,,,,,1901
4000014716.jpg,FRUHSTUCK-BREAKFAST on SCHNELLDAMPFER FURST BISMARCK - Hamburg Amerika Linie,HAMBURG$GERMANY,,,,,,1901
4000014717.jpg,FRUHSTUCK-BREAKFAST on SCHNELLDAMPFER FURST BISMARCK - Hamburg Amerika Linie,HAMBURG$GERMANY,,,,,,1901
4000015183.jpg,Hamburg Amerika Linie Menu,HAMBURG$GERMANY,,,,,,1901
4000015184.jpg,Hamburg Amerika Linie Menu,HAMBURG$GERMANY,,,,,,1901
4000015188.jpg,"Breakfast on the SS DEUTSCHLAND - SS DEUTSCHLAND, Hamburg Amerika Linie",HAMBURG$GERMANY,,,,,,1901
4000015189.jpg,"Breakfast on the SS DEUTSCHLAND - SS DEUTSCHLAND, Hamburg Amerika Linie",HAMBURG$GERMANY,,,,,,1901
4000015194.jpg,"Dinner on the SS DEUTSCHLAND - SS DEUTSCHLAND, Hamburg Amerika Linie",HAMBURG$GERMANY,,,,,,1901
4000015193.jpg,"Dinner on the SS DEUTSCHLAND - SS DEUTSCHLAND, Hamburg Amerika Linie",HAMBURG$GERMANY,,,,,,1901
4000015202.jpg,"Dinner on the SS DEUTSCHLAND - SS DEUTSCHLAND, Hamburg Amerika Linie",HAMBURG$GERMANY,,,,,,1901
4000015196.jpg,"Breakfast on the SS DEUTSCHLAND - SS DEUTSCHLAND, Hamburg Amerika Linie",HAMBURG$GERMANY,,,,,,1901
4000015201.jpg,"DINNER on SS DEUTSCHLAND - SS DEUTSCHLAND, Hamburg Amerika Linie",HAMBURG$GERMANY,,,,,,1901
4000015197.jpg,"Breakfast on the SS DEUTSCHLAND - SS DEUTSCHLAND, Hamburg Amerika Linie",HAMBURG$GERMANY,,,,,,1901
4000017066.jpg,Hamburg Amerika Linie Menu,HAMBURG$GERMANY,,,,,,1905
4000017065.jpg,Maritime Dining on the Hamburg Amerika Linie,HAMBURG$GERMANY,,,,,,1905
4000017112.jpg,"DAILY MENU, LUNCHEON on HAMBURG-AMERIKA LINIE Steamer 'PATRICIA' - EN ROUTE MAIL STEAMER 'PATRICIA', Hamburg Amerika Linie",HAMBURG$GERMANY,,,,,,1905
466395.jpg,"LUNCH on the SS AUGUSTE VICTORIA - SS AUGUSTE VICTORIA, Hamburg Amerika Linie",HAMBURG$GERMANY,,,,,,1900
466396.jpg,"Lunch on the SS AUGUSTE VICTORIA - SS AUGUSTE VICTORIA, Hamburg Amerika Linie",HAMBURG$GERMANY,,,,,,1900
466425.jpg,"Lunch on the SCHNELLDAMPFER 'AUGUSTE VICTORIA' - SCHNELLDAMPFER 'AUGUSTE VICTORIA', Hamburg Amerika Linie",HAMBURG$GERMANY,,,,,,1900
466475.jpg,"Lunch on the SS AUGUSTE VICTORIA - SS AUGUSTE VICTORIA, Hamburg Amerika Linie",HAMBURG$GERMANY,,,,,,1900
466565.jpg,Hamburg Amerika Linie Menu,HAMBURG$GERMANY,,,,,,1900
466572.jpg,Maritime Dining on the Hamburg Amerika Linie,HAMBURG$GERMANY,,,,,,1900
466575.jpg,"FRUHSTUCK/LUNCH Menu on HAMBURG AMERIKA LINIE - SCHNELLDAMPFER AUGUST VICTORIA, Hamburg Amerika Linie",HAMBURG$GERMANY,,,,,,1900
466585.jpg,"FRUHSTUCK/LUNCH Menu on HAMBURG AMERIKA LINIE - SCHNELLDAMPFER (EXPRESS STEAMER) AUGUST VICTORIA, Hamburg Amerika Linie",HAMBURG$GERMANY,,,,,,1900
466631.jpg,"Lunch aboard Schnelldampmer Auguste Victoria - EN ROUTE ABOARD SCHNELLDAMPMER (EXPRESS STEAMER) AUGUSTE VICTORIA, Hamburg Amerika Linie",HAMBURG$GERMANY,,,,,,1900
466728.jpg,"LUNCH menu on HAMBURG-AMERIKA LINIE's SCHNELLDAMPFER 'AUGUSTE VICTORIA' - SCHNELLDAMPFER 'AUGUSTE VICTORIA', Hamburg Amerika Linie",HAMBURG$GERMANY,,,,,,1900
466731.jpg,"LUNCH menu on SCHNELLDAMPFER 'AUGUSTE VICTORIA' by HAMBURG-AMERIKA LINIE - SCHNELLDAMPFER 'AUGUSTE VICTORIA', Hamburg Amerika Linie",HAMBURG$GERMANY,,,,,,1900
466737.jpg,Hamburg Amerika Linie Menu,HAMBURG$GERMANY,,,,,,1900
466750.jpg,"LUNCH aboard the Hamburg-Amerika Linie steamer Auguste Victoria - EN ROUTE ABOARD SCNELLDAMPFER (EXPRESS STEAMER) AUGUSTE VICTORIA, Hamburg Amerika Linie",HAMBURG$GERMANY,,,,,,1900
4000008002.jpg,Daily Menu on the S.S. August Victoria - Hamburg Amerika Linie,HAMBURG$HAMBURG,,,,,,1900
4000008086.jpg,SS Auguste Victoria Dinner Menu - Hamburg Amerika Linie,HAMBURG$HAMBURG,,,,,,1900
4000008108.jpg,Hamburg Amerika Linie Menu,HAMBURG$HAMBURG,,,,,,1900
4000008122.jpg,Hamburg Amerika Linie Menu,HAMBURG$HAMBURG,,,,,,1900
4000008123.jpg,Hamburg Amerika Linie Menu,HAMBURG$HAMBURG,,,,,,1900
4000008236.jpg,Hamburg Amerika Linie Menu,HAMBURG$HAMBURG,,,,,,1900
4000008233.jpg,Dinner Menu aboard the Auguste Victoria - Aboard Schnellldampfer Auguste Victoria,HAMBURG$HAMBURG,,,,,,1900
4000008232.jpg,"Dinner Menu, Hamburg-Amerika Linie - Aboard Schnellampfer Auguste Victoria",HAMBURG$HAMBURG,,,,,,1900
4000008235.jpg,Hamburg Amerika Linie Menu,HAMBURG$HAMBURG,,,,,,1900
4000008258.jpg,"Menu on the SCHNELLDAMPFER ""AUGUSTE VICTORIA"" - Hamburg Amerika Linie",HAMBURG$HAMBURG,,,,,,1900
4000008259.jpg,"Schnelldampfer ""Auguste Victoria"" Menu - Hamburg Amerika Linie",HAMBURG$HAMBURG,,,,,,1900
4000008279.jpg,Hamburg Amerika Linie Menu,HAMBURG$HAMBURG,,,,,,1900
4000008278.jpg,Menu - Hamburg Amerika Linie,HAMBURG$HAMBURG,,,,,,1900
4000008387.jpg,"Dinner Menu, S.S. Auguste Victoria - Hamburg Amerika Linie",HAMBURG$HAMBURG,,,,,,1900
4000008389.jpg,"Dinner Menu, SCHNELLDAMPFER ""COLUMBIA"" - Hamburg Amerika Linie",HAMBURG$HAMBURG,,,,,,1900
4000008386.jpg,"Dinner Menu, SCHNELLDAMPFER ""AUGUSTE VICTORIA"" - Hamburg Amerika Linie",HAMBURG$HAMBURG,,,,,,1900
4000008385.jpg,"Dinner Menu, SCHNELLDAMPFER ""AUGUSTE VICTORIA"" - Hamburg Amerika Linie",HAMBURG$HAMBURG,,,,,,1900
4000008390.jpg,"Dinner on the SCHNELLDAMPFER ""COLUMBIA"" - Hamburg Amerika Linie",HAMBURG$HAMBURG,,,,,,1900
4000008392.jpg,Hamburg Amerika Linie Menu,HAMBURG$HAMBURG,,,,,,1900
4000008393.jpg,Hamburg Amerika Linie Menu,HAMBURG$HAMBURG,,,,,,1900
4000008473.jpg,SS Auguste Victoria Supper Menu - Hamburg Amerika Linie,HAMBURG$HAMBURG,,,,,,1900
4000008474.jpg,"Supper Menu, Hamburg-Amerika Linie - SS Auguste Victoria, Hamburg Amerika Linie",HAMBURG$HAMBURG,,,,,,1900
4000014240.jpg,"Breakfast Menu on Hamburg-Amerika Linie's Furst Bismarck - EN ROUTE ABOARD FURST BISMARCK, Hamburg Amerika Linie",HAMBURG$IN?HAMBURG$GERMANY,,,,,,1901
4000014568.jpg,"BREAKFAST menu aboard HAMBURG-AMERIKA LINIE steamer - EN ROUTE ABOARD EXPRESS STEAMER FURST BISMARCK, Hamburg Amerika Linie",HAMBURG$IN?HAMBURG$GERMANY,,,,,,1901
4000014640.jpg,"DINNER MENU aboard Express Steamer Furst Bismarck - EN ROUTE ABOARD EXPRESS STEAMER FURST BISMARCK, Hamburg Amerika Linie",HAMBURG$IN?HAMBURG$GERMANY,,,,,,1901
4000017111.jpg,"DAILY MENU, LUNCHEON on HAMBURG-AMERIKA LINIE Steamer 'PATRICIA' - EN ROUTE MAIL STEAMER 'PATRICIA', Hamburg Amerika Linie",HAMBURG$IN?HAMBURG$GERMANY,,,,,,1905
466594.jpg,FRUHSTUCK/LUNCH on SCHNELLDAMPFER AUGUST VICTORIA - Hamburg Amerika Linie,HAMBURG$IN?HAMBURG$GERMANY,,,,,,1900
466751.jpg,"LUNCH aboard the Hamburg-Amerika Linie's Express Steamer Auguste Victoria - EN ROUTE ABOARD SCNELLDAMPFER (EXPRESS STEAMER) AUGUSTE VICTORIA, Hamburg Amerika Linie",HAMBURG$IN?HAMBURG$GERMANY,,,,,,1900
4000008537.jpg,Lunch Menu at the Princess Hotel,HAMILTON$BERMUDA,,,,,,1900
466524.jpg,Lunch at Princess Hotel,HAMILTON$BERMUDA,,,,,,1900
4000013576.jpg,Hamilton Club Menu,HAMILTON$ONTARIO,,,,,,1901
4000009117.jpg,Hotel Chamberlin Dining Menu,HAMPTON$VIRGINIA,,,,,,1900
4000008926.jpg,Hanover Club Menu,HANOVER$PA,,,,,,1900
468376.jpg,"Complimentary Dinner for Officers of General Society at Merion Cricket Club - MERION CRICKET CLUB, HAVERFORD, PA",HAVERFORD$PA,,,,,,1900
4000010896.jpg,Sunday Dinner at Grandon Hotel,HELENA$MT,,,,,,1900
4000011162.jpg,Sunday Dinner at Grandon Hotel,HELENA$MT,,,,,,1900
4000010423.jpg,Dinner at Hoffman House,HOFFMAN?ESTATES$ILLINOIS,,,,,,1900
4000015246.jpg,HOFFMAN HOUSE MENU,HOFFMAN?HOUSE$IN?HOFFMAN?ESTATES$IL,,,,,,1901
4000014378.jpg,Dutch Delights - Holland House,HOLLAND,,,,,,1901
4000014379.jpg,Holland House Menu,HOLLAND,,,,,,1901
4000014381.jpg,Dutch Delights - Holland House,HOLLAND,,,,,,1901
4000014380.jpg,Dutch Delights - Holland House,HOLLAND,,,,,,1901
4000014382.jpg,Dutch Delights - Holland House,HOLLAND,,,,,,1901
4000011932.jpg,Classic Southern Fare - Holly Inn,HOLLY?SPRINGS$NC,,,,,,1900
4000010625.jpg,Dinner aboard Toyo Kisen Kaisha's Hong Kong Maru,HONG?KONG,,,,,,1900
4000010754.jpg,TIFFIN on SS Hong Kong Maru,HONG?KONG,,,,,,1900
4000010755.jpg,Toyo Kisen Kaisha Dinner on SS Hong Kong Maru,HONG?KONG$CHINA,,,,,,1900
4000009825.jpg,Hon.J.K.P.Hall Event Menu,HONOLULU$HAWAII,,,,,,1900
4000019510.jpg,Christmas Dinner at The Rockafellow,HOT?SPRINGS$AR,,,,,,1906
4000019532.jpg,Daily Breakfast Menu at The Rockafellow,HOT?SPRINGS$AR,,,,,,1906
466926.jpg,Hotel Eastman Luncheon Menu,HOT?SPRINGS$AR,,,,,,1900
466928.jpg,Easter Breakfast at Hotel Eastman,HOT?SPRINGS$AR,,,,,,1900
4000009143.jpg,Howard House Menu,HOWARD$PENNSYLVANIA,,,,,,1900
467263.jpg,Howard House Menu,HOWARD$PENNSYLVANIA,,,,,,1900
467277.jpg,Supper on the Rails - Central Mississippi Valley Route,ILLINOIS?CENTRAL?RAILROAD,,,,,,1900
467276.jpg,Illinois Central Railroad Luncheon,ILLINOIS?CENTRAL?RAILROAD,,,,,,1900
4000019536.jpg,Christmas Dinner at Denison Hotel,INDIANAPOLIS$IN,,,,,,1906
4000021750.jpg,Dinner in Honor of Frank E. Roundy - Murat (Shriners?),INDIANAPOLIS$IN,,,,,,1907
4000013591.jpg,Campus Dining Menu - Cornell University,ITHACA$NY,,,,,,1901
4000009160.jpg,Easter Dinner at Windsor Hotel,JACKSONVILLE$FL,,,,,,1900
4000008676.jpg,"Daily Menu at Ewing's New Restaurant - 13 Montgomery Street (Jersey City, NJ?)",JERSEY?CITY$NJ,,,,,,1900
4000008677.jpg,"Daily Menu at Ewing's New Restaurant - 13 Montgomery Street (Jersey City, NJ?)",JERSEY?CITY$NJ,,,,,,1900
4000008678.jpg,"Daily Menu at Ewing's New Restaurant - 13 Montgomery Street (Jersey City, NJ)",JERSEY?CITY$NJ,,,,,,1900
4000008679.jpg,"Daily Menu at Hotel Montgomery - 90 Montgomery Street, Jersey City, NJ",JERSEY?CITY$NJ,,,,,,1900
4000008681.jpg,"Daily Menu at Hotel Montgomery - 90 MONTGOMERY STREET, JERSEY CITY, NJ",JERSEY?CITY$NJ,,,,,,1900
4000008680.jpg,"Daily Menu at Hotel Montgomery - 90 MONTGOMERY STREET, JERSEY CITY, NJ",JERSEY?CITY$NJ,,,,,,1900
4000008694.jpg,Daily Menu - Hotel Washington,JERSEY?CITY$NJ,,,,,,1900
4000008710.jpg,"Daily Menu at Basford & Glenn's Imperial Hotel & Restaurant - 3 Exchange Place, Jersey City, NJ",JERSEY?CITY$NJ,,,,,,1900
4000008712.jpg,"Daily Menu at Basford & Glenn's Imperial Hotel & Restaurant - 3 Exchange Place, Jersey City, N.J.",JERSEY?CITY$NJ,,,,,,1900
4000008711.jpg,"Daily Menu at Basford & Glenn's Imperial Hotel & Restaurant - 3 EXCHANGE PLACE,JERSEY CITY, N.J.",JERSEY?CITY$NJ,,,,,,1900
466638.jpg,"Ewing's New Restaurant Daily Menu - 13 Montgomery Street, Jersey City, NJ",JERSEY?CITY$NJ,,,,,,1900
466645.jpg,Breakfast at Pennsylvania R.R. Station,JERSEY?CITY$NJ,,,,,,1900
4000008693.jpg,Daily Menu - Hotel Washington,JERSEY?CITY$NY,,,,,,1900
4000008695.jpg,Daily Menu at Hotel Washington,JERSEY?CITY$NY,,,,,,1900
467272.jpg,"Mediterranean Delights at La Guardiola Restaurant - La Guardiola Restaurant, Sorrento, Italy",LA?GUARDIOLA?RESTAURANT$IN?SORRENTO$ITALY,,,,,,1900
4000009759.jpg,"Mediterranean Delights - La Guardiola Restaurant, Sorrento, Italy",LA?GUARDIOLA$IN?SORRENTO$ITALY,,,,,,1900
4000009760.jpg,"Mediterranean Delights - La Guardiola Restaurant, Sorrento, Italy",LA?GUARDIOLA$SORRENTO$ITALY,,,,,,1900
4000009762.jpg,LA NOCHE BUENA MENU,LA?NOCHE?BUENA$IN?CITY$STATE?ABBREIVATION?FORMAT,,,,,,1900
468527.jpg,SUPPER at Lackawanna Railroad,LACKAWANNA?RAILROAD,,,,,,1900
4000011063.jpg,G.A.R. Post No. 140 Menu - Lafayette Post No. 140 G.A.R.,LAFAYETTE$INDIANA,,,,,,1900
468477.jpg,"Dinner aboard SS Chateaugay - Aboard SS Chateaugay, Steamer Chateaugay",LAKE?CHAMPLAIN$NY,,,,,,1900
468483.jpg,"Dinner aboard SS Chateaugay - Aboard SS Chateaugay, Steamer Chateaugay",LAKE?CHAMPLAIN$NY,,,,,,1900
468485.jpg,"Dinner on Steamer Chateaugay - Aboard SS Chateaugay, Steamer Chateaugay",LAKE?CHAMPLAIN$NY,,,,,,1900
4000017143.jpg,Historical Society Menu - Lebanon County Historical Society,LEBANON$PENNSYLVANIA,,,,,,1905
4000011118.jpg,Dinner on the Black Diamond Express - Lehigh Valley Railroad,LEHIGH?VALLEY?RAILROAD,,,,,,1900
4000011117.jpg,Dinner on the Black Diamond Express - Lehigh Valley Railroad,LEHIGH?VALLEY?RAILROAD,,,,,,1900
4000010917.jpg,"Oriente Hotel Dining Menu - Oriente Hotel, Lisbon, Portugal",LISBON$PORTUGAL,,,,,,1900
4000010918.jpg,"Oriente Hotel Dining Menu - Oriente Hotel, Lisbon, Portugal",LISBON$PORTUGAL,,,,,,1900
4000001314.jpg,"Spiers & Pond Menu - Spiers & Pond,Ld",LONDON$ENGLAND,,,,,,1890
4000008359.jpg,"Wine List - Grand Trunk Railway - Grand Trunk Railway System, London",LONDON$ENGLAND,,,,,,1900
4000009557.jpg,"Whitefriars Club Menu - Whitefriars Club, London, England",LONDON$ENGLAND,,,,,,1900
4000010946.jpg,Trocadero Menu - The Trocadero,LONDON$ENGLAND,,,,,,1900
4000011816.jpg,"Whitefriars Club Dining Menu - Whitefriars Club, London, England",LONDON$ENGLAND,,,,,,1900
4000014427.jpg,American Fare at the American Society In London,LONDON$ENGLAND,,,,,,1901
4000015263.jpg,Welsh-inspired Cuisine - London Welsh Lodge,LONDON$ENGLAND,,,,,,1901
4000017037.jpg,Royal Kensington Delights - Royal Borough Of Kensington,LONDON$ENGLAND,,,,,,1905
4000021712.jpg,"Annual Dinner at The Aero Club Of The United Kingdom - The Aero Club Of The United Kingdom, Savoy Hotel, London, England",LONDON$ENGLAND,,,,,,1907
466953.jpg,"DINNER at FREEMASONS' TAVERN - FREEMASONS' TAVERN, London, ENGLAND",LONDON$ENGLAND,,,,,,1900
466975.jpg,"Shakespeare Commemoration at Whitefriars Club - ANDERTON'S HOTEL, FLEET STREET, E.C., London, England",LONDON$ENGLAND,,,,,,1900
468186.jpg,Grand Trunk Railway System Dinner Menu,LONDON$ENGLAND,,,,,,1900
4000021967.jpg,Banquet Menu - Caledonian Club Banquet,LONDON$IN?LONDON$ENG,,,,,,1907
4000010601.jpg,Breakfast at Long Beach Hotel,LONG?BEACH$NY,,,,,,1900
468184.jpg,Banquet at Los Angeles Consistory No.3,LOS?ANGELES$CA,,,,,,1900
466724.jpg,Special Lenten Dishes at Mandel's Tea Rooms,MANDEL'S?TEA?ROOMS$IN?CITY$STATE?ABBREIVATION?FORMAT,,,,,,1900
4000009015.jpg,Dinner at Manhattan Club,MANHATTAN$NEW?YORK,,,,,,1900
4000009016.jpg,Dinner at Manhattan Club,MANHATTAN$NEW?YORK,,,,,,1900
4000009081.jpg,Single Tax Club Menu - Manhattan Single Tax Club,MANHATTAN$NEW?YORK,,,,,,1900
466848.jpg,Manhattan Club Menu,MANHATTAN$NEW?YORK,,,,,,1900
468205.jpg,English Hotel Restaurant Menu,MANILA$LUZON$PHILIPPINES,,,,,,1900
4000009840.jpg,Daily Menu at English Hotel Restaurant,MANILA$PHILIPPINES,,,,,,1900
4000009841.jpg,Daily Menu at English Hotel Restaurant,MANILA$PHILIPPINES,,,,,,1900
4000014325.jpg,Kenwood Hotel Dinner Menu,MANILA$PHILIPPINES,,,,,,1901
4000015556.jpg,"SEVENTH MASONIC DISTRICT BANQUET at MARLBOROUGH HOTEL - MARLBOROUGH HOTEL, Seventh Masonic District",MARLBOROUGH$KANSAS,,,,,,1901
468185.jpg,Daily Dinner Menu - Masonic Temple Restaurant,MASONIC?TEMPLE?RESTAURANT$IN?CITY$STATE?ABBREIVATION?FORMAT,,,,,,1900
4000009375.jpg,Dinner in honor of Mr. F.W. Mann before his departure for South Africa - Grand Hotel,MELBOURNE$AUSTRALIA,,,,,,1900
4000011404.jpg,Consular Delights - Consuls of Melbourne,MELBOURNE$VICTORIA,,,,,,1900
4000009131.jpg,"Hotel Del Prado Dining Menu - Hotel Del Prado, Mexico City, Mexico",MEXICO?CITY$MEXICO,,,,,,1900
4000015384.jpg,State Department Special Breakfast for the Pan-American Congress - State Department Special To The Pand American Congress At The City Of Mexico (Pullman Car Service),MEXICO?CITY$MEXICO,,,,,,1901
4000015385.jpg,State Department Special Breakfast Menu - State Department Special To The Pand American Congress At The City Of Mexico (Pullman Car Service),MEXICO?CITY$MEXICO,,,,,,1901
4000015386.jpg,State Department Special Breakfast Menu - State Department Special To The Pand American Congress At The City Of Mexico (Pullman Car Service),MEXICO?CITY$MEXICO,,,,,,1901
4000013386.jpg,Middlesex Club Menu,MIDDLESEX$MASSACHUSETTS,,,,,,1901
4000010489.jpg,"SEVENTH ANNUAL CONVENTION BANQUET at HOTEL PFISTER - HOTEL PFISTER, MILWAUKEE, WI",MILWAUKEE$WI,,,,,,1900
4000011780.jpg,St. Charles Hotel Dinner Menu,MILWAUKEE$WI,,,,,,1900
4000011831.jpg,St. Charles Hotel Dinner Menu,MILWAUKEE$WI,,,,,,1900
4000014961.jpg,"United States Weather Bureau Officials Convention Banquet - PFISTER HOTEL, MILWAUKEE, WI",MILWAUKEE$WI,,,,,,1901
466586.jpg,PABST BLUE RIBBON DINNER,MILWAUKEE$WI,,,,,,1900
466930.jpg,Easter Dinner at Republican House,MILWAUKEE$WI,,,,,,1900
467298.jpg,Pabst Blue Ribbon Menu,MILWAUKEE$WI,,,,,,1900
4000008564.jpg,"Anniversary of the Boston Massacre Dinner - Minneapolis Club, Minneapolis, MN",MINNEAPOLIS$MN,,,,,,1900
4000009264.jpg,"26th Anniversary Banquet by Knights of Revelry - German Relief Hall, Mobile, AL",MOBILE$AL,,,,,,1900
4000010892.jpg,Hotel De Paris Dining Experience,MONTE?CARLO$MONACO,,,,,,1900
468350.jpg,Dinner at Grand Union Hotel,MONTREAL$CANADA,,,,,,1900
4000015358.jpg,Traditional Jewish Club Menu - Schnorer Club Of Morrisania,MORRISANIA$BRONX$NY,,,,,,1901
4000008589.jpg,Cunard Line Menu,N/A,,,,,,1900
4000008623.jpg,Cunard Line Menu,N/A,,,,,,1900
466422.jpg,"Dinner at Bristol Hotel - Bristol Hotel, Naples, Italy",NAPLES$ITALY,,,,,,1900
466452.jpg,Dinner at Parker's Hotel (Late Tram0ntano),NAPLES$ITALY,,,,,,1900
466808.jpg,Daily Lunch Menu at Grand Hotel,NAPLES$ITALY,,,,,,1900
466811.jpg,Grand Hotel Dinner Menu,NAPLES$ITALY,,,,,,1900
4000010173.jpg,Fourth of July Celebration Menu - New Rockingham,NARRAGANSETT?PIER$RI,,,,,,1900
468433.jpg,Daily Luncheon at New Rockingham,NARRAGANSETT?PIER$RI,,,,,,1900
468446.jpg,New Gladstone Luncheon Menu,NARRAGANSETT?PIER$RI,,,,,,1900
468447.jpg,Dinner at New Gladstone,NARRAGANSETT?PIER$RI,,,,,,1900
466849.jpg,"Master Printers' Association Event Menu at Narragansett Hotel - Narragansett Hotel, Master Printers' Association",NARRAGANSETT$RHODE?ISLAND,,,,,,1900
4000011854.jpg,Christmas Dinner at Tulane Hotel,NASHVILLE$TENN.,,,,,,1900
466588.jpg,"Dinner at Maxwell House - Maxwell House, Nashville, TN",NASHVILLE$TN,,,,,,1900
466589.jpg,Maxwell House Luncheon,NASHVILLE$TN,,,,,,1900
466596.jpg,Maxwell House Breakfast Event,NASHVILLE$TN,,,,,,1900
466597.jpg,Maxwell House Supper Menu,NASHVILLE$TN,,,,,,1900
466598.jpg,Maxwell House Dinner Event,NASHVILLE$TN,,,,,,1900
4000009620.jpg,Cooper's Association Special Menu - National Cooper's Association,NATIONAL,,,,,,1900
4000010526.jpg,Stenographer's Special - National Shorthand Reporters,NATIONAL?CITY$CALIFORNIA,,,,,,1900
4000014404.jpg,Medical Society Event Menu - Nederlandsche Maatschappu Tot Bevordering Der Geneeskunst,NETHERLANDS,,,,,,1901
466956.jpg,Hotel Dining Menu - Netherland Hotel,NETHERLANDS,,,,,,1900
4000014423.jpg,Patriotic Holiday Dinner at Castleton Hotel,NEW?BRIGHTON$STATEN?ISLAND$NY,,,,,,1901
4000011079.jpg,Association Luncheon Menu - New England Shorthand Reporters' Association,NEW?ENGLAND,,,,,,1900
4000011482.jpg,New England Rubber Club Menu,NEW?ENGLAND,,,,,,1900
4000011483.jpg,Rubber Club Dining Experience - New England Rubber Club,NEW?ENGLAND,,,,,,1900
4000009648.jpg,Accountants' Luncheon Menu - Associated Accountants Of New Orleans,NEW?ORLEANS$LA,,,,,,1900
4000015512.jpg,Pickwick Club Annual Dinner,NEW?ORLEANS$LA,,,,,,1901
4000021693.jpg,"JERUSALEM TEMPLE A.A.O.N.M.S. DINNER - Jerusalem Temple A.A.O.N.M.S., NEW ORLEANS, LA",NEW?ORLEANS$LA,,,,,,1907
467148.jpg,Railway Luncheon Menu - Southern Railway; Norfolk & Western Railway; Alabama Great Southern Railw3ay; New Orleans & Northeastern Railroad,NEW?ORLEANS$LA,,,,,,1900
467149.jpg,Wine List on the Rails - Southern Railway; Norfolk & Western Railway; Alabama Great Southern Railw3ay; New Orleans & Northeastern Railroad,NEW?ORLEANS$LOUISIANA,,,,,,1900
467150.jpg,Railway Supper in Cafe Car - Southern Railway; Norfolk & Western Railway; Alabama Great Southern Railw3ay; New Orleans & Northeastern Railroad,NEW?ORLEANS$LOUISIANA,,,,,,1900
4000011657.jpg,State House Menu - New State House,NEW?STATE?HOUSE,,,,,,1900
4000011658.jpg,Historic Menu at New State House,NEW?STATE?HOUSE,,,,,,1900
4000011294.jpg,Medical Association Luncheon Menu - New York State Medical Association,NEW?YORK,,,,,,1900
4000008600.jpg,Menu from the West Side Republican Club - West Side Republican Club Of New York City,NEW?YORK?CITY$NY,,,,,,1900
4000009064.jpg,Dinner at Battery Park Hotel,NEW?YORK?CITY$NY,,,,,,1900
4000009063.jpg,Dinner at Battery Park Hotel,NEW?YORK?CITY$NY,,,,,,1900
4000009229.jpg,"Chi Psi Fraternity 59th Annual Convention Banquet - Holland House, New York City",NEW?YORK?CITY$NY,,,,,,1900
4000010503.jpg,Healthy Eats for Healthcare Professionals - Medical Profession,NEW?YORK?CITY$NY,,,,,,1900
4000010533.jpg,Commodore's Dinner Celebration - Commodore C. We. Bliss residence,NEW?YORK?CITY$NY,,,,,,1900
4000013399.jpg,Daily Menu at Union Square Hotel,NEW?YORK?CITY$NY,,,,,,1901
4000013400.jpg,Daily Menu at Union Square Hotel,NEW?YORK?CITY$NY,,,,,,1901
4000013411.jpg,"Breakfast at Mouquin Restaurant And Wine Co. - 20 Ann Street, New York, NY",NEW?YORK?CITY$NY,,,,,,1901
4000013412.jpg,"Breakfast at Mouquin Restaurant And Wine Co. - 20 Ann Street, New York, NY",NEW?YORK?CITY$NY,,,,,,1901
4000013913.jpg,Police Endowment Association Fundraiser Menu - New York City Police Endowment Association,NEW?YORK?CITY$NY,,,,,,1901
4000015404.jpg,Pan American Cuisine at Luchows - Luchows Pan American Restaurant Co.,NEW?YORK?CITY$NY,,,,,,1901
4000019517.jpg,"Hotel Normandie Daily Menu for Religious Holiday - Hotel Normandie, Broadway and 38th St., New York City",NEW?YORK?CITY$NY,,,,,,1906
4000019518.jpg,"Hotel Normandie Daily Menu for Religious Holiday - Hotel Normandie, Broadway and 38th St., New York City",NEW?YORK?CITY$NY,,,,,,1906
4000019616.jpg,"Haim's Quick Lunch Daily Menu - 358 Bowery, New York City",NEW?YORK?CITY$NY,,,,,,1906
4000019617.jpg,Hotel St. Regis Daily Dinner Menu,NEW?YORK?CITY$NY,,,,,,1906
466995.jpg,SECOND ANNUAL DINNER at MOUQUIN'S,NEW?YORK?CITY$NY,,,,,,1900
468474.jpg,"Club Dinner at an Upscale Manhattan Venue - Manhattan, New York City",NEW?YORK?CITY$NY,,,,,,1900
4000007996.jpg,Cunard Line Luncheon on the R.M.S. Campania,NEW?YORK$NY,,,,,,1900
4000008005.jpg,"Dinner Menu, Broadway Central Hotel",NEW?YORK$NY,,,,,,1900
4000008006.jpg,"Dinner Menu, Empire Hotel",NEW?YORK$NY,,,,,,1900
4000008007.jpg,Dinner Menu at the Empire Hotel,NEW?YORK$NY,,,,,,1900
4000008009.jpg,Colonial Hotel Menu,NEW?YORK$NY,,,,,,1900
4000008008.jpg,Dinner Menu at the Empire Hotel,NEW?YORK$NY,,,,,,1900
4000008011.jpg,Colonial Hotel Menu,NEW?YORK$NY,,,,,,1900
4000008010.jpg,Colonial Hotel Menu,NEW?YORK$NY,,,,,,1900
4000008012.jpg,Cafe & Restaurant Menu - Minot Hotel,NEW?YORK$NY,,,,,,1900
4000008013.jpg,Cafe & Restaurant Menu - Minot Hotel,NEW?YORK$NY,,,,,,1900
4000008014.jpg,Cafe & Restaurant Menu - Minot Hotel,NEW?YORK$NY,,,,,,1900
4000008019.jpg,"Bill of Fare at Sullivan's Restaurant - 2351 3rd Ave. Near 128th St, New York, NY",NEW?YORK$NY,,,,,,1900
4000008020.jpg,"Cafeteria Lunch Bill of Fare - 57 Broad St., New York, NY",NEW?YORK$NY,,,,,,1900
4000008021.jpg,"Cafeteria Lunch Bill of Fare - 57 Broad St., New York, NY",NEW?YORK$NY,,,,,,1900
4000008035.jpg,"Shanley Bros. Oyster Houses & Grill Room Breakfast Menu - 383 6th Ave., 1212 Bway., & 1476 Bway. NY",NEW?YORK$NY,,,,,,1900
4000008036.jpg,"Shanley Bros. Oyster Houses & Grill Room: Breakfast - 383 6th Ave., 1212 Bway., & 1476 Bway, New York",NEW?YORK$NY,,,,,,1900
4000008037.jpg,"Shanley Bros. Oyster Houses & Grill Room Breakfast Menu - 383 6th Ave., 1212 Bway., & 1476 Bway., New York",NEW?YORK$NY,,,,,,1900
4000008044.jpg,"Empire Hotel Luncheon Menu - Empire Hotel, Bway & 63rd St., New York",NEW?YORK$NY,,,,,,1900
4000008046.jpg,"San Remo Hotel Dinner Menu - 75th St & Central Park West, NY, San Remo Hotel",NEW?YORK$NY,,,,,,1900
4000008045.jpg,"San Remo Hotel Dinner Menu - 75th St & Central Park West, NY",NEW?YORK$NY,,,,,,1900
4000008048.jpg,Young's Herald Square Lunch Room - Lunch & Dinner - 600 Sixth Ave. NY,NEW?YORK$NY,,,,,,1900
4000008049.jpg,"Daily Lunch & Dinner Menu at Young's Herald Square Lunch Room - 600 Sixth Ave., New York, NY",NEW?YORK$NY,,,,,,1900
4000008052.jpg,"A La Carte Menu, Monterey Hotel - 38th St. & 6th Ave., New York",NEW?YORK$NY,,,,,,1900
4000008050.jpg,"Lunch & Dinner Menu at Young's Herald Square Lunch Room - 600 Sixth Ave., New York, NY",NEW?YORK$NY,,,,,,1900
4000008051.jpg,"Monterey Hotel A La Carte Menu - 38th St. & 6th Ave., New York, NY; Monterey Hotel",NEW?YORK$NY,,,,,,1900
4000008073.jpg,Cafeteria Lunch: St. Valentine's Day Dinner - 57 Broad St. NY,NEW?YORK$NY,,,,,,1900
4000008074.jpg,St. Valentine's Day Dinner - Cafeteria Lunch - 57 Broad St. NY,NEW?YORK$NY,,,,,,1900
4000008079.jpg,Cunard Line Menu,NEW?YORK$NY,,,,,,1900
4000008084.jpg,Luncheon Menu - Usms New York,NEW?YORK$NY,,,,,,1900
4000008083.jpg,USMS New York Dinner Menu,NEW?YORK$NY,,,,,,1900
4000008095.jpg,"McGown's Pass Tavern Daily Menu - Mcgown's Pass Tavern, Central Park, New York, NY",NEW?YORK$NY,,,,,,1900
4000008097.jpg,Cunard Line Menu,NEW?YORK$NY,,,,,,1900
4000008098.jpg,U.S.M.S. Luncheon,NEW?YORK$NY,,,,,,1900
4000008109.jpg,Cunard Line Menu,NEW?YORK$NY,,,,,,1900
4000008117.jpg,Cunard Line Menu,NEW?YORK$NY,,,,,,1900
4000008115.jpg,Dinner Menu - U.S.M.S,NEW?YORK$NY,,,,,,1900
4000008121.jpg,Cunard Line Menu,NEW?YORK$NY,,,,,,1900
4000008132.jpg,U.S.M.S. Dinner Menu,NEW?YORK$NY,,,,,,1900
4000008146.jpg,"Dinner Menu, U.S.M.S. New York",NEW?YORK$NY,,,,,,1900
4000008153.jpg,Luncheon Menu - U.S.M.S. New York,NEW?YORK$NY,,,,,,1900
4000008154.jpg,Dinner Menu on the U.S.M.S. New York,NEW?YORK$NY,,,,,,1900
4000008160.jpg,"Lunch & Dinner at the Bartholdi Hotel - 23rd St & Bway NY, Bartholdi Hotel",NEW?YORK$NY,,,,,,1900
4000008161.jpg,"Bartholdi Hotel Lunch and Dinner - 23rd St & Bway NY, Bartholdi Hotel",NEW?YORK$NY,,,,,,1900
4000008163.jpg,"Haan's Daily Supper Menu - 75 St. & Columbus Ave., New York, NY",NEW?YORK$NY,,,,,,1900
4000008168.jpg,"Annual Dinner of the Third Panel Sheriff's Jury - HOTEL SAVOY,NEW YORK,NY",NEW?YORK$NY,,,,,,1900
4000008178.jpg,"Haan's Lunch Menu - 75th Street and Columbus Ave, New York, NY",NEW?YORK$NY,,,,,,1900
4000008179.jpg,"Haan's Dinner Menu - 75th Street and Columbus Ave, New York, NY",NEW?YORK$NY,,,,,,1900
4000008181.jpg,"Haan's Dinner Menu - 75th Street and Columbus Ave, New York, NY",NEW?YORK$NY,,,,,,1900
4000008180.jpg,"Haan's Dinner Menu - 75th Street and Columbus Ave, New York, NY",NEW?YORK$NY,,,,,,1900
4000008183.jpg,"Daily Menu at Cafe Boulevard - 156 Second Avenue, New York, NY",NEW?YORK$NY,,,,,,1900
4000008184.jpg,"Daily Menu at Cafe Boulevard - 156 Second Avenue, New York, NY; Cafe Boulevard",NEW?YORK$NY,,,,,,1900
4000008182.jpg,"Haan's Dinner Menu - 75th Street and Columbus Ave, New York, NY",NEW?YORK$NY,,,,,,1900
4000008185.jpg,"Daily Menu at Cafe Boulevard - 156 Second Avenue, New York, NY",NEW?YORK$NY,,,,,,1900
4000008191.jpg,"West End Hotel Restaurant Daily Menu - West 125th Street, New York, NY",NEW?YORK$NY,,,,,,1900
4000008192.jpg,"Daily Menu - West End Hotel Restaurant - WEST 125TH STREET,NEW YORK,NY; West End Hotel Restaurant",NEW?YORK$NY,,,,,,1900
4000008193.jpg,"Daily Menu, West End Hotel Restaurant - West 125th Street, New York, NY, West End Hotel Restaurant",NEW?YORK$NY,,,,,,1900
4000008205.jpg,Menu - Usms New York,NEW?YORK$NY,,,,,,1900
4000008197.jpg,Cunard Line Menu,NEW?YORK$NY,,,,,,1900
4000008211.jpg,Menu - Usms New York,NEW?YORK$NY,,,,,,1900
4000008241.jpg,Dinner Menu Aboard R.M.S. Etruria - Cunard Line,NEW?YORK$NY,,,,,,1900
4000008246.jpg,"Albemarle Hotel Menu - Albemarle Hotel, Madison Square, West, New York, NY",NEW?YORK$NY,,,,,,1900
4000008247.jpg,"Albemarle Hotel Menu - Albemarle Hotel, Madison Square, West, New York, NY",NEW?YORK$NY,,,,,,1900
4000008250.jpg,"Dinner Menu, S.S. Southwork - Red Star Line",NEW?YORK$NY,,,,,,1900
4000008266.jpg,"Washington's Birthday Dinner at Delmonico's - DELMONICO'S, NEW YORK, NY",NEW?YORK$NY,,,,,,1900
4000008287.jpg,"Dinner Commemorating the Opening of the New Hall of the Board of Education - Delmonico's, New York, NY",NEW?YORK$NY,,,,,,1900
4000008303.jpg,Cunard Line Menu,NEW?YORK$NY,,,,,,1900
4000008334.jpg,"Hazel's Pure Food Luncheon, Siegel Cooper Co. - 6th Avenue and 18th Street, New York, NY",NEW?YORK$NY,,,,,,1900
4000008335.jpg,"Hazel's Pure Food Luncheon at Siegel Cooper Co. - 6th Avenue and 18th Street, New York, NY",NEW?YORK$NY,,,,,,1900
4000008328.jpg,"Washington's Birthday Dinner at the Waldorf Astoria - Waldorf Astoria, New York, NY",NEW?YORK$NY,,,,,,1900
4000008336.jpg,"Hazel's Pure Food Luncheon at Siegel Cooper Co. - 6th Avenue and 18th Street, Siegel Cooper Co.",NEW?YORK$NY,,,,,,1900
4000008337.jpg,"Hazel's Pure Food Luncheon at Siegel Cooper Co. - 6th Avenue and 18th Street, New York, NY",NEW?YORK$NY,,,,,,1900
4000008339.jpg,"Hazel's Pure Food Luncheon at Siegel Cooper Co. - 6th Avenue and 18th Street, New York, NY",NEW?YORK$NY,,,,,,1900
4000008338.jpg,"Hazel's Pure Food Luncheon at Siegel Cooper Co. - 6th Avenue and 18th Street, New York, NY",NEW?YORK$NY,,,,,,1900
4000008345.jpg,"Daily Menu at Mills Hotel Restaurant - BLEECKER, THOMPSON AND SULLIVAN STREETS, New York, NY",NEW?YORK$NY,,,,,,1900
4000008341.jpg,"Hazel's Pure Food Luncheon - 6th Avenue and 18th Street, Siegel Cooper Co.",NEW?YORK$NY,,,,,,1900
4000008340.jpg,Hazel's Pure Food Luncheon at Siegel Cooper Co. - 6th Avenue and 18th Street,NEW?YORK$NY,,,,,,1900
4000008370.jpg,"Dinner Menu, RMS Campania - Cunard Line",NEW?YORK$NY,,,,,,1900
4000008397.jpg,Cunard Line Menu,NEW?YORK$NY,,,,,,1900
4000008396.jpg,"Dinner Menu, R.M.S. Campania - Cunard Line",NEW?YORK$NY,,,,,,1900
4000008408.jpg,Dinner on the S.S. Southwark - Red Star Line,NEW?YORK$NY,,,,,,1900
4000008401.jpg,"New York Medical Club Dinner - Manhattan Hotel, New York, NY",NEW?YORK$NY,,,,,,1900
4000008416.jpg,"Association of Employing Bookbinders Anniversary Banquet - Savoy Hotel, New York, NY",NEW?YORK$NY,,,,,,1900
4000008413.jpg,"Association of Employing Bookbinders Anniversary Banquet - Savoy Hotel, New York, NY",NEW?YORK$NY,,,,,,1900
4000008419.jpg,Delmonicos Menu,NEW?YORK$NY,,,,,,1900
4000008463.jpg,"Hotel Marlborough Dinner Menu - BROADWAY AND 36TH AND 37TH ST,NEW YORK,NY",NEW?YORK$NY,,,,,,1900
4000008464.jpg,"Dinner Menu, Hotel Marlborough - Broadway and 36th and 37th St, New York, NY",NEW?YORK$NY,,,,,,1900
4000008470.jpg,"Hotel Marlborough Breakfast Menu - 66 Street and Broadway, New York, NY",NEW?YORK$NY,,,,,,1900
4000008476.jpg,"Daily Carte du Jour at Hotel Marlborough - 66th Street and Broadway, New York, NY",NEW?YORK$NY,,,,,,1900
4000008495.jpg,"Dinner on the New York Central & Hudson River Railroad, Train 19 - Dining Car Service, Train 19, New York Central & Hudson River R.R.",NEW?YORK$NY,,,,,,1900
4000008496.jpg,"Dinner Menu on Train 19 - Dining Car Service, Train 19, New York Central & Hudson River R.R.",NEW?YORK$NY,,,,,,1900
4000008499.jpg,"Sixth Annual Banquet & Ball Menu - Campidoglio Hotel, New York, NY",NEW?YORK$NY,,,,,,1900
4000008516.jpg,RMS Etruria Cunard Line Menu,NEW?YORK$NY,,,,,,1900
4000008528.jpg,"Breakfast on R.M.S. ""Etruria"" - Cunard Line",NEW?YORK$NY,,,,,,1900
4000008581.jpg,Daily Bill of Fare - 9 & 10 BATTERY PL. NY (Castle Garden Hotel),NEW?YORK$NY,,,,,,1900
4000008586.jpg,Shoe Manufacturers Association Luncheon - Shoe Manufacturers Association Of Greater Ny & Vicinity,NEW?YORK$NY,,,,,,1900
4000008590.jpg,Cunard Line Menu,NEW?YORK$NY,,,,,,1900
4000008666.jpg,Dinner Menu at the Manhattan Club,NEW?YORK$NY,,,,,,1900
4000008667.jpg,Dinner at the Manhattan Club,NEW?YORK$NY,,,,,,1900
4000008688.jpg,Dinner at the Broadway Central Hotel,NEW?YORK$NY,,,,,,1900
4000008722.jpg,"Breakfast, Lunch & Dinner Menu at the Manhattan Club",NEW?YORK$NY,,,,,,1900
4000008723.jpg,"Breakfast, Lunch & Dinner Menu at Manhattan Club",NEW?YORK$NY,,,,,,1900
4000008725.jpg,Breakfast & Supper Bill of Fare at Chas.Bradley's Oyster & Dining Room - 394 Canal St. NY,NEW?YORK$NY,,,,,,1900
4000008726.jpg,Breakfast & Supper Menu for Chas.Bradley's Oyster & Dining Room - 394 Canal St. NY,NEW?YORK$NY,,,,,,1900
4000008727.jpg,Breakfast & Supper Bill of Fare at Chas.Bradley's Oyster & Dining Room - 394 Canal St. NY,NEW?YORK$NY,,,,,,1900
4000008787.jpg,"Childs' Lunch Rooms Breakfast & Lunch Menu - 54 Beaver Street, New York, NY",NEW?YORK$NY,,,,,,1900
4000008786.jpg,"Regular Dinner at Mills Hotel Restaurant - Bleecker, Thompson and Sullivan Streets; Entrance on Bleecker Street",NEW?YORK$NY,,,,,,
4000008807.jpg,Lunch at Hotel Grenoble - Hotel Grenoble/Warren Leland Jr.,NEW?YORK$NY,,,,,,1900
4000008810.jpg,Carte du Jour - Hotel Grenoble,NEW?YORK$NY,,,,,,1900
4000008872.jpg,Bill of Fare - Mills Hotel Restaurant,NEW?YORK$NY,,,,,,1900
4000008888.jpg,"Daily Menu at Mills Hotel - Mills Hotel, Bleecker Street, New York",NEW?YORK$NY,,,,,,1900
4000008887.jpg,"Daily Menu - Mills Hotel, Bleecker Street, New York",NEW?YORK$NY,,,,,,1900
4000008886.jpg,"Daily Menu - Mills Hotel, Bleecker Street",NEW?YORK$NY,,,,,,1900
4000008889.jpg,"Daily Menu at Mills Hotel - Mills Hotel, Bleecker Street, New York",NEW?YORK$NY,,,,,,1900
4000008921.jpg,Grand Lodge Officers Menu - Grand Lodge Officers Of The Metropolitan Distict (Ny),NEW?YORK$NY,,,,,,1900
4000008944.jpg,Daily Souper at the Grenoble Hotel,NEW?YORK$NY,,,,,,1900
4000008962.jpg,A La Carte Menu at the Netherland Hotel,NEW?YORK$NY,,,,,,1900
4000008963.jpg,Daily A La Carte Menu at the Netherland Hotel,NEW?YORK$NY,,,,,,1900
4000008965.jpg,Daily Dinner Menu at Mills Hotel,NEW?YORK$NY,,,,,,1900
4000008985.jpg,"Baptist Social Union Dinner at Hotel Manhattan - Baptist Social Union, Hotel Manhattan",NEW?YORK$NY,,,,,,1900
4000008995.jpg,"Mills Hotel Restaurant Bill of Fare: Breakfast/Dinner - Bleecker, Thompson and Sullivan Streets, Entrance on Bleecker Street",NEW?YORK$NY,,,,,,1900
4000009006.jpg,"Dinner Menu, Broadway Central Hotel - 667-677 Broadway, New York, NY",NEW?YORK$NY,,,,,,1900
4000009029.jpg,Menu at Hamblen's Restaurant & Lunch Rooms,NEW?YORK$NY,,,,,,1900
4000009030.jpg,Menu at Hamblen's Restaurant & Lunch Rooms,NEW?YORK$NY,,,,,,1900
4000009031.jpg,Hamblen's Restaurant & Lunch Rooms Menu,NEW?YORK$NY,,,,,,1900
4000009037.jpg,Manhattan Club Menu,NEW?YORK$NY,,,,,,1900
4000009038.jpg,Manhattan Club Menu,NEW?YORK$NY,,,,,,1900
4000009049.jpg,"18th Annual Dinner at Manhattan Hotel - MANHATTAN HOTEL, NEW YORK, NY",NEW?YORK$NY,,,,,,1900
4000009068.jpg,"Ninth Annual Dinner of Masters' and Past Masters' Association - Hotel Savoy, Sixth Masonic District",NEW?YORK$NY,,,,,,1900
4000009100.jpg,German Bowling Club Menu - Vereinigte Kegel Clubs Deutscher Liederkrans,NEW?YORK$NY,,,,,,1900
4000009101.jpg,German Bowling Club Menu - Vereinigte Kegel Clubs Deutscher Liederkrans,NEW?YORK$NY,,,,,,1900
4000009123.jpg,"Broadway Brunch Buffet - Broadway, New York, NY",NEW?YORK$NY,,,,,,
4000009135.jpg,"City Hall Cellar Lunch Menu - Chambers Street and Broadway, New York, NY",NEW?YORK$NY,,,,,,1900
4000009136.jpg,"City Hall Cellar Lunch Menu - Chambers Street and Broadway, New York, NY",NEW?YORK$NY,,,,,,1900
4000009189.jpg,"Annual Banquet at Delmonico's - DELMONICO'S, New York, NY",NEW?YORK$NY,,,,,,1900
4000009193.jpg,"Annual Banquet at Delmonico's - DELMONICO'S, New York, NY",NEW?YORK$NY,,,,,,1900
4000009233.jpg,"Fifth Annual Reunion Dinner at St. Denis Hotel - ST. DENIS HOTEL, New York, NY",NEW?YORK$NY,,,,,,1900
4000009293.jpg,Breakfast at Hotel Netherland,NEW?YORK$NY,,,,,,1900
4000009294.jpg,Breakfast at Hotel Netherland,NEW?YORK$NY,,,,,,1900
4000009295.jpg,Breakfast at Hotel Netherland,NEW?YORK$NY,,,,,,1900
4000009298.jpg,Breakfast at Hotel Netherland,NEW?YORK$NY,,,,,,1900
4000009297.jpg,Breakfast at Hotel Netherland,NEW?YORK$NY,,,,,,1900
4000009296.jpg,Breakfast at Hotel Netherland,NEW?YORK$NY,,,,,,1900
4000009299.jpg,Breakfast at Hotel Netherland,NEW?YORK$NY,,,,,,1900
4000009302.jpg,Breakfast at Hotel Netherland,NEW?YORK$NY,,,,,,1900
4000009300.jpg,Breakfast at Hotel Netherland,NEW?YORK$NY,,,,,,1900
4000009303.jpg,Breakfast at Hotel Netherland,NEW?YORK$NY,,,,,,1900
4000009301.jpg,Breakfast at Hotel Netherland,NEW?YORK$NY,,,,,,1900
4000009307.jpg,Breakfast at Hotel Netherland,NEW?YORK$NY,,,,,,1900
4000009305.jpg,Breakfast at Hotel Netherland,NEW?YORK$NY,,,,,,1900
4000009304.jpg,Breakfast at Hotel Netherland,NEW?YORK$NY,,,,,,1900
4000009306.jpg,Breakfast at Hotel Netherland,NEW?YORK$NY,,,,,,1900
4000009308.jpg,Breakfast at Hotel Netherland,NEW?YORK$NY,,,,,,1900
4000009311.jpg,Breakfast at Hotel Netherland,NEW?YORK$NY,,,,,,1900
4000009309.jpg,Breakfast at Hotel Netherland,NEW?YORK$NY,,,,,,1900
4000009310.jpg,Breakfast at Hotel Netherland,NEW?YORK$NY,,,,,,1900
4000009312.jpg,Breakfast at Hotel Netherland,NEW?YORK$NY,,,,,,1900
4000009353.jpg,"Everett House Breakfast - Union Square, New York, NY",NEW?YORK$NY,,,,,,1900
4000009344.jpg,St. George's Society of New York Menu - St.George's Society Of New York,NEW?YORK$NY,,,,,,1900
4000009354.jpg,"Everett House Breakfast - Everett House, Union Square, New York, NY",NEW?YORK$NY,,,,,,1900
4000009355.jpg,"Everett House Breakfast - Union Square, New York, NY",NEW?YORK$NY,,,,,,1900
4000009356.jpg,"Everett House Daily Bill of Fare - Union Square, New York, NY",NEW?YORK$NY,,,,,,1900
4000009357.jpg,"Everett House Daily Bill of Fare - Union Square, New York, NY",NEW?YORK$NY,,,,,,1900
4000009358.jpg,"Everett House Daily Bill of Fare - Union Square, New York, NY",NEW?YORK$NY,,,,,,1900
4000009394.jpg,Central Restaurant Menu,NEW?YORK$NY,,,,,,1900
4000009396.jpg,Central Restaurant Menu,NEW?YORK$NY,,,,,,1900
4000009395.jpg,Central Restaurant Menu,NEW?YORK$NY,,,,,,1900
4000009399.jpg,Table d'Hote Dinner at Central Restaurant & Roof Garden,NEW?YORK$NY,,,,,,1900
4000009400.jpg,Central Restaurant Co. Menu,NEW?YORK$NY,,,,,,1900
4000009401.jpg,Central Restaurant Co. Menu,NEW?YORK$NY,,,,,,1900
4000009403.jpg,Central Restaurant Co. Menu,NEW?YORK$NY,,,,,,1900
4000009402.jpg,Central Restaurant Co. Menu,NEW?YORK$NY,,,,,,1900
4000009416.jpg,Oberlin Alumni Association Event Menu - New York Association Of Oberlin Alumni,NEW?YORK$NY,,,,,,1900
4000009413.jpg,"11th Annual Banquet at Harlem Republican Club - Manhattan Hotel, Harlem Republican Club",NEW?YORK$NY,,,,,,1900
4000009510.jpg,"Philitscikoma Luncheon at Hotel Savoy - Hotel Savoy, New York, NY",NEW?YORK$NY,,,,,,1900
4000009614.jpg,Columbia University Phililexian Society Menu - Phililexian Society Of Columbia University,NEW?YORK$NY,,,,,,1900
4000009615.jpg,Columbia University Phililexian Society Menu - Phililexian Society Of Columbia University,NEW?YORK$NY,,,,,,1900
4000009616.jpg,Columbia University Phililexian Society Menu - Phililexian Society Of Columbia University,NEW?YORK$NY,,,,,,1900
4000009669.jpg,"Rector's Daily Menu - Broadway and 44th St, New York, NY",NEW?YORK$NY,,,,,,1900
4000009670.jpg,"Rector's Daily Menu - Broadway and 44th St, New York, NY",NEW?YORK$NY,,,,,,1900
4000009672.jpg,"Rector's Daily Menu - Broadway and 44th St, New York, NY",NEW?YORK$NY,,,,,,1900
4000009692.jpg,"John Wanamaker Daily Menu - Broadway & 10th Street, New York, NY",NEW?YORK$NY,,,,,,1900
4000009693.jpg,"John Wanamaker Daily Menu - Broadway & 10th Street, New York",NEW?YORK$NY,,,,,,1900
4000009807.jpg,"Central Restaurant Dinner Menu - 143 Liberty Street, New York, NY",NEW?YORK$NY,,,,,,1900
4000009806.jpg,"Central Restaurant Dinner Menu - 143 Liberty Street, New York, NY",NEW?YORK$NY,,,,,,1900
4000009819.jpg,Canadian Cuisine at the Society of New York - Canadian Society Of New York,NEW?YORK$NY,,,,,,1900
4000009820.jpg,Canadian Cuisine at the Canadian Society Of New York,NEW?YORK$NY,,,,,,1900
4000009888.jpg,Childs' Lunch Rooms Menu,NEW?YORK$NY,,,,,,1900
4000009984.jpg,Dartmouth Club Luncheon Menu - Dartmouth Club Of The City Of New York,NEW?YORK$NY,,,,,,1900
4000010106.jpg,"Edward F. Lang's Ladies' And Gent's Lunch Room And Restaurant - Breakfast/Supper/Lunch - 139 Eighth Street, New York, NY",NEW?YORK$NY,,,,,,1900
4000010107.jpg,"Edward F. Lang's Ladies' And Gent's Lunch Room And Restaurant - Breakfast/Supper/Lunch - 139 Eighth Street, New York, NY",NEW?YORK$NY,,,,,,1900
4000010108.jpg,"Ladies' And Gent's Lunch Room And Restaurant - Edward F. Lang's Ladies' And Gent's Lunch Room And Restaurant, New York, NY",NEW?YORK$NY,,,,,,1900
4000010277.jpg,Association Dining Menu - New York Furniture Warehousemen's Association,NEW?YORK$NY,,,,,,1900
4000011085.jpg,Daily Menu at Louis Sherry,NEW?YORK$NY,,,,,,1900
4000011665.jpg,Alumni Gathering Menu - Alumni Of The Worcester Polytechnic Institute,NEW?YORK$NY,,,,,,1900
4000011686.jpg,Daily Dinner at U.S.M.S. New York,NEW?YORK$NY,,,,,,1900
4000011685.jpg,USMS New York Luncheon,NEW?YORK$NY,,,,,,1900
4000011695.jpg,"S.P.S.A.A. MENU at MANHATTAN HOTEL - MANHATTAN HOTEL, NEW YORK, NY",NEW?YORK$NY,,,,,,1900
4000011701.jpg,Alumni Association Event Menu - Union College Alumni Association Of New York,NEW?YORK$NY,,,,,,1900
4000011710.jpg,Alumni Association Event Menu - Union College Alumni Association Of New York,NEW?YORK$NY,,,,,,1900
4000011742.jpg,"Williams Alumni Association Dinner at Delmonico's - DELMONICO'S, NEW YORK, NY",NEW?YORK$NY,,,,,,1900
4000011711.jpg,Alumni Association Event Menu - Union College Alumni Association Of New York,NEW?YORK$NY,,,,,,1900
4000011777.jpg,"Dinner on Board 'New York' by U.S.M.S. - ON BOARD 'NEW YORK', U.S.M.S.",NEW?YORK$NY,,,,,,1900
4000011753.jpg,"Dinner in Honor of Wu Ting-Fan at Lotos Club - Lotos Club, New York, NY",NEW?YORK$NY,,,,,,1900
4000011783.jpg,"U.S.M.S. Luncheon on Board 'New York' - ON BOARD 'NEW YORK', U.S.M.S.",NEW?YORK$NY,,,,,,1900
4000011786.jpg,"U.S.M.S. Luncheon on Board 'New York' - ON BOARD 'NEW YORK', U.S.M.S.",NEW?YORK$NY,,,,,,1900
4000011784.jpg,"DINNER on board U.S.M.S New York - ON BOARD 'NEW YORK', U.S.M.S New York",NEW?YORK$NY,,,,,,1900
4000011787.jpg,"Dinner on Board 'New York' by U.S.M.S. - ON BOARD 'NEW YORK', U.S.M.S.",NEW?YORK$NY,,,,,,1900
4000011791.jpg,"Second Annual Dinner at Shanley's Roman Court - SHANLEY'S ROMAN COURT, NEW YORK, NY",NEW?YORK$NY,,,,,,1900
4000011793.jpg,"Dinner on Board 'New York' by U.S.M.S. - ON BOARD 'NEW YORK', U.S.M.S.",NEW?YORK$NY,,,,,,1900
4000011795.jpg,"U.S.M.S. Luncheon on Board 'New York' - ON BOARD 'NEW YORK', U.S.M.S.",NEW?YORK$NY,,,,,,1900
4000011801.jpg,Democratic Organization Event Menu - Democratic Organization Of The Fifth Assembly District Of The City Of New York,NEW?YORK$NY,,,,,,1900
4000011796.jpg,DINER D'ADIEU - ON BOARD 'NEW YORK' U.S.M.S.,NEW?YORK$NY,,,,,,1900
4000011824.jpg,USMS New York Luncheon Menu - En Route Aboard USMS New York,NEW?YORK$NY,,,,,,1900
4000011825.jpg,Dinner aboard USMS New York - En route aboard USMS New York,NEW?YORK$NY,,,,,,1900
4000011826.jpg,Haan's Dinner Menu - PARK ROW BUILDING,NEW?YORK$NY,,,,,,1900
4000011828.jpg,"C.C.N.Y. Class of '80 Twentieth Anniversary Dinner - HOTEL MANHATTAN, NY",NEW?YORK$NY,,,,,,1900
4000011833.jpg,"Daily Menu at Cafe Sachs - 86 Canal Street, NY",NEW?YORK$NY,,,,,,1900
4000011834.jpg,"Daily Menu at Cafe Sachs - 86 Canal Street, NY",NEW?YORK$NY,,,,,,1900
4000011894.jpg,"U.S.M.S. Luncheon on Board 'New York' - ON BOARD 'NEW YORK', U.S.M.S. New York",NEW?YORK$NY,,,,,,1900
4000011920.jpg,CHRISTMAN DINNER at DAKOTA; THE,NEW?YORK$NY,,,,,,1900
4000011915.jpg,"Christmas Dinner at Hotel Pabst - Hotel Pabst, Broadway and 42nd Street, New York, NY",NEW?YORK$NY,,,,,,1900
4000011940.jpg,U.S.M.S. New York Menu,NEW?YORK$NY,,,,,,1900
4000013334.jpg,A.M. Sweet & Son Hotel & Restaurant Regular Menu,NEW?YORK$NY,,,,,,1901
4000011969.jpg,New Year's Eve Celebration Menu - Colonnade Restaurant,NEW?YORK$NY,,,,,,1900
4000013335.jpg,A.M. Sweet & Son Hotel & Restaurant Menu,NEW?YORK$NY,,,,,,1901
4000013336.jpg,A.M. Sweet & Son Hotel & Restaurant Menu,NEW?YORK$NY,,,,,,1901
4000013337.jpg,Astor House Luncheon Menu,NEW?YORK$NY,,,,,,1901
4000013338.jpg,Astor House Luncheon Menu,NEW?YORK$NY,,,,,,1901
4000013339.jpg,Astor House Luncheon Menu,NEW?YORK$NY,,,,,,1901
4000013340.jpg,Astor House Dinner Menu,NEW?YORK$NY,,,,,,1901
4000013341.jpg,Astor House Dinner Menu,NEW?YORK$NY,,,,,,1901
4000013342.jpg,Astor House Dinner Menu,NEW?YORK$NY,,,,,,1901
4000013343.jpg,Lunch Menu at Cosmopolitan Hotel,NEW?YORK$NY,,,,,,1901
4000013344.jpg,Lunch Menu at Cosmopolitan Hotel,NEW?YORK$NY,,,,,,1901
4000013345.jpg,Lunch Menu at Cosmopolitan Hotel,NEW?YORK$NY,,,,,,1901
4000013347.jpg,Oyster & Chop House Daily Menu - Harlow & Kuchlin Restaurant Oyster & Chop House,NEW?YORK$NY,,,,,,1901
4000013348.jpg,Oyster & Chop House Menu - Harlow & Kuchlin Restaurant Oyster & Chop House,NEW?YORK$NY,,,,,,1901
4000013349.jpg,Oyster & Chop House Menu - Harlow & Kuchlin Restaurant Oyster & Chop House,NEW?YORK$NY,,,,,,1901
4000013354.jpg,Daily Menu - Rogers' Chop House And Restaurant,NEW?YORK$NY,,,,,,1901
4000013355.jpg,Daily Menu - Rogers' Chop House And Restaurant,NEW?YORK$NY,,,,,,1901
4000013356.jpg,Daily Menu - Rogers' Chop House And Restaurant,NEW?YORK$NY,,,,,,1901
4000013357.jpg,Daily Menu - E.B. Orcutt Restaurant And Cafe,NEW?YORK$NY,,,,,,1901
4000013358.jpg,Daily Menu - E.B. Orcutt Restaurant And Cafe,NEW?YORK$NY,,,,,,1901
4000013359.jpg,Daily Menu - E.B. Orcutt Restaurant And Cafe,NEW?YORK$NY,,,,,,1901
4000013360.jpg,Lunch Menu at Proctor's Cafe,NEW?YORK$NY,,,,,,1901
4000013361.jpg,Dinner at Proctor's Cafe,NEW?YORK$NY,,,,,,1901
4000013362.jpg,Daily Menu at New York Press Club,NEW?YORK$NY,,,,,,1901
4000013364.jpg,Daily Menu at New York Press Club,NEW?YORK$NY,,,,,,1901
4000013363.jpg,Daily Menu at New York Press Club,NEW?YORK$NY,,,,,,1901
4000013367.jpg,"Classic French Cuisine - Mouquin Restaurant, 1305 Broadway, New York, NY",NEW?YORK$NY,,,,,,1901
4000013369.jpg,"Classic French Cuisine - Mouquin Restaurant, 1307 Broadway, New York, NY",NEW?YORK$NY,,,,,,1901
4000013368.jpg,"Classic French Cuisine - Mouquin Restaurant, New York, NY",NEW?YORK$NY,,,,,,1901
4000013393.jpg,"Haan's Daily Menu - Haan's, Park Row, New York, NY",NEW?YORK$NY,,,,,,1901
4000013394.jpg,"Haan's Daily Menu - Haan's, Park Row, New York",NEW?YORK$NY,,,,,,1901
4000013403.jpg,Dinner at Cafe St. Denis,NEW?YORK$NY,,,,,,1901
4000013404.jpg,Dinner at Cafe St. Denis,NEW?YORK$NY,,,,,,1901
4000013405.jpg,Dinner at Cafe St. Denis,NEW?YORK$NY,,,,,,1901
4000013406.jpg,"David Cafe And Restaurant Dinner Menu - 69 Liberty Street, NYC",NEW?YORK$NY,,,,,,1901
4000013407.jpg,"David Cafe And Restaurant Dinner Menu - 69 Liberty Street, NYC",NEW?YORK$NY,,,,,,1901
4000013408.jpg,"David Cafe And Restaurant Dinner Menu - 69 Liberty Street, NYC",NEW?YORK$NY,,,,,,1901
4000013413.jpg,"Breakfast at Mouquin Restaurant And Wine Co. - 20 Ann Street, New York, NY",NEW?YORK$NY,,,,,,1901
4000013431.jpg,Classic French Cuisine - Mouquin Restaurant & Wine Co.,NEW?YORK$NY,,,,,,1901
4000013432.jpg,"Fine Dining and Wine Selection Menu - Mouquin Restaurant & Wine Co., New York, NY",NEW?YORK$NY,,,,,,1901
4000013433.jpg,"Fine Dining and Wine Pairing Menu - Mouquin Restaurant & Wine Co., New York, NY",NEW?YORK$NY,,,,,,1901
4000013444.jpg,Daily Menu at Aschenbroedel Verein - 144 E.86 ST.NY,NEW?YORK$NY,,,,,,1901
4000013458.jpg,Philolexian Society Menu,NEW?YORK$NY,,,,,,1901
4000013487.jpg,Daily Breakfast Menu aboard New York and Cuba Mail Steamship Co.,NEW?YORK$NY,,,,,,1901
4000013521.jpg,Fifth Avenue Hotel Dining Menu,NEW?YORK$NY,,,,,,1901
4000013527.jpg,Fifth Avenue Hotel Dining Menu,NEW?YORK$NY,,,,,,1901
4000013526.jpg,Breakfast at Fifth Avenue Hotel,NEW?YORK$NY,,,,,,1901
4000013522.jpg,Fifth Avenue Hotel Dining Menu,NEW?YORK$NY,,,,,,1901
4000013568.jpg,Fire Underwriters Board Luncheon Menu - National Board Of Fire Underwriters,NEW?YORK$NY,,,,,,1901
4000013645.jpg,Dinner hosted by New York Society of the Order of the Founders and Patriots of America - SHERRY'S,NEW?YORK$NY,,,,,,1901
4000013749.jpg,"Annual Dinner hosted by North Carolina Society of New York at Waldorf-Astoria Hotel - Waldorf-Astoria Hotel, New York, NY",NEW?YORK$NY,,,,,,1901
4000013771.jpg,"Rector's Daily Supper Menu - B'WAY & 44ST.,NY",NEW?YORK$NY,,,,,,1901
4000013770.jpg,"Rector's Daily Supper Menu - B'WAY & 44ST.,NY",NEW?YORK$NY,,,,,,1901
4000013791.jpg,Bill of Fare - Geyer's Dairy Restaurant,NEW?YORK$NY,,,,,,1901
4000013789.jpg,Bill of Fare - Geyer's Dairy Restaurant,NEW?YORK$NY,,,,,,1901
4000013792.jpg,Bill of Fare - Geyer's Dairy Restaurant,NEW?YORK$NY,,,,,,1901
4000013794.jpg,Bill of Fare - Geyer's Dairy Restaurant,NEW?YORK$NY,,,,,,1901
4000013795.jpg,Bill of Fare - Geyer's Dairy Restaurant,NEW?YORK$NY,,,,,,1901
4000013879.jpg,Missouri Society Luncheon Menu - Missouri Society Of New York,NEW?YORK$NY,,,,,,1901
4000013960.jpg,"Daily Menu at Columbia Restaurant - 48 East 14th Street, New York, NY",NEW?YORK$NY,,,,,,1901
4000013961.jpg,"Daily Menu at Columbia Restaurant - 48 East 14th Street, New York, NY",NEW?YORK$NY,,,,,,1901
4000013962.jpg,"Daily Menu at Columbia Restaurant - 48 East 14th Street, New York, NY",NEW?YORK$NY,,,,,,1901
4000014001.jpg,"Dinner to the Board of Officers of the Catholic Club of the City of New York - Catholic Club, Banquet Hall",NEW?YORK$NY,,,,,,1901
4000014225.jpg,New York State Bankers Association Menu,NEW?YORK$NY,,,,,,1901
4000014440.jpg,Columbia Restaurant Lunch & Dinner Menu - 48 . 14 ST. NY,NEW?YORK$NY,,,,,,1901
4000014441.jpg,Columbia Restaurant Lunch & Dinner Menu - 48 . 14 ST. NY,NEW?YORK$NY,,,,,,1901
4000014442.jpg,"Columbia Restaurant Lunch & Dinner Menu - 48 14th St, New York",NEW?YORK$NY,,,,,,1901
4000014840.jpg,"Daily Menu at Claremont Hotel - RIVERSIDE DRIVE, NY",NEW?YORK$NY,,,,,,1901
4000014841.jpg,"Daily Menu at Claremont Hotel - RIVERSIDE DRIVE, NY",NEW?YORK$NY,,,,,,1901
4000014875.jpg,Siegel-Cooper Co. Luncheon - SIXTH AVE AND 18TH & 19TH STS.,NEW?YORK$NY,,,,,,1901
4000014898.jpg,Siegel Cooper Co. Luncheon Menu,NEW?YORK$NY,,,,,,1901
4000015014.jpg,"Daily Menu at Terrace Garden Restaurant - 58th St. and Lexington Ave., NY",NEW?YORK$NY,,,,,,1901
4000015015.jpg,"Daily Menu at Terrace Garden Restaurant - 58th St. and Lexington Ave., NY",NEW?YORK$NY,,,,,,1901
4000015016.jpg,"Daily Menu at Terrace Garden Restaurant - 58th St. and Lexington Ave., NY",NEW?YORK$NY,,,,,,1901
4000015126.jpg,L.Tirelli's Association 2nd Annual Ball - COLUMBUS HOTEL,NEW?YORK$NY,,,,,,1901
4000015127.jpg,L.Tirelli's Association 2nd Annual Ball Menu - COLUMBUS HOTEL,NEW?YORK$NY,,,,,,1901
4000015247.jpg,Bill of Fare - Columbia Restaurant,NEW?YORK$NY,,,,,,1901
4000015248.jpg,Bill of Fare - Columbia Restaurant,NEW?YORK$NY,,,,,,1901
4000015249.jpg,Bill of Fare - Columbia Restaurant,NEW?YORK$NY,,,,,,1901
4000015294.jpg,"International Yacht Races Menu - N.Y.Y.C. International Yacht Races, STAMER CHESTER W. CHAPIN",NEW?YORK$NY,,,,,,1901
4000015336.jpg,Stevens House Menu,NEW?YORK$NY,,,,,,1901
4000015337.jpg,Stevens House Menu,NEW?YORK$NY,,,,,,1901
4000015338.jpg,Stevens House Menu,NEW?YORK$NY,,,,,,1901
4000015344.jpg,"20th Annual Dinner at Sherry's - SHERRY'S, NEW YORK, NY",NEW?YORK$NY,,,,,,1901
4000015402.jpg,Pan American Cuisine at Luchow's - Luchows Pan American Restaurant Co.,NEW?YORK$NY,,,,,,1901
4000015403.jpg,"Luchow's Pan American Restaurant Co. Menu - 110 East 14th Street, New York, NY",NEW?YORK$NY,,,,,,1901
4000015437.jpg,Classic American Fare - Mr. And Mrs. Jos Wenar,NEW?YORK$NY,,,,,,1901
4000015474.jpg,"Annual Banquet at Murray Hill Hotel - Murray Hill Hotel, New York, NY",NEW?YORK$NY,,,,,,1901
4000015524.jpg,Republican Club Event Menu - West Side Republican Club,NEW?YORK$NY,,,,,,1901
4000015537.jpg,"Breakfast on S.S. SAN JUAN - S.S. SAN JUAN, New York And Porto Rico Steamship Co.",NEW?YORK$NY,,,,,,1901
4000015538.jpg,"Breakfast on S.S. SAN JUAN - S.S. SAN JUAN, New York And Porto Rico Steamship Co.",NEW?YORK$NY,,,,,,1901
4000015540.jpg,"Breakfast on S.S. SAN JUAN - S.S. SAN JUAN, New York And Porto Rico Steamship Co.",NEW?YORK$NY,,,,,,1901
4000015559.jpg,"Complimentary Luncheon at National Horse Show Association Of America - Madison Square Garden, New York, NY",NEW?YORK$NY,,,,,,1901
4000015541.jpg,"Breakfast on S.S. SAN JUAN - S.S. SAN JUAN, New York And Porto Rico Steamship Co.",NEW?YORK$NY,,,,,,1901
4000015561.jpg,"Menu from S.S. SAN JUAN on New York And Porto Rico Steamship Company - S.S. SAN JUAN, New York And Porto Rico Steamship Company",NEW?YORK$NY,,,,,,1901
4000015625.jpg,9NTH DANZINGER MARTINI FEST at Henry R. Caplan - ST. MARKS PLACE,NEW?YORK$NY,,,,,,1901
4000015626.jpg,"9NTH DANZINGER MARTINI FEST at Henry R. Caplan - St. Marks Place, New York, NY",NEW?YORK$NY,,,,,,1901
4000017028.jpg,Swiss Club Dining Menu - New York Swiss Club,NEW?YORK$NY,,,,,,1905
4000017027.jpg,Swiss Club Dining Menu - New York Swiss Club,NEW?YORK$NY,,,,,,1905
4000017033.jpg,"Fifth Annual Dinner at Healy's - HEALY'S, BROADWAY, 66TH ST. AND COLUMBUS AVE",NEW?YORK$NY,,,,,,1905
4000017060.jpg,"Lunch at Margaret Louisa Home of the Young Women's Christian Association - 16 East 16th Street, New York, NY",NEW?YORK$NY,,,,,,1905
4000017061.jpg,Reception and Banquet in Honor of Herman A. Metz - Lincoln Club,NEW?YORK$NY,,,,,,1905
4000017116.jpg,Classic American Steakhouse Menu - Murray's,NEW?YORK$NY,,,,,,1905
4000019558.jpg,"Classic American Brunch Menu - 123 Main Street, New York, NY",NEW?YORK$NY,,,,,,
4000019559.jpg,"Classic American Brunch Menu - 123 Main Street, New York, NY",NEW?YORK$NY,,,,,,
4000019584.jpg,"Lunch Menu at Van Liew's Restaurant - 779 Broadway, New York, NY",NEW?YORK$NY,,,,,,1906
4000019587.jpg,"Daily Menu at John Wanamaker - John Wanamaker, Broadway and 10th Street, New York, NY",NEW?YORK$NY,,,,,,1906
4000019588.jpg,"Daily Menu at John Wanamaker - John Wanamaker, Broadway and 10th Street, New York, NY",NEW?YORK$NY,,,,,,1906
4000019589.jpg,"Daily Menu at John Wanamaker - John Wanamaker, Broadway and 10th Street, New York, NY",NEW?YORK$NY,,,,,,1906
4000019595.jpg,"Lunch at Hotel St. Regis - Hotel St. Regis, New York",NEW?YORK$NY,,,,,,1906
4000019597.jpg,"M.F.LYONS Lunch and Dinner Menu - 259 Bowery, New York",NEW?YORK$NY,,,,,,1906
4000019596.jpg,"M.F.Lyons Lunch and Dinner Menu - 259 Bowery, New York",NEW?YORK$NY,,,,,,1906
4000019598.jpg,"M.F.LYONS Lunch and Dinner Menu - 259 Bowery, New York",NEW?YORK$NY,,,,,,1906
4000019599.jpg,"M.F.Lyons Supper and Breakfast Menu - 259 Bowery, New York",NEW?YORK$NY,,,,,,1906
4000019600.jpg,"M.F.Lyons Supper and Breakfast - 259 Bowery, New York",NEW?YORK$NY,,,,,,1906
4000019601.jpg,"M.F.Lyons Supper and Breakfast Menu - 259 Bowery, New York",NEW?YORK$NY,,,,,,1906
4000019603.jpg,"Daily Menu at Bristol's Dining Rooms - 161 Bowery, New York",NEW?YORK$NY,,,,,,1906
4000019604.jpg,"Daily Menu at Bristol's Dining Rooms - 161 Bowery, New York",NEW?YORK$NY,,,,,,1906
4000019605.jpg,"Daily Menu at Bristol's Dining Rooms - 161 Bowery, New York",NEW?YORK$NY,,,,,,1906
4000019606.jpg,Quick Luncheon and Afternoon Tea - Siegel Cooper Co.,NEW?YORK$NY,,,,,,1906
4000019607.jpg,Quick Luncheon and Afternoon Tea - Siegel Cooper Co.,NEW?YORK$NY,,,,,,1906
4000019609.jpg,Daily Menu at Siegel Cooper Co.,NEW?YORK$NY,,,,,,1906
4000019610.jpg,Daily Menu at Siegel Cooper Co.,NEW?YORK$NY,,,,,,1906
4000019612.jpg,Breakfast at Siegel Cooper Co.,NEW?YORK$NY,,,,,,1906
4000019613.jpg,Breakfast at Siegel Cooper Co.,NEW?YORK$NY,,,,,,1906
4000021770.jpg,"Sphinx Club Anniversary Dinner - Waldorf Astoria, Sphinx Club",NEW?YORK$NY,,,,,,1907
4000021780.jpg,"St. John's Lodge No. 1 - 150th Anniversary Celebration - HOTEL SAVOY, FIFTH AVENUE AND 59TH STREET, NEW YORK",NEW?YORK$NY,,,,,,1907
4000021793.jpg,"Second Anniversary Dinner at Hotel Astor - Hotel Astor, New York",NEW?YORK$NY,,,,,,1907
4000021850.jpg,Olympic Club Dining Menu - Olympic Club Of The City Of New York,NEW?YORK$NY,,,,,,1907
4000021874.jpg,New York Credit Men's Association Dinner at Hotel St. Denis,NEW?YORK$NY,,,,,,1907
4000021941.jpg,"23rd Annual Dinner at B.C.T. - WALDOF-ASTORIA, New York, NY",NEW?YORK$NY,,,,,,1907
459457.jpg,"Seventh Annual Dinner hosted by the Police Department of the City of New York - Delmonico's, Police Department Of The City Of New York",NEW?YORK$NY,,,,,,1888
466402.jpg,Marie Antoinette Hotel Dinner Menu,NEW?YORK$NY,,,,,,1900
466411.jpg,Luncheon at Marie Antoinette Hotel,NEW?YORK$NY,,,,,,1900
466421.jpg,Marie Antoinette Hotel Dinner Menu,NEW?YORK$NY,,,,,,1900
466454.jpg,"Hotel Marie Antoinette Luncheon Menu - Hotel Marie Antoinette, 66th Street and Broadway, New York, NY",NEW?YORK$NY,,,,,,1900
466457.jpg,"Dinner at Hotel Marie Antoinette - Hotel Marie Antoinette, 66th Street and Broadway, New York, NY",NEW?YORK$NY,,,,,,1900
466455.jpg,"Luncheon at Hotel Marie Antoinette - Hotel Marie Antoinette, 66th Street and Broadway, New York, NY",NEW?YORK$NY,,,,,,1900
466456.jpg,"Dinner at Hotel Marie Antoinette - Hotel Marie Antoinette, 66th Street and Broadway, New York, NY",NEW?YORK$NY,,,,,,1900
466460.jpg,"Manhattan Hotel Daily Dinner Menu - Manhattan Hotel, 42nd St. & Madison Ave, New York, NY",NEW?YORK$NY,,,,,,1900
466466.jpg,"Manhattan Hotel Luncheon Menu - Manhattan Hotel, Madison Ave. & 42 St., NY",NEW?YORK$NY,,,,,,1900
466467.jpg,"Hotel Marlborough Dinner Menu - Hotel Marlborough, Broadway and 36th St, New York, NY",NEW?YORK$NY,,,,,,1900
466469.jpg,"Hotel Marie Antoinette Luncheon Menu - Hotel Marie Antoinette, 66th St and Broadway, New York, NY",NEW?YORK$NY,,,,,,1900
466470.jpg,"Hotel Marie Antoinette Dinner Menu - Hotel Marie Antoinette, 66th St and Broadway, New York, NY",NEW?YORK$NY,,,,,,1900
466468.jpg,"Hotel Marlborough Dinner Menu - Hotel Marlborough, Broadway and 36th and 37th St, New York, NY",NEW?YORK$NY,,,,,,1900
466472.jpg,"Hotel Marlborough Daily Supper Menu - Hotel Marlborough, 66 Street and Broadway, New York, NY",NEW?YORK$NY,,,,,,1900
466473.jpg,"Hotel Marlborough Breakfast - Hotel Marlborough, 66 Street and Broadway, New York, NY",NEW?YORK$NY,,,,,,1900
466474.jpg,"Hotel Marie Antoinette Dinner Menu - Hotel Marie Antoinette, 66th St and Broadway, New York, NY",NEW?YORK$NY,,,,,,1900
466477.jpg,"DAILY CARTE DU JOUR at Hotel Marlborough - Hotel Marlborough, 66th Street and Broadway, New York, NY",NEW?YORK$NY,,,,,,1900
466485.jpg,Park Avenue Hotel Luncheon Menu,NEW?YORK$NY,,,,,,1900
466486.jpg,"Cafe Breakfast at Hotel Marlborough - Hotel Marlborough, 66th St and Broadway, New York, NY",NEW?YORK$NY,,,,,,1900
466487.jpg,"Hotel Marie Antoinette Lunch Menu - Hotel Marie Antoinette, 66th St and Broadway, New York, NY",NEW?YORK$NY,,,,,,1900
466520.jpg,Lunch at Sherman Square Hotel,NEW?YORK$NY,,,,,,1900
466544.jpg,"Daily Menu at Hotel Colombo - Hotel Colombo, 149 Bleecker Street, New York",NEW?YORK$NY,,,,,,1900
466545.jpg,"Table d'Hote Dinner at Hotel Colombo - Hotel Colombo, 149 Bleecker Street, New York",NEW?YORK$NY,,,,,,1900
466550.jpg,Wedding Dinner at Delmonico's NY,NEW?YORK$NY,,,,,,1900
466556.jpg,"Castle Garden Hotel Daily Bill of Fare - Castle Garden Hotel, 9 & 10 Battery Pl, New York, NY",NEW?YORK$NY,,,,,,1900
466557.jpg,"Blottner's Cafe & Restaurant Daily Bill of Fare - 178 Broadway, NY",NEW?YORK$NY,,,,,,1900
466559.jpg,"Dinner at Pratt Institute Graduates Association Library School - Pratt Institute Graduates Association Library School, Chelsea",NEW?YORK$NY,,,,,,1900
466621.jpg,SAVOY HOTEL MENU,NEW?YORK$NY,,,,,,1900
466640.jpg,Daily Menu at New York Athletic Club,NEW?YORK$NY,,,,,,1900
466643.jpg,"Broadway Central Hotel Luncheon Menu - Broadway Central Hotel, Broadway, NY",NEW?YORK$NY,,,,,,1900
466641.jpg,Daily Menu at Union League Club,NEW?YORK$NY,,,,,,1900
466654.jpg,Daily Menu at Calumet Club Of New York,NEW?YORK$NY,,,,,,1900
466653.jpg,Daily Menu at Colonial Club Of New York,NEW?YORK$NY,,,,,,1900
466651.jpg,Club Dinner at New York Athletic Club,NEW?YORK$NY,,,,,,1900
466652.jpg,Westminster Hotel Luncheon Menu,NEW?YORK$NY,,,,,,1900
466655.jpg,Dinner at Sherman Square Hotel,NEW?YORK$NY,,,,,,1900
466657.jpg,Park Ave. Hotel Luncheon Menu,NEW?YORK$NY,,,,,,1900
466656.jpg,"Table d'Hote Dinner at Savoy Hotel - Savoy Hotel, 59 St. & 5th Ave, New York, NY",NEW?YORK$NY,,,,,,1900
466660.jpg,Park Avenue Hotel Dinner Menu,NEW?YORK$NY,,,,,,1900
466658.jpg,Park Avenue Hotel Luncheon Menu,NEW?YORK$NY,,,,,,1900
466659.jpg,Table d'hote dinner at Park Avenue Hotel,NEW?YORK$NY,,,,,,1900
466661.jpg,Dinner A La Carte at Park Avenue Hotel,NEW?YORK$NY,,,,,,1900
466664.jpg,"Marie Antoinette Hotel Dinner Menu - Marie Antoinette Hotel, 66th St. & Broadway, New York, NY",NEW?YORK$NY,,,,,,1900
466663.jpg,"Marie Antoinette Hotel Luncheon Menu - Marie Antoinette Hotel, 66th St & B'way, New York, NY",NEW?YORK$NY,,,,,,1900
466684.jpg,"Vogelsang's Daily Luncheon Menu - 178 & 180 Madison St., Vogelsang's, New York, NY",NEW?YORK$NY,,,,,,1900
466698.jpg,"Regular Dinner at Mills Hotel Restaurant - BLEECKER, THOMPSON AND SULLIVAN STREETS; ENTRANCE ON BLEECKER STREET",NEW?YORK$NY,,,,,,
466699.jpg,"Childs' Lunch Rooms Breakfast and Lunch Menu - 54 Beaver Street, New York, NY",NEW?YORK$NY,,,,,,1900
466710.jpg,"Hotel Majestic Luncheon - Hotel Majestic, New York, NY",NEW?YORK$NY,,,,,,1900
466714.jpg,Breakfast at Hotel Majestic,NEW?YORK$NY,,,,,,1900
466715.jpg,"CARTE DU JOUR Dinner at Hotel Manhattan - Hotel Manhattan, Madison Ave & 42nd St., New York, NY",NEW?YORK$NY,,,,,,1900
466716.jpg,Hotel Grenoble Lunch Menu - Hotel Grenoble/Warren Leland Jr.,NEW?YORK$NY,,,,,,1900
466717.jpg,"Hotel Majestic Dinner Menu - Hotel Majestic, Central Park West, 72nd & 71st Sts., New York, NY",NEW?YORK$NY,,,,,,1900
466719.jpg,"Hotel Grenoble Daily Menu - Hotel Grenoble, New York, NY",NEW?YORK$NY,,,,,,1900
466735.jpg,Bill of Fare - Mills Hotel Restaurant,NEW?YORK$NY,,,,,,1900
466736.jpg,Bill of Fare - Cristoforo Colombo Restaurant,NEW?YORK$NY,,,,,,1900
466744.jpg,"Daily Menu at Mills Hotel - Mills Hotel, Bleecker Street, New York",NEW?YORK$NY,,,,,,1900
466743.jpg,"Daily Menu at Mills Hotel - Mills Hotel, Bleecker Street, New York",NEW?YORK$NY,,,,,,1900
466745.jpg,"Daily Menu at Mills Hotel - Mills Hotel, Bleecker Street, New York",NEW?YORK$NY,,,,,,1900
466746.jpg,"Daily Menu at Mills Hotel - Mills Hotel, Bleecker Street, New York",NEW?YORK$NY,,,,,,1900
466780.jpg,Daily Soup Menu at Grenoble Hotel,NEW?YORK$NY,,,,,,1900
466794.jpg,"Daily Dinner Menu at Mills Hotel - Mills Hotel, Bleecker St. NY",NEW?YORK$NY,,,,,,1900
466810.jpg,"Daily Dinner Menu at Mills Hotel Restaurant - BLEECKER, THOMPSON, AND SULLIVAN STREETS",NEW?YORK$NY,,,,,,1900
466814.jpg,"Mills Hotel Restaurant Bill of Fare Breakfast/Dinner - BLEECKER, THOMPSON AND SULLIVAN STREETS, ENTRANCE ON BLEECKER STREET",NEW?YORK$NY,,,,,,1900
466818.jpg,Table d'hote dinner at Union League Club,NEW?YORK$NY,,,,,,1900
466819.jpg,Dinner at Sheridan Square Hotel,NEW?YORK$NY,,,,,,1900
466817.jpg,CARTE DU JOUR - Union League Club,NEW?YORK$NY,,,,,,1900
466825.jpg,"Luncheon Table d'Hote at Hotel Savoy - Hotel Savoy, Fifth Avenue & Fifty-Ninth Street, New York, NY",NEW?YORK$NY,,,,,,1900
466820.jpg,"Bill of Fare Dinner at Mills Hotel Restaurant - BLEECKER, THOMPSON AND SULLIVAN STREETS, ENTRANCE ON BLEECKER STREET",NEW?YORK$NY,,,,,,1900
466827.jpg,"Dinner Table D'Hote at Hotel Savoy - Hotel Savoy, Fifth Avenue & Fifty-Ninth Street, New York, NY",NEW?YORK$NY,,,,,,1900
466826.jpg,"Luncheon A La Carte at Hotel Savoy - Hotel Savoy, Fifth Avenue & Fifty-Ninth Street, New York, NY",NEW?YORK$NY,,,,,,1900
466828.jpg,"Cafe Dinner Table d'Hote at Hotel Savoy - Hotel Savoy, Fifth Avenue & Fifty-Ninth Street, New York, NY",NEW?YORK$NY,,,,,,1900
466829.jpg,CARTE DU JOUR - New York Athletic Club,NEW?YORK$NY,,,,,,1900
466831.jpg,Calumet Club Fine Dining Menu - Calumet Club Of New York,NEW?YORK$NY,,,,,,1900
466832.jpg,Carte du Jour at Colonial Club Of New York,NEW?YORK$NY,,,,,,1900
466835.jpg,Table d'hote dinner at Park Avenue Hotel,NEW?YORK$NY,,,,,,1900
466842.jpg,"Classic American Diner Fare - Hamblen's Restaurant & Lunch Rooms, New York, NY",NEW?YORK$NY,,,,,,1900
466902.jpg,Alpha Kappa Phi Anniversary Dinner - Hotel Manhattan,NEW?YORK$NY,,,,,,1900
466905.jpg,Easter Breakfast at Murray Hill Hotel,NEW?YORK$NY,,,,,,1900
466917.jpg,Cafe Boulevard Dinner Menu - 156 SECOND AVE,NEW?YORK$NY,,,,,,1900
466939.jpg,Supper at Hotel Netherland,NEW?YORK$NY,,,,,,1900
466938.jpg,Hotel Netherland Dining Menu,NEW?YORK$NY,,,,,,1900
466944.jpg,Cafe Luncheon - Hotel Marlborough,NEW?YORK$NY,,,,,,1900
466946.jpg,Dinner at Manhattan Hotel,NEW?YORK$NY,,,,,,1900
466954.jpg,Carte du Jour at Manhattan Hotel,NEW?YORK$NY,,,,,,1900
466960.jpg,Dinner at Hotel Savoy,NEW?YORK$NY,,,,,,1900
466987.jpg,Sunday Dinner at Cafe Boulevard - 156 SECOND AVENUE,NEW?YORK$NY,,,,,,1900
467045.jpg,Table d'hote dinner at Central Restaurant & Roof Garden,NEW?YORK$NY,,,,,,1900
467043.jpg,"Farewell Dinner at Sherry's - SHERRY'S, NEW YORK, NY",NEW?YORK$NY,,,,,,1900
467044.jpg,Business Men's Lunch - Central Restaurant & Roof Garden,NEW?YORK$NY,,,,,,1900
467128.jpg,Hotel Manhattan Dinner Menu,NEW?YORK$NY,,,,,,1900
467124.jpg,"Baptist Social Union of New York Dinner at Hotel Manhattan - Hotel Manhattan, New York, NY",NEW?YORK$NY,,,,,,1900
467129.jpg,Cafe Breakfast at Hotel Savoy - FIFTH AVENUE & FIFTY-NINTH STREET,NEW?YORK$NY,,,,,,1900
467146.jpg,"Classic American Fare at Statler's - Statler's, New York, NY",NEW?YORK$NY,,,,,,1900
467158.jpg,"Buffet Lunch at THE CLUB - THE CLUB, New York, NY",NEW?YORK$NY,,,,,,1900
467194.jpg,Savings Banks Association Luncheon Menu - Savings Banks Association Of The State Of New York,NEW?YORK$NY,,,,,,1900
467203.jpg,Carte du Jour at Reform Club,NEW?YORK$NY,,,,,,1900
467221.jpg,"John Wanamaker Lunch Menu - John Wanamaker, Broadway & 10th Street, New York, NY",NEW?YORK$NY,,,,,,1900
467222.jpg,Breakfast at John Wanamaker,NEW?YORK$NY,,,,,,1900
467291.jpg,"Central Restaurant Dinner Menu - 143 Liberty Street, NY",NEW?YORK$NY,,,,,,1900
467292.jpg,"Central Restaurant Dinner Menu - 143 Liberty Street, New York, NY",NEW?YORK$NY,,,,,,1900
467293.jpg,"Business Men's Lunch at Central Restaurant - 143 LIBERTY STREET, NY",NEW?YORK$NY,,,,,,1900
467297.jpg,Annual Dinner at Transportation Club Of New York,NEW?YORK$NY,,,,,,1900
467307.jpg,Pure Food Cafe Daily A La Carte Menu - 102 Madison St.,NEW?YORK$NY,,,,,,1900
468199.jpg,Southern Railway Breakfast Menu,NEW?YORK$NY,,,,,,1900
468206.jpg,"Childs' Lunch Rooms Menu - 90 Fulton St., New York, NY",NEW?YORK$NY,,,,,,1900
468238.jpg,"Dinner at Cafe' Boulevard Chateau Henri IV - Cafe' Boulevard Chateau Henri Iv, 156 2ND AVE. NY",NEW?YORK$NY,,,,,,1900
468314.jpg,54th Annual Regatta Celebration - New York Yacht Club,NEW?YORK$NY,,,,,,1900
468372.jpg,Breakfast at Hotel St. Andrew,NEW?YORK$NY,,,,,,1900
468478.jpg,"XIII Club 189th Regular Dinner - Central Restaurant, 143 Liberty Street, New York, NY",NEW?YORK$NY,,,,,,1900
4000010230.jpg,"Breakfast at the Edge of Niagara Falls - Niagara Falls, NY",NIAGARA?FALLS$NEW?YORK,,,,,,1900
4000010231.jpg,Niagara to the Sea Dinner Experience,NIAGARA?FALLS$NEW?YORK,,,,,,1900
4000010232.jpg,"Niagara to the Sea Supper - Niagara Falls, NY",NIAGARA?FALLS$NEW?YORK,,,,,,1900
4000010280.jpg,Niagara to the Sea Dinner Experience,NIAGARA?FALLS$NEW?YORK,,,,,,1900
468444.jpg,"Niagara to the Sea Supper - Niagara Falls, New York, USA",NIAGARA?FALLS$NEW?YORK,,,,,,1900
4000013927.jpg,"Annual Dinner at Cataract House - Cataract House, Niagara Falls, NY",NIAGARA?FALLS$NY,,,,,,1901
4000015018.jpg,"Phi Gamma Delta 53rd Annual Dinner - International Hotel, Niagara Falls, NY",NIAGARA?FALLS$NY,,,,,,1901
468443.jpg,DINNER AT NIAGARA TO THE SEA,NIAGARA?FALLS$NY,,,,,,1900
468456.jpg,DINNER AT NIAGARA TO THE SEA,NIAGARA?FALLS$NY,,,,,,1900
468442.jpg,Breakfast Journey from Niagara to the Sea,NIAGARA?TO?THE?SEA,,,,,,1900
4000014645.jpg,Dinner aboard S.S. Rosetta Maru - En Route Aboard S.S. Rosetta Maru,NIPPON?YUSEN?KAISHA,,,,,,1901
4000014550.jpg,Dinner aboard SS Friedrich Der Grosse - EN ROUTE ABOARD SS FRIEDRICH DER GROSSE,NORDEUTSCHER?LLOYD?BREMEN,,,,,,1901
4000014982.jpg,Dinner aboard SS Friedrich Der Grosse - EN ROUTE ABOARD SS FRIEDRICH DER GROSSE,NORDEUTSCHER?LLOYD?BREMEN,,,,,,1901
4000011626.jpg,Elegant Dining at Norfolk House,NORFOLK$VIRGINIA,,,,,,1900
4000009104.jpg,Alumnae Event Menu - Smith College Alumnae,NORTHAMPTON$MA,,,,,,1900
4000013981.jpg,Breakfast on the Great Northern Railway Line - Northern Steamship Co.,NORTHERN?STEAMSHIP?CO.,,,,,,1901
4000010167.jpg,"Wine List Event at Northern Steamship Company - Northern Steamship Company, Auckland, New Zealand",NORTHERN?STEAMSHIP?COMPANY$IN?AUCKLAND$NEW?ZEALAND,,,,,,1900
4000017045.jpg,Banking District Luncheon Menu - Nottingham Joint Stock Bank Limited And London City And Midland Bank Limited,NOTTINGHAM$ENGLAND,,,,,,1905
466665.jpg,LUNCH at Sherman Square Hotel,NY,,,,,,1900
4000008093.jpg,"Board of Trade Fourth Annual Dinner - HOTEL ST GEORGE,NYACK-ON-HUDSON,NY",NYACK$NY,,,,,,1900
468434.jpg,"LARCHMONT TROLLEY PARTY LUNCH - HOTEL ST.GEORGE, NYACK-ON-HUDSON, NY",NYACK$NY,,,,,,1900
4000013965.jpg,Oceanic Steamship Company Dinner Menu on SS Ventura,OCEAN,,,,,,1901
4000014757.jpg,Oceanic Steamship Dinner on S.S. ZEALANDIA,OCEAN,,,,,,1901
4000014758.jpg,Oceanic Steamship Dinner on S.S. ZEALANDIA,OCEAN,,,,,,1901
4000017141.jpg,Ohio Hotel Clerks Association Menu,OHIO,,,,,,1905
4000010309.jpg,Table de Hote Dinner/Fish Dinner at Hotel Velvet,OLD?ORCHARD?BEACH$ME,,,,,,1900
4000010310.jpg,Table de Hote Dinner/Fish Dinner at Hotel Velvet,OLD?ORCHARD?BEACH$ME,,,,,,1900
468487.jpg,Breakfast at Hotel Velvet,OLD?ORCHARD$ME,,,,,,1900
468500.jpg,Special Breakfast at Hotel Velvet,OLD?ORCHARD$ME,,,,,,1900
4000014739.jpg,Chamberlin Hotel Luncheon Menu,OLD?POINT?COMFORT$VA,,,,,,1901
468288.jpg,Dinner at Hygeia Hotel,OLD?POINT?COMFORT$VA,,,,,,1900
467245.jpg,Union Pacific Dining Car Service Supper Menu,OMAHA$NE,,,,,,1900
467269.jpg,Union Pacific Dining Car Service Supper Menu,OMAHA$NE,,,,,,1900
4000009246.jpg,Steamship Dining Experience - Occidental And Oriental Steamship Co.,ON?A?STEAMSHIP,,,,,,1900
4000010361.jpg,Wine List Event on a Steamship - Northern Steamship Company/Great Orthern Ry. Line,ON?A?STEAMSHIP?IN?THE?GREAT?LAKES$USA,,,,,,1900
4000009245.jpg,Steamship Dining Experience - Occidental And Oriental Steamship Co.,ON?A?STEAMSHIP$TRAVELING?AT?SEA,,,,,,1900
4000010290.jpg,Breakfast on the SS North Land - Northern Steamship Company/Great Northern Ry Line,ON?BOARD?SS?NORTH?LAND,,,,,,1900
4000010291.jpg,Breakfast on the SS North Land - Northern Steamship Company/Great Northern Ry Line,ON?BOARD?SS?NORTH?LAND,,,,,,1900
4000010295.jpg,Dinner on SS North Land - Northern Steamship Company/Great Northern Ry Line,ON?BOARD?SS?NORTH?LAND,,,,,,1900
4000010294.jpg,Dinner on SS North Land - Northern Steamship Company/Great Northern Ry Line,ON?BOARD?SS?NORTH?LAND,,,,,,1900
4000010296.jpg,Dinner on SS North Land - Northern Steamship Company/Great Northern Ry Line,ON?BOARD?SS?NORTH?LAND,,,,,,1900
4000010300.jpg,A LA CARTE - Northern Steamship Company/Great Northern Ry Line,ON?BOARD?SS?NORTH?LAND,,,,,,1900
4000010301.jpg,A LA CARTE - Northern Steamship Company/Great Northern Ry Line,ON?BOARD?SS?NORTH?LAND,,,,,,1900
468464.jpg,Dinner on SS North Land - Northern Steamship Company/Great Northern Ry Line,ON?BOARD?SS?NORTH?LAND,,,,,,1900
468467.jpg,LUNCHEON on SS NORTH LAND - Northern Steamship Company/Great Northern Ry Line,ON?BOARD?SS?NORTH?LAND,,,,,,1900
4000010327.jpg,Breakfast on the SS North West - Northern Steamship Company/Great Northern Ry Line,ON?BOARD?SS?NORTH?WEST,,,,,,1900
4000010331.jpg,Dinner on the SS North West - Northern Steamship Company/Great Northern Ry Line,ON?BOARD?SS?NORTH?WEST,,,,,,1900
4000010328.jpg,Breakfast on the SS North West - Northern Steamship Company/Great Northern Ry Line,ON?BOARD?SS?NORTH?WEST,,,,,,1900
4000010332.jpg,Dinner on the SS North West - Northern Steamship Company/Great Northern Ry Line,ON?BOARD?SS?NORTH?WEST,,,,,,1900
4000010334.jpg,A LA CARTE - Northern Steamship Company/Great Northern Ry Line,ON?BOARD?SS?NORTH?WEST,,,,,,1900
4000010335.jpg,A LA CARTE - Northern Steamship Company/Great Northern Ry Line,ON?BOARD?SS?NORTH?WEST,,,,,,1900
4000010333.jpg,Dinner on SS North West - Northern Steamship Company/Great Northern Ry Line,ON?BOARD?SS?NORTH?WEST,,,,,,1900
468481.jpg,Dinner on the SS North West - Northern Steamship Company/Great Northern Ry Line,ON?BOARD?SS?NORTH?WEST,,,,,,1900
468480.jpg,LUNCHEON MENU ON BOARD SS NORTH WEST,ON?BOARD?SS?NORTH?WEST,,,,,,1900
4000010009.jpg,Steamship Dining Experience - Occidental & Oriental Steamship Co.,ON?THE?OCCIDENTAL?&?ORIENTAL?STEAMSHIP?CO.?ROUTE,,,,,,1900
4000014789.jpg,Oceanic Steamship Co. Dining Menu,ONBOARD?OCEANIC?STEAMSHIP?CO.?VESSEL,,,,,,1901
468296.jpg,Lunch Menu on SS Gaelic - Occidental & Oriental Steamship Co.,ONBOARD?SS?GAELIC,,,,,,1900
4000009953.jpg,Dinner on the SS Gaelic - Occidental & Oriental Steamship Company,ONBOARD?SS?GAELIC$AT?SEA,,,,,,1900
4000009995.jpg,Dinner on the SS Gaelic - Occidental & Oriental Steamship Co.,ONBOARD?SS?GAELIC$AT?SEA,,,,,,1900
4000010025.jpg,Dinner on the SS Gaelic - Occidental & Oriental Steamship Co.,ONBOARD?SS?GAELIC$AT?SEA,,,,,,1900
4000010024.jpg,Dinner on the SS Gaelic - Occidental & Oriental Steamship Co.,ONBOARD?SS?GAELIC$AT?SEA,,,,,,1900
468253.jpg,Lunch Menu on SS Gaelic - Occidental & Oriental Steamship Company,ONBOARD?SS?GAELIC$AT?SEA,,,,,,1900
468286.jpg,Lunch Menu on SS Gaelic - Occidental & Oriental Steamship Co.,ONBOARD?SS?GAELIC$AT?SEA,,,,,,1900
4000011851.jpg,Christmas Dinner at San Juan Hotel,ORLANDO$FL,,,,,,1900
4000008309.jpg,Washington's Birthday Dinner at Hotel Ormond,ORMOND?BEACH$FL,,,,,,1900
4000008310.jpg,"Washington's Birthday Dinner, Hotel Ormond",ORMOND?BEACH$FL,,,,,,1900
4000008775.jpg,Dinner at Hotel Ormond,ORMOND$FL,,,,,,1900
4000008776.jpg,Dinner at Hotel Ormond,ORMOND$FL,,,,,,1900
4000011893.jpg,Christmas Dinner at Cook's Nile Service,P.L.RAMESES?111$IN?CITY$STATE?ABBREIVATION?FORMAT,,,,,,1900
4000008480.jpg,"Dinner Menu, SS Coptic - Occidental & Oriental Steamship Co., SS Coptic",PACIFIC?OCEAN,,,,,,1900
4000009201.jpg,"Dinner on the S.S. 'CITY OF PARA' - S.S. 'CITY OF PARA', Pacific Mail Steamship Company",PACIFIC?OCEAN,,,,,,1900
4000009200.jpg,"Dinner on the S.S. CITY OF PARA - S.S. CITY OF PARA, Pacific Mail Steamship Company",PACIFIC?OCEAN,,,,,,1900
4000009224.jpg,Steamship Dining Experience - Pacific Mail Steamship Co.,PACIFIC?OCEAN,,,,,,1900
4000009225.jpg,Steamship Dining Experience - Pacific Mail Steamship Co.,PACIFIC?OCEAN,,,,,,1900
4000009447.jpg,"Pacific Mail Steamship Company Dinner Menu on SS City of Para - SS City of Para, Pacific Mail Steamship Company",PACIFIC?OCEAN,,,,,,1900
4000009448.jpg,"Pacific Mail Steamship Company Dinner Menu on SS City of Para - SS City of Para, Pacific Mail Steamship Company",PACIFIC?OCEAN,,,,,,1900
4000009450.jpg,"Pacific Mail Steamship Company Dinner Menu on SS City of Para - SS City of Para, Pacific Mail Steamship Company",PACIFIC?OCEAN,,,,,,1900
4000009451.jpg,"Pacific Mail Steamship Company Dinner Menu on SS City of Para - SS City of Para, Pacific Mail Steamship Company",PACIFIC?OCEAN,,,,,,1900
4000009689.jpg,"Pacific Mail Steamship Co. Dinner Menu - SS CITY OF PARA, Pacific Mail Steamship Co.",PACIFIC?OCEAN,,,,,,1900
4000009690.jpg,"Pacific Mail Steamship Co. Dinner Menu - SS CITY OF PARA, Pacific Mail Steamship Co.",PACIFIC?OCEAN,,,,,,1900
4000009702.jpg,"Pacific Mail Steamship Company Dinner Menu on SS City of Para - SS City of Para, Pacific Mail Steamship Company",PACIFIC?OCEAN,,,,,,1900
4000009703.jpg,"Pacific Mail Steamship Company Dinner Menu on SS CITY OF PARA - SS CITY OF PARA, Pacific Mail Steamship Company",PACIFIC?OCEAN,,,,,,1900
4000009719.jpg,"Pacific Mail Steamship Company Dinner Menu on SS CITY OF PARA - SS CITY OF PARA, Pacific Mail Steamship Company",PACIFIC?OCEAN,,,,,,1900
4000009718.jpg,"Dinner Menu on SS CITY OF PARA by Pacific Mail Steamship Company - SS CITY OF PARA, Pacific Mail Steamship Company",PACIFIC?OCEAN,,,,,,1900
4000009728.jpg,"Pacific Mail Steamship Company Dinner Menu on SS City of Para - SS City of Para, Pacific Mail Steamship Company",PACIFIC?OCEAN,,,,,,1900
4000009729.jpg,"Pacific Mail Steamship Company Dinner Menu on SS City of Para - SS City of Para, Pacific Mail Steamship Company",PACIFIC?OCEAN,,,,,,1900
4000009755.jpg,Pacific Mail Steamship Company Dining Menu - S.S. 'CITY OF PARA' on the Pacific Mail Steamship Company route,PACIFIC?OCEAN,,,,,,1900
4000009756.jpg,Pacific Mail Steamship Company Dining Menu - S.S. 'CITY OF PARA' on the Pacific Mail Steamship Company route,PACIFIC?OCEAN,,,,,,1900
4000009813.jpg,Trans Pacific Line Dining Experience - Pacific Mail Steamship Co. Trans Pacific Line,PACIFIC?OCEAN,,,,,,1900
4000009812.jpg,Trans-Pacific Line Dining Menu - Pacific Mail Steamship Co. Trans Pacific Line,PACIFIC?OCEAN,,,,,,1900
4000009847.jpg,Daily Dinner Menu on SS City of Rio de Janeiro - Pacific Mail Steamship Co.,PACIFIC?OCEAN,,,,,,1900
4000009848.jpg,"Daily Dinner Menu on SS City of Rio de Janeiro - SS City of Rio de Janeiro, Pacific Mail Steamship Co.",PACIFIC?OCEAN,,,,,,1900
4000009902.jpg,"Dinner on Steamship 'City of Para' - Pacific Mail Steamship Company, at sea",PACIFIC?OCEAN,,,,,,1900
4000009903.jpg,Dinner on Steamship City of Para - Pacific Mail Steamship Company,PACIFIC?OCEAN,,,,,,1900
4000009991.jpg,Trans-Pacific Voyage Menu - Pacific Mail Steamship Co./Trans Pacific Line,PACIFIC?OCEAN,,,,,,1900
4000009990.jpg,Transpacific Voyage Dining Experience - Pacific Mail Steamship Co./Trans Pacific Line,PACIFIC?OCEAN,,,,,,1900
4000010003.jpg,Trans-Pacific Voyage Menu - Pacific Mail Steamship Co./Trans Pacific Line,PACIFIC?OCEAN,,,,,,1900
4000010060.jpg,Steamship Dining Experience - Pacific Mail Steamship Co.,PACIFIC?OCEAN,,,,,,1900
4000010059.jpg,Pacific Voyage Dining Experience - Pacific Mail Steamship Co.,PACIFIC?OCEAN,,,,,,1900
4000011868.jpg,"Christmas Dinner on S.S. China - S.S. China, Pacific Mail Ss Co.",PACIFIC?OCEAN,,,,,,1900
466478.jpg,"Breakfast on the SS COPTIC - SS COPTIC, Occidental & Oriental Steamship Co.",PACIFIC?OCEAN,,,,,,1900
466963.jpg,Lunch Menu on Pacific Mail Steamship Co. - EN ROUTE ABOARD PANAMA LINE STEAMSHIP CITY OF PARA,PACIFIC?OCEAN,,,,,,1900
466983.jpg,Steamship Dining Experience - Pacific Mail Steamship Co.,PACIFIC?OCEAN,,,,,,1900
466993.jpg,"Lunch Menu on Pacific Mail Steamship Co. Steamship City of Para - En route aboard Panama Line Steamship City of Para, operated by Pacific Mail Steamship Co.",PACIFIC?OCEAN,,,,,,1900
466994.jpg,Breakfast Menu on Pacific Mail Steamship Co. - En route aboard Panama Line Steamship City of Para,PACIFIC?OCEAN,,,,,,1900
467072.jpg,"Breakfast on the SS City of Para - SS City of Para, Pacific Mail Steamship Company",PACIFIC?OCEAN,,,,,,1900
467073.jpg,"Daily Lunch Menu on SS City of Para - SS City of Para, Pacific Mail Steamship Company",PACIFIC?OCEAN,,,,,,1900
467232.jpg,"Breakfast on the SS City of Para - SS City of Para, Pacific Mail Steamship Company",PACIFIC?OCEAN,,,,,,1900
467242.jpg,"Breakfast on the SS City of Para by Pacific Mail Steamship Company - SS City of Para, operated by Pacific Mail Steamship Company",PACIFIC?OCEAN,,,,,,1900
467243.jpg,"Pacific Mail Steamship Company Lunch Menu - SS City of Para, operated by Pacific Mail Steamship Company",PACIFIC?OCEAN,,,,,,1900
467252.jpg,"Pacific Mail Steamship Company Dinner Menu on SS City of Para - SS City of Para, Pacific Mail Steamship Company",PACIFIC?OCEAN,,,,,,1900
467249.jpg,"Breakfast on the SS City of Para - SS City of Para, Pacific Mail Steamship Company",PACIFIC?OCEAN,,,,,,1900
467261.jpg,"Pacific Mail Steamship Company Lunch Menu - SS City of Para, Pacific Mail Steamship Company",PACIFIC?OCEAN,,,,,,1900
467258.jpg,Steamship Dining Experience - Pacific Mail Steamship Co.,PACIFIC?OCEAN,,,,,,1900
467260.jpg,"Breakfast on the SS City of Para - SS City of Para, Pacific Mail Steamship Company",PACIFIC?OCEAN,,,,,,1900
468194.jpg,Steamship Dining Menu - Pacific Mail Steamship Company,PACIFIC?OCEAN,,,,,,1900
468218.jpg,Breakfast on the Steamship City of Rio de Janeiro - Pacific Mail Steamship Company,PACIFIC?OCEAN,,,,,,1900
468267.jpg,Steamship Dining Experience - Pacific Mail Steamship Co.,PACIFIC?OCEAN,,,,,,1900
468276.jpg,Maritime Dining Experience - Pacific Mail Steamship Co.,PACIFIC?OCEAN,,,,,,1900
468283.jpg,"Tiffin on the SS City of Rio de Janeiro - SS City of Rio de Janeiro, Pacific Mail Steamship Company",PACIFIC?OCEAN,,,,,,1900
468302.jpg,"Tiffin on the SS City of Rio de Janeiro - SS City of Rio de Janeiro, Pacific Mail Steamship Company",PACIFIC?OCEAN,,,,,,1900
468432.jpg,"Daily Breakfast Menu on SS City of Rio de Janeiro - SS City of Rio de Janeiro, Pacific Mail Steamship Company",PACIFIC?OCEAN,,,,,,1900
468435.jpg,"Daily Breakfast Menu on SS City of Rio de Janeiro - SS City of Rio de Janeiro, Pacific Mail Steamship Company",PACIFIC?OCEAN,,,,,,1900
467017.jpg,Daily Breakfast Menu on Pacific Mail Steamship Co.,PANAMA?CITY$PAN,,,,,,1900
4000009364.jpg,Pacific Mail Steamship Co. Dinner Menu,PANAMA?CITY$PANAMA,,,,,,1900
4000009363.jpg,Pacific Mail Steamship Co. Dinner Menu,PANAMA?CITY$PANAMA,,,,,,1900
4000009912.jpg,Dinner aboard City of Para - Pacific Mail Steamship Company Panama Line,PANAMA?CITY$PANAMA,,,,,,1900
4000010195.jpg,"Sixth Anniversary Banquet at Hotel Continental - HOTEL CONTINENTAL, Paris, France",PARIS$FRANCE,,,,,,1900
4000010714.jpg,"Haake Freres Menu - Haake Freres, Paris, France",PARIS$FRANCE,,,,,,1900
4000010947.jpg,Classic French Cuisine at The Trocadero,PARIS$FRANCE,,,,,,1900
466797.jpg,"Hotel De France Dining Experience - Hotel De France, Paris, France",PARIS$FRANCE,,,,,,1900
466840.jpg,"Royal Dining at Hotel Marie Antoinette - Hotel Marie Antoinette, Paris, France",PARIS$FRANCE,,,,,,1900
468361.jpg,Diner at Hotel Ritz,PARIS$FRANCE,,,,,,1900
468496.jpg,Dinner at Elysee Palace Hotel,PARIS$FRANCE,,,,,,1900
4000008059.jpg,"Dinner Menu, Conducted Tour - Pennsylvania Rr",PENNSYLVANIA,,,,,,1900
4000010132.jpg,Pennsylvania Bar Association Menu,PENNSYLVANIA,,,,,,1900
467264.jpg,Breakfast on the Pennsylvania Railroad Dining Cars,PENNSYLVANIA,,,,,,1900
467171.jpg,Pennsylvania Railroad Dining Car Breakfast,PENNSYLVANIA?RAILROAD,,,,,,1900
467172.jpg,Dinner on the Pennsylvania Railroad,PENNSYLVANIA?RAILROAD,,,,,,1900
466519.jpg,Dinner at Legation Des Etat Unis D'amerique,PETROPOLIS$BRAZIL,,,,,,1900
4000008354.jpg,"Annual Dinner Menu - HOTEL MARLBOROUGH, District No.3 Catholic Benevolent Legion",PHILADELPHIA$PA,,,,,,1900
4000011672.jpg,Poultry and Pet Stock Association Menu - Keystone Poultry Pigeon And Pet Stock Association,PHILADELPHIA$PA,,,,,,1900
4000015375.jpg,U.S.M.S. Philadelphia Luncheon Menu - U.S.M.S.Philadelphia,PHILADELPHIA$PA,,,,,,1901
4000015377.jpg,U.S.M.S. Philadelphia Luncheon Menu - U.S.M.S.Philadelphia,PHILADELPHIA$PA,,,,,,1901
4000015376.jpg,U.S.M.S. Philadelphia Luncheon Menu - U.S.M.S.Philadelphia,PHILADELPHIA$PA,,,,,,1901
4000015379.jpg,U.S.M.S. Philadelphia Dinner Menu - U.S.M.S.Philadelphia,PHILADELPHIA$PA,,,,,,1901
4000015380.jpg,U.S.M.S. Philadelphia Dinner Menu - U.S.M.S.Philadelphia,PHILADELPHIA$PA,,,,,,1901
4000015381.jpg,U.S.M.S. Philadelphia Dinner Menu - U.S.M.S.Philadelphia,PHILADELPHIA$PA,,,,,,1901
4000017147.jpg,Pen And Pencil Club Special Menu - Members And Friends Of The Pen And Pencil Club,PHILADELPHIA$PA,,,,,,1905
4000021720.jpg,"2nd Annual Dinner for Hon. Richard L. Ashhurst and Mr. George W. Knowles - Hotel Bellevue-Stratford, Philadelphia, PA",PHILADELPHIA$PA,,,,,,1907
4000021725.jpg,"3rd Annual Banquet in Honor of Dr. Hubley R. Owen, President and Chief - Hotel Majestic",PHILADELPHIA$PA,,,,,,1907
4000021799.jpg,Union League of Philadelphia Event Menu,PHILADELPHIA$PA,,,,,,1907
4000021910.jpg,Canoe Club Dining Experience - Cohocksink Canoe Club,PHILADELPHIA$PA,,,,,,1907
466637.jpg,Pennsylvania Railroad Station Dinner - P.R.R. (Pennsylvania Rr) Station,PHILADELPHIA$PA,,,,,,1900
466783.jpg,Daily Supper at Haddon Hall,PHILADELPHIA$PA,,,,,,1900
466784.jpg,Daily Dinner at Haddon Hall,PHILADELPHIA$PA,,,,,,1900
466806.jpg,THE ALTON LIMITED - Pioneer Dining Car Line,PIONEER?DINING?CAR?LINE,,,,,,1900
4000011836.jpg,Hotel Schenley Dinner Menu,PITTSBURGH$PA,,,,,,1900
4000011837.jpg,Hotel Schenley Dinner Menu,PITTSBURGH$PA,,,,,,1900
4000011909.jpg,Christmas Dinner at Hotel Schenley,PITTSBURGH$PA,,,,,,1900
4000010313.jpg,"Semi-Centennial Celebration Luncheon at Hotel Champlain - Hotel Champlain, Clinton County, NY",PLATTSBURGH$NY,,,,,,1900
4000009725.jpg,Supper at New Falmouth Hotel,PORTLAND$ME,,,,,,1900
467247.jpg,Dinner at New Falmouth Hotel,PORTLAND$ME,,,,,,1900
467246.jpg,Breakfast at New Falmouth Hotel,PORTLAND$ME,,,,,,1900
4000009361.jpg,"Historic Brunch Menu - Everett House, Portland, Oregon",PORTLAND$OREGON,,,,,,1900
4000019522.jpg,The Portland Menu,PORTLAND$OREGON,,,,,,1906
4000013762.jpg,"Society of Colonial Wars Annual Dinner - Princeton Inn, NJ",PRINCETON$NJ,,,,,,1901
4000009751.jpg,Dinner to Brown University Debating Teams - University Club,PROVIDENCE$R.I.,,,,,,1900
467267.jpg,Dinner to Brown University Debating Teams - University Club,PROVIDENCE$R.I.,,,,,,1900
4000014148.jpg,Squantum Association Dining Menu,PROVIDENCE$RHODE?ISLAND,,,,,,1901
4000014149.jpg,Elegant Dining at Squantum Association,PROVIDENCE$RHODE?ISLAND,,,,,,1901
4000010052.jpg,Dinner at Narragansett Hotel Cafe,PROVIDENCE$RI,,,,,,1900
4000010051.jpg,Dinner at Narragansett Hotel Cafe,PROVIDENCE$RI,,,,,,1900
4000010053.jpg,Dinner at Narragansett Hotel Cafe,PROVIDENCE$RI,,,,,,1900
4000010086.jpg,Campus Dining Menu - Brown University,PROVIDENCE$RI,,,,,,1900
4000015306.jpg,Mahogany Palace Menu,PROVIDENCE$RI,,,,,,1901
4000015307.jpg,Mahogany Palace Menu,PROVIDENCE$RI,,,,,,1901
468338.jpg,University Dining Hall Menu - Brown University,PROVIDENCE$RI,,,,,,1900
4000015113.jpg,"Dinner Menu on Pullman Buffet Parlor Car - Pullman Buffet, En Route - Parlor Car",PULLMAN$WASHINGTON,,,,,,1901
4000015112.jpg,"Dinner Menu on Pullman Buffet Parlor Car - Pullman Buffet, En Route - Parlor Car",PULLMAN$WASHINGTON,,,,,,1901
4000015118.jpg,Buffet Dining Experience - Pullman Buffet,PULLMAN$WASHINGTON,,,,,,1901
4000015116.jpg,Buffet Dining at Pullman Buffet,PULLMAN$WASHINGTON,,,,,,1901
4000015119.jpg,Buffet Dining Experience - Pullman Buffet,PULLMAN$WASHINGTON,,,,,,1901
4000010151.jpg,Noon Dinner at Victory Hotel,PUT-IN-BAY$OH,,,,,,1900
4000010251.jpg,"Sunday Dinner at Hotel Victory - Hotel Victory, Put-in-Bay Island, Ohio",PUT-IN-BAY$OH,,,,,,1900
4000010304.jpg,"Evening Dinner at Hotel Victory - Hotel Victory, Put-in-Bay Island, Ohio",PUT-IN-BAY$OH,,,,,,1900
4000010305.jpg,"Evening Dinner at Hotel Victory - Hotel Victory, Put-in-Bay Island, Ohio",PUT-IN-BAY$OH,,,,,,1900
4000010506.jpg,"Semi-Annual Meeting and Dinner at Hotel Victory - Hotel Victory, Put-in-Bay Island, Lake Erie, OH",PUT-IN-BAY$OH,,,,,,1900
4000010574.jpg,"Annual Outing at Hotel Victory - Hotel Victory, Put-in-Bay Island, Lake Erie, Ohio",PUT-IN-BAY$OH,,,,,,1900
468468.jpg,"Evening Dinner at Hotel Victory - Hotel Victory, Put-in-Bay Island, Ohio",PUT-IN-BAY$OH,,,,,,1900
4000010405.jpg,Hotel Victory Dining Menu,PUT-IN-BAY$OHIO,,,,,,1900
468452.jpg,"Breakfast at Hotel Victory - Hotel Victory, Put-in-Bay Island, Ohio",PUT-IN-BAY$OHIO,,,,,,1900
466489.jpg,"Breakfast on the SS Trinidad - SS Trinidad, Quebec Steamship Company",QUEBEC?CITY$QC,,,,,,1900
466552.jpg,Dinner aboard SS Trinidad by Quebec Steamship Company - Quebec Steamship Company SS Trinidad,QUEBEC?CITY$QUEBEC$CANADA,,,,,,1900
466490.jpg,"Quebec Steamship Company Dinner Menu on SS Trinidad - SS Trinidad, Quebec Steamship Company",QUEBEC$CANADA,,,,,,1900
466506.jpg,Breakfast on S.S. 'TRINIDAD' - S.S. 'TRINIDAD' operated by Quebec Steamship Company,QUEBEC$CANADA,,,,,,1900
466551.jpg,Breakfast on SS Trinidad - Quebec Steamship Company - SS Trinidad,QUEBEC$CANADA,,,,,,"0190, 1900"
466554.jpg,Breakfast on SS Trinidad - Quebec Steamship Co. SS Trinidad,QUEBEC$CANADA,,,,,,1900
466555.jpg,Daily Luncheon Menu on SS Trinidad - Quebec Steamship Co. SS Trinidad,QUEBEC$CANADA,,,,,,1900
468319.jpg,Dinner at Chateau Frontenac,QUEBEC$CANADA,,,,,,1900
466392.jpg,Breakfast on SS WESTERNLAND,RED?STAR?LINE,,,,,,1900
466394.jpg,Dinner on SS WESTERNLAND,RED?STAR?LINE,,,,,,1900
466393.jpg,Daily Lunch Menu on SS WESTERNLAND,RED?STAR?LINE,,,,,,1900
466397.jpg,Daily Breakfast Menu on SS SOUTHWAREZ,RED?STAR?LINE,,,,,,1900
466398.jpg,Daily Lunch Menu on SS SOUTHWAREZ,RED?STAR?LINE,,,,,,1900
466399.jpg,DAILY DINNER on SS SOUTHWAREZ by RED STAR LINE,RED?STAR?LINE,,,,,,1900
466413.jpg,Breakfast on S.S. 'WESTERNLAND',RED?STAR?LINE,,,,,,1900
466420.jpg,Dinner on the S.S. SOUTHWARK by RED STAR LINE,RED?STAR?LINE,,,,,,1900
466441.jpg,Dinner aboard S.S. Westernland by Red Star Line,RED?STAR?LINE,,,,,,1900
466443.jpg,Lunch aboard S.S. Westernland by Red Star Line,RED?STAR?LINE,,,,,,1900
466451.jpg,Breakfast aboard S.S. Westernland - EN ROUTE ABOARD S.S. WESTERNLAND,RED?STAR?LINE,,,,,,1900
466471.jpg,Breakfast on SS WESTERNLAND by RED STAR LINE,RED?STAR?LINE,,,,,,1900
466482.jpg,Daily Lunch Menu on SS WESTERNLAND by RED STAR LINE,RED?STAR?LINE,,,,,,1900
466481.jpg,Breakfast on SS WESTERNLAND by RED STAR LINE,RED?STAR?LINE,,,,,,1900
466491.jpg,Dinner on S.S. WESTERNLAND by RED STAR LINE,RED?STAR?LINE,,,,,,1900
466547.jpg,Breakfast aboard S.S. Westernland - ENROUTE ABOARD S.S. WESTERNLAND,RED?STAR?LINE,,,,,,1900
4000014915.jpg,Steamed Seafood Delights - Rhode Island Steamer,RHODE?ISLAND,,,,,,1901
4000014916.jpg,Rhode Island Steamer Menu,RHODE?ISLAND,,,,,,1901
4000014917.jpg,Steamed Seafood Delights - Rhode Island Steamer,RHODE?ISLAND,,,,,,1901
4000009519.jpg,Daily Dinner Menu on SS City of Rio de Janeiro - Pacific Mail Steamship Company,RIO?DE?JANEIRO$BRAZIL,,,,,,1900
4000009540.jpg,"Daily Dinner Menu on SS City of Rio de Janeiro - SS City of Rio de Janeiro, Pacific Mail Steamship Company",RIO?DE?JANEIRO$BRAZIL,,,,,,1900
4000009541.jpg,"Daily Dinner Menu on SS City of Rio de Janeiro - SS City of Rio de Janeiro, Pacific Mail Steamship Company",RIO?DE?JANEIRO$BRAZIL,,,,,,1900
4000009734.jpg,"Pacific Mail Steamship Co. Dinner on SS City of Rio de Janeiro - SS City of Rio de Janeiro, Pacific Mail Steamship Co.",RIO?DE?JANEIRO$BRAZIL,,,,,,1900
4000009733.jpg,"Pacific Mail Steamship Co. Dinner on SS City of Rio de Janeiro - SS City of Rio de Janeiro, Pacific Mail Steamship Co.",RIO?DE?JANEIRO$BRAZIL,,,,,,1900
4000009739.jpg,"Pacific Mail Steamship Co. Dinner on SS City of Rio de Janeiro - SS City of Rio de Janeiro, Pacific Mail Steamship Co.",RIO?DE?JANEIRO$BRAZIL,,,,,,1900
4000009740.jpg,"Pacific Mail Steamship Co. Dinner on SS City of Rio de Janeiro - SS City of Rio de Janeiro, Pacific Mail Steamship Co.",RIO?DE?JANEIRO$BRAZIL,,,,,,1900
4000009868.jpg,"Daily Dinner Menu on SS City of Rio de Janeiro - SS City of Rio de Janeiro, Pacific Mail Steamship Company",RIO?DE?JANEIRO$BRAZIL,,,,,,1900
4000009869.jpg,"Daily Dinner Menu on SS City of Rio de Janeiro - SS City of Rio de Janeiro, Pacific Mail Steamship Company",RIO?DE?JANEIRO$BRAZIL,,,,,,1900
4000009970.jpg,"Pacific Mail Steamship Co. Dinner on SS Rio de Janeiro - SS Rio de Janeiro, Pacific Mail Steamship Co./Trans Pacific Line",RIO?DE?JANEIRO$BRAZIL,,,,,,1900
4000009971.jpg,"Dinner on the SS Rio de Janeiro - SS Rio de Janeiro, Pacific Mail Steamship Co./Trans Pacific Line",RIO?DE?JANEIRO$BRAZIL,,,,,,1900
4000009976.jpg,"Dinner on the SS Rio de Janeiro - SS Rio de Janeiro, Pacific Mail Steamship Co./Trans Pacific Line",RIO?DE?JANEIRO$BRAZIL,,,,,,1900
4000009975.jpg,"Dinner Menu on SS Rio de Janeiro - SS Rio de Janeiro, Pacific Mail Steamship Co./Trans Pacific Line",RIO?DE?JANEIRO$BRAZIL,,,,,,1900
4000010020.jpg,"Pacific Mail Steamship Co. Dinner on SS Rio de Janeiro - SS Rio de Janeiro, Pacific Mail Steamship Co./Trans Pacific Line",RIO?DE?JANEIRO$BRAZIL,,,,,,1900
4000010019.jpg,"Pacific Dining Experience on SS Rio de Janeiro - SS Rio de Janeiro, Pacific Mail Steamship Co./Trans Pacific Line",RIO?DE?JANEIRO$BRAZIL,,,,,,1900
4000010029.jpg,"Dinner Menu on SS Rio de Janeiro - SS Rio de Janeiro, Pacific Mail Steamship Co./Trans Pacific Line",RIO?DE?JANEIRO$BRAZIL,,,,,,1900
4000010034.jpg,"Dinner Menu on SS Rio de Janeiro - SS Rio de Janeiro, Pacific Mail Steamship Co./Trans Pacific Line",RIO?DE?JANEIRO$BRAZIL,,,,,,1900
4000010030.jpg,"Dinner on the SS Rio de Janeiro - SS Rio de Janeiro, Pacific Mail Steamship Co./Trans Pacific Line",RIO?DE?JANEIRO$BRAZIL,,,,,,1900
4000010035.jpg,"Dinner Menu on SS Rio de Janeiro - SS Rio de Janeiro, Pacific Mail Steamship Co./Trans Pacific Line",RIO?DE?JANEIRO$BRAZIL,,,,,,1900
4000010147.jpg,"Pacific Mail Steamship Company Dinner Menu on SS Rio de Janeiro - SS: RIO DE JANEIRO, Pacific Mail Steamship Company",RIO?DE?JANEIRO$BRAZIL,,,,,,1900
4000010148.jpg,"Pacific Mail Steamship Company Dinner Menu on SS Rio de Janeiro - SS: RIO DE JANEIRO, Pacific Mail Steamship Company",RIO?DE?JANEIRO$BRAZIL,,,,,,1900
4000010227.jpg,"Pacific Dining on the SS Rio de Janeiro - SS Rio de Janeiro, Pacific Mail Steamship Co./Trans Pacific Line",RIO?DE?JANEIRO$BRAZIL,,,,,,1900
4000010226.jpg,"Pacific Dining on the SS Rio de Janeiro - SS Rio de Janeiro, Pacific Mail Steamship Co./Trans Pacific Line",RIO?DE?JANEIRO$BRAZIL,,,,,,1900
467135.jpg,Daily Breakfast Menu on SS City of Rio de Janeiro - Pacific Mail Steamship Company,RIO?DE?JANEIRO$BRAZIL,,,,,,1900
467235.jpg,"Breakfast on the SS Rio de Janeiro - SS Rio de Janeiro, Pacific Mail Steamship Company",RIO?DE?JANEIRO$BRAZIL,,,,,,1900
467236.jpg,"Tiffin on the SS Rio de Janeiro - SS Rio de Janeiro, Pacific Mail Steamship Company",RIO?DE?JANEIRO$BRAZIL,,,,,,1900
467253.jpg,"Breakfast on the SS City of Rio de Janeiro - SS City of Rio de Janeiro, Pacific Mail Steamship Co.",RIO?DE?JANEIRO$BRAZIL,,,,,,1900
467254.jpg,"Tiffin on the SS City of Rio de Janeiro - SS City of Rio de Janeiro, Pacific Mail Steamship Co.",RIO?DE?JANEIRO$BRAZIL,,,,,,1900
467270.jpg,TIFFIN on the S.S. 'CITY OF RIO DE JANEIRO' - S.S. 'CITY OF RIO DE JANEIRO' operated by Pacific Mail Steamship Company,RIO?DE?JANEIRO$BRAZIL,,,,,,1900
468193.jpg,"Breakfast on the SS City of Rio de Janeiro - SS City of Rio de Janeiro, Pacific Mail Steamship Company",RIO?DE?JANEIRO$BRAZIL,,,,,,1900
468265.jpg,"Tiffin Menu on SS City of Rio de Janeiro - SS City of Rio de Janeiro, Pacific Mail Steamship Company",RIO?DE?JANEIRO$BRAZIL,,,,,,1900
468264.jpg,"Breakfast on the SS City of Rio de Janeiro - SS City of Rio de Janeiro, Pacific Mail Steamship Company",RIO?DE?JANEIRO$BRAZIL,,,,,,1900
468268.jpg,"TIFFIN on the SS Rio de Janeiro - SS Rio de Janeiro, Pacific Mail Steamship Co.",RIO?DE?JANEIRO$BRAZIL,,,,,,1900
468282.jpg,"Breakfast on the SS City of Rio de Janeiro - SS City of Rio de Janeiro, Pacific Mail Steamship Company",RIO?DE?JANEIRO$BRAZIL,,,,,,1900
468299.jpg,"Tiffin Service on SS City of Rio de Janeiro - SS City of Rio de Janeiro, Pacific Mail Steamship Company",RIO?DE?JANEIRO$BRAZIL,,,,,,1900
468298.jpg,"Breakfast on the SS City of Rio de Janeiro - SS City of Rio de Janeiro, Pacific Mail Steamship Company",RIO?DE?JANEIRO$BRAZIL,,,,,,1900
468301.jpg,"Breakfast on the SS City of Rio de Janeiro - SS City of Rio de Janeiro, Pacific Mail Steamship Company",RIO?DE?JANEIRO$BRAZIL,,,,,,1900
468321.jpg,Tiffin Menu on Steamship 'City of Rio de Janeiro' - Steamship 'City of Rio de Janeiro' operated by Pacific Mail Steamship Company,RIO?DE?JANEIRO$BRAZIL,,,,,,1900
468329.jpg,Tiffin Menu on Steamship 'City of Rio de Janeiro' - Steamship 'City of Rio de Janeiro' operated by Pacific Mail Steamship Company,RIO?DE?JANEIRO$BRAZIL,,,,,,1900
468385.jpg,"TIFFIN on the SS Rio de Janeiro - SS: RIO DE JANEIRO, Pacific Mail Steamship Company",RIO?DE?JANEIRO$BRAZIL,,,,,,1900
468431.jpg,"Daily Menu aboard SS City of Rio de Janeiro - SS City of Rio de Janeiro, Pacific Mail Steamship Company",RIO?DE?JANEIRO$BRAZIL,,,,,,1900
4000021870.jpg,"Annual Banquet Tendered to Representatives of THE C.B. Woodworth's Sons Company - The C.B. Woodworth's Sons Company, Rochester Club",ROCHESTER$NEW?YORK,,,,,,1907
4000021869.jpg,"Annual Banquet Tendered to Representatives of THE C.B. Woodworth's Sons Company - The C.B. Woodworth's Sons Company, Rochester Club",ROCHESTER$NEW?YORK,,,,,,1907
467145.jpg,Dinner at Round Table Club,ROUND?TABLE?CLUB$IN?CITY$STATE?ABBREIVATION?FORMAT,,,,,,1900
4000009885.jpg,Dinner on 'The D&H' Dining Car Service - Champlain Hotel,ROUSES?POINT$NY,,,,,,1900
4000009884.jpg,"Dinner on 'The D&H' Dining Car Service - THE D&H DINING CAR SERVICE BETWEEN ROUSES POINT, HOTEL CHAMPLAIN AND WHITEHALL",ROUSES?POINT$NY,,,,,,1900
4000011746.jpg,BANQUET COMMEMORATING 'THE BOSTON TEA PARTY' - Michigan Society Sons Of The American Revolution,RUSSELL?HOUSE$MI,,,,,,1900
4000008068.jpg,Alcazar Hotel Menu,SAINT?AUGUSTINE$FL,,,,,,1900
4000017120.jpg,Fourth Annual Banquet at The Commercial Club,SALT?LAKE?CITY$UT,,,,,,1905
4000017119.jpg,Fourth Annual Banquet at The Commercial Club,SALT?LAKE?CITY$UT,,,,,,1905
4000017121.jpg,Fourth Annual Banquet at The Commercial Club,SALT?LAKE?CITY$UT,,,,,,1905
4000017122.jpg,Fourth Annual Banquet at The Commercial Club,SALT?LAKE?CITY$UT,,,,,,1905
4000017123.jpg,Fourth Annual Banquet at The Commercial Club,SALT?LAKE?CITY$UT,,,,,,1905
4000017124.jpg,Fourth Annual Banquet at The Commercial Club,SALT?LAKE?CITY$UT,,,,,,1905
4000009836.jpg,Chamber Of Manufacturers Luncheon Menu - S.A. Chamber Of Manufacturers (Inc.),SAN?ANTONIO$TEXAS,,,,,,1900
4000008479.jpg,SS Coptic Dinner Menu - Occidental & Oriental Steamship Co.,SAN?FRANCISCO$CA,,,,,,1900
4000008662.jpg,"Dinner Menu aboard the S.S. ""COPTIC"" - Occidental & Oriental Steamship Co.",SAN?FRANCISCO$CA,,,,,,1900
4000008663.jpg,"Dinner Menu for the S.S. ""COPTIC"" - S.S. ""COPTIC"", Occidental & Oriental Steamship Co.",SAN?FRANCISCO$CA,,,,,,1900
4000009220.jpg,Steamship Dining Experience - Occidental And Oriental Steamship Co.,SAN?FRANCISCO$CA,,,,,,1900
4000009221.jpg,Steamship Dining Experience - Occidental And Oriental Steamship Co.,SAN?FRANCISCO$CA,,,,,,1900
4000009562.jpg,Round Table Club Menu,SAN?FRANCISCO$CA,,,,,,1900
4000009588.jpg,Pacific Mail Steamship Company Menu,SAN?FRANCISCO$CA,,,,,,1900
4000009589.jpg,Pacific Mail Steamship Company Menu,SAN?FRANCISCO$CA,,,,,,1900
4000009707.jpg,Pacific Mail Steamship Company Menu,SAN?FRANCISCO$CA,,,,,,1900
4000009708.jpg,Steamship Dining Experience - Pacific Mail Steamship Company,SAN?FRANCISCO$CA,,,,,,1900
4000009744.jpg,Steamship Dining Experience - Pacific Mail Steamship Company,SAN?FRANCISCO$CA,,,,,,1900
4000009745.jpg,Steamship Dining Experience - Pacific Mail Steamship Company,SAN?FRANCISCO$CA,,,,,,1900
4000009850.jpg,Pacific Mail Steamship Co. Menu,SAN?FRANCISCO$CA,,,,,,1900
4000009851.jpg,Pacific Mail Steamship Co. Menu,SAN?FRANCISCO$CA,,,,,,1900
4000009980.jpg,Steamship Dining Experience - Occidental & Oriental Steamship Co.,SAN?FRANCISCO$CA,,,,,,1900
4000009981.jpg,Steamship Dining Experience - Occidental & Oriental Steamship Co.,SAN?FRANCISCO$CA,,,,,,1900
4000010004.jpg,"Trans-Pacific Line Dining Menu - Pacific Mail Steamship Co./Trans Pacific Line, San Francisco, California",SAN?FRANCISCO$CA,,,,,,1900
4000010008.jpg,Steamship Dining Experience - Occidental & Oriental Steamship Co.,SAN?FRANCISCO$CA,,,,,,1900
4000010015.jpg,Steamship Dining Experience - Occidental & Oriental Steamship Co.,SAN?FRANCISCO$CA,,,,,,1900
4000010014.jpg,Steamship Dining Experience - Occidental & Oriental Steamship Co.,SAN?FRANCISCO$CA,,,,,,1900
4000010163.jpg,"Alta Vista Hotel Dining Menu - Alta Vista Hotel, San Francisco, California",SAN?FRANCISCO$CA,,,,,,1900
4000010812.jpg,Artisanal Bread Menu - Golden Grain Bread Co. Ltd.,SAN?FRANCISCO$CA,,,,,,1900
4000011150.jpg,Luncheon Menu - Palace Hotel Restaurant,SAN?FRANCISCO$CA,,,,,,1900
4000011178.jpg,Palace Hotel Restaurant Dinner Menu,SAN?FRANCISCO$CA,,,,,,1900
4000011422.jpg,Palace Hotel Restaurat Dinner Menu,SAN?FRANCISCO$CA,,,,,,1900
4000011423.jpg,Palace Hotel Cafe Breakfast Menu,SAN?FRANCISCO$CA,,,,,,1900
4000013680.jpg,Postal Service Employee Dining Menu - Officials And Other Employees Of The Postal Service In San Francisco And Vicinity,SAN?FRANCISCO$CA,,,,,,1901
4000014788.jpg,Oceanic Steamship Co. Menu,SAN?FRANCISCO$CA,,,,,,1901
4000015213.jpg,"Menus for Special Train to Episcopal Convention in San Francisco, 1901 - ABOARD TRAIN EN ROUTE, MINNEAPOLIS TO SAN FRANCISCO",SAN?FRANCISCO$CA,,,,,,1901
4000015221.jpg,"Menus for Special Train to Episcopal Convention in San Francisco, Oct. 2, 1901 - ABOARD TRAIN EN ROUTE, MINNEAPOLIS TO SAN FRANCISCO",SAN?FRANCISCO$CA,,,,,,1901
4000015215.jpg,"Menus for Special Train to Episcopal Convention - ABOARD TRAIN EN ROUTE, MINNEAPOLIS TO SAN FRANCISCO",SAN?FRANCISCO$CA,,,,,,1901
4000015219.jpg,"Menus for Special Train to Episcopal Convention in San Francisco, Oct. 2, 1901 - ABOARD TRAIN EN ROUTE, MINNEAPOLIS TO SAN FRANCISCO",SAN?FRANCISCO$CA,,,,,,1901
4000015217.jpg,"Menus for Special Train to Episcopal Convention - ABOARD TRAIN EN ROUTE, MINNEAPOLIS TO SAN FRANCISCO",SAN?FRANCISCO$CA,,,,,,1901
4000015223.jpg,"Menus for Special Train to Episcopal Convention in San Francisco, 1901 - ABOARD TRAIN EN ROUTE, MINNEAPOLIS TO SAN FRANCISCO",SAN?FRANCISCO$CA,,,,,,1901
4000015224.jpg,"Menus for Special Train to Episcopal Convention in San Francisco, Oct. 2, 1901 - ABOARD TRAIN EN ROUTE, MINNEAPOLIS TO SAN FRANCISCO",SAN?FRANCISCO$CA,,,,,,1901
4000015225.jpg,"Menus for Special Train to Episcopal Convention in San Francisco, Oct. 2, 1901 - ABOARD TRAIN EN ROUTE, MINNEAPOLIS TO SAN FRANCISCO",SAN?FRANCISCO$CA,,,,,,1901
4000019543.jpg,Christmas Dinner at Hotel Jefferson,SAN?FRANCISCO$CA,,,,,,1906
4000019544.jpg,Christmas Dinner at Hotel Jefferson,SAN?FRANCISCO$CA,,,,,,1906
4000019553.jpg,"Dinner Tendered to His Excellency at Palace Hotel - Palace Hotel, San Francisco, CA",SAN?FRANCISCO$CA,,,,,,1906
4000019552.jpg,"Dinner Tendered to His Excellency at Palace Hotel - Palace Hotel, San Francisco, CA",SAN?FRANCISCO$CA,,,,,,1906
4000021696.jpg,8TH ANNUAL BANQUET by THE LOBSTERS - THE OLD POODLE DOG,SAN?FRANCISCO$CA,,,,,,1907
4000021700.jpg,Blanco's Daily Dinner Menu,SAN?FRANCISCO$CA,,,,,,1907
4000021699.jpg,Blanco's Daily Dinner Menu,SAN?FRANCISCO$CA,,,,,,1907
4000021701.jpg,Daily Dinner Menu at Blanco's,SAN?FRANCISCO$CA,,,,,,1907
4000021702.jpg,Daily Luncheon Menu - Blanco's,SAN?FRANCISCO$CA,,,,,,1907
4000021704.jpg,Daily Luncheon Menu - Blanco's,SAN?FRANCISCO$CA,,,,,,1907
4000021703.jpg,Daily Luncheon Menu - Blanco's,SAN?FRANCISCO$CA,,,,,,1907
466958.jpg,Steamship Dining Experience - Occidental And Oriental Steamship Co.,SAN?FRANCISCO$CA,,,,,,1900
467257.jpg,Steamship Dining Experience - Pacific Mail Steamship Co.,SAN?FRANCISCO$CA,,,,,,1900
467300.jpg,"Complimentary Farewell Dinner for Mr. W.H. Metson - Bohemian Club, San Francisco, CA",SAN?FRANCISCO$CA,,,,,,1900
468187.jpg,"Dinner honoring Louis Sloss Jr. prior to his departure for Cape Nome, Alaska - BOHEMIAN CLUB",SAN?FRANCISCO$CA,,,,,,1900
468275.jpg,Steamship Dining Experience - Pacific Mail Steamship Co.,SAN?FRANCISCO$CA,,,,,,1900
468279.jpg,Steamship Dining Experience - Occidental & Oriental Steamship Co.,SAN?FRANCISCO$CA,,,,,,1900
468293.jpg,Steamship Dining Experience - Pacific Mail Steamship Company,SAN?FRANCISCO$CA,,,,,,1900
468363.jpg,SUPPER MENU on the Santa Fe Route Dining Car,SANTA?FE?ROUTE,,,,,,1900
4000010372.jpg,Breakfast at United States Hotel,SARATOGA?SPRINGS$NY,,,,,,1900
4000010373.jpg,Breakfast at United States Hotel,SARATOGA?SPRINGS$NY,,,,,,1900
4000010498.jpg,Ninth Annual Lawn Party at Saratoga Racing Association,SARATOGA?SPRINGS$NY,,,,,,1900
4000010670.jpg,"American Bar Association Twenty-Third Annual Banquet - Grand Union, Saratoga, NY",SARATOGA?SPRINGS$NY,,,,,,1900
468517.jpg,United States Hotel Luncheon Menu,SARATOGA?SPRINGS$NY,,,,,,1900
468529.jpg,Dinner at United States Hotel,SARATOGA?SPRINGS$NY,,,,,,1900
468518.jpg,Dinner at United States Hotel,SARATOGA$NY,,,,,,1900
468535.jpg,Dinner at United States Hotel,SARATOGA$NY,,,,,,1900
4000019526.jpg,Christmas Dinner at Hicks' Restaurant,SAVANNAH$GA,,,,,,1906
4000019527.jpg,Christmas Dinner at Hicks' Restaurant,SAVANNAH$GA,,,,,,1906
4000011593.jpg,Thanksgiving Dinner at Planters Hotel,SAVANNAH$GEORGIA,,,,,,1900
4000010123.jpg,"Complimentary Dinner to the Class of '80; Twentieth Anniversary of the Graduation Class of '80 - Schenectady Club, Union College",SCHENECTADY$NY,,,,,,1900
466634.jpg,Hotel Jermyn Luncheon Menu,SCRANTON$PA,,,,,,1900
466633.jpg,Hotel Jermyn Breakfast Menu,SCRANTON$PA,,,,,,1900
466635.jpg,Hotel Jermyn Dinner Menu,SCRANTON$PA,,,,,,1900
466636.jpg,Hotel Jermyn Supper Menu,SCRANTON$PA,,,,,,1900
4000010360.jpg,Wine List Event - Northern Steamship Company/Great Orthern Ry. Line,SEATTLE$WA,,,,,,1900
4000009758.jpg,"Mediterranean Delights - La Guardiola Restaurant, Sorrento, Italy",SORRENTO$ITALY,,,,,,1900
466418.jpg,"Breakfast on the S.S. 'SOUTHWARK' - S.S. 'SOUTHWARK', Red Star Line",SOUTHAMPTON$ENGLAND,,,,,,1900
466419.jpg,"Lunch on the S.S. SOUTHWARK by RED STAR LINE - S.S. SOUTHWARK, Red Star Line",SOUTHAMPTON$ENGLAND,,,,,,1900
466447.jpg,"Lunch Menu aboard S.S. Southwark by Red Star Line - EN ROUTE ABOARD S.S. SOUTHWARK, Red Star Line",SOUTHAMPTON$ENGLAND,,,,,,1900
4000009276.jpg,Alumni Association Event Menu - St. Mark's School Alumni Association,SOUTHBOROUGH$MA,,,,,,1900
468200.jpg,Southern Railway Lunch Menu,SOUTHERN?RAILWAY,,,,,,1900
4000009881.jpg,Southern Railway Dining Menu,SOUTHERN?UNITED?STATES,,,,,,1900
466450.jpg,"Breakfast aboard S.S. Southwark by Red Star Line - EN ROUTE ABOARD S.S. SOUTHWARK, Red Star Line",SOUTHWARK$PHILADELPHIA$PA,,,,,,1900
4000014626.jpg,Cooley's Dinner Menu,SPRINGFIELD$MA,,,,,,1901
4000014623.jpg,Sunday Tea at Cooley's,SPRINGFIELD$MA,,,,,,1901
4000014455.jpg,Daily Dinner Menu at Worthy Hotel,SPRINGFIELD$MASS.,,,,,,1901
4000014454.jpg,Daily Dinner Menu at Worthy Hotel,SPRINGFIELD$MASS.,,,,,,1901
4000013786.jpg,N.C. At Squantum Menu,SQUANTUM$MASSACHUSETTS,,,,,,1901
4000013787.jpg,N.C. At Squantum Menu,SQUANTUM$MASSACHUSETTS,,,,,,1901
4000013979.jpg,Old Bachelors' Association Dinner Menu - St Johns Old Bachelors' Association,ST?JOHNS$NEWFOUNDLAND?AND?LABRADOR,,,,,,1901
466841.jpg,Hotel St. Andrew Dining Menu,ST.?ANDREW$JAMAICA,,,,,,1900
4000011618.jpg,St. Charles Hotel Dining Menu,ST.?CHARLES$MISSOURI,,,,,,1900
4000009406.jpg,"Spring Dinner at St. Denis Hotel - ST. DENIS HOTEL, Magnetic Club",ST.?DENIS$IN?ST.?DENIS$FRANCE,,,,,,1900
4000009272.jpg,VETERANS AMERICAN GUARD TWENTY-NINTH ANNUAL DINNER at ST. DENNIS HOTEL,ST.?DENNIS$IN?ST.?DENNIS$STATE?ABBREIVATION?FORMAT,,,,,,1900
4000008081.jpg,Restaurant Menu - Usms St Louis,ST.?LOUIS$MO,,,,,,1900
4000008082.jpg,Daily Dinner Menu - Usms St Louis,ST.?LOUIS$MO,,,,,,1900
4000008113.jpg,Menu - U.S.M.S,ST.?LOUIS$MO,,,,,,1900
4000008125.jpg,U.S.M.S. Luncheon,ST.?LOUIS$MO,,,,,,1900
4000008126.jpg,Dinner Menu - U.S.M.S.,ST.?LOUIS$MO,,,,,,1900
4000008301.jpg,Commercial Club Menu - Commercial Club Of St. Louis,ST.?LOUIS$MO,,,,,,1900
4000009055.jpg,Complimentary Supper for Class of 1900 - St. Louis College Of Pharmacy,ST.?LOUIS$MO,,,,,,1900
4000009907.jpg,"Business Men's League Quarterly Membership Meeting Menu - Southern Hotel, St. Louis, MO",ST.?LOUIS$MO,,,,,,1900
4000010288.jpg,Planters Hotel Dinner Menu,ST.?LOUIS$MO,,,,,,1900
4000010281.jpg,Dinner A La Carte at Planters Hotel,ST.?LOUIS$MO,,,,,,1900
4000010282.jpg,Dinner A La Carte at Planters Hotel,ST.?LOUIS$MO,,,,,,1900
4000010317.jpg,Carte du Jour at Planters Hotel,ST.?LOUIS$MO,,,,,,1900
4000010318.jpg,Carte du Jour at Planters Hotel,ST.?LOUIS$MO,,,,,,1900
4000011453.jpg,"Banquet at St. Louis Horse Show Association - SAINT LOUIS CLUB, St. Louis Horse Show Association",ST.?LOUIS$MO,,,,,,1900
4000014042.jpg,St. Louis Club Menu,ST.?LOUIS$MO,,,,,,1901
466785.jpg,"11th Annual Banquet at Southern Hotel - Southern Hotel, St. Louis, MO",ST.?LOUIS$MO,,,,,,1900
467019.jpg,"Annual Banquet at the Dental Department of Washington University - Southern Hotel, St. Louis, MO",ST.?LOUIS$MO,,,,,,1900
468337.jpg,"Planters Hotel Dining Menu - Planters Hotel, St. Louis, Missouri",ST.?LOUIS$MO,,,,,,1900
468345.jpg,Planters Hotel Luncheon Menu,ST.?LOUIS$MO,,,,,,1900
468441.jpg,Breakfast at Planters Hotel,ST.?LOUIS$MO,,,,,,1900
4000013667.jpg,"Daily Lunch Menu aboard SS St. Paul - SS ST PAUL, U.S.M.S St. Paul",ST.?PAUL$MINNESOTA,,,,,,1901
4000013668.jpg,Dinner on the Last Day aboard SS St. Paul - SS ST PAUL,ST.?PAUL$MINNESOTA,,,,,,1901
4000013725.jpg,Daily Dinner on SS St. Paul - SS ST PAUL,ST.?PAUL$MN,,,,,,1901
4000011604.jpg,Stanton House Menu,STANTON$TEXAS,,,,,,1900
4000015056.jpg,"STONINGTON LINE MENU - Stonington Line, Connecticut",STONINGTON$CONNECTICUT,,,,,,1901
4000021820.jpg,"Reception and Banquet at Hotel Savoy - Hotel Savoy, Sullivan County Turtle Club",SULLIVAN?COUNTY$NEW?YORK,,,,,,1907
4000011840.jpg,Congress Hall Dinner Menu,SYRACUSE$NY,,,,,,1900
4000011942.jpg,Congress Hall Dinner Menu,SYRACUSE$NY,,,,,,1900
4000011949.jpg,Congress Hall Dinner Menu,SYRACUSE$NY,,,,,,1900
466553.jpg,Dinner at Tampa Bay Hotel,TAMPA$FL,,,,,,1900
466672.jpg,Daily Luncheon at Tampa Bay Hotel,TAMPA$FL,,,,,,1900
466464.jpg,TIMEO HOTEL LUNCH OR DINNER MENU,TAORMINA$SICILY,,,,,,1900
466513.jpg,Timeo Hotel Menu,TAORMINA$SICILY,,,,,,1900
4000017091.jpg,Christmas Dinner at The Margaret Louisa Home,THE?MARGARET?LOUISA?HOME$IN?CITY$STATE?ABBREIVATION?FORMAT,,,,,,1905
4000010540.jpg,"Breakfast aboard SS Kamakura Maru - Aboard SS Kamakura Maru, Nippon Yusen Kaisha",TOKYO$JAPAN,,,,,,1900
4000010610.jpg,Toyo Kisen Kaisha Dining Experience,TOKYO$JAPAN,,,,,,1900
4000010609.jpg,Toyo Kisen Kaisha Dining Experience,TOKYO$JAPAN,,,,,,1900
468365.jpg,"Imperial Hotel Limited Menu - Imperial Hotel Limited, Tokyo, Japan",TOKYO$JAPAN,,,,,,1900
468366.jpg,"Imperial Hotel Limited Dining Menu - Imperial Hotel Limited, Tokyo, Japan",TOKYO$JAPAN,,,,,,1900
468369.jpg,"Imperial Hotel Limited Menu - Imperial Hotel Limited, Tokyo, Japan",TOKYO$JAPAN,,,,,,1900
468374.jpg,Imperial Hotel Limited Dinner Menu,TOKYO$JAPAN,,,,,,1900
468373.jpg,Dejeuner/Luncheon at Imperial Hotel Limited,TOKYO$JAPAN,,,,,,1900
468419.jpg,Imperial Hotel Limited Dinner Menu,TOKYO$JAPAN,,,,,,1900
468425.jpg,Imperial Hotel Limited Dinner Menu,TOKYO$JAPAN,,,,,,1900
468424.jpg,"Imperial Hotel Limited Lunch Menu - Imperial Hotel Limited, Tokyo, Japan",TOKYO$JAPAN,,,,,,1900
468516.jpg,Imperial Hotel Diner,TOKYO$JAPAN,,,,,,1900
4000013427.jpg,Dinner Complimentary to Staff - The President & Directors Of The Confederation Life Association,TORONTO$CANADA,,,,,,1901
466674.jpg,"Daily Luncheon at Arlington Hotel - Arlington Hotel, Toronto, Ontario, Canada",TORONTO$ON$CAN,,,,,,1900
466673.jpg,Breakfast at Arlington Hotel,TORONTO$ON$CANADA,,,,,,1900
466686.jpg,Daily Dinner Menu - Arlington Hotel,TORONTO$ON$CANADA,,,,,,1900
466689.jpg,Daily Dinner Menu at Arlington Hotel,TORONTO$ON$CANADA,,,,,,1900
4000010340.jpg,Tower Restaurant And Cafe Menu,TOWER$MINNESOTA,,,,,,1900
4000010750.jpg,Breakfast on SS HONG KONG MARU,TOYO?KISEN?KAISHA,,,,,,1900
466781.jpg,U.S. ARMY - SUBSISTENCE DEPT. LUNCHEON - U.S. Army Subsistence Dept.,TRANSPORT,,,,,,1900
4000009957.jpg,Traveling Freight Agents Menu,TRAVELING?FREIGHT?AGENTS,,,,,,1900
4000013986.jpg,"Daily Lunch Menu on Steamer Saratoga - Citizens'steamboat Company, Steamer Saratoga, Troy Line",TROY$NY,,,,,,1901
4000013985.jpg,"Daily Lunch Menu on Steamer Saratoga, Troy Line - Citizens'steamboat Company, Steamer Saratoga, Troy Line",TROY$NY,,,,,,1901
4000013987.jpg,"Daily Lunch Menu on Steamer Saratoga - Citizens'steamboat Company, Steamer Saratoga, Troy Line",TROY$NY,,,,,,1901
4000008216.jpg,Restaurant Menu - Haskin's Restaurant,UNCERTAIN,,,,,,1900
467268.jpg,Luncheon menu at Union Pacific Dining Car Service,UNION?PACIFIC?DINING?CAR?SERVICE$IN?CITY$STATE?ABBREIVATION?FORMAT,,,,,,1900
466407.jpg,Dinner Menu - Union Hotel & Restaurant,UNION$NEW?JERSEY,,,,,,1900
4000001317.jpg,Menu - Business Men's Democratic Association,UNKNOWN,,,,,,1890
4000008603.jpg,Daily Hospital Menu - Hospital (?),UNKNOWN,,,,,,1900
4000008609.jpg,Daily Hospital Menu - Hospital (?),UNKNOWN,,,,,,1900
4000008611.jpg,Daily Hospital Menu - Hospital (?),UNKNOWN,,,,,,1900
4000008607.jpg,Daily Hospital Menu - Hospital (?),UNKNOWN,,,,,,1900
4000008753.jpg,Unknown Establishment Menu,UNKNOWN,,,,,,1900
4000008759.jpg,Dinner for Albert Stettheimer - Friends Of Albert Stettheimer,UNKNOWN,,,,,,1900
4000008873.jpg,Cristoforo Colombo Restaurant Menu,UNKNOWN,,,,,,1900
4000008883.jpg,Meal Service - M.E. Ingalls' Friends(?),UNKNOWN,,,,,,1900
4000008956.jpg,Restaurant Menu - Tony A. Franker,UNKNOWN,,,,,,1900
4000008932.jpg,Masonic Lodge Menu - Ancient & Accepted Scottish Rite (Masonic Lodge),UNKNOWN$STATE,,,,,,1900
4000008605.jpg,Daily Menu - Hospital,UNKNOWN$UNKNOWN,,,,,,1900
4000008938.jpg,Fraternity Menu - Upsilon Chapter D.K.E. Fraternity,UNKNOWN$UNKNOWN,,,,,,1900
4000008508.jpg,Dinner aboard the S.S. Coptic,UNSPECIFIED,,,,,,1900
4000008509.jpg,Dinner on the S.S. Coptic,UNSPECIFIED,,,,,,1900
4000008530.jpg,"Dinner aboard the R.M.S. ""ETRURIA"" - Cunard Line, R.M.S. ""ETRURIA""",UNSPECIFIED,,,,,,1900
4000008570.jpg,Officer's Mess Menu - Offiziercorps S.M.S.Nixe,UNSPECIFIED,,,,,,1900
4000008591.jpg,"Dinner on the R. M. S. Etruria - R. M. S. Etruria, Cunard Line",UNSPECIFIED,,,,,,1900
4000008598.jpg,"Dinner on the R. M. S. Etruria - R. M. S. Etruria, Cunard Line",UNSPECIFIED,,,,,,1900
4000008597.jpg,Cunard Line Menu,UNSPECIFIED,,,,,,1900
4000008596.jpg,Cunard Line Menu,UNSPECIFIED,,,,,,1900
4000008622.jpg,"Breakfast Menu on the R.M.S. Etruria - R. M. S. ETRURIA, Cunard Line",UNSPECIFIED,,,,,,1900
4000008624.jpg,Cunard Line Menu,UNSPECIFIED,,,,,,1900
4000008633.jpg,Dinner Menu on the SS Coptic - SS Coptic (Occidental & Oriental Steamship Company),UNSPECIFIED,,,,,,1900
4000008634.jpg,Dinner Menu for the SS Coptic,UNSPECIFIED,,,,,,1900
4000008640.jpg,Breakfast Menu on R.M.S. Etruria - Cunard Line,UNSPECIFIED,,,,,,1900
4000008643.jpg,Dinner on the SS Coptic,UNSPECIFIED,,,,,,1900
4000008642.jpg,"Dinner Menu aboard the SS Coptic - SS Coptic, Occidental & Oriental Steamship Company",UNSPECIFIED,,,,,,1900
4000008989.jpg,"Dinner Menu on the SS Doric - Farewell - SS Doric, Occidental & Oriental Steamship Co.",UNSPECIFIED,,,,,,1900
4000008992.jpg,"Dinner Menu for a Farewell Occasion - SS Doric, Occidental & Oriental Steamship Co.",UNSPECIFIED,,,,,,1900
4000008675.jpg,"Dinner at a Railroad Station - RR Station, P.R.R. (Pennsylvania Rr)",UNSPECIFIED$PA,,,,,,1900
4000008848.jpg,Meeting of the Third Masonic District Masters' Association,UNSPECIFIED$STATE?ABBREVIATION?NOT?POSSIBLE,,,,,,1900
4000008945.jpg,U.S. Army Luncheon Menu - U.S. Army Subsistence Dept.,UNSPECIFIED$UN,,,,,,1900
4000008652.jpg,"Dinner on the Steamship Iroquois - Clyde Steamship Co., The",UNSPECIFIED$UNSPECIFIED,,,,,,1900
4000013722.jpg,Daily Dinner Menu on SS ST PAUL,USMS,,,,,,1901
466996.jpg,"Canadian Pacific Railway Dinner Menu - RMS Empress of China, Canadian Pacific Railway Company",VANCOUVER$BRITISH?COLUMBIA,,,,,,1900
467005.jpg,"Canadian Pacific Railway Breakfast on RMS Empress of China - RMS Empress of China, Canadian Pacific Railway Company",VANCOUVER$BRITISH?COLUMBIA,,,,,,1900
467026.jpg,"Canadian Pacific Railway Dinner on R.M.S. 'Empress of China' - R.M.S. 'Empress of China', Canadian Pacific Railway Company",VANCOUVER$BRITISH?COLUMBIA,,,,,,1900
468506.jpg,Velvet Hotel Dining Menu,VELVET?HOTEL$MANCHESTER$ENGLAND,,,,,,1900
4000017117.jpg,Daily Menu at St. Mark's Cafe,VENICE$CA,,,,,,1905
4000013832.jpg,Oceanic Steamship Company Dinner Menu,VENTURA$CA,,,,,,1901
4000013783.jpg,"Oceanic Steamship Company Dinner Menu - Oceanic Steamship Company, Ventura",VENTURA$CALIFORNIA,,,,,,1901
4000013784.jpg,"Oceanic Steamship Company Dinner in Second Cabin - Oceanic Steamship Company, Ventura",VENTURA$CALIFORNIA,,,,,,1901
4000013904.jpg,Oceanic Steamship Co. Dinner Menu,VENTURA$CALIFORNIA,,,,,,1901
4000013907.jpg,"Oceanic Steamship Co. Dinner Menu - Oceanic Steamship Co., Ventura",VENTURA$CALIFORNIA,,,,,,1901
4000013908.jpg,Oceanic Steamship Co. Dinner Menu,VENTURA$CALIFORNIA,,,,,,1901
4000013923.jpg,Oceanic Steamship Co. Dinner Menu,VENTURA$CALIFORNIA,,,,,,1901
4000013924.jpg,Oceanic Steamship Co. Dinner Menu,VENTURA$CALIFORNIA,,,,,,1901
4000013935.jpg,Oceanic Steamship Co. Dinner Menu,VENTURA$CALIFORNIA,,,,,,1901
4000013936.jpg,Oceanic Steamship Co. Dinner Menu,VENTURA$CALIFORNIA,,,,,,1901
4000013948.jpg,Oceanic Steamship Co. Dinner Menu,VENTURA$CALIFORNIA,,,,,,1901
4000013947.jpg,Oceanic Steamship Co. Dinner Menu,VENTURA$CALIFORNIA,,,,,,1901
4000014062.jpg,Oceanic Steamship Co. Dinner Menu,VENTURA$CALIFORNIA,,,,,,1901
4000014056.jpg,Oceanic Steamship Co. Dinner Menu,VENTURA$CALIFORNIA,,,,,,1901
4000014057.jpg,"Oceanic Steamship Co. Dinner Menu - Oceanic Steamship Co., Ventura",VENTURA$CALIFORNIA,,,,,,1901
4000014063.jpg,Oceanic Steamship Co. Dinner Menu,VENTURA$CALIFORNIA,,,,,,1901
4000009931.jpg,"Hotel Imperial Dining Menu - Frohner's Hotel Imperial, Vienna, Austria",VIENNA$AUSTRIA,,,,,,1900
466969.jpg,Dinner at Hotel Imperial,VIENNA$AUSTRIA,,,,,,1900
468375.jpg,Evening Meal at New State House,WACO$TEXAS,,,,,,1900
468349.jpg,Evening Meal at New State House,WACO$TX,,,,,,1900
468531.jpg,Evening Meal at New State House - Gumpses Of Greater Waco,WACO$TX,,,,,,1900
468532.jpg,Morning Meal at New State House - Gumpses Of Greater Waco,WACO$TX,,,,,,1900
468536.jpg,Noonday Meal at New State House,WACO$TX,,,,,,1900
468325.jpg,U.S. ARMY TRANSPORT Breakfast,WARREN$IN?WARREN$OH,,,,,,1900
468328.jpg,U.S. ARMY TRANSPORT Breakfast,WARREN$STATE,,,,,,1900
4000009634.jpg,Gordon Hotel Dinner Menu,WASHINGTON$D.C.,,,,,,1900
4000009794.jpg,"Men's Mutual Benefit Association Luncheon Menu - Hotel Men's Mutual Benefit Association Of The United States And Canada, Washington, D.C.",WASHINGTON$D.C.,,,,,,1900
4000011601.jpg,Historic Hotel Dining Menu - Willard's Hotel,WASHINGTON$D.C.,,,,,,1900
4000014006.jpg,"Men's Mutual Benefit Association Luncheon Menu - Hotel Men's Mutual Benefit Association Of The United States And Canada, Washington, D.C.",WASHINGTON$D.C.,,,,,,1901
4000015034.jpg,"Pullman Buffet Menu on En Route Colonial Express - Pullman Buffet, En Route Colonial Express: Washington to Boston",WASHINGTON$D.C.,,,,,,1901
4000015035.jpg,"Pullman Buffet Menu on En Route Colonial Express - Pullman Buffet, En Route Colonial Express: Washington to Boston",WASHINGTON$D.C.,,,,,,1901
467060.jpg,Riggs House Breakfast,WASHINGTON$D.C.,,,,,,1900
467061.jpg,Daily Dinner Menu at Riggs House,WASHINGTON$D.C.,,,,,,1900
467062.jpg,Gridiron National Convention Dinner,WASHINGTON$D.C.,,,,,,1900
467152.jpg,Dinner on the Southern Railway Dining Car - Southern Railway; Washington And Southwestern Limited,WASHINGTON$D.C.,,,,,,1900
467151.jpg,Luncheon on the Southern Railway Dining Car - Southern Railway; Washington And Southwestern Limited,WASHINGTON$D.C.,,,,,,1900
467189.jpg,Daily Luncheon at Dewey Hotel,WASHINGTON$D.C.,,,,,,1900
467191.jpg,Daily Breakfast at Gordon Hotel,WASHINGTON$D.C.,,,,,,1900
467192.jpg,Daily Luncheon at Gordon Hotel,WASHINGTON$D.C.,,,,,,1900
468201.jpg,Breakfast on the Washington and Southwestern Limited - Southern Railway,WASHINGTON$D.C.,,,,,,1900
468202.jpg,Southern Railway Dinner Menu,WASHINGTON$D.C.,,,,,,1900
4000013675.jpg,Daily Dining at Metropolitan Club,WASHINGTON$DC,,,,,,1901
4000013674.jpg,Daily Dining at Metropolitan Club,WASHINGTON$DC,,,,,,1901
4000017055.jpg,"National Geographic Society Annual Dinner - THE NEW WILLARD, National Geographic Society",WASHINGTON$DC,,,,,,1905
466803.jpg,Breakfast at Willard's Hotel,WASHINGTON$DC,,,,,,1900
467185.jpg,Dinner at Riggs House,WASHINGTON$DC,,,,,,1900
4000013942.jpg,Hotel Du Musee' Lunch & Dinner Menu,WATERLOO$BELGIUM,,,,,,1901
4000013943.jpg,"Hotel Du Musee' Lunch & Dinner Menu - Hotel Du Musee', Battlefield - Waterloo",WATERLOO$BELGIUM,,,,,,1901
4000013941.jpg,"Hotel Du Musee' Lunch & Dinner Menu - Hotel Du Musee', Battlefield - Waterloo",WATERLOO$BELGIUM,,,,,,1901
4000014802.jpg,Daily Menu at Hotel Du Musee,WATERLOO$BELGIUM,,,,,,1901
4000014804.jpg,Daily Menu at Hotel Du Musee,WATERLOO$BELGIUM,,,,,,1901
4000014803.jpg,Daily Menu at Hotel Du Musee,WATERLOO$BELGIUM,,,,,,1901
4000010216.jpg,"Eighth Annual Dinner at Hale's Tavern - HALE'S TAVERN, Wells River, VT",WELLS?RIVER$VT,,,,,,1900
4000009676.jpg,Traditional Bengali Cuisine - Wb,WEST?BENGAL$INDIA,,,,,,1900
4000010566.jpg,Maplewood Hotel Dinner Menu,WHITE?MOUNTAINS$NH,,,,,,1900
4000010565.jpg,Maplewood Hotel Dinner Menu,WHITE?MOUNTAINS$NH,,,,,,1900
4000010907.jpg,Maplewood Hotel Dinner Menu,WHITE?MOUNTAINS$NH,,,,,,1900
4000010906.jpg,Maplewood Hotel Dinner Menu,WHITE?MOUNTAINS$NH,,,,,,1900
4000009998.jpg,Dinner at Willow Grove Park Casino,WILLOW?GROVE?PARK$PA,,,,,,1900
4000009999.jpg,Dinner at Willow Grove Park Casino,WILLOW?GROVE?PARK$PA,,,,,,1900
4000009766.jpg,"Northern Pacific Railway Dinner on Yellowstone Park Line - YELLOWSTONE PARK LINE, Northern Pacific Railway",YELLOWSTONE?NATIONAL?PARK$IN?PARK?COUNTY$WY,,,,,,1900
4000009767.jpg,"Northern Pacific Railway Dinner on Yellowstone Park Line - YELLOWSTONE PARK LINE, Northern Pacific Railway",YELLOWSTONE?NATIONAL?PARK$IN?WYOMING,,,,,,1900
467278.jpg,"Dinner on the Yellowstone Park Line by Northern Pacific Railway - Yellowstone Park Line, Northern Pacific Railway",YELLOWSTONE?NATIONAL?PARK$IN?WYOMING,,,,,,1900
467279.jpg,"Northern Pacific Railway Dinner on Yellowstone Park Line - Yellowstone Park Line, Northern Pacific Railway",YELLOWSTONE?NATIONAL?PARK$IN?WYOMING,,,,,,1900
4000010555.jpg,Grand Hotel L'd. Dinner Menu,YOKOHAMA$JAPAN,,,,,,1900
4000010556.jpg,Grand Hotel L'd. Dinner Menu,YOKOHAMA$JAPAN,,,,,,1900
4000011179.jpg,Grand Hotel Dinner Menu,YOKOHAMA$JAPAN,,,,,,1900
4000011180.jpg,Grand Hotel Dinner Menu,YOKOHAMA$JAPAN,,,,,,1900
468183.jpg,York Hotel Dining Menu,YORK$PENNSYLVANIA,,,,,,1900
4000014394.jpg,Hotel Seiler Dinner Menu,ZERMATT$SWITZERLAND,,,,,,1901
4000010981.jpg,Association Conference Menu - National Wholesale Druggists Association/Proprietary Association Of America,,,,,,,1900
4000010982.jpg,Association Conference Menu - National Wholesale Druggists Association/Proprietary Association Of America,,,,,,,1900
4000010990.jpg,U.S.M.S. Menu,,,,,,,1900
4000010989.jpg,United States Military Service Menu - U.S.M.S.,,,,,,,1900
4000010998.jpg,Nippon Yusen Kaisha Menu,,,,,,,1900
4000011046.jpg,American Typothetae Cuisine - United Typothetae Of America,,,,,,,1900
4000011128.jpg,Government Senate Dining Menu - Senate Of The National Union,,,,,,,1900
4000011191.jpg,Friends Of H.Anthony Dyer Menu,,,,,,,1900
4000011338.jpg,Field Day Feast Menu - Metropolitan Field Day,,,,,,,1900
4000011319.jpg,Phi Kappa Sigma Fraternity Menu,,,,,,,1900
4000011399.jpg,Democratic Club Event Menu - National Association Of Democratic Clubs,,,,,,,1900
4000011468.jpg,Churchmen's Club Menu,,,,,,,1900
4000011495.jpg,Merchant's Club Menu,,,,,,,1900
4000011609.jpg,Stanton House Menu,,,,,,,1900
4000011612.jpg,Pacific Mail S.S. Co. Menu,,,,,,,1900
4000011646.jpg,Toyo Kisen Kaisha Menu,,,,,,,1900
4000011654.jpg,Portuguese Delegation Menu at the 1900 Universal Exposition - Le Commissaire Royal Et Les Membrs De La Commission Executive Du Portugal A L Exposition Universelle De 1900,,,,,,,1900
4000011688.jpg,University Law School Alumni Menu - Alumni Of The University Law School,,,,,,,1900
4000011717.jpg,Columbia College Student Menu - Columbia College Students,,,,,,,1900
4000011945.jpg,Brotherhood Of Commercial Travelers Menu,,,,,,,1900
4000011954.jpg,University Law School Class Of 'O2 Menu,,,,,,,1900
4000013351.jpg,Classic American Diner Fare - Arnold's Restaurant & Dairy,,,,,,,1901
4000013424.jpg,Smith & Mcnells Menu,,,,,,,1901
4000013425.jpg,Smith & Mcnells Menu,,,,,,,1901
4000013426.jpg,Smith & Mcnells Menu,,,,,,,1901
4000013457.jpg,Philolexian Society Menu,,,,,,,1901
4000013459.jpg,Philolexian Society Menu,,,,,,,1901
4000013544.jpg,Colonial Daughters 17th Century Menu - Society Of The Colonial Daughters Of The 17th Century,,,,,,,1901
4000013560.jpg,Dinner on U.S.M.S St. Paul,,,,,,,1901
4000013574.jpg,U.S.M.S St. Paul Luncheon Menu,,,,,,,1901
4000013585.jpg,Alfred J. Miller Menu,,,,,,,1901
4000013584.jpg,Alfred J. Miller Menu,,,,,,,1901
4000013740.jpg,Rev. Joseph H. Macmahon Menu,,,,,,,1901
4000013804.jpg,American Inn Menu,,,,,,,1901
4000013831.jpg,Dinner menu on the Ventura - Second Cabin - Oceanic Steamship Company,,,,,,,1901
4000013805.jpg,American Inn Menu,,,,,,,1901
4000013848.jpg,Masonic Lodge Dinner Menu - Roger Williams Lodge No. 23 A.F. & A.M.,,,,,,,1901
4000013853.jpg,"Dinner Menu on Oceanic Steamship Co. Ventura - EN ROUTE ABOARD VENTURA, Oceanic Steamship Co.",,,,,,,1901
4000013852.jpg,"Oceanic Steamship Co. Dinner Menu Aboard Ventura - EN ROUTE ABOARD VENTURA, Oceanic Steamship Co.",,,,,,,1901
4000013873.jpg,Dinner aboard Ventura on Oceanic Steamship Co.,,,,,,,1901
4000013855.jpg,"Dinner Menu on Oceanic Steamship Co.'s Ventura - EN ROUTE ABOARD VENTURA, Oceanic Steamship Co.",,,,,,,1901
4000013952.jpg,Oceanic Steamship Company Menu,,,,,,,1901
4000013953.jpg,Oceanic Steamship Company Menu,,,,,,,1901
4000013971.jpg,"Lunch at the Red Room, Bohemian Club - Mrs Cluff",,,,,,,1901
4000014011.jpg,Entertainment Committee Menu,,,,,,,1901
4000014069.jpg,Dining on the Cotton Belt Railroad Route,,,,,,,1901
4000014070.jpg,Cotton Belt Railroad Route Dining Experience,,,,,,,1901
4000014075.jpg,I.R.Benjamin Menu,,,,,,,1901
4000014084.jpg,Royal Feast at King Edward Vll,,,,,,,1901
4000014159.jpg,Tuna Club Menu,,,,,,,1901
4000014388.jpg,"Dinner on the Erie Railroad - ENROUTE ALONG THE PICTURESQUE ERIE, Erie Railroad",,,,,,,1901
4000014559.jpg,Wholesale Saddlery Association Menu - Wholesale Saddlery Association Of The United States,,,,,,,1901
4000014599.jpg,Breakfast on the Great Northern System Dining Car,,,,,,,1901
4000014611.jpg,Dinner aboard the S.S.Zealander en route to Australia - Oceanic Steamship Company S.S.Zealander en route to Australia,,,,,,,1901
4000014612.jpg,Dinner on the S.S. Zealander en route to Australia - Oceanic Steamship Company S.S.Zealander,,,,,,,1901
4000014705.jpg,Catholic Church Dining Menu,,,,,,,1901
4000015115.jpg,Pullman Buffet Menu,,,,,,,1901
4000015289.jpg,Yacht Races International Menu - International Yacht Races,,,,,,,1901
4000015288.jpg,Yacht Races International Menu - International Yacht Races,,,,,,,1901
4000015290.jpg,Yacht Races International Menu - International Yacht Races,,,,,,,1901
4000015330.jpg,Fall River Line Dining Menu,,,,,,,1901
4000015329.jpg,Fall River Line Dining Menu,,,,,,,1901
4000015320.jpg,Sons Of The American Revolution Annual Dinner Menu - Tennessee Society Sons Of The American Revolution,,,,,,,1901
4000015331.jpg,Fall River Line Menu,,,,,,,1901
4000015529.jpg,Gesangvereins Phobus Concordia Menu,,,,,,,1901
4000015548.jpg,Maritime Engineers Luncheon Menu - Society Of Naval Architects And Marine Engineers,,,,,,,1901
4000017074.jpg,Hotel Crown Menu,,,,,,,1905
4000017081.jpg,Hotel Antler Menu,,,,,,,1905
4000017150.jpg,Poodle Duck Club Menu,,,,,,,1905
4000017156.jpg,Pacific Northwest Railway Dining Car Menu - Oregon & Washington Division Of The T.P.A. Of America,,,,,,,1905
4000021758.jpg,St. Andrews Society Of Illinois Menu,,,,,,,1907
4000021740.jpg,U.S. Atlantic Fleet Crews Menu - U.S.Atlantic Fleet Crews,,,,,,,1907
4000021760.jpg,Ketcham & Somers Dining Experience - Herbert T. Ketcham And Arthur S. Somers,,,,,,,1907
4000021915.jpg,Sperry & Hutchinson Menu,,,,,,,1907
4000021884.jpg,Universal Cookery And Food Association Menu,,,,,,,1907
4000021962.jpg,Central American Peace Conference Delegate Menu - Delegates Of Nicaragua And Honduras To The Central American Peach Conference,,,,,,,1907
4000021966.jpg,Banquet Menu at Caledonian Club - Caledonian Club Banquet,,,,,,,1907
4000021958.jpg,Craftsmen's Delight Menu - The Upholstery And Allied Trades,,,,,,,1907
466409.jpg,Culinary offerings aboard the Cunard Line,,,,,,,1900
466414.jpg,Red Star Line Menu,,,,,,,1900
466432.jpg,Breakfast on R.M.S. Oceanic,,,,,,,1900
466434.jpg,"Breakfast on R.M.S. Oceanic - R.M.S. Oceanic, en route",,,,,,,1900
466433.jpg,Lunch on R.M.S. Oceanic,,,,,,,1900
466435.jpg,"Dinner on R.M.S. Oceanic - R.M.S. Oceanic, en route",,,,,,,1900
466445.jpg,Historic Menu from Red Star Line,,,,,,,1900
466444.jpg,Historic Red Star Line Menu,,,,,,,1900
466446.jpg,Red Star Line Menu,,,,,,,1900
466448.jpg,Historic Red Star Line Menu,,,,,,,1900
466462.jpg,Breakfast on the S.S. Westernland - Red Star Line S.S. Westernland,,,,,,,1900
466537.jpg,"CUNARD LINE BREAKFAST MENU - EN ROUTE ABOARD R.M.S. ETRURIA, Cunard Line",,,,,,,1900
466549.jpg,Red Star Line Menu,,,,,,,1900
466563.jpg,Culinary offerings aboard the Cunard Line,,,,,,,1900
466562.jpg,Cunard Line Menu,,,,,,,1900
466567.jpg,Culinary offerings aboard the Cunard Line,,,,,,,1900
466568.jpg,Culinary Delights on the High Seas - Cunard Line,,,,,,,1900
466571.jpg,Daily Menus at Hospital,,,,,,,1900
466579.jpg,Cunard Line Menu,,,,,,,1900
466578.jpg,Culinary offerings aboard the Cunard Line,,,,,,,1900
466725.jpg,Cromwell Steamship Company Menu,,,,,,,1900
466749.jpg,Hotel Des Temples Menu,,,,,,,1900
466765.jpg,"Breakfast Menu on Cromwell Steamship Company - Cromwell Steamship Company, en route",,,,,,,1900
466766.jpg,Cromwell Steamship Company Breakfast Menu,,,,,,,1900
466768.jpg,"Breakfast Menu on Cromwell Steamship Company - Cromwell Steamship Company, en route",,,,,,,1900
466767.jpg,"Breakfast Menu on Cromwell Steamship Company - Cromwell Steamship Company, en route",,,,,,,1900
466769.jpg,"Dinner Menu on Cromwell Steamship Company - Cromwell Steamship Company, EN ROUTE",,,,,,,1900
466771.jpg,"Dinner aboard Cromwell Steamship Company - Cromwell Steamship Company, en route",,,,,,,1900
466770.jpg,Dinner on Cromwell Steamship Company,,,,,,,1900
466788.jpg,Daily Menu on Pioneer Dining Car Line,,,,,,,1900
466796.jpg,Breakfast Menu on Cromwell Steamship Company,,,,,,,1900
466801.jpg,Breakfast Menu on Cromwell Steamship Company,,,,,,,1900
466813.jpg,Dinner at Round Table Club,,,,,,,1900
466839.jpg,Royal Dining at Hotel Marie Antoinette,,,,,,,1900
466850.jpg,Culinary offerings aboard the Cunard Line,,,,,,,1900
466858.jpg,Culinary offerings aboard the Cunard Line,,,,,,,1900
466859.jpg,Culinary offerings aboard the Cunard Line,,,,,,,1900
466915.jpg,Canadian Pacific Railway Company Menu,,,,,,,1900
466934.jpg,Canadian Pacific Railway Company Menu,,,,,,,1900
466943.jpg,Canadian Pacific Railway Company Menu,,,,,,,1900
466948.jpg,Breakfast on S.S. 'Doric' - Occidental & Oriental,,,,,,,1900
466968.jpg,"Breakfast Menu on S.S. Doric - En route aboard S.S. Doric, Occidental And Oriental Steamship Co.",,,,,,,1900
466990.jpg,Breakfast Menu on S.S. Doric - EN ROUTE ABOARD S.S. DORIC,,,,,,,1900
467113.jpg,SPECIAL LUNCHEON at Mandel's Tea Rooms,,,,,,,1900
467155.jpg,"Dining Car 'Palmer' Luncheon, A La Carte - B&O Blue Line",,,,,,,1900
467186.jpg,Elegant Dining at Riggs House,,,,,,,1900
467188.jpg,Historic Dewey Hotel Menu,,,,,,,1900
467190.jpg,Historic Dining at Dewey Hotel,,,,,,,1900
467233.jpg,Pacific Mail Steamship Company Menu,,,,,,,1900
467256.jpg,Union Pacific Dining Car Service Breakfast Menu,,,,,,,1900
467273.jpg,Traditional Mexican Cuisine Menu - Iturbide Restaurant,,,,,,,1900
467274.jpg,La Noche Buena Menu,,,,,,,1900
468195.jpg,D&H Dining Car Service Daily Dinner Menu,,,,,,,1900
468234.jpg,Santa Fe' Route Luncheon Dining Car Service,,,,,,,1900
468235.jpg,Southern Railway Dining Car Service Dinner Menu,,,,,,,1900
468263.jpg,Pacific Mail Steamship Company Menu,,,,,,,1900
468292.jpg,Pacific Mail Steamship Company Menu,,,,,,,1900
468323.jpg,School Cafeteria Menu - Ward School Buildings,,,,,,,1900
468327.jpg,Military Transport Menu - U.S. Army Transport,,,,,,,1900
468326.jpg,Military Transport Menu - U.S. Army Transport,,,,,,,1900
468341.jpg,Military Transport Warren Menu - U.S.A.(Army) Transport Warren,,,,,,,1900
468339.jpg,Breakfast aboard U.S.A.(Army) Transport Warren,,,,,,,1900
468348.jpg,Meal Service Aboard U.S. Army Transport Warren - U.S.Army Transport Warren,,,,,,,1900
468352.jpg,Dinner aboard U.S. Army Transport,,,,,,,1900
468472.jpg,Steamer Chateaugay Menu,,,,,,,1900
468505.jpg,Velvet Hotel Dining Menu,,,,,,,1900